ISO-10303-21;
HEADER;
FILE_DESCRIPTION(('STEP AP214'),'1');
FILE_NAME('CONN_TSM-110-01-T-DV_SAI','2026-09-29T06:19:50',(''),(''),'','','');
FILE_SCHEMA(('AUTOMOTIVE_DESIGN'));
ENDSEC;
DATA;
#1=SHAPE_DEFINITION_REPRESENTATION(#2,#3);
#2=PRODUCT_DEFINITION_SHAPE('',$,#4);
#3=SHAPE_REPRESENTATION('',(#197,#6177,#12158,#12160,#13528,#13530,#14898,#14900,#16268,#16270,#17638,#17640,#19008,#19010,#20378,#20380,#21748,#21750,#23118,#23120,#24488,#24490,#25858,#25860,#27228,#27230,#28598,#28600,#29968,#29970,#31338,#31340,#32708,#32710,#34078,#34080,#35448,#35450,#36818,#36820,#38188,#38190,#19),#11);
#4=PRODUCT_DEFINITION('design','example product_definition',#6,#5);
#5=PRODUCT_DEFINITION_CONTEXT('3D Mechanical Parts',#10,'design');
#6=PRODUCT_DEFINITION_FORMATION('1.0','first version',#8);
#7=APPLICATION_PROTOCOL_DEFINITION('international standard','automotive_design',2003,#10);
#8=PRODUCT('product','part','',(#9));
#9=PRODUCT_CONTEXT('3D Mechanical Parts',#10,'mechanical');
#10=APPLICATION_CONTEXT('Core Data for Automotive Mechanical Design Process');
#11=(GEOMETRIC_REPRESENTATION_CONTEXT(3) GLOBAL_UNCERTAINTY_ASSIGNED_CONTEXT((#12)) GLOBAL_UNIT_ASSIGNED_CONTEXT((#13,#14,#18)) REPRESENTATION_CONTEXT('ID1','3D'));
#12=UNCERTAINTY_MEASURE_WITH_UNIT(LENGTH_MEASURE(1.E-005),#13,'DISTANCE_ACCURACY_VALUE','Maximum model space distance between geometric entities at asserted connectivities');
#13=(LENGTH_UNIT() NAMED_UNIT(*) SI_UNIT(.MILLI.,.METRE.));
#14=(CONVERSION_BASED_UNIT('degree',#16) NAMED_UNIT(#15) PLANE_ANGLE_UNIT());
#15=DIMENSIONAL_EXPONENTS(0.,0.,0.,0.,0.,0.,0.);
#16=MEASURE_WITH_UNIT(PLANE_ANGLE_MEASURE(0.01745329252),#17);
#17=(NAMED_UNIT(*) PLANE_ANGLE_UNIT() SI_UNIT($,.RADIAN.));
#18=(NAMED_UNIT(*) SI_UNIT($,.STERADIAN.) SOLID_ANGLE_UNIT());
#19=AXIS2_PLACEMENT_3D('',#20,#21,#22);
#20=CARTESIAN_POINT('',(0.0,0.0,0.0));
#21=DIRECTION('',(0.0,0.0,1.0));
#22=DIRECTION('',(1.0,0.0,0.0));
#25=MECHANICAL_DESIGN_GEOMETRIC_PRESENTATION_REPRESENTATION($,(#199,#248,#297,#346,#395,#444,#493,#542,#591,#640,#689,#738,#787,#836,#885,#934,#983,#1032,#1081,#1130,#1179,#1228,#1277,#1326,#1375,#1424,#1473,#1522,#1571,#1620,#1669,#1718,#1767,#1816,#1865,#1914,#1963,#2012,#2061,#2110,#2159,#2208,#2257,#2306,#2355,#2404,#2453,#2502,#2551,#2600,#2649,#2698,#2747,#2796,#2845,#2894,#2943,#2992,#3041,#3090,#3139,#3188,#3237,#3286,#3335,#3384,#3433,#3482,#3531,#3580,#3629,#3678,#3727,#3776,#3825,#3874,#3923,#3972,#4021,#4070,#4119,#4168,#4217,#4266,#4315,#4364,#4413,#4462,#4511,#4560,#4609,#4658,#4707,#4756,#4805,#4854,#4903,#4952,#5001,#5050,#5099,#5148,#5197,#5246,#5295,#5344,#5393,#5442,#5491,#5540,#5589,#5638,#5687,#5736,#5785,#5834,#5883,#5932,#5981,#6030,#6079,#6128,#6179,#6228,#6277,#6326,#6375,#6424,#6473,#6522,#6571,#6620,#6669,#6718,#6767,#6816,#6865,#6914,#6963,#7012,#7061,#7110,#7159,#7208,#7257,#7306,#7355,#7404,#7453,#7502,#7551,#7600,#7649,#7698,#7747,#7796,#7845,#7894,#7943,#7992,#8041,#8090,#8139,#8188,#8237,#8286,#8335,#8384,#8433,#8482,#8531,#8580,#8629,#8678,#8727,#8776,#8825,#8874,#8923,#8972,#9021,#9070,#9119,#9168,#9217,#9266,#9315,#9364,#9413,#9462,#9511,#9560,#9609,#9658,#9707,#9756,#9805,#9854,#9903,#9952,#10001,#10050,#10099,#10148,#10197,#10246,#10295,#10344,#10393,#10442,#10491,#10540,#10589,#10638,#10687,#10736,#10785,#10834,#10883,#10932,#10981,#11030,#11079,#11128,#11177,#11226,#11275,#11324,#11373,#11422,#11471,#11520,#11569,#11618,#11667,#11716,#11765,#11814,#11863,#11912,#11961,#12010,#12059,#12108,#12162,#12211,#12260,#12309,#12358,#12407,#12456,#12505,#12554,#12603,#12652,#12701,#12750,#12799,#12897,#12995,#13044,#13093,#13142,#13191,#13240,#13291,#13342,#13435,#13532,#13581,#13630,#13679,#13728,#13777,#13826,#13875,#13924,#13973,#14022,#14071,#14120,#14169,#14267,#14365,#14414,#14463,#14512,#14561,#14610,#14661,#14712,#14805,#14902,#14951,#15000,#15049,#15098,#15147,#15196,#15245,#15294,#15343,#15392,#15441,#15490,#15539,#15637,#15735,#15784,#15833,#15882,#15931,#15980,#16031,#16082,#16175,#16272,#16321,#16370,#16419,#16468,#16517,#16566,#16615,#16664,#16713,#16762,#16811,#16860,#16909,#17007,#17105,#17154,#17203,#17252,#17301,#17350,#17401,#17452,#17545,#17642,#17691,#17740,#17789,#17838,#17887,#17936,#17985,#18034,#18083,#18132,#18181,#18230,#18279,#18377,#18475,#18524,#18573,#18622,#18671,#18720,#18771,#18822,#18915,#19012,#19061,#19110,#19159,#19208,#19257,#19306,#19355,#19404,#19453,#19502,#19551,#19600,#19649,#19747,#19845,#19894,#19943,#19992,#20041,#20090,#20141,#20192,#20285,#20382,#20431,#20480,#20529,#20578,#20627,#20676,#20725,#20774,#20823,#20872,#20921,#20970,#21019,#21117,#21215,#21264,#21313,#21362,#21411,#21460,#21511,#21562,#21655,#21752,#21801,#21850,#21899,#21948,#21997,#22046,#22095,#22144,#22193,#22242,#22291,#22340,#22389,#22487,#22585,#22634,#22683,#22732,#22781,#22830,#22881,#22932,#23025,#23122,#23171,#23220,#23269,#23318,#23367,#23416,#23465,#23514,#23563,#23612,#23661,#23710,#23759,#23857,#23955,#24004,#24053,#24102,#24151,#24200,#24251,#24302,#24395,#24492,#24541,#24590,#24639,#24688,#24737,#24786,#24835,#24884,#24933,#24982,#25031,#25080,#25129,#25227,#25325,#25374,#25423,#25472,#25521,#25570,#25621,#25672,#25765,#25862,#25911,#25960,#26009,#26058,#26107,#26156,#26205,#26254,#26303,#26352,#26401,#26450,#26499,#26597,#26695,#26744,#26793,#26842,#26891,#26940,#26991,#27042,#27135,#27232,#27281,#27330,#27379,#27428,#27477,#27526,#27575,#27624,#27673,#27722,#27771,#27820,#27869,#27967,#28065,#28114,#28163,#28212,#28261,#28310,#28361,#28412,#28505,#28602,#28651,#28700,#28749,#28798,#28847,#28896,#28945,#28994,#29043,#29092,#29141,#29190,#29239,#29337,#29435,#29484,#29533,#29582,#29631,#29680,#29731,#29782,#29875,#29972,#30021,#30070,#30119,#30168,#30217,#30266,#30315,#30364,#30413,#30462,#30511,#30560,#30609,#30707,#30805,#30854,#30903,#30952,#31001,#31050,#31101,#31152,#31245,#31342,#31391,#31440,#31489,#31538,#31587,#31636,#31685,#31734,#31783,#31832,#31881,#31930,#31979,#32077,#32175,#32224,#32273,#32322,#32371,#32420,#32471,#32522,#32615,#32712,#32761,#32810,#32859,#32908,#32957,#33006,#33055,#33104,#33153,#33202,#33251,#33300,#33349,#33447,#33545,#33594,#33643,#33692,#33741,#33790,#33841,#33892,#33985,#34082,#34131,#34180,#34229,#34278,#34327,#34376,#34425,#34474,#34523,#34572,#34621,#34670,#34719,#34817,#34915,#34964,#35013,#35062,#35111,#35160,#35211,#35262,#35355,#35452,#35501,#35550,#35599,#35648,#35697,#35746,#35795,#35844,#35893,#35942,#35991,#36040,#36089,#36187,#36285,#36334,#36383,#36432,#36481,#36530,#36581,#36632,#36725,#36822,#36871,#36920,#36969,#37018,#37067,#37116,#37165,#37214,#37263,#37312,#37361,#37410,#37459,#37557,#37655,#37704,#37753,#37802,#37851,#37900,#37951,#38002,#38095,#38192,#38241,#38290,#38339,#38388,#38437,#38486,#38535,#38584,#38633,#38682,#38731,#38780,#38829,#38927,#39025,#39074,#39123,#39172,#39221,#39270,#39321,#39372,#39465),#11);
#26=PRODUCT_CATEGORY_RELATIONSHIP('','',#27,#28);
#27=PRODUCT_CATEGORY('part','');
#28=PRODUCT_RELATED_PRODUCT_CATEGORY('','',(#8));
#34=PRESENTATION_STYLE_ASSIGNMENT((#35,#40));
#35=SURFACE_STYLE_USAGE(.BOTH.,#36);
#36=SURFACE_SIDE_STYLE('',(#37));
#37=SURFACE_STYLE_FILL_AREA(#38);
#38=FILL_AREA_STYLE('',(#39));
#39=FILL_AREA_STYLE_COLOUR('',#41);
#40=CURVE_STYLE('',#42,POSITIVE_LENGTH_MEASURE(0.1),#41);
#41=COLOUR_RGB('Gold',0.843,0.686,0.0);
#42=DRAUGHTING_PRE_DEFINED_CURVE_FONT('continuous');
#43=PRESENTATION_STYLE_ASSIGNMENT((#44,#49));
#44=SURFACE_STYLE_USAGE(.BOTH.,#45);
#45=SURFACE_SIDE_STYLE('',(#46));
#46=SURFACE_STYLE_FILL_AREA(#47);
#47=FILL_AREA_STYLE('',(#48));
#48=FILL_AREA_STYLE_COLOUR('',#50);
#49=CURVE_STYLE('',#51,POSITIVE_LENGTH_MEASURE(0.1),#50);
#50=COLOUR_RGB('Black',0.196,0.196,0.196);
#51=DRAUGHTING_PRE_DEFINED_CURVE_FONT('continuous');
#52=PRESENTATION_STYLE_ASSIGNMENT((#53,#58));
#53=SURFACE_STYLE_USAGE(.BOTH.,#54);
#54=SURFACE_SIDE_STYLE('',(#55));
#55=SURFACE_STYLE_FILL_AREA(#56);
#56=FILL_AREA_STYLE('',(#57));
#57=FILL_AREA_STYLE_COLOUR('',#59);
#58=CURVE_STYLE('',#60,POSITIVE_LENGTH_MEASURE(0.1),#59);
#59=COLOUR_RGB('LightGreen',0.294,0.784,0.588);
#60=DRAUGHTING_PRE_DEFINED_CURVE_FONT('continuous');
#61=PRESENTATION_STYLE_ASSIGNMENT((#62,#67));
#62=SURFACE_STYLE_USAGE(.BOTH.,#63);
#63=SURFACE_SIDE_STYLE('',(#64));
#64=SURFACE_STYLE_FILL_AREA(#65);
#65=FILL_AREA_STYLE('',(#66));
#66=FILL_AREA_STYLE_COLOUR('',#68);
#67=CURVE_STYLE('',#69,POSITIVE_LENGTH_MEASURE(0.1),#68);
#68=COLOUR_RGB('Shroud',0.235,0.235,0.235);
#69=DRAUGHTING_PRE_DEFINED_CURVE_FONT('continuous');
#70=PRESENTATION_STYLE_ASSIGNMENT((#71,#76));
#71=SURFACE_STYLE_USAGE(.BOTH.,#72);
#72=SURFACE_SIDE_STYLE('',(#73));
#73=SURFACE_STYLE_FILL_AREA(#74);
#74=FILL_AREA_STYLE('',(#75));
#75=FILL_AREA_STYLE_COLOUR('',#77);
#76=CURVE_STYLE('',#78,POSITIVE_LENGTH_MEASURE(0.1),#77);
#77=COLOUR_RGB('Aluminum',0.725,0.725,0.725);
#78=DRAUGHTING_PRE_DEFINED_CURVE_FONT('continuous');
#79=PRESENTATION_STYLE_ASSIGNMENT((#80,#85));
#80=SURFACE_STYLE_USAGE(.BOTH.,#81);
#81=SURFACE_SIDE_STYLE('',(#82));
#82=SURFACE_STYLE_FILL_AREA(#83);
#83=FILL_AREA_STYLE('',(#84));
#84=FILL_AREA_STYLE_COLOUR('',#86);
#85=CURVE_STYLE('',#87,POSITIVE_LENGTH_MEASURE(0.1),#86);
#86=COLOUR_RGB('Brown',0.459,0.345,0.176);
#87=DRAUGHTING_PRE_DEFINED_CURVE_FONT('continuous');
#88=PRESENTATION_STYLE_ASSIGNMENT((#89,#94));
#89=SURFACE_STYLE_USAGE(.BOTH.,#90);
#90=SURFACE_SIDE_STYLE('',(#91));
#91=SURFACE_STYLE_FILL_AREA(#92);
#92=FILL_AREA_STYLE('',(#93));
#93=FILL_AREA_STYLE_COLOUR('',#95);
#94=CURVE_STYLE('',#96,POSITIVE_LENGTH_MEASURE(0.1),#95);
#95=COLOUR_RGB('Tan',0.784,0.686,0.51);
#96=DRAUGHTING_PRE_DEFINED_CURVE_FONT('continuous');
#97=PRESENTATION_STYLE_ASSIGNMENT((#98,#103));
#98=SURFACE_STYLE_USAGE(.BOTH.,#99);
#99=SURFACE_SIDE_STYLE('',(#100));
#100=SURFACE_STYLE_FILL_AREA(#101);
#101=FILL_AREA_STYLE('',(#102));
#102=FILL_AREA_STYLE_COLOUR('',#104);
#103=CURVE_STYLE('',#105,POSITIVE_LENGTH_MEASURE(0.1),#104);
#104=COLOUR_RGB('Gray',0.431,0.431,0.431);
#105=DRAUGHTING_PRE_DEFINED_CURVE_FONT('continuous');
#106=PRESENTATION_STYLE_ASSIGNMENT((#107,#112));
#107=SURFACE_STYLE_USAGE(.BOTH.,#108);
#108=SURFACE_SIDE_STYLE('',(#109));
#109=SURFACE_STYLE_FILL_AREA(#110);
#110=FILL_AREA_STYLE('',(#111));
#111=FILL_AREA_STYLE_COLOUR('',#113);
#112=CURVE_STYLE('',#114,POSITIVE_LENGTH_MEASURE(0.1),#113);
#113=COLOUR_RGB('Red',0.6,0.0,0.0);
#114=DRAUGHTING_PRE_DEFINED_CURVE_FONT('continuous');
#115=PRESENTATION_STYLE_ASSIGNMENT((#116,#121));
#116=SURFACE_STYLE_USAGE(.BOTH.,#117);
#117=SURFACE_SIDE_STYLE('',(#118));
#118=SURFACE_STYLE_FILL_AREA(#119);
#119=FILL_AREA_STYLE('',(#120));
#120=FILL_AREA_STYLE_COLOUR('',#122);
#121=CURVE_STYLE('',#123,POSITIVE_LENGTH_MEASURE(0.1),#122);
#122=COLOUR_RGB('Blue',0.157,0.157,0.588);
#123=DRAUGHTING_PRE_DEFINED_CURVE_FONT('continuous');
#124=PRESENTATION_STYLE_ASSIGNMENT((#125,#130));
#125=SURFACE_STYLE_USAGE(.BOTH.,#126);
#126=SURFACE_SIDE_STYLE('',(#127));
#127=SURFACE_STYLE_FILL_AREA(#128);
#128=FILL_AREA_STYLE('',(#129));
#129=FILL_AREA_STYLE_COLOUR('',#131);
#130=CURVE_STYLE('',#132,POSITIVE_LENGTH_MEASURE(0.1),#131);
#131=COLOUR_RGB('Maroon',0.294,0.0,0.0);
#132=DRAUGHTING_PRE_DEFINED_CURVE_FONT('continuous');
#133=PRESENTATION_STYLE_ASSIGNMENT((#134,#139));
#134=SURFACE_STYLE_USAGE(.BOTH.,#135);
#135=SURFACE_SIDE_STYLE('',(#136));
#136=SURFACE_STYLE_FILL_AREA(#137);
#137=FILL_AREA_STYLE('',(#138));
#138=FILL_AREA_STYLE_COLOUR('',#140);
#139=CURVE_STYLE('',#141,POSITIVE_LENGTH_MEASURE(0.1),#140);
#140=COLOUR_RGB('Green',0.0,0.294,0.0);
#141=DRAUGHTING_PRE_DEFINED_CURVE_FONT('continuous');
#142=PRESENTATION_STYLE_ASSIGNMENT((#143,#148));
#143=SURFACE_STYLE_USAGE(.BOTH.,#144);
#144=SURFACE_SIDE_STYLE('',(#145));
#145=SURFACE_STYLE_FILL_AREA(#146);
#146=FILL_AREA_STYLE('',(#147));
#147=FILL_AREA_STYLE_COLOUR('',#149);
#148=CURVE_STYLE('',#150,POSITIVE_LENGTH_MEASURE(0.1),#149);
#149=COLOUR_RGB('Pin1',0.588,0.588,0.059);
#150=DRAUGHTING_PRE_DEFINED_CURVE_FONT('continuous');
#151=PRESENTATION_STYLE_ASSIGNMENT((#152,#157));
#152=SURFACE_STYLE_USAGE(.BOTH.,#153);
#153=SURFACE_SIDE_STYLE('',(#154));
#154=SURFACE_STYLE_FILL_AREA(#155);
#155=FILL_AREA_STYLE('',(#156));
#156=FILL_AREA_STYLE_COLOUR('',#158);
#157=CURVE_STYLE('',#159,POSITIVE_LENGTH_MEASURE(0.1),#158);
#158=COLOUR_RGB('Pin1Wrap',0.98,0.706,0.176);
#159=DRAUGHTING_PRE_DEFINED_CURVE_FONT('continuous');
#160=PRESENTATION_STYLE_ASSIGNMENT((#161,#166));
#161=SURFACE_STYLE_USAGE(.BOTH.,#162);
#162=SURFACE_SIDE_STYLE('',(#163));
#163=SURFACE_STYLE_FILL_AREA(#164);
#164=FILL_AREA_STYLE('',(#165));
#165=FILL_AREA_STYLE_COLOUR('',#167);
#166=CURVE_STYLE('',#168,POSITIVE_LENGTH_MEASURE(0.1),#167);
#167=COLOUR_RGB('Pin1Rad',0.588,0.588,0.588);
#168=DRAUGHTING_PRE_DEFINED_CURVE_FONT('continuous');
#169=PRESENTATION_STYLE_ASSIGNMENT((#170,#175));
#170=SURFACE_STYLE_USAGE(.BOTH.,#171);
#171=SURFACE_SIDE_STYLE('',(#172));
#172=SURFACE_STYLE_FILL_AREA(#173);
#173=FILL_AREA_STYLE('',(#174));
#174=FILL_AREA_STYLE_COLOUR('',#176);
#175=CURVE_STYLE('',#177,POSITIVE_LENGTH_MEASURE(0.1),#176);
#176=COLOUR_RGB('Pin1Axial',0.98,0.706,0.176);
#177=DRAUGHTING_PRE_DEFINED_CURVE_FONT('continuous');
#178=PRESENTATION_STYLE_ASSIGNMENT((#179,#184));
#179=SURFACE_STYLE_USAGE(.BOTH.,#180);
#180=SURFACE_SIDE_STYLE('',(#181));
#181=SURFACE_STYLE_FILL_AREA(#182);
#182=FILL_AREA_STYLE('',(#183));
#183=FILL_AREA_STYLE_COLOUR('',#185);
#184=CURVE_STYLE('',#186,POSITIVE_LENGTH_MEASURE(0.1),#185);
#185=COLOUR_RGB('Pin1Tant',0.459,0.345,0.176);
#186=DRAUGHTING_PRE_DEFINED_CURVE_FONT('continuous');
#187=PRESENTATION_STYLE_ASSIGNMENT((#188,#193));
#188=SURFACE_STYLE_USAGE(.BOTH.,#189);
#189=SURFACE_SIDE_STYLE('',(#190));
#190=SURFACE_STYLE_FILL_AREA(#191);
#191=FILL_AREA_STYLE('',(#192));
#192=FILL_AREA_STYLE_COLOUR('',#194);
#193=CURVE_STYLE('',#195,POSITIVE_LENGTH_MEASURE(0.1),#194);
#194=COLOUR_RGB('HeatTab',0.588,0.588,0.588);
#195=DRAUGHTING_PRE_DEFINED_CURVE_FONT('continuous');
#197=MANIFOLD_SOLID_BREP($,#198);
#198=CLOSED_SHELL('',(#200,#249,#298,#347,#396,#445,#494,#543,#592,#641,#690,#739,#788,#837,#886,#935,#984,#1033,#1082,#1131,#1180,#1229,#1278,#1327,#1376,#1425,#1474,#1523,#1572,#1621,#1670,#1719,#1768,#1817,#1866,#1915,#1964,#2013,#2062,#2111,#2160,#2209,#2258,#2307,#2356,#2405,#2454,#2503,#2552,#2601,#2650,#2699,#2748,#2797,#2846,#2895,#2944,#2993,#3042,#3091,#3140,#3189,#3238,#3287,#3336,#3385,#3434,#3483,#3532,#3581,#3630,#3679,#3728,#3777,#3826,#3875,#3924,#3973,#4022,#4071,#4120,#4169,#4218,#4267,#4316,#4365,#4414,#4463,#4512,#4561,#4610,#4659,#4708,#4757,#4806,#4855,#4904,#4953,#5002,#5051,#5100,#5149,#5198,#5247,#5296,#5345,#5394,#5443,#5492,#5541,#5590,#5639,#5688,#5737,#5786,#5835,#5884,#5933,#5982,#6031,#6080,#6129));
#199=STYLED_ITEM('',(#43),#200);
#200=ADVANCED_FACE('',(#206),#201,.T.);
#201=PLANE('',#202);
#202=AXIS2_PLACEMENT_3D('',#203,#204,#205);
#203=CARTESIAN_POINT('',(12.7,0.159,3.627));
#204=DIRECTION('',(0.529,0.0,0.848));
#205=DIRECTION('',(0.,0.,1.));
#206=FACE_OUTER_BOUND('',#207,.T.);
#207=EDGE_LOOP('',(#208,#218,#228,#238));
#211=CARTESIAN_POINT('',(12.7,2.381,3.627));
#210=VERTEX_POINT('',#211);
#213=CARTESIAN_POINT('',(12.7,0.159,3.627));
#212=VERTEX_POINT('',#213);
#209=EDGE_CURVE('',#210,#212,#214,.T.);
#214=LINE('',#211,#216);
#216=VECTOR('',#217,2.2224873);
#217=DIRECTION('',(0.0,-1.0,0.0));
#208=ORIENTED_EDGE('',*,*,#209,.F.);
#221=CARTESIAN_POINT('',(12.224,2.54,3.924));
#220=VERTEX_POINT('',#221);
#219=EDGE_CURVE('',#220,#210,#224,.T.);
#224=LINE('',#221,#226);
#226=VECTOR('',#227,0.583375989590457);
#227=DIRECTION('',(0.816,-0.272,-0.509));
#218=ORIENTED_EDGE('',*,*,#219,.F.);
#231=CARTESIAN_POINT('',(12.224,0.0,3.924));
#230=VERTEX_POINT('',#231);
#229=EDGE_CURVE('',#230,#220,#234,.T.);
#234=LINE('',#231,#236);
#236=VECTOR('',#237,2.54);
#237=DIRECTION('',(0.0,1.0,0.0));
#228=ORIENTED_EDGE('',*,*,#229,.F.);
#239=EDGE_CURVE('',#212,#230,#244,.T.);
#244=LINE('',#213,#246);
#246=VECTOR('',#247,0.583375989590457);
#247=DIRECTION('',(-0.816,-0.272,0.509));
#238=ORIENTED_EDGE('',*,*,#239,.F.);
#248=STYLED_ITEM('',(#43),#249);
#249=ADVANCED_FACE('',(#255),#250,.T.);
#250=PLANE('',#251);
#251=AXIS2_PLACEMENT_3D('',#252,#253,#254);
#252=CARTESIAN_POINT('',(10.636,0.0,3.924));
#253=DIRECTION('',(0.0,0.0,1.0));
#254=DIRECTION('',(0.,1.,0.));
#255=FACE_OUTER_BOUND('',#256,.T.);
#256=EDGE_LOOP('',(#257,#267,#277,#287));
#262=CARTESIAN_POINT('',(10.636,0.0,3.924));
#261=VERTEX_POINT('',#262);
#258=EDGE_CURVE('',#230,#261,#263,.T.);
#263=LINE('',#231,#265);
#265=VECTOR('',#266,1.5875127);
#266=DIRECTION('',(-1.0,0.0,0.0));
#257=ORIENTED_EDGE('',*,*,#258,.F.);
#267=ORIENTED_EDGE('',*,*,#229,.T.);
#280=CARTESIAN_POINT('',(10.636,2.54,3.924));
#279=VERTEX_POINT('',#280);
#278=EDGE_CURVE('',#279,#220,#283,.T.);
#283=LINE('',#280,#285);
#285=VECTOR('',#286,1.5875127);
#286=DIRECTION('',(1.0,0.0,0.0));
#277=ORIENTED_EDGE('',*,*,#278,.F.);
#288=EDGE_CURVE('',#261,#279,#293,.T.);
#293=LINE('',#262,#295);
#295=VECTOR('',#296,2.54);
#296=DIRECTION('',(0.0,1.0,0.0));
#287=ORIENTED_EDGE('',*,*,#288,.F.);
#297=STYLED_ITEM('',(#43),#298);
#298=ADVANCED_FACE('',(#304),#299,.T.);
#299=PLANE('',#300);
#300=AXIS2_PLACEMENT_3D('',#301,#302,#303);
#301=CARTESIAN_POINT('',(10.16,0.159,3.627));
#302=DIRECTION('',(-0.529,0.0,0.848));
#303=DIRECTION('',(0.,0.,1.));
#304=FACE_OUTER_BOUND('',#305,.T.);
#305=EDGE_LOOP('',(#306,#316,#326,#336));
#311=CARTESIAN_POINT('',(10.16,0.159,3.627));
#310=VERTEX_POINT('',#311);
#307=EDGE_CURVE('',#261,#310,#312,.T.);
#312=LINE('',#262,#314);
#314=VECTOR('',#315,0.583375989590457);
#315=DIRECTION('',(-0.816,0.272,-0.509));
#306=ORIENTED_EDGE('',*,*,#307,.F.);
#316=ORIENTED_EDGE('',*,*,#288,.T.);
#329=CARTESIAN_POINT('',(10.16,2.381,3.627));
#328=VERTEX_POINT('',#329);
#327=EDGE_CURVE('',#328,#279,#332,.T.);
#332=LINE('',#329,#334);
#334=VECTOR('',#335,0.583375989590457);
#335=DIRECTION('',(0.816,0.272,0.509));
#326=ORIENTED_EDGE('',*,*,#327,.F.);
#337=EDGE_CURVE('',#310,#328,#342,.T.);
#342=LINE('',#311,#344);
#344=VECTOR('',#345,2.2224873);
#345=DIRECTION('',(0.0,1.0,0.0));
#336=ORIENTED_EDGE('',*,*,#337,.F.);
#346=STYLED_ITEM('',(#43),#347);
#347=ADVANCED_FACE('',(#353),#348,.T.);
#348=PLANE('',#349);
#349=AXIS2_PLACEMENT_3D('',#350,#351,#352);
#350=CARTESIAN_POINT('',(12.7,0.159,1.695));
#351=DIRECTION('',(1.0,0.0,0.0));
#352=DIRECTION('',(0.,0.,1.));
#353=FACE_OUTER_BOUND('',#354,.T.);
#354=EDGE_LOOP('',(#355,#365,#375,#385));
#358=CARTESIAN_POINT('',(12.7,2.381,1.695));
#357=VERTEX_POINT('',#358);
#360=CARTESIAN_POINT('',(12.7,0.159,1.695));
#359=VERTEX_POINT('',#360);
#356=EDGE_CURVE('',#357,#359,#361,.T.);
#361=LINE('',#358,#363);
#363=VECTOR('',#364,2.2224873);
#364=DIRECTION('',(0.0,-1.0,0.0));
#355=ORIENTED_EDGE('',*,*,#356,.F.);
#366=EDGE_CURVE('',#210,#357,#371,.T.);
#371=LINE('',#211,#373);
#373=VECTOR('',#374,1.93167);
#374=DIRECTION('',(0.0,0.0,-1.0));
#365=ORIENTED_EDGE('',*,*,#366,.F.);
#375=ORIENTED_EDGE('',*,*,#209,.T.);
#386=EDGE_CURVE('',#359,#212,#391,.T.);
#391=LINE('',#360,#393);
#393=VECTOR('',#394,1.93167);
#394=DIRECTION('',(0.0,0.0,1.0));
#385=ORIENTED_EDGE('',*,*,#386,.F.);
#395=STYLED_ITEM('',(#43),#396);
#396=ADVANCED_FACE('',(#402),#397,.T.);
#397=PLANE('',#398);
#398=AXIS2_PLACEMENT_3D('',#399,#400,#401);
#399=CARTESIAN_POINT('',(12.7,2.381,1.695));
#400=DIRECTION('',(0.316,0.949,0.0));
#401=DIRECTION('',(0.,0.,1.));
#402=FACE_OUTER_BOUND('',#403,.T.);
#403=EDGE_LOOP('',(#404,#414,#424,#434));
#407=CARTESIAN_POINT('',(12.224,2.54,0.952));
#406=VERTEX_POINT('',#407);
#405=EDGE_CURVE('',#406,#357,#410,.T.);
#410=LINE('',#407,#412);
#412=VECTOR('',#413,0.89665282876409);
#413=DIRECTION('',(0.531,-0.177,0.829));
#404=ORIENTED_EDGE('',*,*,#405,.F.);
#415=EDGE_CURVE('',#220,#406,#420,.T.);
#420=LINE('',#221,#422);
#422=VECTOR('',#423,2.9718);
#423=DIRECTION('',(0.0,0.0,-1.0));
#414=ORIENTED_EDGE('',*,*,#415,.F.);
#424=ORIENTED_EDGE('',*,*,#219,.T.);
#434=ORIENTED_EDGE('',*,*,#366,.T.);
#444=STYLED_ITEM('',(#43),#445);
#445=ADVANCED_FACE('',(#451),#446,.T.);
#446=PLANE('',#447);
#447=AXIS2_PLACEMENT_3D('',#448,#449,#450);
#448=CARTESIAN_POINT('',(12.224,2.54,0.952));
#449=DIRECTION('',(0.0,1.0,0.0));
#450=DIRECTION('',(0.,0.,1.));
#451=FACE_OUTER_BOUND('',#452,.T.);
#452=EDGE_LOOP('',(#453,#463,#473,#483));
#456=CARTESIAN_POINT('',(10.636,2.54,0.952));
#455=VERTEX_POINT('',#456);
#454=EDGE_CURVE('',#455,#406,#459,.T.);
#459=LINE('',#456,#461);
#461=VECTOR('',#462,1.5875127);
#462=DIRECTION('',(1.0,0.0,0.0));
#453=ORIENTED_EDGE('',*,*,#454,.F.);
#464=EDGE_CURVE('',#279,#455,#469,.T.);
#469=LINE('',#280,#471);
#471=VECTOR('',#472,2.9718);
#472=DIRECTION('',(0.0,0.0,-1.0));
#463=ORIENTED_EDGE('',*,*,#464,.F.);
#473=ORIENTED_EDGE('',*,*,#278,.T.);
#483=ORIENTED_EDGE('',*,*,#415,.T.);
#493=STYLED_ITEM('',(#43),#494);
#494=ADVANCED_FACE('',(#500),#495,.T.);
#495=PLANE('',#496);
#496=AXIS2_PLACEMENT_3D('',#497,#498,#499);
#497=CARTESIAN_POINT('',(10.636,2.54,0.952));
#498=DIRECTION('',(-0.316,0.949,0.0));
#499=DIRECTION('',(0.,0.,1.));
#500=FACE_OUTER_BOUND('',#501,.T.);
#501=EDGE_LOOP('',(#502,#512,#522,#532));
#505=CARTESIAN_POINT('',(10.16,2.381,1.695));
#504=VERTEX_POINT('',#505);
#503=EDGE_CURVE('',#504,#455,#508,.T.);
#508=LINE('',#505,#510);
#510=VECTOR('',#511,0.89665282876409);
#511=DIRECTION('',(0.531,0.177,-0.829));
#502=ORIENTED_EDGE('',*,*,#503,.F.);
#513=EDGE_CURVE('',#328,#504,#518,.T.);
#518=LINE('',#329,#520);
#520=VECTOR('',#521,1.93167);
#521=DIRECTION('',(0.0,0.0,-1.0));
#512=ORIENTED_EDGE('',*,*,#513,.F.);
#522=ORIENTED_EDGE('',*,*,#327,.T.);
#532=ORIENTED_EDGE('',*,*,#464,.T.);
#542=STYLED_ITEM('',(#43),#543);
#543=ADVANCED_FACE('',(#549),#544,.T.);
#544=PLANE('',#545);
#545=AXIS2_PLACEMENT_3D('',#546,#547,#548);
#546=CARTESIAN_POINT('',(10.16,0.159,1.695));
#547=DIRECTION('',(-0.316,-0.949,0.0));
#548=DIRECTION('',(0.,0.,1.));
#549=FACE_OUTER_BOUND('',#550,.T.);
#550=EDGE_LOOP('',(#551,#561,#571,#581));
#554=CARTESIAN_POINT('',(10.636,0.0,0.952));
#553=VERTEX_POINT('',#554);
#556=CARTESIAN_POINT('',(10.16,0.159,1.695));
#555=VERTEX_POINT('',#556);
#552=EDGE_CURVE('',#553,#555,#557,.T.);
#557=LINE('',#554,#559);
#559=VECTOR('',#560,0.89665282876409);
#560=DIRECTION('',(-0.531,0.177,0.829));
#551=ORIENTED_EDGE('',*,*,#552,.F.);
#562=EDGE_CURVE('',#261,#553,#567,.T.);
#567=LINE('',#262,#569);
#569=VECTOR('',#570,2.9718);
#570=DIRECTION('',(0.0,0.0,-1.0));
#561=ORIENTED_EDGE('',*,*,#562,.F.);
#571=ORIENTED_EDGE('',*,*,#307,.T.);
#582=EDGE_CURVE('',#555,#310,#587,.T.);
#587=LINE('',#556,#589);
#589=VECTOR('',#590,1.93167);
#590=DIRECTION('',(0.0,0.0,1.0));
#581=ORIENTED_EDGE('',*,*,#582,.F.);
#591=STYLED_ITEM('',(#43),#592);
#592=ADVANCED_FACE('',(#598),#593,.T.);
#593=PLANE('',#594);
#594=AXIS2_PLACEMENT_3D('',#595,#596,#597);
#595=CARTESIAN_POINT('',(10.636,0.0,0.952));
#596=DIRECTION('',(0.0,-1.0,0.0));
#597=DIRECTION('',(0.,0.,1.));
#598=FACE_OUTER_BOUND('',#599,.T.);
#599=EDGE_LOOP('',(#600,#610,#620,#630));
#603=CARTESIAN_POINT('',(12.224,0.0,0.952));
#602=VERTEX_POINT('',#603);
#601=EDGE_CURVE('',#602,#553,#606,.T.);
#606=LINE('',#603,#608);
#608=VECTOR('',#609,1.5875127);
#609=DIRECTION('',(-1.0,0.0,0.0));
#600=ORIENTED_EDGE('',*,*,#601,.F.);
#611=EDGE_CURVE('',#230,#602,#616,.T.);
#616=LINE('',#231,#618);
#618=VECTOR('',#619,2.9718);
#619=DIRECTION('',(0.0,0.0,-1.0));
#610=ORIENTED_EDGE('',*,*,#611,.F.);
#620=ORIENTED_EDGE('',*,*,#258,.T.);
#630=ORIENTED_EDGE('',*,*,#562,.T.);
#640=STYLED_ITEM('',(#43),#641);
#641=ADVANCED_FACE('',(#647),#642,.T.);
#642=PLANE('',#643);
#643=AXIS2_PLACEMENT_3D('',#644,#645,#646);
#644=CARTESIAN_POINT('',(12.224,0.0,0.952));
#645=DIRECTION('',(0.316,-0.949,0.0));
#646=DIRECTION('',(0.,0.,1.));
#647=FACE_OUTER_BOUND('',#648,.T.);
#648=EDGE_LOOP('',(#649,#659,#669,#679));
#650=EDGE_CURVE('',#359,#602,#655,.T.);
#655=LINE('',#360,#657);
#657=VECTOR('',#658,0.89665282876409);
#658=DIRECTION('',(-0.531,-0.177,-0.829));
#649=ORIENTED_EDGE('',*,*,#650,.F.);
#659=ORIENTED_EDGE('',*,*,#386,.T.);
#669=ORIENTED_EDGE('',*,*,#239,.T.);
#679=ORIENTED_EDGE('',*,*,#611,.T.);
#689=STYLED_ITEM('',(#43),#690);
#690=ADVANCED_FACE('',(#696),#691,.T.);
#691=PLANE('',#692);
#692=AXIS2_PLACEMENT_3D('',#693,#694,#695);
#693=CARTESIAN_POINT('',(12.224,0.0,0.952));
#694=DIRECTION('',(0.842,0.0,-0.54));
#695=DIRECTION('',(0.,0.,1.));
#696=FACE_OUTER_BOUND('',#697,.T.);
#697=EDGE_LOOP('',(#698,#708,#718,#728));
#699=EDGE_CURVE('',#406,#602,#704,.T.);
#704=LINE('',#407,#706);
#706=VECTOR('',#707,2.54);
#707=DIRECTION('',(0.0,-1.0,0.0));
#698=ORIENTED_EDGE('',*,*,#699,.F.);
#708=ORIENTED_EDGE('',*,*,#405,.T.);
#718=ORIENTED_EDGE('',*,*,#356,.T.);
#728=ORIENTED_EDGE('',*,*,#650,.T.);
#738=STYLED_ITEM('',(#43),#739);
#739=ADVANCED_FACE('',(#745),#740,.T.);
#740=PLANE('',#741);
#741=AXIS2_PLACEMENT_3D('',#742,#743,#744);
#742=CARTESIAN_POINT('',(10.636,2.54,0.952));
#743=DIRECTION('',(0.0,0.0,-1.0));
#744=DIRECTION('',(0.,1.,0.));
#745=FACE_OUTER_BOUND('',#746,.T.);
#746=EDGE_LOOP('',(#747,#757,#767,#777));
#747=ORIENTED_EDGE('',*,*,#454,.T.);
#757=ORIENTED_EDGE('',*,*,#699,.T.);
#767=ORIENTED_EDGE('',*,*,#601,.T.);
#778=EDGE_CURVE('',#455,#553,#783,.T.);
#783=LINE('',#456,#785);
#785=VECTOR('',#786,2.54);
#786=DIRECTION('',(0.0,-1.0,0.0));
#777=ORIENTED_EDGE('',*,*,#778,.F.);
#787=STYLED_ITEM('',(#43),#788);
#788=ADVANCED_FACE('',(#794),#789,.T.);
#789=PLANE('',#790);
#790=AXIS2_PLACEMENT_3D('',#791,#792,#793);
#791=CARTESIAN_POINT('',(10.636,2.54,0.952));
#792=DIRECTION('',(-0.842,0.0,-0.54));
#793=DIRECTION('',(0.,0.,1.));
#794=FACE_OUTER_BOUND('',#795,.T.);
#795=EDGE_LOOP('',(#796,#806,#816,#826));
#796=ORIENTED_EDGE('',*,*,#778,.T.);
#806=ORIENTED_EDGE('',*,*,#552,.T.);
#817=EDGE_CURVE('',#504,#555,#822,.T.);
#822=LINE('',#505,#824);
#824=VECTOR('',#825,2.2224873);
#825=DIRECTION('',(0.0,-1.0,0.0));
#816=ORIENTED_EDGE('',*,*,#817,.F.);
#826=ORIENTED_EDGE('',*,*,#503,.T.);
#836=STYLED_ITEM('',(#43),#837);
#837=ADVANCED_FACE('',(#843),#838,.T.);
#838=PLANE('',#839);
#839=AXIS2_PLACEMENT_3D('',#840,#841,#842);
#840=CARTESIAN_POINT('',(10.16,0.159,3.627));
#841=DIRECTION('',(0.529,0.0,0.848));
#842=DIRECTION('',(0.,0.,1.));
#843=FACE_OUTER_BOUND('',#844,.T.);
#844=EDGE_LOOP('',(#845,#855,#865,#875));
#845=ORIENTED_EDGE('',*,*,#337,.T.);
#858=CARTESIAN_POINT('',(9.684,2.54,3.924));
#857=VERTEX_POINT('',#858);
#856=EDGE_CURVE('',#857,#328,#861,.T.);
#861=LINE('',#858,#863);
#863=VECTOR('',#864,0.583375989590457);
#864=DIRECTION('',(0.816,-0.272,-0.509));
#855=ORIENTED_EDGE('',*,*,#856,.F.);
#868=CARTESIAN_POINT('',(9.684,0.0,3.924));
#867=VERTEX_POINT('',#868);
#866=EDGE_CURVE('',#867,#857,#871,.T.);
#871=LINE('',#868,#873);
#873=VECTOR('',#874,2.54);
#874=DIRECTION('',(0.0,1.0,0.0));
#865=ORIENTED_EDGE('',*,*,#866,.F.);
#876=EDGE_CURVE('',#310,#867,#881,.T.);
#881=LINE('',#311,#883);
#883=VECTOR('',#884,0.583375989590457);
#884=DIRECTION('',(-0.816,-0.272,0.509));
#875=ORIENTED_EDGE('',*,*,#876,.F.);
#885=STYLED_ITEM('',(#43),#886);
#886=ADVANCED_FACE('',(#892),#887,.T.);
#887=PLANE('',#888);
#888=AXIS2_PLACEMENT_3D('',#889,#890,#891);
#889=CARTESIAN_POINT('',(8.096,0.0,3.924));
#890=DIRECTION('',(0.0,0.0,1.0));
#891=DIRECTION('',(0.,1.,0.));
#892=FACE_OUTER_BOUND('',#893,.T.);
#893=EDGE_LOOP('',(#894,#904,#914,#924));
#899=CARTESIAN_POINT('',(8.096,0.0,3.924));
#898=VERTEX_POINT('',#899);
#895=EDGE_CURVE('',#867,#898,#900,.T.);
#900=LINE('',#868,#902);
#902=VECTOR('',#903,1.5875127);
#903=DIRECTION('',(-1.0,0.0,0.0));
#894=ORIENTED_EDGE('',*,*,#895,.F.);
#904=ORIENTED_EDGE('',*,*,#866,.T.);
#917=CARTESIAN_POINT('',(8.096,2.54,3.924));
#916=VERTEX_POINT('',#917);
#915=EDGE_CURVE('',#916,#857,#920,.T.);
#920=LINE('',#917,#922);
#922=VECTOR('',#923,1.5875127);
#923=DIRECTION('',(1.0,0.0,0.0));
#914=ORIENTED_EDGE('',*,*,#915,.F.);
#925=EDGE_CURVE('',#898,#916,#930,.T.);
#930=LINE('',#899,#932);
#932=VECTOR('',#933,2.54);
#933=DIRECTION('',(0.0,1.0,0.0));
#924=ORIENTED_EDGE('',*,*,#925,.F.);
#934=STYLED_ITEM('',(#43),#935);
#935=ADVANCED_FACE('',(#941),#936,.T.);
#936=PLANE('',#937);
#937=AXIS2_PLACEMENT_3D('',#938,#939,#940);
#938=CARTESIAN_POINT('',(7.62,0.159,3.627));
#939=DIRECTION('',(-0.529,0.0,0.848));
#940=DIRECTION('',(0.,0.,1.));
#941=FACE_OUTER_BOUND('',#942,.T.);
#942=EDGE_LOOP('',(#943,#953,#963,#973));
#948=CARTESIAN_POINT('',(7.62,0.159,3.627));
#947=VERTEX_POINT('',#948);
#944=EDGE_CURVE('',#898,#947,#949,.T.);
#949=LINE('',#899,#951);
#951=VECTOR('',#952,0.583375989590457);
#952=DIRECTION('',(-0.816,0.272,-0.509));
#943=ORIENTED_EDGE('',*,*,#944,.F.);
#953=ORIENTED_EDGE('',*,*,#925,.T.);
#966=CARTESIAN_POINT('',(7.62,2.381,3.627));
#965=VERTEX_POINT('',#966);
#964=EDGE_CURVE('',#965,#916,#969,.T.);
#969=LINE('',#966,#971);
#971=VECTOR('',#972,0.583375989590457);
#972=DIRECTION('',(0.816,0.272,0.509));
#963=ORIENTED_EDGE('',*,*,#964,.F.);
#974=EDGE_CURVE('',#947,#965,#979,.T.);
#979=LINE('',#948,#981);
#981=VECTOR('',#982,2.2224873);
#982=DIRECTION('',(0.0,1.0,0.0));
#973=ORIENTED_EDGE('',*,*,#974,.F.);
#983=STYLED_ITEM('',(#43),#984);
#984=ADVANCED_FACE('',(#990),#985,.T.);
#985=PLANE('',#986);
#986=AXIS2_PLACEMENT_3D('',#987,#988,#989);
#987=CARTESIAN_POINT('',(10.16,2.381,1.695));
#988=DIRECTION('',(0.316,0.949,0.0));
#989=DIRECTION('',(0.,0.,1.));
#990=FACE_OUTER_BOUND('',#991,.T.);
#991=EDGE_LOOP('',(#992,#1002,#1012,#1022));
#995=CARTESIAN_POINT('',(9.684,2.54,0.952));
#994=VERTEX_POINT('',#995);
#993=EDGE_CURVE('',#994,#504,#998,.T.);
#998=LINE('',#995,#1000);
#1000=VECTOR('',#1001,0.89665282876409);
#1001=DIRECTION('',(0.531,-0.177,0.829));
#992=ORIENTED_EDGE('',*,*,#993,.F.);
#1003=EDGE_CURVE('',#857,#994,#1008,.T.);
#1008=LINE('',#858,#1010);
#1010=VECTOR('',#1011,2.9718);
#1011=DIRECTION('',(0.0,0.0,-1.0));
#1002=ORIENTED_EDGE('',*,*,#1003,.F.);
#1012=ORIENTED_EDGE('',*,*,#856,.T.);
#1022=ORIENTED_EDGE('',*,*,#513,.T.);
#1032=STYLED_ITEM('',(#43),#1033);
#1033=ADVANCED_FACE('',(#1039),#1034,.T.);
#1034=PLANE('',#1035);
#1035=AXIS2_PLACEMENT_3D('',#1036,#1037,#1038);
#1036=CARTESIAN_POINT('',(9.684,2.54,0.952));
#1037=DIRECTION('',(0.0,1.0,0.0));
#1038=DIRECTION('',(0.,0.,1.));
#1039=FACE_OUTER_BOUND('',#1040,.T.);
#1040=EDGE_LOOP('',(#1041,#1051,#1061,#1071));
#1044=CARTESIAN_POINT('',(8.096,2.54,0.952));
#1043=VERTEX_POINT('',#1044);
#1042=EDGE_CURVE('',#1043,#994,#1047,.T.);
#1047=LINE('',#1044,#1049);
#1049=VECTOR('',#1050,1.5875127);
#1050=DIRECTION('',(1.0,0.0,0.0));
#1041=ORIENTED_EDGE('',*,*,#1042,.F.);
#1052=EDGE_CURVE('',#916,#1043,#1057,.T.);
#1057=LINE('',#917,#1059);
#1059=VECTOR('',#1060,2.9718);
#1060=DIRECTION('',(0.0,0.0,-1.0));
#1051=ORIENTED_EDGE('',*,*,#1052,.F.);
#1061=ORIENTED_EDGE('',*,*,#915,.T.);
#1071=ORIENTED_EDGE('',*,*,#1003,.T.);
#1081=STYLED_ITEM('',(#43),#1082);
#1082=ADVANCED_FACE('',(#1088),#1083,.T.);
#1083=PLANE('',#1084);
#1084=AXIS2_PLACEMENT_3D('',#1085,#1086,#1087);
#1085=CARTESIAN_POINT('',(8.096,2.54,0.952));
#1086=DIRECTION('',(-0.316,0.949,0.0));
#1087=DIRECTION('',(0.,0.,1.));
#1088=FACE_OUTER_BOUND('',#1089,.T.);
#1089=EDGE_LOOP('',(#1090,#1100,#1110,#1120));
#1093=CARTESIAN_POINT('',(7.62,2.381,1.695));
#1092=VERTEX_POINT('',#1093);
#1091=EDGE_CURVE('',#1092,#1043,#1096,.T.);
#1096=LINE('',#1093,#1098);
#1098=VECTOR('',#1099,0.89665282876409);
#1099=DIRECTION('',(0.531,0.177,-0.829));
#1090=ORIENTED_EDGE('',*,*,#1091,.F.);
#1101=EDGE_CURVE('',#965,#1092,#1106,.T.);
#1106=LINE('',#966,#1108);
#1108=VECTOR('',#1109,1.93167);
#1109=DIRECTION('',(0.0,0.0,-1.0));
#1100=ORIENTED_EDGE('',*,*,#1101,.F.);
#1110=ORIENTED_EDGE('',*,*,#964,.T.);
#1120=ORIENTED_EDGE('',*,*,#1052,.T.);
#1130=STYLED_ITEM('',(#43),#1131);
#1131=ADVANCED_FACE('',(#1137),#1132,.T.);
#1132=PLANE('',#1133);
#1133=AXIS2_PLACEMENT_3D('',#1134,#1135,#1136);
#1134=CARTESIAN_POINT('',(7.62,0.159,1.695));
#1135=DIRECTION('',(-0.316,-0.949,0.0));
#1136=DIRECTION('',(0.,0.,1.));
#1137=FACE_OUTER_BOUND('',#1138,.T.);
#1138=EDGE_LOOP('',(#1139,#1149,#1159,#1169));
#1142=CARTESIAN_POINT('',(8.096,0.0,0.952));
#1141=VERTEX_POINT('',#1142);
#1144=CARTESIAN_POINT('',(7.62,0.159,1.695));
#1143=VERTEX_POINT('',#1144);
#1140=EDGE_CURVE('',#1141,#1143,#1145,.T.);
#1145=LINE('',#1142,#1147);
#1147=VECTOR('',#1148,0.89665282876409);
#1148=DIRECTION('',(-0.531,0.177,0.829));
#1139=ORIENTED_EDGE('',*,*,#1140,.F.);
#1150=EDGE_CURVE('',#898,#1141,#1155,.T.);
#1155=LINE('',#899,#1157);
#1157=VECTOR('',#1158,2.9718);
#1158=DIRECTION('',(0.0,0.0,-1.0));
#1149=ORIENTED_EDGE('',*,*,#1150,.F.);
#1159=ORIENTED_EDGE('',*,*,#944,.T.);
#1170=EDGE_CURVE('',#1143,#947,#1175,.T.);
#1175=LINE('',#1144,#1177);
#1177=VECTOR('',#1178,1.93167);
#1178=DIRECTION('',(0.0,0.0,1.0));
#1169=ORIENTED_EDGE('',*,*,#1170,.F.);
#1179=STYLED_ITEM('',(#43),#1180);
#1180=ADVANCED_FACE('',(#1186),#1181,.T.);
#1181=PLANE('',#1182);
#1182=AXIS2_PLACEMENT_3D('',#1183,#1184,#1185);
#1183=CARTESIAN_POINT('',(8.096,0.0,0.952));
#1184=DIRECTION('',(0.0,-1.0,0.0));
#1185=DIRECTION('',(0.,0.,1.));
#1186=FACE_OUTER_BOUND('',#1187,.T.);
#1187=EDGE_LOOP('',(#1188,#1198,#1208,#1218));
#1191=CARTESIAN_POINT('',(9.684,0.0,0.952));
#1190=VERTEX_POINT('',#1191);
#1189=EDGE_CURVE('',#1190,#1141,#1194,.T.);
#1194=LINE('',#1191,#1196);
#1196=VECTOR('',#1197,1.5875127);
#1197=DIRECTION('',(-1.0,0.0,0.0));
#1188=ORIENTED_EDGE('',*,*,#1189,.F.);
#1199=EDGE_CURVE('',#867,#1190,#1204,.T.);
#1204=LINE('',#868,#1206);
#1206=VECTOR('',#1207,2.9718);
#1207=DIRECTION('',(0.0,0.0,-1.0));
#1198=ORIENTED_EDGE('',*,*,#1199,.F.);
#1208=ORIENTED_EDGE('',*,*,#895,.T.);
#1218=ORIENTED_EDGE('',*,*,#1150,.T.);
#1228=STYLED_ITEM('',(#43),#1229);
#1229=ADVANCED_FACE('',(#1235),#1230,.T.);
#1230=PLANE('',#1231);
#1231=AXIS2_PLACEMENT_3D('',#1232,#1233,#1234);
#1232=CARTESIAN_POINT('',(9.684,0.0,0.952));
#1233=DIRECTION('',(0.316,-0.949,0.0));
#1234=DIRECTION('',(0.,0.,1.));
#1235=FACE_OUTER_BOUND('',#1236,.T.);
#1236=EDGE_LOOP('',(#1237,#1247,#1257,#1267));
#1238=EDGE_CURVE('',#555,#1190,#1243,.T.);
#1243=LINE('',#556,#1245);
#1245=VECTOR('',#1246,0.89665282876409);
#1246=DIRECTION('',(-0.531,-0.177,-0.829));
#1237=ORIENTED_EDGE('',*,*,#1238,.F.);
#1247=ORIENTED_EDGE('',*,*,#582,.T.);
#1257=ORIENTED_EDGE('',*,*,#876,.T.);
#1267=ORIENTED_EDGE('',*,*,#1199,.T.);
#1277=STYLED_ITEM('',(#43),#1278);
#1278=ADVANCED_FACE('',(#1284),#1279,.T.);
#1279=PLANE('',#1280);
#1280=AXIS2_PLACEMENT_3D('',#1281,#1282,#1283);
#1281=CARTESIAN_POINT('',(9.684,0.0,0.952));
#1282=DIRECTION('',(0.842,0.0,-0.54));
#1283=DIRECTION('',(0.,0.,1.));
#1284=FACE_OUTER_BOUND('',#1285,.T.);
#1285=EDGE_LOOP('',(#1286,#1296,#1306,#1316));
#1287=EDGE_CURVE('',#994,#1190,#1292,.T.);
#1292=LINE('',#995,#1294);
#1294=VECTOR('',#1295,2.54);
#1295=DIRECTION('',(0.0,-1.0,0.0));
#1286=ORIENTED_EDGE('',*,*,#1287,.F.);
#1296=ORIENTED_EDGE('',*,*,#993,.T.);
#1306=ORIENTED_EDGE('',*,*,#817,.T.);
#1316=ORIENTED_EDGE('',*,*,#1238,.T.);
#1326=STYLED_ITEM('',(#43),#1327);
#1327=ADVANCED_FACE('',(#1333),#1328,.T.);
#1328=PLANE('',#1329);
#1329=AXIS2_PLACEMENT_3D('',#1330,#1331,#1332);
#1330=CARTESIAN_POINT('',(8.096,0.0,0.952));
#1331=DIRECTION('',(0.0,0.0,-1.0));
#1332=DIRECTION('',(0.,1.,0.));
#1333=FACE_OUTER_BOUND('',#1334,.T.);
#1334=EDGE_LOOP('',(#1335,#1345,#1355,#1365));
#1336=EDGE_CURVE('',#1043,#1141,#1341,.T.);
#1341=LINE('',#1044,#1343);
#1343=VECTOR('',#1344,2.54);
#1344=DIRECTION('',(0.0,-1.0,0.0));
#1335=ORIENTED_EDGE('',*,*,#1336,.F.);
#1345=ORIENTED_EDGE('',*,*,#1042,.T.);
#1355=ORIENTED_EDGE('',*,*,#1287,.T.);
#1365=ORIENTED_EDGE('',*,*,#1189,.T.);
#1375=STYLED_ITEM('',(#43),#1376);
#1376=ADVANCED_FACE('',(#1382),#1377,.T.);
#1377=PLANE('',#1378);
#1378=AXIS2_PLACEMENT_3D('',#1379,#1380,#1381);
#1379=CARTESIAN_POINT('',(7.62,0.159,1.695));
#1380=DIRECTION('',(-0.842,0.0,-0.54));
#1381=DIRECTION('',(0.,0.,1.));
#1382=FACE_OUTER_BOUND('',#1383,.T.);
#1383=EDGE_LOOP('',(#1384,#1394,#1404,#1414));
#1385=EDGE_CURVE('',#1092,#1143,#1390,.T.);
#1390=LINE('',#1093,#1392);
#1392=VECTOR('',#1393,2.2224873);
#1393=DIRECTION('',(0.0,-1.0,0.0));
#1384=ORIENTED_EDGE('',*,*,#1385,.F.);
#1394=ORIENTED_EDGE('',*,*,#1091,.T.);
#1404=ORIENTED_EDGE('',*,*,#1336,.T.);
#1414=ORIENTED_EDGE('',*,*,#1140,.T.);
#1424=STYLED_ITEM('',(#43),#1425);
#1425=ADVANCED_FACE('',(#1431),#1426,.T.);
#1426=PLANE('',#1427);
#1427=AXIS2_PLACEMENT_3D('',#1428,#1429,#1430);
#1428=CARTESIAN_POINT('',(7.62,0.159,3.627));
#1429=DIRECTION('',(0.529,0.0,0.848));
#1430=DIRECTION('',(0.,0.,1.));
#1431=FACE_OUTER_BOUND('',#1432,.T.);
#1432=EDGE_LOOP('',(#1433,#1443,#1453,#1463));
#1433=ORIENTED_EDGE('',*,*,#974,.T.);
#1446=CARTESIAN_POINT('',(7.144,2.54,3.924));
#1445=VERTEX_POINT('',#1446);
#1444=EDGE_CURVE('',#1445,#965,#1449,.T.);
#1449=LINE('',#1446,#1451);
#1451=VECTOR('',#1452,0.583375989590457);
#1452=DIRECTION('',(0.816,-0.272,-0.509));
#1443=ORIENTED_EDGE('',*,*,#1444,.F.);
#1456=CARTESIAN_POINT('',(7.144,0.0,3.924));
#1455=VERTEX_POINT('',#1456);
#1454=EDGE_CURVE('',#1455,#1445,#1459,.T.);
#1459=LINE('',#1456,#1461);
#1461=VECTOR('',#1462,2.54);
#1462=DIRECTION('',(0.0,1.0,0.0));
#1453=ORIENTED_EDGE('',*,*,#1454,.F.);
#1464=EDGE_CURVE('',#947,#1455,#1469,.T.);
#1469=LINE('',#948,#1471);
#1471=VECTOR('',#1472,0.583375989590457);
#1472=DIRECTION('',(-0.816,-0.272,0.509));
#1463=ORIENTED_EDGE('',*,*,#1464,.F.);
#1473=STYLED_ITEM('',(#43),#1474);
#1474=ADVANCED_FACE('',(#1480),#1475,.T.);
#1475=PLANE('',#1476);
#1476=AXIS2_PLACEMENT_3D('',#1477,#1478,#1479);
#1477=CARTESIAN_POINT('',(5.556,0.0,3.924));
#1478=DIRECTION('',(0.0,0.0,1.0));
#1479=DIRECTION('',(0.,1.,0.));
#1480=FACE_OUTER_BOUND('',#1481,.T.);
#1481=EDGE_LOOP('',(#1482,#1492,#1502,#1512));
#1487=CARTESIAN_POINT('',(5.556,0.0,3.924));
#1486=VERTEX_POINT('',#1487);
#1483=EDGE_CURVE('',#1455,#1486,#1488,.T.);
#1488=LINE('',#1456,#1490);
#1490=VECTOR('',#1491,1.5875127);
#1491=DIRECTION('',(-1.0,0.0,0.0));
#1482=ORIENTED_EDGE('',*,*,#1483,.F.);
#1492=ORIENTED_EDGE('',*,*,#1454,.T.);
#1505=CARTESIAN_POINT('',(5.556,2.54,3.924));
#1504=VERTEX_POINT('',#1505);
#1503=EDGE_CURVE('',#1504,#1445,#1508,.T.);
#1508=LINE('',#1505,#1510);
#1510=VECTOR('',#1511,1.5875127);
#1511=DIRECTION('',(1.0,0.0,0.0));
#1502=ORIENTED_EDGE('',*,*,#1503,.F.);
#1513=EDGE_CURVE('',#1486,#1504,#1518,.T.);
#1518=LINE('',#1487,#1520);
#1520=VECTOR('',#1521,2.54);
#1521=DIRECTION('',(0.0,1.0,0.0));
#1512=ORIENTED_EDGE('',*,*,#1513,.F.);
#1522=STYLED_ITEM('',(#43),#1523);
#1523=ADVANCED_FACE('',(#1529),#1524,.T.);
#1524=PLANE('',#1525);
#1525=AXIS2_PLACEMENT_3D('',#1526,#1527,#1528);
#1526=CARTESIAN_POINT('',(5.08,0.159,3.627));
#1527=DIRECTION('',(-0.529,0.0,0.848));
#1528=DIRECTION('',(0.,0.,1.));
#1529=FACE_OUTER_BOUND('',#1530,.T.);
#1530=EDGE_LOOP('',(#1531,#1541,#1551,#1561));
#1536=CARTESIAN_POINT('',(5.08,0.159,3.627));
#1535=VERTEX_POINT('',#1536);
#1532=EDGE_CURVE('',#1486,#1535,#1537,.T.);
#1537=LINE('',#1487,#1539);
#1539=VECTOR('',#1540,0.583375989590457);
#1540=DIRECTION('',(-0.816,0.272,-0.509));
#1531=ORIENTED_EDGE('',*,*,#1532,.F.);
#1541=ORIENTED_EDGE('',*,*,#1513,.T.);
#1554=CARTESIAN_POINT('',(5.08,2.381,3.627));
#1553=VERTEX_POINT('',#1554);
#1552=EDGE_CURVE('',#1553,#1504,#1557,.T.);
#1557=LINE('',#1554,#1559);
#1559=VECTOR('',#1560,0.583375989590457);
#1560=DIRECTION('',(0.816,0.272,0.509));
#1551=ORIENTED_EDGE('',*,*,#1552,.F.);
#1562=EDGE_CURVE('',#1535,#1553,#1567,.T.);
#1567=LINE('',#1536,#1569);
#1569=VECTOR('',#1570,2.2224873);
#1570=DIRECTION('',(0.0,1.0,0.0));
#1561=ORIENTED_EDGE('',*,*,#1562,.F.);
#1571=STYLED_ITEM('',(#43),#1572);
#1572=ADVANCED_FACE('',(#1578),#1573,.T.);
#1573=PLANE('',#1574);
#1574=AXIS2_PLACEMENT_3D('',#1575,#1576,#1577);
#1575=CARTESIAN_POINT('',(7.62,2.381,1.695));
#1576=DIRECTION('',(0.316,0.949,0.0));
#1577=DIRECTION('',(0.,0.,1.));
#1578=FACE_OUTER_BOUND('',#1579,.T.);
#1579=EDGE_LOOP('',(#1580,#1590,#1600,#1610));
#1583=CARTESIAN_POINT('',(7.144,2.54,0.952));
#1582=VERTEX_POINT('',#1583);
#1581=EDGE_CURVE('',#1582,#1092,#1586,.T.);
#1586=LINE('',#1583,#1588);
#1588=VECTOR('',#1589,0.89665282876409);
#1589=DIRECTION('',(0.531,-0.177,0.829));
#1580=ORIENTED_EDGE('',*,*,#1581,.F.);
#1591=EDGE_CURVE('',#1445,#1582,#1596,.T.);
#1596=LINE('',#1446,#1598);
#1598=VECTOR('',#1599,2.9718);
#1599=DIRECTION('',(0.0,0.0,-1.0));
#1590=ORIENTED_EDGE('',*,*,#1591,.F.);
#1600=ORIENTED_EDGE('',*,*,#1444,.T.);
#1610=ORIENTED_EDGE('',*,*,#1101,.T.);
#1620=STYLED_ITEM('',(#43),#1621);
#1621=ADVANCED_FACE('',(#1627),#1622,.T.);
#1622=PLANE('',#1623);
#1623=AXIS2_PLACEMENT_3D('',#1624,#1625,#1626);
#1624=CARTESIAN_POINT('',(7.144,2.54,0.952));
#1625=DIRECTION('',(0.0,1.0,0.0));
#1626=DIRECTION('',(0.,0.,1.));
#1627=FACE_OUTER_BOUND('',#1628,.T.);
#1628=EDGE_LOOP('',(#1629,#1639,#1649,#1659));
#1632=CARTESIAN_POINT('',(5.556,2.54,0.952));
#1631=VERTEX_POINT('',#1632);
#1630=EDGE_CURVE('',#1631,#1582,#1635,.T.);
#1635=LINE('',#1632,#1637);
#1637=VECTOR('',#1638,1.5875127);
#1638=DIRECTION('',(1.0,0.0,0.0));
#1629=ORIENTED_EDGE('',*,*,#1630,.F.);
#1640=EDGE_CURVE('',#1504,#1631,#1645,.T.);
#1645=LINE('',#1505,#1647);
#1647=VECTOR('',#1648,2.9718);
#1648=DIRECTION('',(0.0,0.0,-1.0));
#1639=ORIENTED_EDGE('',*,*,#1640,.F.);
#1649=ORIENTED_EDGE('',*,*,#1503,.T.);
#1659=ORIENTED_EDGE('',*,*,#1591,.T.);
#1669=STYLED_ITEM('',(#43),#1670);
#1670=ADVANCED_FACE('',(#1676),#1671,.T.);
#1671=PLANE('',#1672);
#1672=AXIS2_PLACEMENT_3D('',#1673,#1674,#1675);
#1673=CARTESIAN_POINT('',(5.556,2.54,0.952));
#1674=DIRECTION('',(-0.316,0.949,0.0));
#1675=DIRECTION('',(0.,0.,1.));
#1676=FACE_OUTER_BOUND('',#1677,.T.);
#1677=EDGE_LOOP('',(#1678,#1688,#1698,#1708));
#1681=CARTESIAN_POINT('',(5.08,2.381,1.695));
#1680=VERTEX_POINT('',#1681);
#1679=EDGE_CURVE('',#1680,#1631,#1684,.T.);
#1684=LINE('',#1681,#1686);
#1686=VECTOR('',#1687,0.89665282876409);
#1687=DIRECTION('',(0.531,0.177,-0.829));
#1678=ORIENTED_EDGE('',*,*,#1679,.F.);
#1689=EDGE_CURVE('',#1553,#1680,#1694,.T.);
#1694=LINE('',#1554,#1696);
#1696=VECTOR('',#1697,1.93167);
#1697=DIRECTION('',(0.0,0.0,-1.0));
#1688=ORIENTED_EDGE('',*,*,#1689,.F.);
#1698=ORIENTED_EDGE('',*,*,#1552,.T.);
#1708=ORIENTED_EDGE('',*,*,#1640,.T.);
#1718=STYLED_ITEM('',(#43),#1719);
#1719=ADVANCED_FACE('',(#1725),#1720,.T.);
#1720=PLANE('',#1721);
#1721=AXIS2_PLACEMENT_3D('',#1722,#1723,#1724);
#1722=CARTESIAN_POINT('',(5.08,0.159,1.695));
#1723=DIRECTION('',(-0.316,-0.949,0.0));
#1724=DIRECTION('',(0.,0.,1.));
#1725=FACE_OUTER_BOUND('',#1726,.T.);
#1726=EDGE_LOOP('',(#1727,#1737,#1747,#1757));
#1730=CARTESIAN_POINT('',(5.556,0.0,0.952));
#1729=VERTEX_POINT('',#1730);
#1732=CARTESIAN_POINT('',(5.08,0.159,1.695));
#1731=VERTEX_POINT('',#1732);
#1728=EDGE_CURVE('',#1729,#1731,#1733,.T.);
#1733=LINE('',#1730,#1735);
#1735=VECTOR('',#1736,0.89665282876409);
#1736=DIRECTION('',(-0.531,0.177,0.829));
#1727=ORIENTED_EDGE('',*,*,#1728,.F.);
#1738=EDGE_CURVE('',#1486,#1729,#1743,.T.);
#1743=LINE('',#1487,#1745);
#1745=VECTOR('',#1746,2.9718);
#1746=DIRECTION('',(0.0,0.0,-1.0));
#1737=ORIENTED_EDGE('',*,*,#1738,.F.);
#1747=ORIENTED_EDGE('',*,*,#1532,.T.);
#1758=EDGE_CURVE('',#1731,#1535,#1763,.T.);
#1763=LINE('',#1732,#1765);
#1765=VECTOR('',#1766,1.93167);
#1766=DIRECTION('',(0.0,0.0,1.0));
#1757=ORIENTED_EDGE('',*,*,#1758,.F.);
#1767=STYLED_ITEM('',(#43),#1768);
#1768=ADVANCED_FACE('',(#1774),#1769,.T.);
#1769=PLANE('',#1770);
#1770=AXIS2_PLACEMENT_3D('',#1771,#1772,#1773);
#1771=CARTESIAN_POINT('',(5.556,0.0,0.952));
#1772=DIRECTION('',(0.0,-1.0,0.0));
#1773=DIRECTION('',(0.,0.,1.));
#1774=FACE_OUTER_BOUND('',#1775,.T.);
#1775=EDGE_LOOP('',(#1776,#1786,#1796,#1806));
#1779=CARTESIAN_POINT('',(7.144,0.0,0.952));
#1778=VERTEX_POINT('',#1779);
#1777=EDGE_CURVE('',#1778,#1729,#1782,.T.);
#1782=LINE('',#1779,#1784);
#1784=VECTOR('',#1785,1.5875127);
#1785=DIRECTION('',(-1.0,0.0,0.0));
#1776=ORIENTED_EDGE('',*,*,#1777,.F.);
#1787=EDGE_CURVE('',#1455,#1778,#1792,.T.);
#1792=LINE('',#1456,#1794);
#1794=VECTOR('',#1795,2.9718);
#1795=DIRECTION('',(0.0,0.0,-1.0));
#1786=ORIENTED_EDGE('',*,*,#1787,.F.);
#1796=ORIENTED_EDGE('',*,*,#1483,.T.);
#1806=ORIENTED_EDGE('',*,*,#1738,.T.);
#1816=STYLED_ITEM('',(#43),#1817);
#1817=ADVANCED_FACE('',(#1823),#1818,.T.);
#1818=PLANE('',#1819);
#1819=AXIS2_PLACEMENT_3D('',#1820,#1821,#1822);
#1820=CARTESIAN_POINT('',(7.144,0.0,0.952));
#1821=DIRECTION('',(0.316,-0.949,0.0));
#1822=DIRECTION('',(0.,0.,1.));
#1823=FACE_OUTER_BOUND('',#1824,.T.);
#1824=EDGE_LOOP('',(#1825,#1835,#1845,#1855));
#1826=EDGE_CURVE('',#1143,#1778,#1831,.T.);
#1831=LINE('',#1144,#1833);
#1833=VECTOR('',#1834,0.89665282876409);
#1834=DIRECTION('',(-0.531,-0.177,-0.829));
#1825=ORIENTED_EDGE('',*,*,#1826,.F.);
#1835=ORIENTED_EDGE('',*,*,#1170,.T.);
#1845=ORIENTED_EDGE('',*,*,#1464,.T.);
#1855=ORIENTED_EDGE('',*,*,#1787,.T.);
#1865=STYLED_ITEM('',(#43),#1866);
#1866=ADVANCED_FACE('',(#1872),#1867,.T.);
#1867=PLANE('',#1868);
#1868=AXIS2_PLACEMENT_3D('',#1869,#1870,#1871);
#1869=CARTESIAN_POINT('',(7.144,0.0,0.952));
#1870=DIRECTION('',(0.842,0.0,-0.54));
#1871=DIRECTION('',(0.,0.,1.));
#1872=FACE_OUTER_BOUND('',#1873,.T.);
#1873=EDGE_LOOP('',(#1874,#1884,#1894,#1904));
#1875=EDGE_CURVE('',#1582,#1778,#1880,.T.);
#1880=LINE('',#1583,#1882);
#1882=VECTOR('',#1883,2.54);
#1883=DIRECTION('',(0.0,-1.0,0.0));
#1874=ORIENTED_EDGE('',*,*,#1875,.F.);
#1884=ORIENTED_EDGE('',*,*,#1581,.T.);
#1894=ORIENTED_EDGE('',*,*,#1385,.T.);
#1904=ORIENTED_EDGE('',*,*,#1826,.T.);
#1914=STYLED_ITEM('',(#43),#1915);
#1915=ADVANCED_FACE('',(#1921),#1916,.T.);
#1916=PLANE('',#1917);
#1917=AXIS2_PLACEMENT_3D('',#1918,#1919,#1920);
#1918=CARTESIAN_POINT('',(5.556,2.54,0.952));
#1919=DIRECTION('',(0.0,0.0,-1.0));
#1920=DIRECTION('',(0.,1.,0.));
#1921=FACE_OUTER_BOUND('',#1922,.T.);
#1922=EDGE_LOOP('',(#1923,#1933,#1943,#1953));
#1923=ORIENTED_EDGE('',*,*,#1630,.T.);
#1933=ORIENTED_EDGE('',*,*,#1875,.T.);
#1943=ORIENTED_EDGE('',*,*,#1777,.T.);
#1954=EDGE_CURVE('',#1631,#1729,#1959,.T.);
#1959=LINE('',#1632,#1961);
#1961=VECTOR('',#1962,2.54);
#1962=DIRECTION('',(0.0,-1.0,0.0));
#1953=ORIENTED_EDGE('',*,*,#1954,.F.);
#1963=STYLED_ITEM('',(#43),#1964);
#1964=ADVANCED_FACE('',(#1970),#1965,.T.);
#1965=PLANE('',#1966);
#1966=AXIS2_PLACEMENT_3D('',#1967,#1968,#1969);
#1967=CARTESIAN_POINT('',(5.556,2.54,0.952));
#1968=DIRECTION('',(-0.842,0.0,-0.54));
#1969=DIRECTION('',(0.,0.,1.));
#1970=FACE_OUTER_BOUND('',#1971,.T.);
#1971=EDGE_LOOP('',(#1972,#1982,#1992,#2002));
#1972=ORIENTED_EDGE('',*,*,#1954,.T.);
#1982=ORIENTED_EDGE('',*,*,#1728,.T.);
#1993=EDGE_CURVE('',#1680,#1731,#1998,.T.);
#1998=LINE('',#1681,#2000);
#2000=VECTOR('',#2001,2.2224873);
#2001=DIRECTION('',(0.0,-1.0,0.0));
#1992=ORIENTED_EDGE('',*,*,#1993,.F.);
#2002=ORIENTED_EDGE('',*,*,#1679,.T.);
#2012=STYLED_ITEM('',(#43),#2013);
#2013=ADVANCED_FACE('',(#2019),#2014,.T.);
#2014=PLANE('',#2015);
#2015=AXIS2_PLACEMENT_3D('',#2016,#2017,#2018);
#2016=CARTESIAN_POINT('',(5.08,0.159,3.627));
#2017=DIRECTION('',(0.529,0.0,0.848));
#2018=DIRECTION('',(0.,0.,1.));
#2019=FACE_OUTER_BOUND('',#2020,.T.);
#2020=EDGE_LOOP('',(#2021,#2031,#2041,#2051));
#2021=ORIENTED_EDGE('',*,*,#1562,.T.);
#2034=CARTESIAN_POINT('',(4.604,2.54,3.924));
#2033=VERTEX_POINT('',#2034);
#2032=EDGE_CURVE('',#2033,#1553,#2037,.T.);
#2037=LINE('',#2034,#2039);
#2039=VECTOR('',#2040,0.583375989590457);
#2040=DIRECTION('',(0.816,-0.272,-0.509));
#2031=ORIENTED_EDGE('',*,*,#2032,.F.);
#2044=CARTESIAN_POINT('',(4.604,0.0,3.924));
#2043=VERTEX_POINT('',#2044);
#2042=EDGE_CURVE('',#2043,#2033,#2047,.T.);
#2047=LINE('',#2044,#2049);
#2049=VECTOR('',#2050,2.54);
#2050=DIRECTION('',(0.0,1.0,0.0));
#2041=ORIENTED_EDGE('',*,*,#2042,.F.);
#2052=EDGE_CURVE('',#1535,#2043,#2057,.T.);
#2057=LINE('',#1536,#2059);
#2059=VECTOR('',#2060,0.583375989590457);
#2060=DIRECTION('',(-0.816,-0.272,0.509));
#2051=ORIENTED_EDGE('',*,*,#2052,.F.);
#2061=STYLED_ITEM('',(#43),#2062);
#2062=ADVANCED_FACE('',(#2068),#2063,.T.);
#2063=PLANE('',#2064);
#2064=AXIS2_PLACEMENT_3D('',#2065,#2066,#2067);
#2065=CARTESIAN_POINT('',(3.016,0.0,3.924));
#2066=DIRECTION('',(0.0,0.0,1.0));
#2067=DIRECTION('',(0.,1.,0.));
#2068=FACE_OUTER_BOUND('',#2069,.T.);
#2069=EDGE_LOOP('',(#2070,#2080,#2090,#2100));
#2075=CARTESIAN_POINT('',(3.016,0.0,3.924));
#2074=VERTEX_POINT('',#2075);
#2071=EDGE_CURVE('',#2043,#2074,#2076,.T.);
#2076=LINE('',#2044,#2078);
#2078=VECTOR('',#2079,1.5875127);
#2079=DIRECTION('',(-1.0,0.0,0.0));
#2070=ORIENTED_EDGE('',*,*,#2071,.F.);
#2080=ORIENTED_EDGE('',*,*,#2042,.T.);
#2093=CARTESIAN_POINT('',(3.016,2.54,3.924));
#2092=VERTEX_POINT('',#2093);
#2091=EDGE_CURVE('',#2092,#2033,#2096,.T.);
#2096=LINE('',#2093,#2098);
#2098=VECTOR('',#2099,1.5875127);
#2099=DIRECTION('',(1.0,0.0,0.0));
#2090=ORIENTED_EDGE('',*,*,#2091,.F.);
#2101=EDGE_CURVE('',#2074,#2092,#2106,.T.);
#2106=LINE('',#2075,#2108);
#2108=VECTOR('',#2109,2.54);
#2109=DIRECTION('',(0.0,1.0,0.0));
#2100=ORIENTED_EDGE('',*,*,#2101,.F.);
#2110=STYLED_ITEM('',(#43),#2111);
#2111=ADVANCED_FACE('',(#2117),#2112,.T.);
#2112=PLANE('',#2113);
#2113=AXIS2_PLACEMENT_3D('',#2114,#2115,#2116);
#2114=CARTESIAN_POINT('',(2.54,0.159,3.627));
#2115=DIRECTION('',(-0.529,0.0,0.848));
#2116=DIRECTION('',(0.,0.,1.));
#2117=FACE_OUTER_BOUND('',#2118,.T.);
#2118=EDGE_LOOP('',(#2119,#2129,#2139,#2149));
#2124=CARTESIAN_POINT('',(2.54,0.159,3.627));
#2123=VERTEX_POINT('',#2124);
#2120=EDGE_CURVE('',#2074,#2123,#2125,.T.);
#2125=LINE('',#2075,#2127);
#2127=VECTOR('',#2128,0.583375989590457);
#2128=DIRECTION('',(-0.816,0.272,-0.509));
#2119=ORIENTED_EDGE('',*,*,#2120,.F.);
#2129=ORIENTED_EDGE('',*,*,#2101,.T.);
#2142=CARTESIAN_POINT('',(2.54,2.381,3.627));
#2141=VERTEX_POINT('',#2142);
#2140=EDGE_CURVE('',#2141,#2092,#2145,.T.);
#2145=LINE('',#2142,#2147);
#2147=VECTOR('',#2148,0.583375989590457);
#2148=DIRECTION('',(0.816,0.272,0.509));
#2139=ORIENTED_EDGE('',*,*,#2140,.F.);
#2150=EDGE_CURVE('',#2123,#2141,#2155,.T.);
#2155=LINE('',#2124,#2157);
#2157=VECTOR('',#2158,2.2224873);
#2158=DIRECTION('',(0.0,1.0,0.0));
#2149=ORIENTED_EDGE('',*,*,#2150,.F.);
#2159=STYLED_ITEM('',(#43),#2160);
#2160=ADVANCED_FACE('',(#2166),#2161,.T.);
#2161=PLANE('',#2162);
#2162=AXIS2_PLACEMENT_3D('',#2163,#2164,#2165);
#2163=CARTESIAN_POINT('',(5.08,2.381,1.695));
#2164=DIRECTION('',(0.316,0.949,0.0));
#2165=DIRECTION('',(0.,0.,1.));
#2166=FACE_OUTER_BOUND('',#2167,.T.);
#2167=EDGE_LOOP('',(#2168,#2178,#2188,#2198));
#2171=CARTESIAN_POINT('',(4.604,2.54,0.952));
#2170=VERTEX_POINT('',#2171);
#2169=EDGE_CURVE('',#2170,#1680,#2174,.T.);
#2174=LINE('',#2171,#2176);
#2176=VECTOR('',#2177,0.89665282876409);
#2177=DIRECTION('',(0.531,-0.177,0.829));
#2168=ORIENTED_EDGE('',*,*,#2169,.F.);
#2179=EDGE_CURVE('',#2033,#2170,#2184,.T.);
#2184=LINE('',#2034,#2186);
#2186=VECTOR('',#2187,2.9718);
#2187=DIRECTION('',(0.0,0.0,-1.0));
#2178=ORIENTED_EDGE('',*,*,#2179,.F.);
#2188=ORIENTED_EDGE('',*,*,#2032,.T.);
#2198=ORIENTED_EDGE('',*,*,#1689,.T.);
#2208=STYLED_ITEM('',(#43),#2209);
#2209=ADVANCED_FACE('',(#2215),#2210,.T.);
#2210=PLANE('',#2211);
#2211=AXIS2_PLACEMENT_3D('',#2212,#2213,#2214);
#2212=CARTESIAN_POINT('',(4.604,2.54,0.952));
#2213=DIRECTION('',(0.0,1.0,0.0));
#2214=DIRECTION('',(0.,0.,1.));
#2215=FACE_OUTER_BOUND('',#2216,.T.);
#2216=EDGE_LOOP('',(#2217,#2227,#2237,#2247));
#2220=CARTESIAN_POINT('',(3.016,2.54,0.952));
#2219=VERTEX_POINT('',#2220);
#2218=EDGE_CURVE('',#2219,#2170,#2223,.T.);
#2223=LINE('',#2220,#2225);
#2225=VECTOR('',#2226,1.5875127);
#2226=DIRECTION('',(1.0,0.0,0.0));
#2217=ORIENTED_EDGE('',*,*,#2218,.F.);
#2228=EDGE_CURVE('',#2092,#2219,#2233,.T.);
#2233=LINE('',#2093,#2235);
#2235=VECTOR('',#2236,2.9718);
#2236=DIRECTION('',(0.0,0.0,-1.0));
#2227=ORIENTED_EDGE('',*,*,#2228,.F.);
#2237=ORIENTED_EDGE('',*,*,#2091,.T.);
#2247=ORIENTED_EDGE('',*,*,#2179,.T.);
#2257=STYLED_ITEM('',(#43),#2258);
#2258=ADVANCED_FACE('',(#2264),#2259,.T.);
#2259=PLANE('',#2260);
#2260=AXIS2_PLACEMENT_3D('',#2261,#2262,#2263);
#2261=CARTESIAN_POINT('',(3.016,2.54,0.952));
#2262=DIRECTION('',(-0.316,0.949,0.0));
#2263=DIRECTION('',(0.,0.,1.));
#2264=FACE_OUTER_BOUND('',#2265,.T.);
#2265=EDGE_LOOP('',(#2266,#2276,#2286,#2296));
#2269=CARTESIAN_POINT('',(2.54,2.381,1.695));
#2268=VERTEX_POINT('',#2269);
#2267=EDGE_CURVE('',#2268,#2219,#2272,.T.);
#2272=LINE('',#2269,#2274);
#2274=VECTOR('',#2275,0.89665282876409);
#2275=DIRECTION('',(0.531,0.177,-0.829));
#2266=ORIENTED_EDGE('',*,*,#2267,.F.);
#2277=EDGE_CURVE('',#2141,#2268,#2282,.T.);
#2282=LINE('',#2142,#2284);
#2284=VECTOR('',#2285,1.93167);
#2285=DIRECTION('',(0.0,0.0,-1.0));
#2276=ORIENTED_EDGE('',*,*,#2277,.F.);
#2286=ORIENTED_EDGE('',*,*,#2140,.T.);
#2296=ORIENTED_EDGE('',*,*,#2228,.T.);
#2306=STYLED_ITEM('',(#43),#2307);
#2307=ADVANCED_FACE('',(#2313),#2308,.T.);
#2308=PLANE('',#2309);
#2309=AXIS2_PLACEMENT_3D('',#2310,#2311,#2312);
#2310=CARTESIAN_POINT('',(2.54,0.159,1.695));
#2311=DIRECTION('',(-0.316,-0.949,0.0));
#2312=DIRECTION('',(0.,0.,1.));
#2313=FACE_OUTER_BOUND('',#2314,.T.);
#2314=EDGE_LOOP('',(#2315,#2325,#2335,#2345));
#2318=CARTESIAN_POINT('',(3.016,0.0,0.952));
#2317=VERTEX_POINT('',#2318);
#2320=CARTESIAN_POINT('',(2.54,0.159,1.695));
#2319=VERTEX_POINT('',#2320);
#2316=EDGE_CURVE('',#2317,#2319,#2321,.T.);
#2321=LINE('',#2318,#2323);
#2323=VECTOR('',#2324,0.89665282876409);
#2324=DIRECTION('',(-0.531,0.177,0.829));
#2315=ORIENTED_EDGE('',*,*,#2316,.F.);
#2326=EDGE_CURVE('',#2074,#2317,#2331,.T.);
#2331=LINE('',#2075,#2333);
#2333=VECTOR('',#2334,2.9718);
#2334=DIRECTION('',(0.0,0.0,-1.0));
#2325=ORIENTED_EDGE('',*,*,#2326,.F.);
#2335=ORIENTED_EDGE('',*,*,#2120,.T.);
#2346=EDGE_CURVE('',#2319,#2123,#2351,.T.);
#2351=LINE('',#2320,#2353);
#2353=VECTOR('',#2354,1.93167);
#2354=DIRECTION('',(0.0,0.0,1.0));
#2345=ORIENTED_EDGE('',*,*,#2346,.F.);
#2355=STYLED_ITEM('',(#43),#2356);
#2356=ADVANCED_FACE('',(#2362),#2357,.T.);
#2357=PLANE('',#2358);
#2358=AXIS2_PLACEMENT_3D('',#2359,#2360,#2361);
#2359=CARTESIAN_POINT('',(3.016,0.0,0.952));
#2360=DIRECTION('',(0.0,-1.0,0.0));
#2361=DIRECTION('',(0.,0.,1.));
#2362=FACE_OUTER_BOUND('',#2363,.T.);
#2363=EDGE_LOOP('',(#2364,#2374,#2384,#2394));
#2367=CARTESIAN_POINT('',(4.604,0.0,0.952));
#2366=VERTEX_POINT('',#2367);
#2365=EDGE_CURVE('',#2366,#2317,#2370,.T.);
#2370=LINE('',#2367,#2372);
#2372=VECTOR('',#2373,1.5875127);
#2373=DIRECTION('',(-1.0,0.0,0.0));
#2364=ORIENTED_EDGE('',*,*,#2365,.F.);
#2375=EDGE_CURVE('',#2043,#2366,#2380,.T.);
#2380=LINE('',#2044,#2382);
#2382=VECTOR('',#2383,2.9718);
#2383=DIRECTION('',(0.0,0.0,-1.0));
#2374=ORIENTED_EDGE('',*,*,#2375,.F.);
#2384=ORIENTED_EDGE('',*,*,#2071,.T.);
#2394=ORIENTED_EDGE('',*,*,#2326,.T.);
#2404=STYLED_ITEM('',(#43),#2405);
#2405=ADVANCED_FACE('',(#2411),#2406,.T.);
#2406=PLANE('',#2407);
#2407=AXIS2_PLACEMENT_3D('',#2408,#2409,#2410);
#2408=CARTESIAN_POINT('',(4.604,0.0,0.952));
#2409=DIRECTION('',(0.316,-0.949,0.0));
#2410=DIRECTION('',(0.,0.,1.));
#2411=FACE_OUTER_BOUND('',#2412,.T.);
#2412=EDGE_LOOP('',(#2413,#2423,#2433,#2443));
#2414=EDGE_CURVE('',#1731,#2366,#2419,.T.);
#2419=LINE('',#1732,#2421);
#2421=VECTOR('',#2422,0.89665282876409);
#2422=DIRECTION('',(-0.531,-0.177,-0.829));
#2413=ORIENTED_EDGE('',*,*,#2414,.F.);
#2423=ORIENTED_EDGE('',*,*,#1758,.T.);
#2433=ORIENTED_EDGE('',*,*,#2052,.T.);
#2443=ORIENTED_EDGE('',*,*,#2375,.T.);
#2453=STYLED_ITEM('',(#43),#2454);
#2454=ADVANCED_FACE('',(#2460),#2455,.T.);
#2455=PLANE('',#2456);
#2456=AXIS2_PLACEMENT_3D('',#2457,#2458,#2459);
#2457=CARTESIAN_POINT('',(4.604,0.0,0.952));
#2458=DIRECTION('',(0.842,0.0,-0.54));
#2459=DIRECTION('',(0.,0.,1.));
#2460=FACE_OUTER_BOUND('',#2461,.T.);
#2461=EDGE_LOOP('',(#2462,#2472,#2482,#2492));
#2463=EDGE_CURVE('',#2170,#2366,#2468,.T.);
#2468=LINE('',#2171,#2470);
#2470=VECTOR('',#2471,2.54);
#2471=DIRECTION('',(0.0,-1.0,0.0));
#2462=ORIENTED_EDGE('',*,*,#2463,.F.);
#2472=ORIENTED_EDGE('',*,*,#2169,.T.);
#2482=ORIENTED_EDGE('',*,*,#1993,.T.);
#2492=ORIENTED_EDGE('',*,*,#2414,.T.);
#2502=STYLED_ITEM('',(#43),#2503);
#2503=ADVANCED_FACE('',(#2509),#2504,.T.);
#2504=PLANE('',#2505);
#2505=AXIS2_PLACEMENT_3D('',#2506,#2507,#2508);
#2506=CARTESIAN_POINT('',(3.016,2.54,0.952));
#2507=DIRECTION('',(0.0,0.0,-1.0));
#2508=DIRECTION('',(0.,1.,0.));
#2509=FACE_OUTER_BOUND('',#2510,.T.);
#2510=EDGE_LOOP('',(#2511,#2521,#2531,#2541));
#2511=ORIENTED_EDGE('',*,*,#2218,.T.);
#2521=ORIENTED_EDGE('',*,*,#2463,.T.);
#2531=ORIENTED_EDGE('',*,*,#2365,.T.);
#2542=EDGE_CURVE('',#2219,#2317,#2547,.T.);
#2547=LINE('',#2220,#2549);
#2549=VECTOR('',#2550,2.54);
#2550=DIRECTION('',(0.0,-1.0,0.0));
#2541=ORIENTED_EDGE('',*,*,#2542,.F.);
#2551=STYLED_ITEM('',(#43),#2552);
#2552=ADVANCED_FACE('',(#2558),#2553,.T.);
#2553=PLANE('',#2554);
#2554=AXIS2_PLACEMENT_3D('',#2555,#2556,#2557);
#2555=CARTESIAN_POINT('',(3.016,2.54,0.952));
#2556=DIRECTION('',(-0.842,0.0,-0.54));
#2557=DIRECTION('',(0.,0.,1.));
#2558=FACE_OUTER_BOUND('',#2559,.T.);
#2559=EDGE_LOOP('',(#2560,#2570,#2580,#2590));
#2560=ORIENTED_EDGE('',*,*,#2542,.T.);
#2570=ORIENTED_EDGE('',*,*,#2316,.T.);
#2581=EDGE_CURVE('',#2268,#2319,#2586,.T.);
#2586=LINE('',#2269,#2588);
#2588=VECTOR('',#2589,2.2224873);
#2589=DIRECTION('',(0.0,-1.0,0.0));
#2580=ORIENTED_EDGE('',*,*,#2581,.F.);
#2590=ORIENTED_EDGE('',*,*,#2267,.T.);
#2600=STYLED_ITEM('',(#43),#2601);
#2601=ADVANCED_FACE('',(#2607),#2602,.T.);
#2602=PLANE('',#2603);
#2603=AXIS2_PLACEMENT_3D('',#2604,#2605,#2606);
#2604=CARTESIAN_POINT('',(2.54,0.159,3.627));
#2605=DIRECTION('',(0.529,0.0,0.848));
#2606=DIRECTION('',(0.,0.,1.));
#2607=FACE_OUTER_BOUND('',#2608,.T.);
#2608=EDGE_LOOP('',(#2609,#2619,#2629,#2639));
#2609=ORIENTED_EDGE('',*,*,#2150,.T.);
#2622=CARTESIAN_POINT('',(2.064,2.54,3.924));
#2621=VERTEX_POINT('',#2622);
#2620=EDGE_CURVE('',#2621,#2141,#2625,.T.);
#2625=LINE('',#2622,#2627);
#2627=VECTOR('',#2628,0.583375989590457);
#2628=DIRECTION('',(0.816,-0.272,-0.509));
#2619=ORIENTED_EDGE('',*,*,#2620,.F.);
#2632=CARTESIAN_POINT('',(2.064,0.0,3.924));
#2631=VERTEX_POINT('',#2632);
#2630=EDGE_CURVE('',#2631,#2621,#2635,.T.);
#2635=LINE('',#2632,#2637);
#2637=VECTOR('',#2638,2.54);
#2638=DIRECTION('',(0.0,1.0,0.0));
#2629=ORIENTED_EDGE('',*,*,#2630,.F.);
#2640=EDGE_CURVE('',#2123,#2631,#2645,.T.);
#2645=LINE('',#2124,#2647);
#2647=VECTOR('',#2648,0.583375989590457);
#2648=DIRECTION('',(-0.816,-0.272,0.509));
#2639=ORIENTED_EDGE('',*,*,#2640,.F.);
#2649=STYLED_ITEM('',(#43),#2650);
#2650=ADVANCED_FACE('',(#2656),#2651,.T.);
#2651=PLANE('',#2652);
#2652=AXIS2_PLACEMENT_3D('',#2653,#2654,#2655);
#2653=CARTESIAN_POINT('',(0.476,0.0,3.924));
#2654=DIRECTION('',(0.0,0.0,1.0));
#2655=DIRECTION('',(0.,1.,0.));
#2656=FACE_OUTER_BOUND('',#2657,.T.);
#2657=EDGE_LOOP('',(#2658,#2668,#2678,#2688));
#2663=CARTESIAN_POINT('',(0.476,0.0,3.924));
#2662=VERTEX_POINT('',#2663);
#2659=EDGE_CURVE('',#2631,#2662,#2664,.T.);
#2664=LINE('',#2632,#2666);
#2666=VECTOR('',#2667,1.5875127);
#2667=DIRECTION('',(-1.0,0.0,0.0));
#2658=ORIENTED_EDGE('',*,*,#2659,.F.);
#2668=ORIENTED_EDGE('',*,*,#2630,.T.);
#2681=CARTESIAN_POINT('',(0.476,2.54,3.924));
#2680=VERTEX_POINT('',#2681);
#2679=EDGE_CURVE('',#2680,#2621,#2684,.T.);
#2684=LINE('',#2681,#2686);
#2686=VECTOR('',#2687,1.5875127);
#2687=DIRECTION('',(1.0,0.0,0.0));
#2678=ORIENTED_EDGE('',*,*,#2679,.F.);
#2689=EDGE_CURVE('',#2662,#2680,#2694,.T.);
#2694=LINE('',#2663,#2696);
#2696=VECTOR('',#2697,2.54);
#2697=DIRECTION('',(0.0,1.0,0.0));
#2688=ORIENTED_EDGE('',*,*,#2689,.F.);
#2698=STYLED_ITEM('',(#43),#2699);
#2699=ADVANCED_FACE('',(#2705),#2700,.T.);
#2700=PLANE('',#2701);
#2701=AXIS2_PLACEMENT_3D('',#2702,#2703,#2704);
#2702=CARTESIAN_POINT('',(0.0,0.159,3.627));
#2703=DIRECTION('',(-0.529,0.0,0.848));
#2704=DIRECTION('',(0.,0.,1.));
#2705=FACE_OUTER_BOUND('',#2706,.T.);
#2706=EDGE_LOOP('',(#2707,#2717,#2727,#2737));
#2712=CARTESIAN_POINT('',(0.0,0.159,3.627));
#2711=VERTEX_POINT('',#2712);
#2708=EDGE_CURVE('',#2662,#2711,#2713,.T.);
#2713=LINE('',#2663,#2715);
#2715=VECTOR('',#2716,0.583375989590457);
#2716=DIRECTION('',(-0.816,0.272,-0.509));
#2707=ORIENTED_EDGE('',*,*,#2708,.F.);
#2717=ORIENTED_EDGE('',*,*,#2689,.T.);
#2730=CARTESIAN_POINT('',(0.0,2.381,3.627));
#2729=VERTEX_POINT('',#2730);
#2728=EDGE_CURVE('',#2729,#2680,#2733,.T.);
#2733=LINE('',#2730,#2735);
#2735=VECTOR('',#2736,0.583375989590457);
#2736=DIRECTION('',(0.816,0.272,0.509));
#2727=ORIENTED_EDGE('',*,*,#2728,.F.);
#2738=EDGE_CURVE('',#2711,#2729,#2743,.T.);
#2743=LINE('',#2712,#2745);
#2745=VECTOR('',#2746,2.2224873);
#2746=DIRECTION('',(0.0,1.0,0.0));
#2737=ORIENTED_EDGE('',*,*,#2738,.F.);
#2747=STYLED_ITEM('',(#43),#2748);
#2748=ADVANCED_FACE('',(#2754),#2749,.T.);
#2749=PLANE('',#2750);
#2750=AXIS2_PLACEMENT_3D('',#2751,#2752,#2753);
#2751=CARTESIAN_POINT('',(2.54,2.381,1.695));
#2752=DIRECTION('',(0.316,0.949,0.0));
#2753=DIRECTION('',(0.,0.,1.));
#2754=FACE_OUTER_BOUND('',#2755,.T.);
#2755=EDGE_LOOP('',(#2756,#2766,#2776,#2786));
#2759=CARTESIAN_POINT('',(2.064,2.54,0.952));
#2758=VERTEX_POINT('',#2759);
#2757=EDGE_CURVE('',#2758,#2268,#2762,.T.);
#2762=LINE('',#2759,#2764);
#2764=VECTOR('',#2765,0.89665282876409);
#2765=DIRECTION('',(0.531,-0.177,0.829));
#2756=ORIENTED_EDGE('',*,*,#2757,.F.);
#2767=EDGE_CURVE('',#2621,#2758,#2772,.T.);
#2772=LINE('',#2622,#2774);
#2774=VECTOR('',#2775,2.9718);
#2775=DIRECTION('',(0.0,0.0,-1.0));
#2766=ORIENTED_EDGE('',*,*,#2767,.F.);
#2776=ORIENTED_EDGE('',*,*,#2620,.T.);
#2786=ORIENTED_EDGE('',*,*,#2277,.T.);
#2796=STYLED_ITEM('',(#43),#2797);
#2797=ADVANCED_FACE('',(#2803),#2798,.T.);
#2798=PLANE('',#2799);
#2799=AXIS2_PLACEMENT_3D('',#2800,#2801,#2802);
#2800=CARTESIAN_POINT('',(2.064,2.54,0.952));
#2801=DIRECTION('',(0.0,1.0,0.0));
#2802=DIRECTION('',(0.,0.,1.));
#2803=FACE_OUTER_BOUND('',#2804,.T.);
#2804=EDGE_LOOP('',(#2805,#2815,#2825,#2835));
#2808=CARTESIAN_POINT('',(0.476,2.54,0.952));
#2807=VERTEX_POINT('',#2808);
#2806=EDGE_CURVE('',#2807,#2758,#2811,.T.);
#2811=LINE('',#2808,#2813);
#2813=VECTOR('',#2814,1.5875127);
#2814=DIRECTION('',(1.0,0.0,0.0));
#2805=ORIENTED_EDGE('',*,*,#2806,.F.);
#2816=EDGE_CURVE('',#2680,#2807,#2821,.T.);
#2821=LINE('',#2681,#2823);
#2823=VECTOR('',#2824,2.9718);
#2824=DIRECTION('',(0.0,0.0,-1.0));
#2815=ORIENTED_EDGE('',*,*,#2816,.F.);
#2825=ORIENTED_EDGE('',*,*,#2679,.T.);
#2835=ORIENTED_EDGE('',*,*,#2767,.T.);
#2845=STYLED_ITEM('',(#43),#2846);
#2846=ADVANCED_FACE('',(#2852),#2847,.T.);
#2847=PLANE('',#2848);
#2848=AXIS2_PLACEMENT_3D('',#2849,#2850,#2851);
#2849=CARTESIAN_POINT('',(0.476,2.54,0.952));
#2850=DIRECTION('',(-0.316,0.949,0.0));
#2851=DIRECTION('',(0.,0.,1.));
#2852=FACE_OUTER_BOUND('',#2853,.T.);
#2853=EDGE_LOOP('',(#2854,#2864,#2874,#2884));
#2857=CARTESIAN_POINT('',(0.0,2.381,1.695));
#2856=VERTEX_POINT('',#2857);
#2855=EDGE_CURVE('',#2856,#2807,#2860,.T.);
#2860=LINE('',#2857,#2862);
#2862=VECTOR('',#2863,0.89665282876409);
#2863=DIRECTION('',(0.531,0.177,-0.829));
#2854=ORIENTED_EDGE('',*,*,#2855,.F.);
#2865=EDGE_CURVE('',#2729,#2856,#2870,.T.);
#2870=LINE('',#2730,#2872);
#2872=VECTOR('',#2873,1.93167);
#2873=DIRECTION('',(0.0,0.0,-1.0));
#2864=ORIENTED_EDGE('',*,*,#2865,.F.);
#2874=ORIENTED_EDGE('',*,*,#2728,.T.);
#2884=ORIENTED_EDGE('',*,*,#2816,.T.);
#2894=STYLED_ITEM('',(#43),#2895);
#2895=ADVANCED_FACE('',(#2901),#2896,.T.);
#2896=PLANE('',#2897);
#2897=AXIS2_PLACEMENT_3D('',#2898,#2899,#2900);
#2898=CARTESIAN_POINT('',(0.0,0.159,1.695));
#2899=DIRECTION('',(-0.316,-0.949,0.0));
#2900=DIRECTION('',(0.,0.,1.));
#2901=FACE_OUTER_BOUND('',#2902,.T.);
#2902=EDGE_LOOP('',(#2903,#2913,#2923,#2933));
#2906=CARTESIAN_POINT('',(0.476,0.0,0.952));
#2905=VERTEX_POINT('',#2906);
#2908=CARTESIAN_POINT('',(0.0,0.159,1.695));
#2907=VERTEX_POINT('',#2908);
#2904=EDGE_CURVE('',#2905,#2907,#2909,.T.);
#2909=LINE('',#2906,#2911);
#2911=VECTOR('',#2912,0.89665282876409);
#2912=DIRECTION('',(-0.531,0.177,0.829));
#2903=ORIENTED_EDGE('',*,*,#2904,.F.);
#2914=EDGE_CURVE('',#2662,#2905,#2919,.T.);
#2919=LINE('',#2663,#2921);
#2921=VECTOR('',#2922,2.9718);
#2922=DIRECTION('',(0.0,0.0,-1.0));
#2913=ORIENTED_EDGE('',*,*,#2914,.F.);
#2923=ORIENTED_EDGE('',*,*,#2708,.T.);
#2934=EDGE_CURVE('',#2907,#2711,#2939,.T.);
#2939=LINE('',#2908,#2941);
#2941=VECTOR('',#2942,1.93167);
#2942=DIRECTION('',(0.0,0.0,1.0));
#2933=ORIENTED_EDGE('',*,*,#2934,.F.);
#2943=STYLED_ITEM('',(#43),#2944);
#2944=ADVANCED_FACE('',(#2950),#2945,.T.);
#2945=PLANE('',#2946);
#2946=AXIS2_PLACEMENT_3D('',#2947,#2948,#2949);
#2947=CARTESIAN_POINT('',(0.476,0.0,0.952));
#2948=DIRECTION('',(0.0,-1.0,0.0));
#2949=DIRECTION('',(0.,0.,1.));
#2950=FACE_OUTER_BOUND('',#2951,.T.);
#2951=EDGE_LOOP('',(#2952,#2962,#2972,#2982));
#2955=CARTESIAN_POINT('',(2.064,0.0,0.952));
#2954=VERTEX_POINT('',#2955);
#2953=EDGE_CURVE('',#2954,#2905,#2958,.T.);
#2958=LINE('',#2955,#2960);
#2960=VECTOR('',#2961,1.5875127);
#2961=DIRECTION('',(-1.0,0.0,0.0));
#2952=ORIENTED_EDGE('',*,*,#2953,.F.);
#2963=EDGE_CURVE('',#2631,#2954,#2968,.T.);
#2968=LINE('',#2632,#2970);
#2970=VECTOR('',#2971,2.9718);
#2971=DIRECTION('',(0.0,0.0,-1.0));
#2962=ORIENTED_EDGE('',*,*,#2963,.F.);
#2972=ORIENTED_EDGE('',*,*,#2659,.T.);
#2982=ORIENTED_EDGE('',*,*,#2914,.T.);
#2992=STYLED_ITEM('',(#43),#2993);
#2993=ADVANCED_FACE('',(#2999),#2994,.T.);
#2994=PLANE('',#2995);
#2995=AXIS2_PLACEMENT_3D('',#2996,#2997,#2998);
#2996=CARTESIAN_POINT('',(2.064,0.0,0.952));
#2997=DIRECTION('',(0.316,-0.949,0.0));
#2998=DIRECTION('',(0.,0.,1.));
#2999=FACE_OUTER_BOUND('',#3000,.T.);
#3000=EDGE_LOOP('',(#3001,#3011,#3021,#3031));
#3002=EDGE_CURVE('',#2319,#2954,#3007,.T.);
#3007=LINE('',#2320,#3009);
#3009=VECTOR('',#3010,0.89665282876409);
#3010=DIRECTION('',(-0.531,-0.177,-0.829));
#3001=ORIENTED_EDGE('',*,*,#3002,.F.);
#3011=ORIENTED_EDGE('',*,*,#2346,.T.);
#3021=ORIENTED_EDGE('',*,*,#2640,.T.);
#3031=ORIENTED_EDGE('',*,*,#2963,.T.);
#3041=STYLED_ITEM('',(#43),#3042);
#3042=ADVANCED_FACE('',(#3048),#3043,.T.);
#3043=PLANE('',#3044);
#3044=AXIS2_PLACEMENT_3D('',#3045,#3046,#3047);
#3045=CARTESIAN_POINT('',(2.064,0.0,0.952));
#3046=DIRECTION('',(0.842,0.0,-0.54));
#3047=DIRECTION('',(0.,0.,1.));
#3048=FACE_OUTER_BOUND('',#3049,.T.);
#3049=EDGE_LOOP('',(#3050,#3060,#3070,#3080));
#3051=EDGE_CURVE('',#2758,#2954,#3056,.T.);
#3056=LINE('',#2759,#3058);
#3058=VECTOR('',#3059,2.54);
#3059=DIRECTION('',(0.0,-1.0,0.0));
#3050=ORIENTED_EDGE('',*,*,#3051,.F.);
#3060=ORIENTED_EDGE('',*,*,#2757,.T.);
#3070=ORIENTED_EDGE('',*,*,#2581,.T.);
#3080=ORIENTED_EDGE('',*,*,#3002,.T.);
#3090=STYLED_ITEM('',(#43),#3091);
#3091=ADVANCED_FACE('',(#3097),#3092,.T.);
#3092=PLANE('',#3093);
#3093=AXIS2_PLACEMENT_3D('',#3094,#3095,#3096);
#3094=CARTESIAN_POINT('',(0.476,2.54,0.952));
#3095=DIRECTION('',(0.0,0.0,-1.0));
#3096=DIRECTION('',(0.,1.,0.));
#3097=FACE_OUTER_BOUND('',#3098,.T.);
#3098=EDGE_LOOP('',(#3099,#3109,#3119,#3129));
#3099=ORIENTED_EDGE('',*,*,#2806,.T.);
#3109=ORIENTED_EDGE('',*,*,#3051,.T.);
#3119=ORIENTED_EDGE('',*,*,#2953,.T.);
#3130=EDGE_CURVE('',#2807,#2905,#3135,.T.);
#3135=LINE('',#2808,#3137);
#3137=VECTOR('',#3138,2.54);
#3138=DIRECTION('',(0.0,-1.0,0.0));
#3129=ORIENTED_EDGE('',*,*,#3130,.F.);
#3139=STYLED_ITEM('',(#43),#3140);
#3140=ADVANCED_FACE('',(#3146),#3141,.T.);
#3141=PLANE('',#3142);
#3142=AXIS2_PLACEMENT_3D('',#3143,#3144,#3145);
#3143=CARTESIAN_POINT('',(0.476,2.54,0.952));
#3144=DIRECTION('',(-0.842,0.0,-0.54));
#3145=DIRECTION('',(0.,0.,1.));
#3146=FACE_OUTER_BOUND('',#3147,.T.);
#3147=EDGE_LOOP('',(#3148,#3158,#3168,#3178));
#3148=ORIENTED_EDGE('',*,*,#3130,.T.);
#3158=ORIENTED_EDGE('',*,*,#2904,.T.);
#3169=EDGE_CURVE('',#2856,#2907,#3174,.T.);
#3174=LINE('',#2857,#3176);
#3176=VECTOR('',#3177,2.2224873);
#3177=DIRECTION('',(0.0,-1.0,0.0));
#3168=ORIENTED_EDGE('',*,*,#3169,.F.);
#3178=ORIENTED_EDGE('',*,*,#2855,.T.);
#3188=STYLED_ITEM('',(#43),#3189);
#3189=ADVANCED_FACE('',(#3195),#3190,.T.);
#3190=PLANE('',#3191);
#3191=AXIS2_PLACEMENT_3D('',#3192,#3193,#3194);
#3192=CARTESIAN_POINT('',(0.0,0.159,3.627));
#3193=DIRECTION('',(0.529,0.0,0.848));
#3194=DIRECTION('',(0.,0.,1.));
#3195=FACE_OUTER_BOUND('',#3196,.T.);
#3196=EDGE_LOOP('',(#3197,#3207,#3217,#3227));
#3197=ORIENTED_EDGE('',*,*,#2738,.T.);
#3210=CARTESIAN_POINT('',(-0.476,2.54,3.924));
#3209=VERTEX_POINT('',#3210);
#3208=EDGE_CURVE('',#3209,#2729,#3213,.T.);
#3213=LINE('',#3210,#3215);
#3215=VECTOR('',#3216,0.583375989590457);
#3216=DIRECTION('',(0.816,-0.272,-0.509));
#3207=ORIENTED_EDGE('',*,*,#3208,.F.);
#3220=CARTESIAN_POINT('',(-0.476,0.0,3.924));
#3219=VERTEX_POINT('',#3220);
#3218=EDGE_CURVE('',#3219,#3209,#3223,.T.);
#3223=LINE('',#3220,#3225);
#3225=VECTOR('',#3226,2.54);
#3226=DIRECTION('',(0.0,1.0,0.0));
#3217=ORIENTED_EDGE('',*,*,#3218,.F.);
#3228=EDGE_CURVE('',#2711,#3219,#3233,.T.);
#3233=LINE('',#2712,#3235);
#3235=VECTOR('',#3236,0.583375989590457);
#3236=DIRECTION('',(-0.816,-0.272,0.509));
#3227=ORIENTED_EDGE('',*,*,#3228,.F.);
#3237=STYLED_ITEM('',(#43),#3238);
#3238=ADVANCED_FACE('',(#3244),#3239,.T.);
#3239=PLANE('',#3240);
#3240=AXIS2_PLACEMENT_3D('',#3241,#3242,#3243);
#3241=CARTESIAN_POINT('',(-2.064,0.0,3.924));
#3242=DIRECTION('',(0.0,0.0,1.0));
#3243=DIRECTION('',(0.,1.,0.));
#3244=FACE_OUTER_BOUND('',#3245,.T.);
#3245=EDGE_LOOP('',(#3246,#3256,#3266,#3276));
#3251=CARTESIAN_POINT('',(-2.064,0.0,3.924));
#3250=VERTEX_POINT('',#3251);
#3247=EDGE_CURVE('',#3219,#3250,#3252,.T.);
#3252=LINE('',#3220,#3254);
#3254=VECTOR('',#3255,1.5875127);
#3255=DIRECTION('',(-1.0,0.0,0.0));
#3246=ORIENTED_EDGE('',*,*,#3247,.F.);
#3256=ORIENTED_EDGE('',*,*,#3218,.T.);
#3269=CARTESIAN_POINT('',(-2.064,2.54,3.924));
#3268=VERTEX_POINT('',#3269);
#3267=EDGE_CURVE('',#3268,#3209,#3272,.T.);
#3272=LINE('',#3269,#3274);
#3274=VECTOR('',#3275,1.5875127);
#3275=DIRECTION('',(1.0,0.0,0.0));
#3266=ORIENTED_EDGE('',*,*,#3267,.F.);
#3277=EDGE_CURVE('',#3250,#3268,#3282,.T.);
#3282=LINE('',#3251,#3284);
#3284=VECTOR('',#3285,2.54);
#3285=DIRECTION('',(0.0,1.0,0.0));
#3276=ORIENTED_EDGE('',*,*,#3277,.F.);
#3286=STYLED_ITEM('',(#43),#3287);
#3287=ADVANCED_FACE('',(#3293),#3288,.T.);
#3288=PLANE('',#3289);
#3289=AXIS2_PLACEMENT_3D('',#3290,#3291,#3292);
#3290=CARTESIAN_POINT('',(-2.54,0.159,3.627));
#3291=DIRECTION('',(-0.529,0.0,0.848));
#3292=DIRECTION('',(0.,0.,1.));
#3293=FACE_OUTER_BOUND('',#3294,.T.);
#3294=EDGE_LOOP('',(#3295,#3305,#3315,#3325));
#3300=CARTESIAN_POINT('',(-2.54,0.159,3.627));
#3299=VERTEX_POINT('',#3300);
#3296=EDGE_CURVE('',#3250,#3299,#3301,.T.);
#3301=LINE('',#3251,#3303);
#3303=VECTOR('',#3304,0.583375989590457);
#3304=DIRECTION('',(-0.816,0.272,-0.509));
#3295=ORIENTED_EDGE('',*,*,#3296,.F.);
#3305=ORIENTED_EDGE('',*,*,#3277,.T.);
#3318=CARTESIAN_POINT('',(-2.54,2.381,3.627));
#3317=VERTEX_POINT('',#3318);
#3316=EDGE_CURVE('',#3317,#3268,#3321,.T.);
#3321=LINE('',#3318,#3323);
#3323=VECTOR('',#3324,0.583375989590457);
#3324=DIRECTION('',(0.816,0.272,0.509));
#3315=ORIENTED_EDGE('',*,*,#3316,.F.);
#3326=EDGE_CURVE('',#3299,#3317,#3331,.T.);
#3331=LINE('',#3300,#3333);
#3333=VECTOR('',#3334,2.2224873);
#3334=DIRECTION('',(0.0,1.0,0.0));
#3325=ORIENTED_EDGE('',*,*,#3326,.F.);
#3335=STYLED_ITEM('',(#43),#3336);
#3336=ADVANCED_FACE('',(#3342),#3337,.T.);
#3337=PLANE('',#3338);
#3338=AXIS2_PLACEMENT_3D('',#3339,#3340,#3341);
#3339=CARTESIAN_POINT('',(0.0,2.381,1.695));
#3340=DIRECTION('',(0.316,0.949,0.0));
#3341=DIRECTION('',(0.,0.,1.));
#3342=FACE_OUTER_BOUND('',#3343,.T.);
#3343=EDGE_LOOP('',(#3344,#3354,#3364,#3374));
#3347=CARTESIAN_POINT('',(-0.476,2.54,0.952));
#3346=VERTEX_POINT('',#3347);
#3345=EDGE_CURVE('',#3346,#2856,#3350,.T.);
#3350=LINE('',#3347,#3352);
#3352=VECTOR('',#3353,0.89665282876409);
#3353=DIRECTION('',(0.531,-0.177,0.829));
#3344=ORIENTED_EDGE('',*,*,#3345,.F.);
#3355=EDGE_CURVE('',#3209,#3346,#3360,.T.);
#3360=LINE('',#3210,#3362);
#3362=VECTOR('',#3363,2.9718);
#3363=DIRECTION('',(0.0,0.0,-1.0));
#3354=ORIENTED_EDGE('',*,*,#3355,.F.);
#3364=ORIENTED_EDGE('',*,*,#3208,.T.);
#3374=ORIENTED_EDGE('',*,*,#2865,.T.);
#3384=STYLED_ITEM('',(#43),#3385);
#3385=ADVANCED_FACE('',(#3391),#3386,.T.);
#3386=PLANE('',#3387);
#3387=AXIS2_PLACEMENT_3D('',#3388,#3389,#3390);
#3388=CARTESIAN_POINT('',(-0.476,2.54,0.952));
#3389=DIRECTION('',(0.0,1.0,0.0));
#3390=DIRECTION('',(0.,0.,1.));
#3391=FACE_OUTER_BOUND('',#3392,.T.);
#3392=EDGE_LOOP('',(#3393,#3403,#3413,#3423));
#3396=CARTESIAN_POINT('',(-2.064,2.54,0.952));
#3395=VERTEX_POINT('',#3396);
#3394=EDGE_CURVE('',#3395,#3346,#3399,.T.);
#3399=LINE('',#3396,#3401);
#3401=VECTOR('',#3402,1.5875127);
#3402=DIRECTION('',(1.0,0.0,0.0));
#3393=ORIENTED_EDGE('',*,*,#3394,.F.);
#3404=EDGE_CURVE('',#3268,#3395,#3409,.T.);
#3409=LINE('',#3269,#3411);
#3411=VECTOR('',#3412,2.9718);
#3412=DIRECTION('',(0.0,0.0,-1.0));
#3403=ORIENTED_EDGE('',*,*,#3404,.F.);
#3413=ORIENTED_EDGE('',*,*,#3267,.T.);
#3423=ORIENTED_EDGE('',*,*,#3355,.T.);
#3433=STYLED_ITEM('',(#43),#3434);
#3434=ADVANCED_FACE('',(#3440),#3435,.T.);
#3435=PLANE('',#3436);
#3436=AXIS2_PLACEMENT_3D('',#3437,#3438,#3439);
#3437=CARTESIAN_POINT('',(-2.064,2.54,0.952));
#3438=DIRECTION('',(-0.316,0.949,0.0));
#3439=DIRECTION('',(0.,0.,1.));
#3440=FACE_OUTER_BOUND('',#3441,.T.);
#3441=EDGE_LOOP('',(#3442,#3452,#3462,#3472));
#3445=CARTESIAN_POINT('',(-2.54,2.381,1.695));
#3444=VERTEX_POINT('',#3445);
#3443=EDGE_CURVE('',#3444,#3395,#3448,.T.);
#3448=LINE('',#3445,#3450);
#3450=VECTOR('',#3451,0.89665282876409);
#3451=DIRECTION('',(0.531,0.177,-0.829));
#3442=ORIENTED_EDGE('',*,*,#3443,.F.);
#3453=EDGE_CURVE('',#3317,#3444,#3458,.T.);
#3458=LINE('',#3318,#3460);
#3460=VECTOR('',#3461,1.93167);
#3461=DIRECTION('',(0.0,0.0,-1.0));
#3452=ORIENTED_EDGE('',*,*,#3453,.F.);
#3462=ORIENTED_EDGE('',*,*,#3316,.T.);
#3472=ORIENTED_EDGE('',*,*,#3404,.T.);
#3482=STYLED_ITEM('',(#43),#3483);
#3483=ADVANCED_FACE('',(#3489),#3484,.T.);
#3484=PLANE('',#3485);
#3485=AXIS2_PLACEMENT_3D('',#3486,#3487,#3488);
#3486=CARTESIAN_POINT('',(-2.54,0.159,1.695));
#3487=DIRECTION('',(-0.316,-0.949,0.0));
#3488=DIRECTION('',(0.,0.,1.));
#3489=FACE_OUTER_BOUND('',#3490,.T.);
#3490=EDGE_LOOP('',(#3491,#3501,#3511,#3521));
#3494=CARTESIAN_POINT('',(-2.064,0.0,0.952));
#3493=VERTEX_POINT('',#3494);
#3496=CARTESIAN_POINT('',(-2.54,0.159,1.695));
#3495=VERTEX_POINT('',#3496);
#3492=EDGE_CURVE('',#3493,#3495,#3497,.T.);
#3497=LINE('',#3494,#3499);
#3499=VECTOR('',#3500,0.89665282876409);
#3500=DIRECTION('',(-0.531,0.177,0.829));
#3491=ORIENTED_EDGE('',*,*,#3492,.F.);
#3502=EDGE_CURVE('',#3250,#3493,#3507,.T.);
#3507=LINE('',#3251,#3509);
#3509=VECTOR('',#3510,2.9718);
#3510=DIRECTION('',(0.0,0.0,-1.0));
#3501=ORIENTED_EDGE('',*,*,#3502,.F.);
#3511=ORIENTED_EDGE('',*,*,#3296,.T.);
#3522=EDGE_CURVE('',#3495,#3299,#3527,.T.);
#3527=LINE('',#3496,#3529);
#3529=VECTOR('',#3530,1.93167);
#3530=DIRECTION('',(0.0,0.0,1.0));
#3521=ORIENTED_EDGE('',*,*,#3522,.F.);
#3531=STYLED_ITEM('',(#43),#3532);
#3532=ADVANCED_FACE('',(#3538),#3533,.T.);
#3533=PLANE('',#3534);
#3534=AXIS2_PLACEMENT_3D('',#3535,#3536,#3537);
#3535=CARTESIAN_POINT('',(-2.064,0.0,0.952));
#3536=DIRECTION('',(0.0,-1.0,0.0));
#3537=DIRECTION('',(0.,0.,1.));
#3538=FACE_OUTER_BOUND('',#3539,.T.);
#3539=EDGE_LOOP('',(#3540,#3550,#3560,#3570));
#3543=CARTESIAN_POINT('',(-0.476,0.0,0.952));
#3542=VERTEX_POINT('',#3543);
#3541=EDGE_CURVE('',#3542,#3493,#3546,.T.);
#3546=LINE('',#3543,#3548);
#3548=VECTOR('',#3549,1.5875127);
#3549=DIRECTION('',(-1.0,0.0,0.0));
#3540=ORIENTED_EDGE('',*,*,#3541,.F.);
#3551=EDGE_CURVE('',#3219,#3542,#3556,.T.);
#3556=LINE('',#3220,#3558);
#3558=VECTOR('',#3559,2.9718);
#3559=DIRECTION('',(0.0,0.0,-1.0));
#3550=ORIENTED_EDGE('',*,*,#3551,.F.);
#3560=ORIENTED_EDGE('',*,*,#3247,.T.);
#3570=ORIENTED_EDGE('',*,*,#3502,.T.);
#3580=STYLED_ITEM('',(#43),#3581);
#3581=ADVANCED_FACE('',(#3587),#3582,.T.);
#3582=PLANE('',#3583);
#3583=AXIS2_PLACEMENT_3D('',#3584,#3585,#3586);
#3584=CARTESIAN_POINT('',(-0.476,0.0,0.952));
#3585=DIRECTION('',(0.316,-0.949,0.0));
#3586=DIRECTION('',(0.,0.,1.));
#3587=FACE_OUTER_BOUND('',#3588,.T.);
#3588=EDGE_LOOP('',(#3589,#3599,#3609,#3619));
#3590=EDGE_CURVE('',#2907,#3542,#3595,.T.);
#3595=LINE('',#2908,#3597);
#3597=VECTOR('',#3598,0.89665282876409);
#3598=DIRECTION('',(-0.531,-0.177,-0.829));
#3589=ORIENTED_EDGE('',*,*,#3590,.F.);
#3599=ORIENTED_EDGE('',*,*,#2934,.T.);
#3609=ORIENTED_EDGE('',*,*,#3228,.T.);
#3619=ORIENTED_EDGE('',*,*,#3551,.T.);
#3629=STYLED_ITEM('',(#43),#3630);
#3630=ADVANCED_FACE('',(#3636),#3631,.T.);
#3631=PLANE('',#3632);
#3632=AXIS2_PLACEMENT_3D('',#3633,#3634,#3635);
#3633=CARTESIAN_POINT('',(-0.476,0.0,0.952));
#3634=DIRECTION('',(0.842,0.0,-0.54));
#3635=DIRECTION('',(0.,0.,1.));
#3636=FACE_OUTER_BOUND('',#3637,.T.);
#3637=EDGE_LOOP('',(#3638,#3648,#3658,#3668));
#3639=EDGE_CURVE('',#3346,#3542,#3644,.T.);
#3644=LINE('',#3347,#3646);
#3646=VECTOR('',#3647,2.54);
#3647=DIRECTION('',(0.0,-1.0,0.0));
#3638=ORIENTED_EDGE('',*,*,#3639,.F.);
#3648=ORIENTED_EDGE('',*,*,#3345,.T.);
#3658=ORIENTED_EDGE('',*,*,#3169,.T.);
#3668=ORIENTED_EDGE('',*,*,#3590,.T.);
#3678=STYLED_ITEM('',(#43),#3679);
#3679=ADVANCED_FACE('',(#3685),#3680,.T.);
#3680=PLANE('',#3681);
#3681=AXIS2_PLACEMENT_3D('',#3682,#3683,#3684);
#3682=CARTESIAN_POINT('',(-2.064,2.54,0.952));
#3683=DIRECTION('',(0.0,0.0,-1.0));
#3684=DIRECTION('',(0.,1.,0.));
#3685=FACE_OUTER_BOUND('',#3686,.T.);
#3686=EDGE_LOOP('',(#3687,#3697,#3707,#3717));
#3687=ORIENTED_EDGE('',*,*,#3394,.T.);
#3697=ORIENTED_EDGE('',*,*,#3639,.T.);
#3707=ORIENTED_EDGE('',*,*,#3541,.T.);
#3718=EDGE_CURVE('',#3395,#3493,#3723,.T.);
#3723=LINE('',#3396,#3725);
#3725=VECTOR('',#3726,2.54);
#3726=DIRECTION('',(0.0,-1.0,0.0));
#3717=ORIENTED_EDGE('',*,*,#3718,.F.);
#3727=STYLED_ITEM('',(#43),#3728);
#3728=ADVANCED_FACE('',(#3734),#3729,.T.);
#3729=PLANE('',#3730);
#3730=AXIS2_PLACEMENT_3D('',#3731,#3732,#3733);
#3731=CARTESIAN_POINT('',(-2.064,2.54,0.952));
#3732=DIRECTION('',(-0.842,0.0,-0.54));
#3733=DIRECTION('',(0.,0.,1.));
#3734=FACE_OUTER_BOUND('',#3735,.T.);
#3735=EDGE_LOOP('',(#3736,#3746,#3756,#3766));
#3736=ORIENTED_EDGE('',*,*,#3718,.T.);
#3746=ORIENTED_EDGE('',*,*,#3492,.T.);
#3757=EDGE_CURVE('',#3444,#3495,#3762,.T.);
#3762=LINE('',#3445,#3764);
#3764=VECTOR('',#3765,2.2224873);
#3765=DIRECTION('',(0.0,-1.0,0.0));
#3756=ORIENTED_EDGE('',*,*,#3757,.F.);
#3766=ORIENTED_EDGE('',*,*,#3443,.T.);
#3776=STYLED_ITEM('',(#43),#3777);
#3777=ADVANCED_FACE('',(#3783),#3778,.T.);
#3778=PLANE('',#3779);
#3779=AXIS2_PLACEMENT_3D('',#3780,#3781,#3782);
#3780=CARTESIAN_POINT('',(-2.54,0.159,3.627));
#3781=DIRECTION('',(0.529,0.0,0.848));
#3782=DIRECTION('',(0.,0.,1.));
#3783=FACE_OUTER_BOUND('',#3784,.T.);
#3784=EDGE_LOOP('',(#3785,#3795,#3805,#3815));
#3785=ORIENTED_EDGE('',*,*,#3326,.T.);
#3798=CARTESIAN_POINT('',(-3.016,2.54,3.924));
#3797=VERTEX_POINT('',#3798);
#3796=EDGE_CURVE('',#3797,#3317,#3801,.T.);
#3801=LINE('',#3798,#3803);
#3803=VECTOR('',#3804,0.583375989590457);
#3804=DIRECTION('',(0.816,-0.272,-0.509));
#3795=ORIENTED_EDGE('',*,*,#3796,.F.);
#3808=CARTESIAN_POINT('',(-3.016,0.0,3.924));
#3807=VERTEX_POINT('',#3808);
#3806=EDGE_CURVE('',#3807,#3797,#3811,.T.);
#3811=LINE('',#3808,#3813);
#3813=VECTOR('',#3814,2.54);
#3814=DIRECTION('',(0.0,1.0,0.0));
#3805=ORIENTED_EDGE('',*,*,#3806,.F.);
#3816=EDGE_CURVE('',#3299,#3807,#3821,.T.);
#3821=LINE('',#3300,#3823);
#3823=VECTOR('',#3824,0.583375989590457);
#3824=DIRECTION('',(-0.816,-0.272,0.509));
#3815=ORIENTED_EDGE('',*,*,#3816,.F.);
#3825=STYLED_ITEM('',(#43),#3826);
#3826=ADVANCED_FACE('',(#3832),#3827,.T.);
#3827=PLANE('',#3828);
#3828=AXIS2_PLACEMENT_3D('',#3829,#3830,#3831);
#3829=CARTESIAN_POINT('',(-4.604,0.0,3.924));
#3830=DIRECTION('',(0.0,0.0,1.0));
#3831=DIRECTION('',(0.,1.,0.));
#3832=FACE_OUTER_BOUND('',#3833,.T.);
#3833=EDGE_LOOP('',(#3834,#3844,#3854,#3864));
#3839=CARTESIAN_POINT('',(-4.604,0.0,3.924));
#3838=VERTEX_POINT('',#3839);
#3835=EDGE_CURVE('',#3807,#3838,#3840,.T.);
#3840=LINE('',#3808,#3842);
#3842=VECTOR('',#3843,1.5875127);
#3843=DIRECTION('',(-1.0,0.0,0.0));
#3834=ORIENTED_EDGE('',*,*,#3835,.F.);
#3844=ORIENTED_EDGE('',*,*,#3806,.T.);
#3857=CARTESIAN_POINT('',(-4.604,2.54,3.924));
#3856=VERTEX_POINT('',#3857);
#3855=EDGE_CURVE('',#3856,#3797,#3860,.T.);
#3860=LINE('',#3857,#3862);
#3862=VECTOR('',#3863,1.5875127);
#3863=DIRECTION('',(1.0,0.0,0.0));
#3854=ORIENTED_EDGE('',*,*,#3855,.F.);
#3865=EDGE_CURVE('',#3838,#3856,#3870,.T.);
#3870=LINE('',#3839,#3872);
#3872=VECTOR('',#3873,2.54);
#3873=DIRECTION('',(0.0,1.0,0.0));
#3864=ORIENTED_EDGE('',*,*,#3865,.F.);
#3874=STYLED_ITEM('',(#43),#3875);
#3875=ADVANCED_FACE('',(#3881),#3876,.T.);
#3876=PLANE('',#3877);
#3877=AXIS2_PLACEMENT_3D('',#3878,#3879,#3880);
#3878=CARTESIAN_POINT('',(-5.08,0.159,3.627));
#3879=DIRECTION('',(-0.529,0.0,0.848));
#3880=DIRECTION('',(0.,0.,1.));
#3881=FACE_OUTER_BOUND('',#3882,.T.);
#3882=EDGE_LOOP('',(#3883,#3893,#3903,#3913));
#3888=CARTESIAN_POINT('',(-5.08,0.159,3.627));
#3887=VERTEX_POINT('',#3888);
#3884=EDGE_CURVE('',#3838,#3887,#3889,.T.);
#3889=LINE('',#3839,#3891);
#3891=VECTOR('',#3892,0.583375989590457);
#3892=DIRECTION('',(-0.816,0.272,-0.509));
#3883=ORIENTED_EDGE('',*,*,#3884,.F.);
#3893=ORIENTED_EDGE('',*,*,#3865,.T.);
#3906=CARTESIAN_POINT('',(-5.08,2.381,3.627));
#3905=VERTEX_POINT('',#3906);
#3904=EDGE_CURVE('',#3905,#3856,#3909,.T.);
#3909=LINE('',#3906,#3911);
#3911=VECTOR('',#3912,0.583375989590457);
#3912=DIRECTION('',(0.816,0.272,0.509));
#3903=ORIENTED_EDGE('',*,*,#3904,.F.);
#3914=EDGE_CURVE('',#3887,#3905,#3919,.T.);
#3919=LINE('',#3888,#3921);
#3921=VECTOR('',#3922,2.2224873);
#3922=DIRECTION('',(0.0,1.0,0.0));
#3913=ORIENTED_EDGE('',*,*,#3914,.F.);
#3923=STYLED_ITEM('',(#43),#3924);
#3924=ADVANCED_FACE('',(#3930),#3925,.T.);
#3925=PLANE('',#3926);
#3926=AXIS2_PLACEMENT_3D('',#3927,#3928,#3929);
#3927=CARTESIAN_POINT('',(-2.54,2.381,1.695));
#3928=DIRECTION('',(0.316,0.949,0.0));
#3929=DIRECTION('',(0.,0.,1.));
#3930=FACE_OUTER_BOUND('',#3931,.T.);
#3931=EDGE_LOOP('',(#3932,#3942,#3952,#3962));
#3935=CARTESIAN_POINT('',(-3.016,2.54,0.952));
#3934=VERTEX_POINT('',#3935);
#3933=EDGE_CURVE('',#3934,#3444,#3938,.T.);
#3938=LINE('',#3935,#3940);
#3940=VECTOR('',#3941,0.89665282876409);
#3941=DIRECTION('',(0.531,-0.177,0.829));
#3932=ORIENTED_EDGE('',*,*,#3933,.F.);
#3943=EDGE_CURVE('',#3797,#3934,#3948,.T.);
#3948=LINE('',#3798,#3950);
#3950=VECTOR('',#3951,2.9718);
#3951=DIRECTION('',(0.0,0.0,-1.0));
#3942=ORIENTED_EDGE('',*,*,#3943,.F.);
#3952=ORIENTED_EDGE('',*,*,#3796,.T.);
#3962=ORIENTED_EDGE('',*,*,#3453,.T.);
#3972=STYLED_ITEM('',(#43),#3973);
#3973=ADVANCED_FACE('',(#3979),#3974,.T.);
#3974=PLANE('',#3975);
#3975=AXIS2_PLACEMENT_3D('',#3976,#3977,#3978);
#3976=CARTESIAN_POINT('',(-3.016,2.54,0.952));
#3977=DIRECTION('',(0.0,1.0,0.0));
#3978=DIRECTION('',(0.,0.,1.));
#3979=FACE_OUTER_BOUND('',#3980,.T.);
#3980=EDGE_LOOP('',(#3981,#3991,#4001,#4011));
#3984=CARTESIAN_POINT('',(-4.604,2.54,0.952));
#3983=VERTEX_POINT('',#3984);
#3982=EDGE_CURVE('',#3983,#3934,#3987,.T.);
#3987=LINE('',#3984,#3989);
#3989=VECTOR('',#3990,1.5875127);
#3990=DIRECTION('',(1.0,0.0,0.0));
#3981=ORIENTED_EDGE('',*,*,#3982,.F.);
#3992=EDGE_CURVE('',#3856,#3983,#3997,.T.);
#3997=LINE('',#3857,#3999);
#3999=VECTOR('',#4000,2.9718);
#4000=DIRECTION('',(0.0,0.0,-1.0));
#3991=ORIENTED_EDGE('',*,*,#3992,.F.);
#4001=ORIENTED_EDGE('',*,*,#3855,.T.);
#4011=ORIENTED_EDGE('',*,*,#3943,.T.);
#4021=STYLED_ITEM('',(#43),#4022);
#4022=ADVANCED_FACE('',(#4028),#4023,.T.);
#4023=PLANE('',#4024);
#4024=AXIS2_PLACEMENT_3D('',#4025,#4026,#4027);
#4025=CARTESIAN_POINT('',(-4.604,2.54,0.952));
#4026=DIRECTION('',(-0.316,0.949,0.0));
#4027=DIRECTION('',(0.,0.,1.));
#4028=FACE_OUTER_BOUND('',#4029,.T.);
#4029=EDGE_LOOP('',(#4030,#4040,#4050,#4060));
#4033=CARTESIAN_POINT('',(-5.08,2.381,1.695));
#4032=VERTEX_POINT('',#4033);
#4031=EDGE_CURVE('',#4032,#3983,#4036,.T.);
#4036=LINE('',#4033,#4038);
#4038=VECTOR('',#4039,0.89665282876409);
#4039=DIRECTION('',(0.531,0.177,-0.829));
#4030=ORIENTED_EDGE('',*,*,#4031,.F.);
#4041=EDGE_CURVE('',#3905,#4032,#4046,.T.);
#4046=LINE('',#3906,#4048);
#4048=VECTOR('',#4049,1.93167);
#4049=DIRECTION('',(0.0,0.0,-1.0));
#4040=ORIENTED_EDGE('',*,*,#4041,.F.);
#4050=ORIENTED_EDGE('',*,*,#3904,.T.);
#4060=ORIENTED_EDGE('',*,*,#3992,.T.);
#4070=STYLED_ITEM('',(#43),#4071);
#4071=ADVANCED_FACE('',(#4077),#4072,.T.);
#4072=PLANE('',#4073);
#4073=AXIS2_PLACEMENT_3D('',#4074,#4075,#4076);
#4074=CARTESIAN_POINT('',(-5.08,0.159,1.695));
#4075=DIRECTION('',(-0.316,-0.949,0.0));
#4076=DIRECTION('',(0.,0.,1.));
#4077=FACE_OUTER_BOUND('',#4078,.T.);
#4078=EDGE_LOOP('',(#4079,#4089,#4099,#4109));
#4082=CARTESIAN_POINT('',(-4.604,0.0,0.952));
#4081=VERTEX_POINT('',#4082);
#4084=CARTESIAN_POINT('',(-5.08,0.159,1.695));
#4083=VERTEX_POINT('',#4084);
#4080=EDGE_CURVE('',#4081,#4083,#4085,.T.);
#4085=LINE('',#4082,#4087);
#4087=VECTOR('',#4088,0.89665282876409);
#4088=DIRECTION('',(-0.531,0.177,0.829));
#4079=ORIENTED_EDGE('',*,*,#4080,.F.);
#4090=EDGE_CURVE('',#3838,#4081,#4095,.T.);
#4095=LINE('',#3839,#4097);
#4097=VECTOR('',#4098,2.9718);
#4098=DIRECTION('',(0.0,0.0,-1.0));
#4089=ORIENTED_EDGE('',*,*,#4090,.F.);
#4099=ORIENTED_EDGE('',*,*,#3884,.T.);
#4110=EDGE_CURVE('',#4083,#3887,#4115,.T.);
#4115=LINE('',#4084,#4117);
#4117=VECTOR('',#4118,1.93167);
#4118=DIRECTION('',(0.0,0.0,1.0));
#4109=ORIENTED_EDGE('',*,*,#4110,.F.);
#4119=STYLED_ITEM('',(#43),#4120);
#4120=ADVANCED_FACE('',(#4126),#4121,.T.);
#4121=PLANE('',#4122);
#4122=AXIS2_PLACEMENT_3D('',#4123,#4124,#4125);
#4123=CARTESIAN_POINT('',(-4.604,0.0,0.952));
#4124=DIRECTION('',(0.0,-1.0,0.0));
#4125=DIRECTION('',(0.,0.,1.));
#4126=FACE_OUTER_BOUND('',#4127,.T.);
#4127=EDGE_LOOP('',(#4128,#4138,#4148,#4158));
#4131=CARTESIAN_POINT('',(-3.016,0.0,0.952));
#4130=VERTEX_POINT('',#4131);
#4129=EDGE_CURVE('',#4130,#4081,#4134,.T.);
#4134=LINE('',#4131,#4136);
#4136=VECTOR('',#4137,1.5875127);
#4137=DIRECTION('',(-1.0,0.0,0.0));
#4128=ORIENTED_EDGE('',*,*,#4129,.F.);
#4139=EDGE_CURVE('',#3807,#4130,#4144,.T.);
#4144=LINE('',#3808,#4146);
#4146=VECTOR('',#4147,2.9718);
#4147=DIRECTION('',(0.0,0.0,-1.0));
#4138=ORIENTED_EDGE('',*,*,#4139,.F.);
#4148=ORIENTED_EDGE('',*,*,#3835,.T.);
#4158=ORIENTED_EDGE('',*,*,#4090,.T.);
#4168=STYLED_ITEM('',(#43),#4169);
#4169=ADVANCED_FACE('',(#4175),#4170,.T.);
#4170=PLANE('',#4171);
#4171=AXIS2_PLACEMENT_3D('',#4172,#4173,#4174);
#4172=CARTESIAN_POINT('',(-3.016,0.0,0.952));
#4173=DIRECTION('',(0.316,-0.949,0.0));
#4174=DIRECTION('',(0.,0.,1.));
#4175=FACE_OUTER_BOUND('',#4176,.T.);
#4176=EDGE_LOOP('',(#4177,#4187,#4197,#4207));
#4178=EDGE_CURVE('',#3495,#4130,#4183,.T.);
#4183=LINE('',#3496,#4185);
#4185=VECTOR('',#4186,0.89665282876409);
#4186=DIRECTION('',(-0.531,-0.177,-0.829));
#4177=ORIENTED_EDGE('',*,*,#4178,.F.);
#4187=ORIENTED_EDGE('',*,*,#3522,.T.);
#4197=ORIENTED_EDGE('',*,*,#3816,.T.);
#4207=ORIENTED_EDGE('',*,*,#4139,.T.);
#4217=STYLED_ITEM('',(#43),#4218);
#4218=ADVANCED_FACE('',(#4224),#4219,.T.);
#4219=PLANE('',#4220);
#4220=AXIS2_PLACEMENT_3D('',#4221,#4222,#4223);
#4221=CARTESIAN_POINT('',(-3.016,0.0,0.952));
#4222=DIRECTION('',(0.842,0.0,-0.54));
#4223=DIRECTION('',(0.,0.,1.));
#4224=FACE_OUTER_BOUND('',#4225,.T.);
#4225=EDGE_LOOP('',(#4226,#4236,#4246,#4256));
#4227=EDGE_CURVE('',#3934,#4130,#4232,.T.);
#4232=LINE('',#3935,#4234);
#4234=VECTOR('',#4235,2.54);
#4235=DIRECTION('',(0.0,-1.0,0.0));
#4226=ORIENTED_EDGE('',*,*,#4227,.F.);
#4236=ORIENTED_EDGE('',*,*,#3933,.T.);
#4246=ORIENTED_EDGE('',*,*,#3757,.T.);
#4256=ORIENTED_EDGE('',*,*,#4178,.T.);
#4266=STYLED_ITEM('',(#43),#4267);
#4267=ADVANCED_FACE('',(#4273),#4268,.T.);
#4268=PLANE('',#4269);
#4269=AXIS2_PLACEMENT_3D('',#4270,#4271,#4272);
#4270=CARTESIAN_POINT('',(-4.604,2.54,0.952));
#4271=DIRECTION('',(0.0,0.0,-1.0));
#4272=DIRECTION('',(0.,1.,0.));
#4273=FACE_OUTER_BOUND('',#4274,.T.);
#4274=EDGE_LOOP('',(#4275,#4285,#4295,#4305));
#4275=ORIENTED_EDGE('',*,*,#3982,.T.);
#4285=ORIENTED_EDGE('',*,*,#4227,.T.);
#4295=ORIENTED_EDGE('',*,*,#4129,.T.);
#4306=EDGE_CURVE('',#3983,#4081,#4311,.T.);
#4311=LINE('',#3984,#4313);
#4313=VECTOR('',#4314,2.54);
#4314=DIRECTION('',(0.0,-1.0,0.0));
#4305=ORIENTED_EDGE('',*,*,#4306,.F.);
#4315=STYLED_ITEM('',(#43),#4316);
#4316=ADVANCED_FACE('',(#4322),#4317,.T.);
#4317=PLANE('',#4318);
#4318=AXIS2_PLACEMENT_3D('',#4319,#4320,#4321);
#4319=CARTESIAN_POINT('',(-4.604,2.54,0.952));
#4320=DIRECTION('',(-0.842,0.0,-0.54));
#4321=DIRECTION('',(0.,0.,1.));
#4322=FACE_OUTER_BOUND('',#4323,.T.);
#4323=EDGE_LOOP('',(#4324,#4334,#4344,#4354));
#4324=ORIENTED_EDGE('',*,*,#4306,.T.);
#4334=ORIENTED_EDGE('',*,*,#4080,.T.);
#4345=EDGE_CURVE('',#4032,#4083,#4350,.T.);
#4350=LINE('',#4033,#4352);
#4352=VECTOR('',#4353,2.2224873);
#4353=DIRECTION('',(0.0,-1.0,0.0));
#4344=ORIENTED_EDGE('',*,*,#4345,.F.);
#4354=ORIENTED_EDGE('',*,*,#4031,.T.);
#4364=STYLED_ITEM('',(#43),#4365);
#4365=ADVANCED_FACE('',(#4371),#4366,.T.);
#4366=PLANE('',#4367);
#4367=AXIS2_PLACEMENT_3D('',#4368,#4369,#4370);
#4368=CARTESIAN_POINT('',(-5.08,0.159,3.627));
#4369=DIRECTION('',(0.529,0.0,0.848));
#4370=DIRECTION('',(0.,0.,1.));
#4371=FACE_OUTER_BOUND('',#4372,.T.);
#4372=EDGE_LOOP('',(#4373,#4383,#4393,#4403));
#4373=ORIENTED_EDGE('',*,*,#3914,.T.);
#4386=CARTESIAN_POINT('',(-5.556,2.54,3.924));
#4385=VERTEX_POINT('',#4386);
#4384=EDGE_CURVE('',#4385,#3905,#4389,.T.);
#4389=LINE('',#4386,#4391);
#4391=VECTOR('',#4392,0.583375989590457);
#4392=DIRECTION('',(0.816,-0.272,-0.509));
#4383=ORIENTED_EDGE('',*,*,#4384,.F.);
#4396=CARTESIAN_POINT('',(-5.556,0.0,3.924));
#4395=VERTEX_POINT('',#4396);
#4394=EDGE_CURVE('',#4395,#4385,#4399,.T.);
#4399=LINE('',#4396,#4401);
#4401=VECTOR('',#4402,2.54);
#4402=DIRECTION('',(0.0,1.0,0.0));
#4393=ORIENTED_EDGE('',*,*,#4394,.F.);
#4404=EDGE_CURVE('',#3887,#4395,#4409,.T.);
#4409=LINE('',#3888,#4411);
#4411=VECTOR('',#4412,0.583375989590457);
#4412=DIRECTION('',(-0.816,-0.272,0.509));
#4403=ORIENTED_EDGE('',*,*,#4404,.F.);
#4413=STYLED_ITEM('',(#43),#4414);
#4414=ADVANCED_FACE('',(#4420),#4415,.T.);
#4415=PLANE('',#4416);
#4416=AXIS2_PLACEMENT_3D('',#4417,#4418,#4419);
#4417=CARTESIAN_POINT('',(-7.144,0.0,3.924));
#4418=DIRECTION('',(0.0,0.0,1.0));
#4419=DIRECTION('',(0.,1.,0.));
#4420=FACE_OUTER_BOUND('',#4421,.T.);
#4421=EDGE_LOOP('',(#4422,#4432,#4442,#4452));
#4427=CARTESIAN_POINT('',(-7.144,0.0,3.924));
#4426=VERTEX_POINT('',#4427);
#4423=EDGE_CURVE('',#4395,#4426,#4428,.T.);
#4428=LINE('',#4396,#4430);
#4430=VECTOR('',#4431,1.5875127);
#4431=DIRECTION('',(-1.0,0.0,0.0));
#4422=ORIENTED_EDGE('',*,*,#4423,.F.);
#4432=ORIENTED_EDGE('',*,*,#4394,.T.);
#4445=CARTESIAN_POINT('',(-7.144,2.54,3.924));
#4444=VERTEX_POINT('',#4445);
#4443=EDGE_CURVE('',#4444,#4385,#4448,.T.);
#4448=LINE('',#4445,#4450);
#4450=VECTOR('',#4451,1.5875127);
#4451=DIRECTION('',(1.0,0.0,0.0));
#4442=ORIENTED_EDGE('',*,*,#4443,.F.);
#4453=EDGE_CURVE('',#4426,#4444,#4458,.T.);
#4458=LINE('',#4427,#4460);
#4460=VECTOR('',#4461,2.54);
#4461=DIRECTION('',(0.0,1.0,0.0));
#4452=ORIENTED_EDGE('',*,*,#4453,.F.);
#4462=STYLED_ITEM('',(#43),#4463);
#4463=ADVANCED_FACE('',(#4469),#4464,.T.);
#4464=PLANE('',#4465);
#4465=AXIS2_PLACEMENT_3D('',#4466,#4467,#4468);
#4466=CARTESIAN_POINT('',(-7.62,0.159,3.627));
#4467=DIRECTION('',(-0.529,0.0,0.848));
#4468=DIRECTION('',(0.,0.,1.));
#4469=FACE_OUTER_BOUND('',#4470,.T.);
#4470=EDGE_LOOP('',(#4471,#4481,#4491,#4501));
#4476=CARTESIAN_POINT('',(-7.62,0.159,3.627));
#4475=VERTEX_POINT('',#4476);
#4472=EDGE_CURVE('',#4426,#4475,#4477,.T.);
#4477=LINE('',#4427,#4479);
#4479=VECTOR('',#4480,0.583375989590457);
#4480=DIRECTION('',(-0.816,0.272,-0.509));
#4471=ORIENTED_EDGE('',*,*,#4472,.F.);
#4481=ORIENTED_EDGE('',*,*,#4453,.T.);
#4494=CARTESIAN_POINT('',(-7.62,2.381,3.627));
#4493=VERTEX_POINT('',#4494);
#4492=EDGE_CURVE('',#4493,#4444,#4497,.T.);
#4497=LINE('',#4494,#4499);
#4499=VECTOR('',#4500,0.583375989590457);
#4500=DIRECTION('',(0.816,0.272,0.509));
#4491=ORIENTED_EDGE('',*,*,#4492,.F.);
#4502=EDGE_CURVE('',#4475,#4493,#4507,.T.);
#4507=LINE('',#4476,#4509);
#4509=VECTOR('',#4510,2.2224873);
#4510=DIRECTION('',(0.0,1.0,0.0));
#4501=ORIENTED_EDGE('',*,*,#4502,.F.);
#4511=STYLED_ITEM('',(#43),#4512);
#4512=ADVANCED_FACE('',(#4518),#4513,.T.);
#4513=PLANE('',#4514);
#4514=AXIS2_PLACEMENT_3D('',#4515,#4516,#4517);
#4515=CARTESIAN_POINT('',(-5.08,2.381,1.695));
#4516=DIRECTION('',(0.316,0.949,0.0));
#4517=DIRECTION('',(0.,0.,1.));
#4518=FACE_OUTER_BOUND('',#4519,.T.);
#4519=EDGE_LOOP('',(#4520,#4530,#4540,#4550));
#4523=CARTESIAN_POINT('',(-5.556,2.54,0.952));
#4522=VERTEX_POINT('',#4523);
#4521=EDGE_CURVE('',#4522,#4032,#4526,.T.);
#4526=LINE('',#4523,#4528);
#4528=VECTOR('',#4529,0.89665282876409);
#4529=DIRECTION('',(0.531,-0.177,0.829));
#4520=ORIENTED_EDGE('',*,*,#4521,.F.);
#4531=EDGE_CURVE('',#4385,#4522,#4536,.T.);
#4536=LINE('',#4386,#4538);
#4538=VECTOR('',#4539,2.9718);
#4539=DIRECTION('',(0.0,0.0,-1.0));
#4530=ORIENTED_EDGE('',*,*,#4531,.F.);
#4540=ORIENTED_EDGE('',*,*,#4384,.T.);
#4550=ORIENTED_EDGE('',*,*,#4041,.T.);
#4560=STYLED_ITEM('',(#43),#4561);
#4561=ADVANCED_FACE('',(#4567),#4562,.T.);
#4562=PLANE('',#4563);
#4563=AXIS2_PLACEMENT_3D('',#4564,#4565,#4566);
#4564=CARTESIAN_POINT('',(-5.556,2.54,0.952));
#4565=DIRECTION('',(0.0,1.0,0.0));
#4566=DIRECTION('',(0.,0.,1.));
#4567=FACE_OUTER_BOUND('',#4568,.T.);
#4568=EDGE_LOOP('',(#4569,#4579,#4589,#4599));
#4572=CARTESIAN_POINT('',(-7.144,2.54,0.952));
#4571=VERTEX_POINT('',#4572);
#4570=EDGE_CURVE('',#4571,#4522,#4575,.T.);
#4575=LINE('',#4572,#4577);
#4577=VECTOR('',#4578,1.5875127);
#4578=DIRECTION('',(1.0,0.0,0.0));
#4569=ORIENTED_EDGE('',*,*,#4570,.F.);
#4580=EDGE_CURVE('',#4444,#4571,#4585,.T.);
#4585=LINE('',#4445,#4587);
#4587=VECTOR('',#4588,2.9718);
#4588=DIRECTION('',(0.0,0.0,-1.0));
#4579=ORIENTED_EDGE('',*,*,#4580,.F.);
#4589=ORIENTED_EDGE('',*,*,#4443,.T.);
#4599=ORIENTED_EDGE('',*,*,#4531,.T.);
#4609=STYLED_ITEM('',(#43),#4610);
#4610=ADVANCED_FACE('',(#4616),#4611,.T.);
#4611=PLANE('',#4612);
#4612=AXIS2_PLACEMENT_3D('',#4613,#4614,#4615);
#4613=CARTESIAN_POINT('',(-7.144,2.54,0.952));
#4614=DIRECTION('',(-0.316,0.949,0.0));
#4615=DIRECTION('',(0.,0.,1.));
#4616=FACE_OUTER_BOUND('',#4617,.T.);
#4617=EDGE_LOOP('',(#4618,#4628,#4638,#4648));
#4621=CARTESIAN_POINT('',(-7.62,2.381,1.695));
#4620=VERTEX_POINT('',#4621);
#4619=EDGE_CURVE('',#4620,#4571,#4624,.T.);
#4624=LINE('',#4621,#4626);
#4626=VECTOR('',#4627,0.89665282876409);
#4627=DIRECTION('',(0.531,0.177,-0.829));
#4618=ORIENTED_EDGE('',*,*,#4619,.F.);
#4629=EDGE_CURVE('',#4493,#4620,#4634,.T.);
#4634=LINE('',#4494,#4636);
#4636=VECTOR('',#4637,1.93167);
#4637=DIRECTION('',(0.0,0.0,-1.0));
#4628=ORIENTED_EDGE('',*,*,#4629,.F.);
#4638=ORIENTED_EDGE('',*,*,#4492,.T.);
#4648=ORIENTED_EDGE('',*,*,#4580,.T.);
#4658=STYLED_ITEM('',(#43),#4659);
#4659=ADVANCED_FACE('',(#4665),#4660,.T.);
#4660=PLANE('',#4661);
#4661=AXIS2_PLACEMENT_3D('',#4662,#4663,#4664);
#4662=CARTESIAN_POINT('',(-7.62,0.159,1.695));
#4663=DIRECTION('',(-0.316,-0.949,0.0));
#4664=DIRECTION('',(0.,0.,1.));
#4665=FACE_OUTER_BOUND('',#4666,.T.);
#4666=EDGE_LOOP('',(#4667,#4677,#4687,#4697));
#4670=CARTESIAN_POINT('',(-7.144,0.0,0.952));
#4669=VERTEX_POINT('',#4670);
#4672=CARTESIAN_POINT('',(-7.62,0.159,1.695));
#4671=VERTEX_POINT('',#4672);
#4668=EDGE_CURVE('',#4669,#4671,#4673,.T.);
#4673=LINE('',#4670,#4675);
#4675=VECTOR('',#4676,0.89665282876409);
#4676=DIRECTION('',(-0.531,0.177,0.829));
#4667=ORIENTED_EDGE('',*,*,#4668,.F.);
#4678=EDGE_CURVE('',#4426,#4669,#4683,.T.);
#4683=LINE('',#4427,#4685);
#4685=VECTOR('',#4686,2.9718);
#4686=DIRECTION('',(0.0,0.0,-1.0));
#4677=ORIENTED_EDGE('',*,*,#4678,.F.);
#4687=ORIENTED_EDGE('',*,*,#4472,.T.);
#4698=EDGE_CURVE('',#4671,#4475,#4703,.T.);
#4703=LINE('',#4672,#4705);
#4705=VECTOR('',#4706,1.93167);
#4706=DIRECTION('',(0.0,0.0,1.0));
#4697=ORIENTED_EDGE('',*,*,#4698,.F.);
#4707=STYLED_ITEM('',(#43),#4708);
#4708=ADVANCED_FACE('',(#4714),#4709,.T.);
#4709=PLANE('',#4710);
#4710=AXIS2_PLACEMENT_3D('',#4711,#4712,#4713);
#4711=CARTESIAN_POINT('',(-7.144,0.0,0.952));
#4712=DIRECTION('',(0.0,-1.0,0.0));
#4713=DIRECTION('',(0.,0.,1.));
#4714=FACE_OUTER_BOUND('',#4715,.T.);
#4715=EDGE_LOOP('',(#4716,#4726,#4736,#4746));
#4719=CARTESIAN_POINT('',(-5.556,0.0,0.952));
#4718=VERTEX_POINT('',#4719);
#4717=EDGE_CURVE('',#4718,#4669,#4722,.T.);
#4722=LINE('',#4719,#4724);
#4724=VECTOR('',#4725,1.5875127);
#4725=DIRECTION('',(-1.0,0.0,0.0));
#4716=ORIENTED_EDGE('',*,*,#4717,.F.);
#4727=EDGE_CURVE('',#4395,#4718,#4732,.T.);
#4732=LINE('',#4396,#4734);
#4734=VECTOR('',#4735,2.9718);
#4735=DIRECTION('',(0.0,0.0,-1.0));
#4726=ORIENTED_EDGE('',*,*,#4727,.F.);
#4736=ORIENTED_EDGE('',*,*,#4423,.T.);
#4746=ORIENTED_EDGE('',*,*,#4678,.T.);
#4756=STYLED_ITEM('',(#43),#4757);
#4757=ADVANCED_FACE('',(#4763),#4758,.T.);
#4758=PLANE('',#4759);
#4759=AXIS2_PLACEMENT_3D('',#4760,#4761,#4762);
#4760=CARTESIAN_POINT('',(-5.556,0.0,0.952));
#4761=DIRECTION('',(0.316,-0.949,0.0));
#4762=DIRECTION('',(0.,0.,1.));
#4763=FACE_OUTER_BOUND('',#4764,.T.);
#4764=EDGE_LOOP('',(#4765,#4775,#4785,#4795));
#4766=EDGE_CURVE('',#4083,#4718,#4771,.T.);
#4771=LINE('',#4084,#4773);
#4773=VECTOR('',#4774,0.89665282876409);
#4774=DIRECTION('',(-0.531,-0.177,-0.829));
#4765=ORIENTED_EDGE('',*,*,#4766,.F.);
#4775=ORIENTED_EDGE('',*,*,#4110,.T.);
#4785=ORIENTED_EDGE('',*,*,#4404,.T.);
#4795=ORIENTED_EDGE('',*,*,#4727,.T.);
#4805=STYLED_ITEM('',(#43),#4806);
#4806=ADVANCED_FACE('',(#4812),#4807,.T.);
#4807=PLANE('',#4808);
#4808=AXIS2_PLACEMENT_3D('',#4809,#4810,#4811);
#4809=CARTESIAN_POINT('',(-5.556,0.0,0.952));
#4810=DIRECTION('',(0.842,0.0,-0.54));
#4811=DIRECTION('',(0.,0.,1.));
#4812=FACE_OUTER_BOUND('',#4813,.T.);
#4813=EDGE_LOOP('',(#4814,#4824,#4834,#4844));
#4815=EDGE_CURVE('',#4522,#4718,#4820,.T.);
#4820=LINE('',#4523,#4822);
#4822=VECTOR('',#4823,2.54);
#4823=DIRECTION('',(0.0,-1.0,0.0));
#4814=ORIENTED_EDGE('',*,*,#4815,.F.);
#4824=ORIENTED_EDGE('',*,*,#4521,.T.);
#4834=ORIENTED_EDGE('',*,*,#4345,.T.);
#4844=ORIENTED_EDGE('',*,*,#4766,.T.);
#4854=STYLED_ITEM('',(#43),#4855);
#4855=ADVANCED_FACE('',(#4861),#4856,.T.);
#4856=PLANE('',#4857);
#4857=AXIS2_PLACEMENT_3D('',#4858,#4859,#4860);
#4858=CARTESIAN_POINT('',(-7.144,2.54,0.952));
#4859=DIRECTION('',(0.0,0.0,-1.0));
#4860=DIRECTION('',(0.,1.,0.));
#4861=FACE_OUTER_BOUND('',#4862,.T.);
#4862=EDGE_LOOP('',(#4863,#4873,#4883,#4893));
#4863=ORIENTED_EDGE('',*,*,#4570,.T.);
#4873=ORIENTED_EDGE('',*,*,#4815,.T.);
#4883=ORIENTED_EDGE('',*,*,#4717,.T.);
#4894=EDGE_CURVE('',#4571,#4669,#4899,.T.);
#4899=LINE('',#4572,#4901);
#4901=VECTOR('',#4902,2.54);
#4902=DIRECTION('',(0.0,-1.0,0.0));
#4893=ORIENTED_EDGE('',*,*,#4894,.F.);
#4903=STYLED_ITEM('',(#43),#4904);
#4904=ADVANCED_FACE('',(#4910),#4905,.T.);
#4905=PLANE('',#4906);
#4906=AXIS2_PLACEMENT_3D('',#4907,#4908,#4909);
#4907=CARTESIAN_POINT('',(-7.144,2.54,0.952));
#4908=DIRECTION('',(-0.842,0.0,-0.54));
#4909=DIRECTION('',(0.,0.,1.));
#4910=FACE_OUTER_BOUND('',#4911,.T.);
#4911=EDGE_LOOP('',(#4912,#4922,#4932,#4942));
#4912=ORIENTED_EDGE('',*,*,#4894,.T.);
#4922=ORIENTED_EDGE('',*,*,#4668,.T.);
#4933=EDGE_CURVE('',#4620,#4671,#4938,.T.);
#4938=LINE('',#4621,#4940);
#4940=VECTOR('',#4941,2.2224873);
#4941=DIRECTION('',(0.0,-1.0,0.0));
#4932=ORIENTED_EDGE('',*,*,#4933,.F.);
#4942=ORIENTED_EDGE('',*,*,#4619,.T.);
#4952=STYLED_ITEM('',(#43),#4953);
#4953=ADVANCED_FACE('',(#4959),#4954,.T.);
#4954=PLANE('',#4955);
#4955=AXIS2_PLACEMENT_3D('',#4956,#4957,#4958);
#4956=CARTESIAN_POINT('',(-7.62,0.159,3.627));
#4957=DIRECTION('',(0.529,0.0,0.848));
#4958=DIRECTION('',(0.,0.,1.));
#4959=FACE_OUTER_BOUND('',#4960,.T.);
#4960=EDGE_LOOP('',(#4961,#4971,#4981,#4991));
#4961=ORIENTED_EDGE('',*,*,#4502,.T.);
#4974=CARTESIAN_POINT('',(-8.096,2.54,3.924));
#4973=VERTEX_POINT('',#4974);
#4972=EDGE_CURVE('',#4973,#4493,#4977,.T.);
#4977=LINE('',#4974,#4979);
#4979=VECTOR('',#4980,0.583375989590457);
#4980=DIRECTION('',(0.816,-0.272,-0.509));
#4971=ORIENTED_EDGE('',*,*,#4972,.F.);
#4984=CARTESIAN_POINT('',(-8.096,0.0,3.924));
#4983=VERTEX_POINT('',#4984);
#4982=EDGE_CURVE('',#4983,#4973,#4987,.T.);
#4987=LINE('',#4984,#4989);
#4989=VECTOR('',#4990,2.54);
#4990=DIRECTION('',(0.0,1.0,0.0));
#4981=ORIENTED_EDGE('',*,*,#4982,.F.);
#4992=EDGE_CURVE('',#4475,#4983,#4997,.T.);
#4997=LINE('',#4476,#4999);
#4999=VECTOR('',#5000,0.583375989590457);
#5000=DIRECTION('',(-0.816,-0.272,0.509));
#4991=ORIENTED_EDGE('',*,*,#4992,.F.);
#5001=STYLED_ITEM('',(#43),#5002);
#5002=ADVANCED_FACE('',(#5008),#5003,.T.);
#5003=PLANE('',#5004);
#5004=AXIS2_PLACEMENT_3D('',#5005,#5006,#5007);
#5005=CARTESIAN_POINT('',(-9.684,0.0,3.924));
#5006=DIRECTION('',(0.0,0.0,1.0));
#5007=DIRECTION('',(0.,1.,0.));
#5008=FACE_OUTER_BOUND('',#5009,.T.);
#5009=EDGE_LOOP('',(#5010,#5020,#5030,#5040));
#5015=CARTESIAN_POINT('',(-9.684,0.0,3.924));
#5014=VERTEX_POINT('',#5015);
#5011=EDGE_CURVE('',#4983,#5014,#5016,.T.);
#5016=LINE('',#4984,#5018);
#5018=VECTOR('',#5019,1.5875127);
#5019=DIRECTION('',(-1.0,0.0,0.0));
#5010=ORIENTED_EDGE('',*,*,#5011,.F.);
#5020=ORIENTED_EDGE('',*,*,#4982,.T.);
#5033=CARTESIAN_POINT('',(-9.684,2.54,3.924));
#5032=VERTEX_POINT('',#5033);
#5031=EDGE_CURVE('',#5032,#4973,#5036,.T.);
#5036=LINE('',#5033,#5038);
#5038=VECTOR('',#5039,1.5875127);
#5039=DIRECTION('',(1.0,0.0,0.0));
#5030=ORIENTED_EDGE('',*,*,#5031,.F.);
#5041=EDGE_CURVE('',#5014,#5032,#5046,.T.);
#5046=LINE('',#5015,#5048);
#5048=VECTOR('',#5049,2.54);
#5049=DIRECTION('',(0.0,1.0,0.0));
#5040=ORIENTED_EDGE('',*,*,#5041,.F.);
#5050=STYLED_ITEM('',(#43),#5051);
#5051=ADVANCED_FACE('',(#5057),#5052,.T.);
#5052=PLANE('',#5053);
#5053=AXIS2_PLACEMENT_3D('',#5054,#5055,#5056);
#5054=CARTESIAN_POINT('',(-10.16,0.159,3.627));
#5055=DIRECTION('',(-0.529,0.0,0.848));
#5056=DIRECTION('',(0.,0.,1.));
#5057=FACE_OUTER_BOUND('',#5058,.T.);
#5058=EDGE_LOOP('',(#5059,#5069,#5079,#5089));
#5064=CARTESIAN_POINT('',(-10.16,0.159,3.627));
#5063=VERTEX_POINT('',#5064);
#5060=EDGE_CURVE('',#5014,#5063,#5065,.T.);
#5065=LINE('',#5015,#5067);
#5067=VECTOR('',#5068,0.583375989590457);
#5068=DIRECTION('',(-0.816,0.272,-0.509));
#5059=ORIENTED_EDGE('',*,*,#5060,.F.);
#5069=ORIENTED_EDGE('',*,*,#5041,.T.);
#5082=CARTESIAN_POINT('',(-10.16,2.381,3.627));
#5081=VERTEX_POINT('',#5082);
#5080=EDGE_CURVE('',#5081,#5032,#5085,.T.);
#5085=LINE('',#5082,#5087);
#5087=VECTOR('',#5088,0.583375989590457);
#5088=DIRECTION('',(0.816,0.272,0.509));
#5079=ORIENTED_EDGE('',*,*,#5080,.F.);
#5090=EDGE_CURVE('',#5063,#5081,#5095,.T.);
#5095=LINE('',#5064,#5097);
#5097=VECTOR('',#5098,2.2224873);
#5098=DIRECTION('',(0.0,1.0,0.0));
#5089=ORIENTED_EDGE('',*,*,#5090,.F.);
#5099=STYLED_ITEM('',(#43),#5100);
#5100=ADVANCED_FACE('',(#5106),#5101,.T.);
#5101=PLANE('',#5102);
#5102=AXIS2_PLACEMENT_3D('',#5103,#5104,#5105);
#5103=CARTESIAN_POINT('',(-7.62,2.381,1.695));
#5104=DIRECTION('',(0.316,0.949,0.0));
#5105=DIRECTION('',(0.,0.,1.));
#5106=FACE_OUTER_BOUND('',#5107,.T.);
#5107=EDGE_LOOP('',(#5108,#5118,#5128,#5138));
#5111=CARTESIAN_POINT('',(-8.096,2.54,0.952));
#5110=VERTEX_POINT('',#5111);
#5109=EDGE_CURVE('',#5110,#4620,#5114,.T.);
#5114=LINE('',#5111,#5116);
#5116=VECTOR('',#5117,0.89665282876409);
#5117=DIRECTION('',(0.531,-0.177,0.829));
#5108=ORIENTED_EDGE('',*,*,#5109,.F.);
#5119=EDGE_CURVE('',#4973,#5110,#5124,.T.);
#5124=LINE('',#4974,#5126);
#5126=VECTOR('',#5127,2.9718);
#5127=DIRECTION('',(0.0,0.0,-1.0));
#5118=ORIENTED_EDGE('',*,*,#5119,.F.);
#5128=ORIENTED_EDGE('',*,*,#4972,.T.);
#5138=ORIENTED_EDGE('',*,*,#4629,.T.);
#5148=STYLED_ITEM('',(#43),#5149);
#5149=ADVANCED_FACE('',(#5155),#5150,.T.);
#5150=PLANE('',#5151);
#5151=AXIS2_PLACEMENT_3D('',#5152,#5153,#5154);
#5152=CARTESIAN_POINT('',(-8.096,2.54,0.952));
#5153=DIRECTION('',(0.0,1.0,0.0));
#5154=DIRECTION('',(0.,0.,1.));
#5155=FACE_OUTER_BOUND('',#5156,.T.);
#5156=EDGE_LOOP('',(#5157,#5167,#5177,#5187));
#5160=CARTESIAN_POINT('',(-9.684,2.54,0.952));
#5159=VERTEX_POINT('',#5160);
#5158=EDGE_CURVE('',#5159,#5110,#5163,.T.);
#5163=LINE('',#5160,#5165);
#5165=VECTOR('',#5166,1.5875127);
#5166=DIRECTION('',(1.0,0.0,0.0));
#5157=ORIENTED_EDGE('',*,*,#5158,.F.);
#5168=EDGE_CURVE('',#5032,#5159,#5173,.T.);
#5173=LINE('',#5033,#5175);
#5175=VECTOR('',#5176,2.9718);
#5176=DIRECTION('',(0.0,0.0,-1.0));
#5167=ORIENTED_EDGE('',*,*,#5168,.F.);
#5177=ORIENTED_EDGE('',*,*,#5031,.T.);
#5187=ORIENTED_EDGE('',*,*,#5119,.T.);
#5197=STYLED_ITEM('',(#43),#5198);
#5198=ADVANCED_FACE('',(#5204),#5199,.T.);
#5199=PLANE('',#5200);
#5200=AXIS2_PLACEMENT_3D('',#5201,#5202,#5203);
#5201=CARTESIAN_POINT('',(-9.684,2.54,0.952));
#5202=DIRECTION('',(-0.316,0.949,0.0));
#5203=DIRECTION('',(0.,0.,1.));
#5204=FACE_OUTER_BOUND('',#5205,.T.);
#5205=EDGE_LOOP('',(#5206,#5216,#5226,#5236));
#5209=CARTESIAN_POINT('',(-10.16,2.381,1.695));
#5208=VERTEX_POINT('',#5209);
#5207=EDGE_CURVE('',#5208,#5159,#5212,.T.);
#5212=LINE('',#5209,#5214);
#5214=VECTOR('',#5215,0.89665282876409);
#5215=DIRECTION('',(0.531,0.177,-0.829));
#5206=ORIENTED_EDGE('',*,*,#5207,.F.);
#5217=EDGE_CURVE('',#5081,#5208,#5222,.T.);
#5222=LINE('',#5082,#5224);
#5224=VECTOR('',#5225,1.93167);
#5225=DIRECTION('',(0.0,0.0,-1.0));
#5216=ORIENTED_EDGE('',*,*,#5217,.F.);
#5226=ORIENTED_EDGE('',*,*,#5080,.T.);
#5236=ORIENTED_EDGE('',*,*,#5168,.T.);
#5246=STYLED_ITEM('',(#43),#5247);
#5247=ADVANCED_FACE('',(#5253),#5248,.T.);
#5248=PLANE('',#5249);
#5249=AXIS2_PLACEMENT_3D('',#5250,#5251,#5252);
#5250=CARTESIAN_POINT('',(-10.16,0.159,1.695));
#5251=DIRECTION('',(-0.316,-0.949,0.0));
#5252=DIRECTION('',(0.,0.,1.));
#5253=FACE_OUTER_BOUND('',#5254,.T.);
#5254=EDGE_LOOP('',(#5255,#5265,#5275,#5285));
#5258=CARTESIAN_POINT('',(-9.684,0.0,0.952));
#5257=VERTEX_POINT('',#5258);
#5260=CARTESIAN_POINT('',(-10.16,0.159,1.695));
#5259=VERTEX_POINT('',#5260);
#5256=EDGE_CURVE('',#5257,#5259,#5261,.T.);
#5261=LINE('',#5258,#5263);
#5263=VECTOR('',#5264,0.89665282876409);
#5264=DIRECTION('',(-0.531,0.177,0.829));
#5255=ORIENTED_EDGE('',*,*,#5256,.F.);
#5266=EDGE_CURVE('',#5014,#5257,#5271,.T.);
#5271=LINE('',#5015,#5273);
#5273=VECTOR('',#5274,2.9718);
#5274=DIRECTION('',(0.0,0.0,-1.0));
#5265=ORIENTED_EDGE('',*,*,#5266,.F.);
#5275=ORIENTED_EDGE('',*,*,#5060,.T.);
#5286=EDGE_CURVE('',#5259,#5063,#5291,.T.);
#5291=LINE('',#5260,#5293);
#5293=VECTOR('',#5294,1.93167);
#5294=DIRECTION('',(0.0,0.0,1.0));
#5285=ORIENTED_EDGE('',*,*,#5286,.F.);
#5295=STYLED_ITEM('',(#43),#5296);
#5296=ADVANCED_FACE('',(#5302),#5297,.T.);
#5297=PLANE('',#5298);
#5298=AXIS2_PLACEMENT_3D('',#5299,#5300,#5301);
#5299=CARTESIAN_POINT('',(-9.684,0.0,0.952));
#5300=DIRECTION('',(0.0,-1.0,0.0));
#5301=DIRECTION('',(0.,0.,1.));
#5302=FACE_OUTER_BOUND('',#5303,.T.);
#5303=EDGE_LOOP('',(#5304,#5314,#5324,#5334));
#5307=CARTESIAN_POINT('',(-8.096,0.0,0.952));
#5306=VERTEX_POINT('',#5307);
#5305=EDGE_CURVE('',#5306,#5257,#5310,.T.);
#5310=LINE('',#5307,#5312);
#5312=VECTOR('',#5313,1.5875127);
#5313=DIRECTION('',(-1.0,0.0,0.0));
#5304=ORIENTED_EDGE('',*,*,#5305,.F.);
#5315=EDGE_CURVE('',#4983,#5306,#5320,.T.);
#5320=LINE('',#4984,#5322);
#5322=VECTOR('',#5323,2.9718);
#5323=DIRECTION('',(0.0,0.0,-1.0));
#5314=ORIENTED_EDGE('',*,*,#5315,.F.);
#5324=ORIENTED_EDGE('',*,*,#5011,.T.);
#5334=ORIENTED_EDGE('',*,*,#5266,.T.);
#5344=STYLED_ITEM('',(#43),#5345);
#5345=ADVANCED_FACE('',(#5351),#5346,.T.);
#5346=PLANE('',#5347);
#5347=AXIS2_PLACEMENT_3D('',#5348,#5349,#5350);
#5348=CARTESIAN_POINT('',(-8.096,0.0,0.952));
#5349=DIRECTION('',(0.316,-0.949,0.0));
#5350=DIRECTION('',(0.,0.,1.));
#5351=FACE_OUTER_BOUND('',#5352,.T.);
#5352=EDGE_LOOP('',(#5353,#5363,#5373,#5383));
#5354=EDGE_CURVE('',#4671,#5306,#5359,.T.);
#5359=LINE('',#4672,#5361);
#5361=VECTOR('',#5362,0.89665282876409);
#5362=DIRECTION('',(-0.531,-0.177,-0.829));
#5353=ORIENTED_EDGE('',*,*,#5354,.F.);
#5363=ORIENTED_EDGE('',*,*,#4698,.T.);
#5373=ORIENTED_EDGE('',*,*,#4992,.T.);
#5383=ORIENTED_EDGE('',*,*,#5315,.T.);
#5393=STYLED_ITEM('',(#43),#5394);
#5394=ADVANCED_FACE('',(#5400),#5395,.T.);
#5395=PLANE('',#5396);
#5396=AXIS2_PLACEMENT_3D('',#5397,#5398,#5399);
#5397=CARTESIAN_POINT('',(-8.096,0.0,0.952));
#5398=DIRECTION('',(0.842,0.0,-0.54));
#5399=DIRECTION('',(0.,0.,1.));
#5400=FACE_OUTER_BOUND('',#5401,.T.);
#5401=EDGE_LOOP('',(#5402,#5412,#5422,#5432));
#5403=EDGE_CURVE('',#5110,#5306,#5408,.T.);
#5408=LINE('',#5111,#5410);
#5410=VECTOR('',#5411,2.54);
#5411=DIRECTION('',(0.0,-1.0,0.0));
#5402=ORIENTED_EDGE('',*,*,#5403,.F.);
#5412=ORIENTED_EDGE('',*,*,#5109,.T.);
#5422=ORIENTED_EDGE('',*,*,#4933,.T.);
#5432=ORIENTED_EDGE('',*,*,#5354,.T.);
#5442=STYLED_ITEM('',(#43),#5443);
#5443=ADVANCED_FACE('',(#5449),#5444,.T.);
#5444=PLANE('',#5445);
#5445=AXIS2_PLACEMENT_3D('',#5446,#5447,#5448);
#5446=CARTESIAN_POINT('',(-9.684,2.54,0.952));
#5447=DIRECTION('',(0.0,0.0,-1.0));
#5448=DIRECTION('',(0.,1.,0.));
#5449=FACE_OUTER_BOUND('',#5450,.T.);
#5450=EDGE_LOOP('',(#5451,#5461,#5471,#5481));
#5451=ORIENTED_EDGE('',*,*,#5158,.T.);
#5461=ORIENTED_EDGE('',*,*,#5403,.T.);
#5471=ORIENTED_EDGE('',*,*,#5305,.T.);
#5482=EDGE_CURVE('',#5159,#5257,#5487,.T.);
#5487=LINE('',#5160,#5489);
#5489=VECTOR('',#5490,2.54);
#5490=DIRECTION('',(0.0,-1.0,0.0));
#5481=ORIENTED_EDGE('',*,*,#5482,.F.);
#5491=STYLED_ITEM('',(#43),#5492);
#5492=ADVANCED_FACE('',(#5498),#5493,.T.);
#5493=PLANE('',#5494);
#5494=AXIS2_PLACEMENT_3D('',#5495,#5496,#5497);
#5495=CARTESIAN_POINT('',(-9.684,2.54,0.952));
#5496=DIRECTION('',(-0.842,0.0,-0.54));
#5497=DIRECTION('',(0.,0.,1.));
#5498=FACE_OUTER_BOUND('',#5499,.T.);
#5499=EDGE_LOOP('',(#5500,#5510,#5520,#5530));
#5500=ORIENTED_EDGE('',*,*,#5482,.T.);
#5510=ORIENTED_EDGE('',*,*,#5256,.T.);
#5521=EDGE_CURVE('',#5208,#5259,#5526,.T.);
#5526=LINE('',#5209,#5528);
#5528=VECTOR('',#5529,2.2224873);
#5529=DIRECTION('',(0.0,-1.0,0.0));
#5520=ORIENTED_EDGE('',*,*,#5521,.F.);
#5530=ORIENTED_EDGE('',*,*,#5207,.T.);
#5540=STYLED_ITEM('',(#43),#5541);
#5541=ADVANCED_FACE('',(#5547),#5542,.T.);
#5542=PLANE('',#5543);
#5543=AXIS2_PLACEMENT_3D('',#5544,#5545,#5546);
#5544=CARTESIAN_POINT('',(-10.16,0.159,3.627));
#5545=DIRECTION('',(0.529,0.0,0.848));
#5546=DIRECTION('',(0.,0.,1.));
#5547=FACE_OUTER_BOUND('',#5548,.T.);
#5548=EDGE_LOOP('',(#5549,#5559,#5569,#5579));
#5549=ORIENTED_EDGE('',*,*,#5090,.T.);
#5562=CARTESIAN_POINT('',(-10.636,2.54,3.924));
#5561=VERTEX_POINT('',#5562);
#5560=EDGE_CURVE('',#5561,#5081,#5565,.T.);
#5565=LINE('',#5562,#5567);
#5567=VECTOR('',#5568,0.583375989590457);
#5568=DIRECTION('',(0.816,-0.272,-0.509));
#5559=ORIENTED_EDGE('',*,*,#5560,.F.);
#5572=CARTESIAN_POINT('',(-10.636,0.0,3.924));
#5571=VERTEX_POINT('',#5572);
#5570=EDGE_CURVE('',#5571,#5561,#5575,.T.);
#5575=LINE('',#5572,#5577);
#5577=VECTOR('',#5578,2.54);
#5578=DIRECTION('',(0.0,1.0,0.0));
#5569=ORIENTED_EDGE('',*,*,#5570,.F.);
#5580=EDGE_CURVE('',#5063,#5571,#5585,.T.);
#5585=LINE('',#5064,#5587);
#5587=VECTOR('',#5588,0.583375989590457);
#5588=DIRECTION('',(-0.816,-0.272,0.509));
#5579=ORIENTED_EDGE('',*,*,#5580,.F.);
#5589=STYLED_ITEM('',(#43),#5590);
#5590=ADVANCED_FACE('',(#5596),#5591,.T.);
#5591=PLANE('',#5592);
#5592=AXIS2_PLACEMENT_3D('',#5593,#5594,#5595);
#5593=CARTESIAN_POINT('',(-12.224,0.0,3.924));
#5594=DIRECTION('',(0.0,0.0,1.0));
#5595=DIRECTION('',(0.,1.,0.));
#5596=FACE_OUTER_BOUND('',#5597,.T.);
#5597=EDGE_LOOP('',(#5598,#5608,#5618,#5628));
#5603=CARTESIAN_POINT('',(-12.224,0.0,3.924));
#5602=VERTEX_POINT('',#5603);
#5599=EDGE_CURVE('',#5571,#5602,#5604,.T.);
#5604=LINE('',#5572,#5606);
#5606=VECTOR('',#5607,1.5875127);
#5607=DIRECTION('',(-1.0,0.0,0.0));
#5598=ORIENTED_EDGE('',*,*,#5599,.F.);
#5608=ORIENTED_EDGE('',*,*,#5570,.T.);
#5621=CARTESIAN_POINT('',(-12.224,2.54,3.924));
#5620=VERTEX_POINT('',#5621);
#5619=EDGE_CURVE('',#5620,#5561,#5624,.T.);
#5624=LINE('',#5621,#5626);
#5626=VECTOR('',#5627,1.5875127);
#5627=DIRECTION('',(1.0,0.0,0.0));
#5618=ORIENTED_EDGE('',*,*,#5619,.F.);
#5629=EDGE_CURVE('',#5602,#5620,#5634,.T.);
#5634=LINE('',#5603,#5636);
#5636=VECTOR('',#5637,2.54);
#5637=DIRECTION('',(0.0,1.0,0.0));
#5628=ORIENTED_EDGE('',*,*,#5629,.F.);
#5638=STYLED_ITEM('',(#43),#5639);
#5639=ADVANCED_FACE('',(#5645),#5640,.T.);
#5640=PLANE('',#5641);
#5641=AXIS2_PLACEMENT_3D('',#5642,#5643,#5644);
#5642=CARTESIAN_POINT('',(-12.7,0.159,3.627));
#5643=DIRECTION('',(-0.529,0.0,0.848));
#5644=DIRECTION('',(0.,0.,1.));
#5645=FACE_OUTER_BOUND('',#5646,.T.);
#5646=EDGE_LOOP('',(#5647,#5657,#5667,#5677));
#5652=CARTESIAN_POINT('',(-12.7,0.159,3.627));
#5651=VERTEX_POINT('',#5652);
#5648=EDGE_CURVE('',#5602,#5651,#5653,.T.);
#5653=LINE('',#5603,#5655);
#5655=VECTOR('',#5656,0.583375989590457);
#5656=DIRECTION('',(-0.816,0.272,-0.509));
#5647=ORIENTED_EDGE('',*,*,#5648,.F.);
#5657=ORIENTED_EDGE('',*,*,#5629,.T.);
#5670=CARTESIAN_POINT('',(-12.7,2.381,3.627));
#5669=VERTEX_POINT('',#5670);
#5668=EDGE_CURVE('',#5669,#5620,#5673,.T.);
#5673=LINE('',#5670,#5675);
#5675=VECTOR('',#5676,0.583375989590457);
#5676=DIRECTION('',(0.816,0.272,0.509));
#5667=ORIENTED_EDGE('',*,*,#5668,.F.);
#5678=EDGE_CURVE('',#5651,#5669,#5683,.T.);
#5683=LINE('',#5652,#5685);
#5685=VECTOR('',#5686,2.2224873);
#5686=DIRECTION('',(0.0,1.0,0.0));
#5677=ORIENTED_EDGE('',*,*,#5678,.F.);
#5687=STYLED_ITEM('',(#43),#5688);
#5688=ADVANCED_FACE('',(#5694),#5689,.T.);
#5689=PLANE('',#5690);
#5690=AXIS2_PLACEMENT_3D('',#5691,#5692,#5693);
#5691=CARTESIAN_POINT('',(-10.16,2.381,1.695));
#5692=DIRECTION('',(0.316,0.949,0.0));
#5693=DIRECTION('',(0.,0.,1.));
#5694=FACE_OUTER_BOUND('',#5695,.T.);
#5695=EDGE_LOOP('',(#5696,#5706,#5716,#5726));
#5699=CARTESIAN_POINT('',(-10.636,2.54,0.952));
#5698=VERTEX_POINT('',#5699);
#5697=EDGE_CURVE('',#5698,#5208,#5702,.T.);
#5702=LINE('',#5699,#5704);
#5704=VECTOR('',#5705,0.89665282876409);
#5705=DIRECTION('',(0.531,-0.177,0.829));
#5696=ORIENTED_EDGE('',*,*,#5697,.F.);
#5707=EDGE_CURVE('',#5561,#5698,#5712,.T.);
#5712=LINE('',#5562,#5714);
#5714=VECTOR('',#5715,2.9718);
#5715=DIRECTION('',(0.0,0.0,-1.0));
#5706=ORIENTED_EDGE('',*,*,#5707,.F.);
#5716=ORIENTED_EDGE('',*,*,#5560,.T.);
#5726=ORIENTED_EDGE('',*,*,#5217,.T.);
#5736=STYLED_ITEM('',(#43),#5737);
#5737=ADVANCED_FACE('',(#5743),#5738,.T.);
#5738=PLANE('',#5739);
#5739=AXIS2_PLACEMENT_3D('',#5740,#5741,#5742);
#5740=CARTESIAN_POINT('',(-10.636,2.54,0.952));
#5741=DIRECTION('',(0.0,1.0,0.0));
#5742=DIRECTION('',(0.,0.,1.));
#5743=FACE_OUTER_BOUND('',#5744,.T.);
#5744=EDGE_LOOP('',(#5745,#5755,#5765,#5775));
#5748=CARTESIAN_POINT('',(-12.224,2.54,0.952));
#5747=VERTEX_POINT('',#5748);
#5746=EDGE_CURVE('',#5747,#5698,#5751,.T.);
#5751=LINE('',#5748,#5753);
#5753=VECTOR('',#5754,1.5875127);
#5754=DIRECTION('',(1.0,0.0,0.0));
#5745=ORIENTED_EDGE('',*,*,#5746,.F.);
#5756=EDGE_CURVE('',#5620,#5747,#5761,.T.);
#5761=LINE('',#5621,#5763);
#5763=VECTOR('',#5764,2.9718);
#5764=DIRECTION('',(0.0,0.0,-1.0));
#5755=ORIENTED_EDGE('',*,*,#5756,.F.);
#5765=ORIENTED_EDGE('',*,*,#5619,.T.);
#5775=ORIENTED_EDGE('',*,*,#5707,.T.);
#5785=STYLED_ITEM('',(#43),#5786);
#5786=ADVANCED_FACE('',(#5792),#5787,.T.);
#5787=PLANE('',#5788);
#5788=AXIS2_PLACEMENT_3D('',#5789,#5790,#5791);
#5789=CARTESIAN_POINT('',(-12.224,2.54,0.952));
#5790=DIRECTION('',(-0.316,0.949,0.0));
#5791=DIRECTION('',(0.,0.,1.));
#5792=FACE_OUTER_BOUND('',#5793,.T.);
#5793=EDGE_LOOP('',(#5794,#5804,#5814,#5824));
#5797=CARTESIAN_POINT('',(-12.7,2.381,1.695));
#5796=VERTEX_POINT('',#5797);
#5795=EDGE_CURVE('',#5796,#5747,#5800,.T.);
#5800=LINE('',#5797,#5802);
#5802=VECTOR('',#5803,0.89665282876409);
#5803=DIRECTION('',(0.531,0.177,-0.829));
#5794=ORIENTED_EDGE('',*,*,#5795,.F.);
#5805=EDGE_CURVE('',#5669,#5796,#5810,.T.);
#5810=LINE('',#5670,#5812);
#5812=VECTOR('',#5813,1.93167);
#5813=DIRECTION('',(0.0,0.0,-1.0));
#5804=ORIENTED_EDGE('',*,*,#5805,.F.);
#5814=ORIENTED_EDGE('',*,*,#5668,.T.);
#5824=ORIENTED_EDGE('',*,*,#5756,.T.);
#5834=STYLED_ITEM('',(#43),#5835);
#5835=ADVANCED_FACE('',(#5841),#5836,.T.);
#5836=PLANE('',#5837);
#5837=AXIS2_PLACEMENT_3D('',#5838,#5839,#5840);
#5838=CARTESIAN_POINT('',(-12.7,0.159,1.695));
#5839=DIRECTION('',(-0.316,-0.949,0.0));
#5840=DIRECTION('',(0.,0.,1.));
#5841=FACE_OUTER_BOUND('',#5842,.T.);
#5842=EDGE_LOOP('',(#5843,#5853,#5863,#5873));
#5846=CARTESIAN_POINT('',(-12.224,0.0,0.952));
#5845=VERTEX_POINT('',#5846);
#5848=CARTESIAN_POINT('',(-12.7,0.159,1.695));
#5847=VERTEX_POINT('',#5848);
#5844=EDGE_CURVE('',#5845,#5847,#5849,.T.);
#5849=LINE('',#5846,#5851);
#5851=VECTOR('',#5852,0.89665282876409);
#5852=DIRECTION('',(-0.531,0.177,0.829));
#5843=ORIENTED_EDGE('',*,*,#5844,.F.);
#5854=EDGE_CURVE('',#5602,#5845,#5859,.T.);
#5859=LINE('',#5603,#5861);
#5861=VECTOR('',#5862,2.9718);
#5862=DIRECTION('',(0.0,0.0,-1.0));
#5853=ORIENTED_EDGE('',*,*,#5854,.F.);
#5863=ORIENTED_EDGE('',*,*,#5648,.T.);
#5874=EDGE_CURVE('',#5847,#5651,#5879,.T.);
#5879=LINE('',#5848,#5881);
#5881=VECTOR('',#5882,1.93167);
#5882=DIRECTION('',(0.0,0.0,1.0));
#5873=ORIENTED_EDGE('',*,*,#5874,.F.);
#5883=STYLED_ITEM('',(#43),#5884);
#5884=ADVANCED_FACE('',(#5890),#5885,.T.);
#5885=PLANE('',#5886);
#5886=AXIS2_PLACEMENT_3D('',#5887,#5888,#5889);
#5887=CARTESIAN_POINT('',(-12.224,0.0,0.952));
#5888=DIRECTION('',(0.0,-1.0,0.0));
#5889=DIRECTION('',(0.,0.,1.));
#5890=FACE_OUTER_BOUND('',#5891,.T.);
#5891=EDGE_LOOP('',(#5892,#5902,#5912,#5922));
#5895=CARTESIAN_POINT('',(-10.636,0.0,0.952));
#5894=VERTEX_POINT('',#5895);
#5893=EDGE_CURVE('',#5894,#5845,#5898,.T.);
#5898=LINE('',#5895,#5900);
#5900=VECTOR('',#5901,1.5875127);
#5901=DIRECTION('',(-1.0,0.0,0.0));
#5892=ORIENTED_EDGE('',*,*,#5893,.F.);
#5903=EDGE_CURVE('',#5571,#5894,#5908,.T.);
#5908=LINE('',#5572,#5910);
#5910=VECTOR('',#5911,2.9718);
#5911=DIRECTION('',(0.0,0.0,-1.0));
#5902=ORIENTED_EDGE('',*,*,#5903,.F.);
#5912=ORIENTED_EDGE('',*,*,#5599,.T.);
#5922=ORIENTED_EDGE('',*,*,#5854,.T.);
#5932=STYLED_ITEM('',(#43),#5933);
#5933=ADVANCED_FACE('',(#5939),#5934,.T.);
#5934=PLANE('',#5935);
#5935=AXIS2_PLACEMENT_3D('',#5936,#5937,#5938);
#5936=CARTESIAN_POINT('',(-10.636,0.0,0.952));
#5937=DIRECTION('',(0.316,-0.949,0.0));
#5938=DIRECTION('',(0.,0.,1.));
#5939=FACE_OUTER_BOUND('',#5940,.T.);
#5940=EDGE_LOOP('',(#5941,#5951,#5961,#5971));
#5942=EDGE_CURVE('',#5259,#5894,#5947,.T.);
#5947=LINE('',#5260,#5949);
#5949=VECTOR('',#5950,0.89665282876409);
#5950=DIRECTION('',(-0.531,-0.177,-0.829));
#5941=ORIENTED_EDGE('',*,*,#5942,.F.);
#5951=ORIENTED_EDGE('',*,*,#5286,.T.);
#5961=ORIENTED_EDGE('',*,*,#5580,.T.);
#5971=ORIENTED_EDGE('',*,*,#5903,.T.);
#5981=STYLED_ITEM('',(#43),#5982);
#5982=ADVANCED_FACE('',(#5988),#5983,.T.);
#5983=PLANE('',#5984);
#5984=AXIS2_PLACEMENT_3D('',#5985,#5986,#5987);
#5985=CARTESIAN_POINT('',(-10.636,0.0,0.952));
#5986=DIRECTION('',(0.842,0.0,-0.54));
#5987=DIRECTION('',(0.,0.,1.));
#5988=FACE_OUTER_BOUND('',#5989,.T.);
#5989=EDGE_LOOP('',(#5990,#6000,#6010,#6020));
#5991=EDGE_CURVE('',#5698,#5894,#5996,.T.);
#5996=LINE('',#5699,#5998);
#5998=VECTOR('',#5999,2.54);
#5999=DIRECTION('',(0.0,-1.0,0.0));
#5990=ORIENTED_EDGE('',*,*,#5991,.F.);
#6000=ORIENTED_EDGE('',*,*,#5697,.T.);
#6010=ORIENTED_EDGE('',*,*,#5521,.T.);
#6020=ORIENTED_EDGE('',*,*,#5942,.T.);
#6030=STYLED_ITEM('',(#43),#6031);
#6031=ADVANCED_FACE('',(#6037),#6032,.T.);
#6032=PLANE('',#6033);
#6033=AXIS2_PLACEMENT_3D('',#6034,#6035,#6036);
#6034=CARTESIAN_POINT('',(-12.224,2.54,0.952));
#6035=DIRECTION('',(0.0,0.0,-1.0));
#6036=DIRECTION('',(0.,1.,0.));
#6037=FACE_OUTER_BOUND('',#6038,.T.);
#6038=EDGE_LOOP('',(#6039,#6049,#6059,#6069));
#6039=ORIENTED_EDGE('',*,*,#5746,.T.);
#6049=ORIENTED_EDGE('',*,*,#5991,.T.);
#6059=ORIENTED_EDGE('',*,*,#5893,.T.);
#6070=EDGE_CURVE('',#5747,#5845,#6075,.T.);
#6075=LINE('',#5748,#6077);
#6077=VECTOR('',#6078,2.54);
#6078=DIRECTION('',(0.0,-1.0,0.0));
#6069=ORIENTED_EDGE('',*,*,#6070,.F.);
#6079=STYLED_ITEM('',(#43),#6080);
#6080=ADVANCED_FACE('',(#6086),#6081,.T.);
#6081=PLANE('',#6082);
#6082=AXIS2_PLACEMENT_3D('',#6083,#6084,#6085);
#6083=CARTESIAN_POINT('',(-12.224,2.54,0.952));
#6084=DIRECTION('',(-0.842,0.0,-0.54));
#6085=DIRECTION('',(0.,0.,1.));
#6086=FACE_OUTER_BOUND('',#6087,.T.);
#6087=EDGE_LOOP('',(#6088,#6098,#6108,#6118));
#6088=ORIENTED_EDGE('',*,*,#6070,.T.);
#6098=ORIENTED_EDGE('',*,*,#5844,.T.);
#6109=EDGE_CURVE('',#5796,#5847,#6114,.T.);
#6114=LINE('',#5797,#6116);
#6116=VECTOR('',#6117,2.2224873);
#6117=DIRECTION('',(0.0,-1.0,0.0));
#6108=ORIENTED_EDGE('',*,*,#6109,.F.);
#6118=ORIENTED_EDGE('',*,*,#5795,.T.);
#6128=STYLED_ITEM('',(#43),#6129);
#6129=ADVANCED_FACE('',(#6135),#6130,.T.);
#6130=PLANE('',#6131);
#6131=AXIS2_PLACEMENT_3D('',#6132,#6133,#6134);
#6132=CARTESIAN_POINT('',(-12.7,2.381,1.695));
#6133=DIRECTION('',(-1.0,0.0,0.0));
#6134=DIRECTION('',(0.,0.,1.));
#6135=FACE_OUTER_BOUND('',#6136,.T.);
#6136=EDGE_LOOP('',(#6137,#6147,#6157,#6167));
#6137=ORIENTED_EDGE('',*,*,#6109,.T.);
#6147=ORIENTED_EDGE('',*,*,#5874,.T.);
#6157=ORIENTED_EDGE('',*,*,#5678,.T.);
#6167=ORIENTED_EDGE('',*,*,#5805,.T.);
#6177=MANIFOLD_SOLID_BREP($,#6178);
#6178=CLOSED_SHELL('',(#6180,#6229,#6278,#6327,#6376,#6425,#6474,#6523,#6572,#6621,#6670,#6719,#6768,#6817,#6866,#6915,#6964,#7013,#7062,#7111,#7160,#7209,#7258,#7307,#7356,#7405,#7454,#7503,#7552,#7601,#7650,#7699,#7748,#7797,#7846,#7895,#7944,#7993,#8042,#8091,#8140,#8189,#8238,#8287,#8336,#8385,#8434,#8483,#8532,#8581,#8630,#8679,#8728,#8777,#8826,#8875,#8924,#8973,#9022,#9071,#9120,#9169,#9218,#9267,#9316,#9365,#9414,#9463,#9512,#9561,#9610,#9659,#9708,#9757,#9806,#9855,#9904,#9953,#10002,#10051,#10100,#10149,#10198,#10247,#10296,#10345,#10394,#10443,#10492,#10541,#10590,#10639,#10688,#10737,#10786,#10835,#10884,#10933,#10982,#11031,#11080,#11129,#11178,#11227,#11276,#11325,#11374,#11423,#11472,#11521,#11570,#11619,#11668,#11717,#11766,#11815,#11864,#11913,#11962,#12011,#12060,#12109));
#6179=STYLED_ITEM('',(#43),#6180);
#6180=ADVANCED_FACE('',(#6186),#6181,.T.);
#6181=PLANE('',#6182);
#6182=AXIS2_PLACEMENT_3D('',#6183,#6184,#6185);
#6183=CARTESIAN_POINT('',(12.7,-2.381,3.627));
#6184=DIRECTION('',(0.529,0.0,0.848));
#6185=DIRECTION('',(0.,0.,1.));
#6186=FACE_OUTER_BOUND('',#6187,.T.);
#6187=EDGE_LOOP('',(#6188,#6198,#6208,#6218));
#6191=CARTESIAN_POINT('',(12.7,-0.159,3.627));
#6190=VERTEX_POINT('',#6191);
#6193=CARTESIAN_POINT('',(12.7,-2.381,3.627));
#6192=VERTEX_POINT('',#6193);
#6189=EDGE_CURVE('',#6190,#6192,#6194,.T.);
#6194=LINE('',#6191,#6196);
#6196=VECTOR('',#6197,2.2224873);
#6197=DIRECTION('',(0.0,-1.0,0.0));
#6188=ORIENTED_EDGE('',*,*,#6189,.F.);
#6201=CARTESIAN_POINT('',(12.224,0.0,3.924));
#6200=VERTEX_POINT('',#6201);
#6199=EDGE_CURVE('',#6200,#6190,#6204,.T.);
#6204=LINE('',#6201,#6206);
#6206=VECTOR('',#6207,0.583375989590457);
#6207=DIRECTION('',(0.816,-0.272,-0.509));
#6198=ORIENTED_EDGE('',*,*,#6199,.F.);
#6211=CARTESIAN_POINT('',(12.224,-2.54,3.924));
#6210=VERTEX_POINT('',#6211);
#6209=EDGE_CURVE('',#6210,#6200,#6214,.T.);
#6214=LINE('',#6211,#6216);
#6216=VECTOR('',#6217,2.54);
#6217=DIRECTION('',(0.0,1.0,0.0));
#6208=ORIENTED_EDGE('',*,*,#6209,.F.);
#6219=EDGE_CURVE('',#6192,#6210,#6224,.T.);
#6224=LINE('',#6193,#6226);
#6226=VECTOR('',#6227,0.583375989590457);
#6227=DIRECTION('',(-0.816,-0.272,0.509));
#6218=ORIENTED_EDGE('',*,*,#6219,.F.);
#6228=STYLED_ITEM('',(#43),#6229);
#6229=ADVANCED_FACE('',(#6235),#6230,.T.);
#6230=PLANE('',#6231);
#6231=AXIS2_PLACEMENT_3D('',#6232,#6233,#6234);
#6232=CARTESIAN_POINT('',(10.636,-2.54,3.924));
#6233=DIRECTION('',(0.0,0.0,1.0));
#6234=DIRECTION('',(0.,1.,0.));
#6235=FACE_OUTER_BOUND('',#6236,.T.);
#6236=EDGE_LOOP('',(#6237,#6247,#6257,#6267));
#6242=CARTESIAN_POINT('',(10.636,-2.54,3.924));
#6241=VERTEX_POINT('',#6242);
#6238=EDGE_CURVE('',#6210,#6241,#6243,.T.);
#6243=LINE('',#6211,#6245);
#6245=VECTOR('',#6246,1.5875127);
#6246=DIRECTION('',(-1.0,0.0,0.0));
#6237=ORIENTED_EDGE('',*,*,#6238,.F.);
#6247=ORIENTED_EDGE('',*,*,#6209,.T.);
#6260=CARTESIAN_POINT('',(10.636,0.0,3.924));
#6259=VERTEX_POINT('',#6260);
#6258=EDGE_CURVE('',#6259,#6200,#6263,.T.);
#6263=LINE('',#6260,#6265);
#6265=VECTOR('',#6266,1.5875127);
#6266=DIRECTION('',(1.0,0.0,0.0));
#6257=ORIENTED_EDGE('',*,*,#6258,.F.);
#6268=EDGE_CURVE('',#6241,#6259,#6273,.T.);
#6273=LINE('',#6242,#6275);
#6275=VECTOR('',#6276,2.54);
#6276=DIRECTION('',(0.0,1.0,0.0));
#6267=ORIENTED_EDGE('',*,*,#6268,.F.);
#6277=STYLED_ITEM('',(#43),#6278);
#6278=ADVANCED_FACE('',(#6284),#6279,.T.);
#6279=PLANE('',#6280);
#6280=AXIS2_PLACEMENT_3D('',#6281,#6282,#6283);
#6281=CARTESIAN_POINT('',(10.16,-2.381,3.627));
#6282=DIRECTION('',(-0.529,0.0,0.848));
#6283=DIRECTION('',(0.,0.,1.));
#6284=FACE_OUTER_BOUND('',#6285,.T.);
#6285=EDGE_LOOP('',(#6286,#6296,#6306,#6316));
#6291=CARTESIAN_POINT('',(10.16,-2.381,3.627));
#6290=VERTEX_POINT('',#6291);
#6287=EDGE_CURVE('',#6241,#6290,#6292,.T.);
#6292=LINE('',#6242,#6294);
#6294=VECTOR('',#6295,0.583375989590457);
#6295=DIRECTION('',(-0.816,0.272,-0.509));
#6286=ORIENTED_EDGE('',*,*,#6287,.F.);
#6296=ORIENTED_EDGE('',*,*,#6268,.T.);
#6309=CARTESIAN_POINT('',(10.16,-0.159,3.627));
#6308=VERTEX_POINT('',#6309);
#6307=EDGE_CURVE('',#6308,#6259,#6312,.T.);
#6312=LINE('',#6309,#6314);
#6314=VECTOR('',#6315,0.583375989590457);
#6315=DIRECTION('',(0.816,0.272,0.509));
#6306=ORIENTED_EDGE('',*,*,#6307,.F.);
#6317=EDGE_CURVE('',#6290,#6308,#6322,.T.);
#6322=LINE('',#6291,#6324);
#6324=VECTOR('',#6325,2.2224873);
#6325=DIRECTION('',(0.0,1.0,0.0));
#6316=ORIENTED_EDGE('',*,*,#6317,.F.);
#6326=STYLED_ITEM('',(#43),#6327);
#6327=ADVANCED_FACE('',(#6333),#6328,.T.);
#6328=PLANE('',#6329);
#6329=AXIS2_PLACEMENT_3D('',#6330,#6331,#6332);
#6330=CARTESIAN_POINT('',(12.7,-2.381,1.695));
#6331=DIRECTION('',(1.0,0.0,0.0));
#6332=DIRECTION('',(0.,0.,1.));
#6333=FACE_OUTER_BOUND('',#6334,.T.);
#6334=EDGE_LOOP('',(#6335,#6345,#6355,#6365));
#6338=CARTESIAN_POINT('',(12.7,-0.159,1.695));
#6337=VERTEX_POINT('',#6338);
#6340=CARTESIAN_POINT('',(12.7,-2.381,1.695));
#6339=VERTEX_POINT('',#6340);
#6336=EDGE_CURVE('',#6337,#6339,#6341,.T.);
#6341=LINE('',#6338,#6343);
#6343=VECTOR('',#6344,2.2224873);
#6344=DIRECTION('',(0.0,-1.0,0.0));
#6335=ORIENTED_EDGE('',*,*,#6336,.F.);
#6346=EDGE_CURVE('',#6190,#6337,#6351,.T.);
#6351=LINE('',#6191,#6353);
#6353=VECTOR('',#6354,1.93167);
#6354=DIRECTION('',(0.0,0.0,-1.0));
#6345=ORIENTED_EDGE('',*,*,#6346,.F.);
#6355=ORIENTED_EDGE('',*,*,#6189,.T.);
#6366=EDGE_CURVE('',#6339,#6192,#6371,.T.);
#6371=LINE('',#6340,#6373);
#6373=VECTOR('',#6374,1.93167);
#6374=DIRECTION('',(0.0,0.0,1.0));
#6365=ORIENTED_EDGE('',*,*,#6366,.F.);
#6375=STYLED_ITEM('',(#43),#6376);
#6376=ADVANCED_FACE('',(#6382),#6377,.T.);
#6377=PLANE('',#6378);
#6378=AXIS2_PLACEMENT_3D('',#6379,#6380,#6381);
#6379=CARTESIAN_POINT('',(12.7,-0.159,1.695));
#6380=DIRECTION('',(0.316,0.949,0.0));
#6381=DIRECTION('',(0.,0.,1.));
#6382=FACE_OUTER_BOUND('',#6383,.T.);
#6383=EDGE_LOOP('',(#6384,#6394,#6404,#6414));
#6387=CARTESIAN_POINT('',(12.224,0.0,0.952));
#6386=VERTEX_POINT('',#6387);
#6385=EDGE_CURVE('',#6386,#6337,#6390,.T.);
#6390=LINE('',#6387,#6392);
#6392=VECTOR('',#6393,0.89665282876409);
#6393=DIRECTION('',(0.531,-0.177,0.829));
#6384=ORIENTED_EDGE('',*,*,#6385,.F.);
#6395=EDGE_CURVE('',#6200,#6386,#6400,.T.);
#6400=LINE('',#6201,#6402);
#6402=VECTOR('',#6403,2.9718);
#6403=DIRECTION('',(0.0,0.0,-1.0));
#6394=ORIENTED_EDGE('',*,*,#6395,.F.);
#6404=ORIENTED_EDGE('',*,*,#6199,.T.);
#6414=ORIENTED_EDGE('',*,*,#6346,.T.);
#6424=STYLED_ITEM('',(#43),#6425);
#6425=ADVANCED_FACE('',(#6431),#6426,.T.);
#6426=PLANE('',#6427);
#6427=AXIS2_PLACEMENT_3D('',#6428,#6429,#6430);
#6428=CARTESIAN_POINT('',(12.224,0.0,0.952));
#6429=DIRECTION('',(0.0,1.0,0.0));
#6430=DIRECTION('',(0.,0.,1.));
#6431=FACE_OUTER_BOUND('',#6432,.T.);
#6432=EDGE_LOOP('',(#6433,#6443,#6453,#6463));
#6436=CARTESIAN_POINT('',(10.636,0.0,0.952));
#6435=VERTEX_POINT('',#6436);
#6434=EDGE_CURVE('',#6435,#6386,#6439,.T.);
#6439=LINE('',#6436,#6441);
#6441=VECTOR('',#6442,1.5875127);
#6442=DIRECTION('',(1.0,0.0,0.0));
#6433=ORIENTED_EDGE('',*,*,#6434,.F.);
#6444=EDGE_CURVE('',#6259,#6435,#6449,.T.);
#6449=LINE('',#6260,#6451);
#6451=VECTOR('',#6452,2.9718);
#6452=DIRECTION('',(0.0,0.0,-1.0));
#6443=ORIENTED_EDGE('',*,*,#6444,.F.);
#6453=ORIENTED_EDGE('',*,*,#6258,.T.);
#6463=ORIENTED_EDGE('',*,*,#6395,.T.);
#6473=STYLED_ITEM('',(#43),#6474);
#6474=ADVANCED_FACE('',(#6480),#6475,.T.);
#6475=PLANE('',#6476);
#6476=AXIS2_PLACEMENT_3D('',#6477,#6478,#6479);
#6477=CARTESIAN_POINT('',(10.636,0.0,0.952));
#6478=DIRECTION('',(-0.316,0.949,0.0));
#6479=DIRECTION('',(0.,0.,1.));
#6480=FACE_OUTER_BOUND('',#6481,.T.);
#6481=EDGE_LOOP('',(#6482,#6492,#6502,#6512));
#6485=CARTESIAN_POINT('',(10.16,-0.159,1.695));
#6484=VERTEX_POINT('',#6485);
#6483=EDGE_CURVE('',#6484,#6435,#6488,.T.);
#6488=LINE('',#6485,#6490);
#6490=VECTOR('',#6491,0.89665282876409);
#6491=DIRECTION('',(0.531,0.177,-0.829));
#6482=ORIENTED_EDGE('',*,*,#6483,.F.);
#6493=EDGE_CURVE('',#6308,#6484,#6498,.T.);
#6498=LINE('',#6309,#6500);
#6500=VECTOR('',#6501,1.93167);
#6501=DIRECTION('',(0.0,0.0,-1.0));
#6492=ORIENTED_EDGE('',*,*,#6493,.F.);
#6502=ORIENTED_EDGE('',*,*,#6307,.T.);
#6512=ORIENTED_EDGE('',*,*,#6444,.T.);
#6522=STYLED_ITEM('',(#43),#6523);
#6523=ADVANCED_FACE('',(#6529),#6524,.T.);
#6524=PLANE('',#6525);
#6525=AXIS2_PLACEMENT_3D('',#6526,#6527,#6528);
#6526=CARTESIAN_POINT('',(10.16,-2.381,1.695));
#6527=DIRECTION('',(-0.316,-0.949,0.0));
#6528=DIRECTION('',(0.,0.,1.));
#6529=FACE_OUTER_BOUND('',#6530,.T.);
#6530=EDGE_LOOP('',(#6531,#6541,#6551,#6561));
#6534=CARTESIAN_POINT('',(10.636,-2.54,0.952));
#6533=VERTEX_POINT('',#6534);
#6536=CARTESIAN_POINT('',(10.16,-2.381,1.695));
#6535=VERTEX_POINT('',#6536);
#6532=EDGE_CURVE('',#6533,#6535,#6537,.T.);
#6537=LINE('',#6534,#6539);
#6539=VECTOR('',#6540,0.89665282876409);
#6540=DIRECTION('',(-0.531,0.177,0.829));
#6531=ORIENTED_EDGE('',*,*,#6532,.F.);
#6542=EDGE_CURVE('',#6241,#6533,#6547,.T.);
#6547=LINE('',#6242,#6549);
#6549=VECTOR('',#6550,2.9718);
#6550=DIRECTION('',(0.0,0.0,-1.0));
#6541=ORIENTED_EDGE('',*,*,#6542,.F.);
#6551=ORIENTED_EDGE('',*,*,#6287,.T.);
#6562=EDGE_CURVE('',#6535,#6290,#6567,.T.);
#6567=LINE('',#6536,#6569);
#6569=VECTOR('',#6570,1.93167);
#6570=DIRECTION('',(0.0,0.0,1.0));
#6561=ORIENTED_EDGE('',*,*,#6562,.F.);
#6571=STYLED_ITEM('',(#43),#6572);
#6572=ADVANCED_FACE('',(#6578),#6573,.T.);
#6573=PLANE('',#6574);
#6574=AXIS2_PLACEMENT_3D('',#6575,#6576,#6577);
#6575=CARTESIAN_POINT('',(10.636,-2.54,0.952));
#6576=DIRECTION('',(0.0,-1.0,0.0));
#6577=DIRECTION('',(0.,0.,1.));
#6578=FACE_OUTER_BOUND('',#6579,.T.);
#6579=EDGE_LOOP('',(#6580,#6590,#6600,#6610));
#6583=CARTESIAN_POINT('',(12.224,-2.54,0.952));
#6582=VERTEX_POINT('',#6583);
#6581=EDGE_CURVE('',#6582,#6533,#6586,.T.);
#6586=LINE('',#6583,#6588);
#6588=VECTOR('',#6589,1.5875127);
#6589=DIRECTION('',(-1.0,0.0,0.0));
#6580=ORIENTED_EDGE('',*,*,#6581,.F.);
#6591=EDGE_CURVE('',#6210,#6582,#6596,.T.);
#6596=LINE('',#6211,#6598);
#6598=VECTOR('',#6599,2.9718);
#6599=DIRECTION('',(0.0,0.0,-1.0));
#6590=ORIENTED_EDGE('',*,*,#6591,.F.);
#6600=ORIENTED_EDGE('',*,*,#6238,.T.);
#6610=ORIENTED_EDGE('',*,*,#6542,.T.);
#6620=STYLED_ITEM('',(#43),#6621);
#6621=ADVANCED_FACE('',(#6627),#6622,.T.);
#6622=PLANE('',#6623);
#6623=AXIS2_PLACEMENT_3D('',#6624,#6625,#6626);
#6624=CARTESIAN_POINT('',(12.224,-2.54,0.952));
#6625=DIRECTION('',(0.316,-0.949,0.0));
#6626=DIRECTION('',(0.,0.,1.));
#6627=FACE_OUTER_BOUND('',#6628,.T.);
#6628=EDGE_LOOP('',(#6629,#6639,#6649,#6659));
#6630=EDGE_CURVE('',#6339,#6582,#6635,.T.);
#6635=LINE('',#6340,#6637);
#6637=VECTOR('',#6638,0.89665282876409);
#6638=DIRECTION('',(-0.531,-0.177,-0.829));
#6629=ORIENTED_EDGE('',*,*,#6630,.F.);
#6639=ORIENTED_EDGE('',*,*,#6366,.T.);
#6649=ORIENTED_EDGE('',*,*,#6219,.T.);
#6659=ORIENTED_EDGE('',*,*,#6591,.T.);
#6669=STYLED_ITEM('',(#43),#6670);
#6670=ADVANCED_FACE('',(#6676),#6671,.T.);
#6671=PLANE('',#6672);
#6672=AXIS2_PLACEMENT_3D('',#6673,#6674,#6675);
#6673=CARTESIAN_POINT('',(12.224,-2.54,0.952));
#6674=DIRECTION('',(0.842,0.0,-0.54));
#6675=DIRECTION('',(0.,0.,1.));
#6676=FACE_OUTER_BOUND('',#6677,.T.);
#6677=EDGE_LOOP('',(#6678,#6688,#6698,#6708));
#6679=EDGE_CURVE('',#6386,#6582,#6684,.T.);
#6684=LINE('',#6387,#6686);
#6686=VECTOR('',#6687,2.54);
#6687=DIRECTION('',(0.0,-1.0,0.0));
#6678=ORIENTED_EDGE('',*,*,#6679,.F.);
#6688=ORIENTED_EDGE('',*,*,#6385,.T.);
#6698=ORIENTED_EDGE('',*,*,#6336,.T.);
#6708=ORIENTED_EDGE('',*,*,#6630,.T.);
#6718=STYLED_ITEM('',(#43),#6719);
#6719=ADVANCED_FACE('',(#6725),#6720,.T.);
#6720=PLANE('',#6721);
#6721=AXIS2_PLACEMENT_3D('',#6722,#6723,#6724);
#6722=CARTESIAN_POINT('',(10.636,0.0,0.952));
#6723=DIRECTION('',(0.0,0.0,-1.0));
#6724=DIRECTION('',(0.,1.,0.));
#6725=FACE_OUTER_BOUND('',#6726,.T.);
#6726=EDGE_LOOP('',(#6727,#6737,#6747,#6757));
#6727=ORIENTED_EDGE('',*,*,#6434,.T.);
#6737=ORIENTED_EDGE('',*,*,#6679,.T.);
#6747=ORIENTED_EDGE('',*,*,#6581,.T.);
#6758=EDGE_CURVE('',#6435,#6533,#6763,.T.);
#6763=LINE('',#6436,#6765);
#6765=VECTOR('',#6766,2.54);
#6766=DIRECTION('',(0.0,-1.0,0.0));
#6757=ORIENTED_EDGE('',*,*,#6758,.F.);
#6767=STYLED_ITEM('',(#43),#6768);
#6768=ADVANCED_FACE('',(#6774),#6769,.T.);
#6769=PLANE('',#6770);
#6770=AXIS2_PLACEMENT_3D('',#6771,#6772,#6773);
#6771=CARTESIAN_POINT('',(10.636,0.0,0.952));
#6772=DIRECTION('',(-0.842,0.0,-0.54));
#6773=DIRECTION('',(0.,0.,1.));
#6774=FACE_OUTER_BOUND('',#6775,.T.);
#6775=EDGE_LOOP('',(#6776,#6786,#6796,#6806));
#6776=ORIENTED_EDGE('',*,*,#6758,.T.);
#6786=ORIENTED_EDGE('',*,*,#6532,.T.);
#6797=EDGE_CURVE('',#6484,#6535,#6802,.T.);
#6802=LINE('',#6485,#6804);
#6804=VECTOR('',#6805,2.2224873);
#6805=DIRECTION('',(0.0,-1.0,0.0));
#6796=ORIENTED_EDGE('',*,*,#6797,.F.);
#6806=ORIENTED_EDGE('',*,*,#6483,.T.);
#6816=STYLED_ITEM('',(#43),#6817);
#6817=ADVANCED_FACE('',(#6823),#6818,.T.);
#6818=PLANE('',#6819);
#6819=AXIS2_PLACEMENT_3D('',#6820,#6821,#6822);
#6820=CARTESIAN_POINT('',(10.16,-2.381,3.627));
#6821=DIRECTION('',(0.529,0.0,0.848));
#6822=DIRECTION('',(0.,0.,1.));
#6823=FACE_OUTER_BOUND('',#6824,.T.);
#6824=EDGE_LOOP('',(#6825,#6835,#6845,#6855));
#6825=ORIENTED_EDGE('',*,*,#6317,.T.);
#6838=CARTESIAN_POINT('',(9.684,0.0,3.924));
#6837=VERTEX_POINT('',#6838);
#6836=EDGE_CURVE('',#6837,#6308,#6841,.T.);
#6841=LINE('',#6838,#6843);
#6843=VECTOR('',#6844,0.583375989590457);
#6844=DIRECTION('',(0.816,-0.272,-0.509));
#6835=ORIENTED_EDGE('',*,*,#6836,.F.);
#6848=CARTESIAN_POINT('',(9.684,-2.54,3.924));
#6847=VERTEX_POINT('',#6848);
#6846=EDGE_CURVE('',#6847,#6837,#6851,.T.);
#6851=LINE('',#6848,#6853);
#6853=VECTOR('',#6854,2.54);
#6854=DIRECTION('',(0.0,1.0,0.0));
#6845=ORIENTED_EDGE('',*,*,#6846,.F.);
#6856=EDGE_CURVE('',#6290,#6847,#6861,.T.);
#6861=LINE('',#6291,#6863);
#6863=VECTOR('',#6864,0.583375989590457);
#6864=DIRECTION('',(-0.816,-0.272,0.509));
#6855=ORIENTED_EDGE('',*,*,#6856,.F.);
#6865=STYLED_ITEM('',(#43),#6866);
#6866=ADVANCED_FACE('',(#6872),#6867,.T.);
#6867=PLANE('',#6868);
#6868=AXIS2_PLACEMENT_3D('',#6869,#6870,#6871);
#6869=CARTESIAN_POINT('',(8.096,-2.54,3.924));
#6870=DIRECTION('',(0.0,0.0,1.0));
#6871=DIRECTION('',(0.,1.,0.));
#6872=FACE_OUTER_BOUND('',#6873,.T.);
#6873=EDGE_LOOP('',(#6874,#6884,#6894,#6904));
#6879=CARTESIAN_POINT('',(8.096,-2.54,3.924));
#6878=VERTEX_POINT('',#6879);
#6875=EDGE_CURVE('',#6847,#6878,#6880,.T.);
#6880=LINE('',#6848,#6882);
#6882=VECTOR('',#6883,1.5875127);
#6883=DIRECTION('',(-1.0,0.0,0.0));
#6874=ORIENTED_EDGE('',*,*,#6875,.F.);
#6884=ORIENTED_EDGE('',*,*,#6846,.T.);
#6897=CARTESIAN_POINT('',(8.096,0.0,3.924));
#6896=VERTEX_POINT('',#6897);
#6895=EDGE_CURVE('',#6896,#6837,#6900,.T.);
#6900=LINE('',#6897,#6902);
#6902=VECTOR('',#6903,1.5875127);
#6903=DIRECTION('',(1.0,0.0,0.0));
#6894=ORIENTED_EDGE('',*,*,#6895,.F.);
#6905=EDGE_CURVE('',#6878,#6896,#6910,.T.);
#6910=LINE('',#6879,#6912);
#6912=VECTOR('',#6913,2.54);
#6913=DIRECTION('',(0.0,1.0,0.0));
#6904=ORIENTED_EDGE('',*,*,#6905,.F.);
#6914=STYLED_ITEM('',(#43),#6915);
#6915=ADVANCED_FACE('',(#6921),#6916,.T.);
#6916=PLANE('',#6917);
#6917=AXIS2_PLACEMENT_3D('',#6918,#6919,#6920);
#6918=CARTESIAN_POINT('',(7.62,-2.381,3.627));
#6919=DIRECTION('',(-0.529,0.0,0.848));
#6920=DIRECTION('',(0.,0.,1.));
#6921=FACE_OUTER_BOUND('',#6922,.T.);
#6922=EDGE_LOOP('',(#6923,#6933,#6943,#6953));
#6928=CARTESIAN_POINT('',(7.62,-2.381,3.627));
#6927=VERTEX_POINT('',#6928);
#6924=EDGE_CURVE('',#6878,#6927,#6929,.T.);
#6929=LINE('',#6879,#6931);
#6931=VECTOR('',#6932,0.583375989590457);
#6932=DIRECTION('',(-0.816,0.272,-0.509));
#6923=ORIENTED_EDGE('',*,*,#6924,.F.);
#6933=ORIENTED_EDGE('',*,*,#6905,.T.);
#6946=CARTESIAN_POINT('',(7.62,-0.159,3.627));
#6945=VERTEX_POINT('',#6946);
#6944=EDGE_CURVE('',#6945,#6896,#6949,.T.);
#6949=LINE('',#6946,#6951);
#6951=VECTOR('',#6952,0.583375989590457);
#6952=DIRECTION('',(0.816,0.272,0.509));
#6943=ORIENTED_EDGE('',*,*,#6944,.F.);
#6954=EDGE_CURVE('',#6927,#6945,#6959,.T.);
#6959=LINE('',#6928,#6961);
#6961=VECTOR('',#6962,2.2224873);
#6962=DIRECTION('',(0.0,1.0,0.0));
#6953=ORIENTED_EDGE('',*,*,#6954,.F.);
#6963=STYLED_ITEM('',(#43),#6964);
#6964=ADVANCED_FACE('',(#6970),#6965,.T.);
#6965=PLANE('',#6966);
#6966=AXIS2_PLACEMENT_3D('',#6967,#6968,#6969);
#6967=CARTESIAN_POINT('',(10.16,-0.159,1.695));
#6968=DIRECTION('',(0.316,0.949,0.0));
#6969=DIRECTION('',(0.,0.,1.));
#6970=FACE_OUTER_BOUND('',#6971,.T.);
#6971=EDGE_LOOP('',(#6972,#6982,#6992,#7002));
#6975=CARTESIAN_POINT('',(9.684,0.0,0.952));
#6974=VERTEX_POINT('',#6975);
#6973=EDGE_CURVE('',#6974,#6484,#6978,.T.);
#6978=LINE('',#6975,#6980);
#6980=VECTOR('',#6981,0.89665282876409);
#6981=DIRECTION('',(0.531,-0.177,0.829));
#6972=ORIENTED_EDGE('',*,*,#6973,.F.);
#6983=EDGE_CURVE('',#6837,#6974,#6988,.T.);
#6988=LINE('',#6838,#6990);
#6990=VECTOR('',#6991,2.9718);
#6991=DIRECTION('',(0.0,0.0,-1.0));
#6982=ORIENTED_EDGE('',*,*,#6983,.F.);
#6992=ORIENTED_EDGE('',*,*,#6836,.T.);
#7002=ORIENTED_EDGE('',*,*,#6493,.T.);
#7012=STYLED_ITEM('',(#43),#7013);
#7013=ADVANCED_FACE('',(#7019),#7014,.T.);
#7014=PLANE('',#7015);
#7015=AXIS2_PLACEMENT_3D('',#7016,#7017,#7018);
#7016=CARTESIAN_POINT('',(9.684,0.0,0.952));
#7017=DIRECTION('',(0.0,1.0,0.0));
#7018=DIRECTION('',(0.,0.,1.));
#7019=FACE_OUTER_BOUND('',#7020,.T.);
#7020=EDGE_LOOP('',(#7021,#7031,#7041,#7051));
#7024=CARTESIAN_POINT('',(8.096,0.0,0.952));
#7023=VERTEX_POINT('',#7024);
#7022=EDGE_CURVE('',#7023,#6974,#7027,.T.);
#7027=LINE('',#7024,#7029);
#7029=VECTOR('',#7030,1.5875127);
#7030=DIRECTION('',(1.0,0.0,0.0));
#7021=ORIENTED_EDGE('',*,*,#7022,.F.);
#7032=EDGE_CURVE('',#6896,#7023,#7037,.T.);
#7037=LINE('',#6897,#7039);
#7039=VECTOR('',#7040,2.9718);
#7040=DIRECTION('',(0.0,0.0,-1.0));
#7031=ORIENTED_EDGE('',*,*,#7032,.F.);
#7041=ORIENTED_EDGE('',*,*,#6895,.T.);
#7051=ORIENTED_EDGE('',*,*,#6983,.T.);
#7061=STYLED_ITEM('',(#43),#7062);
#7062=ADVANCED_FACE('',(#7068),#7063,.T.);
#7063=PLANE('',#7064);
#7064=AXIS2_PLACEMENT_3D('',#7065,#7066,#7067);
#7065=CARTESIAN_POINT('',(8.096,0.0,0.952));
#7066=DIRECTION('',(-0.316,0.949,0.0));
#7067=DIRECTION('',(0.,0.,1.));
#7068=FACE_OUTER_BOUND('',#7069,.T.);
#7069=EDGE_LOOP('',(#7070,#7080,#7090,#7100));
#7073=CARTESIAN_POINT('',(7.62,-0.159,1.695));
#7072=VERTEX_POINT('',#7073);
#7071=EDGE_CURVE('',#7072,#7023,#7076,.T.);
#7076=LINE('',#7073,#7078);
#7078=VECTOR('',#7079,0.89665282876409);
#7079=DIRECTION('',(0.531,0.177,-0.829));
#7070=ORIENTED_EDGE('',*,*,#7071,.F.);
#7081=EDGE_CURVE('',#6945,#7072,#7086,.T.);
#7086=LINE('',#6946,#7088);
#7088=VECTOR('',#7089,1.93167);
#7089=DIRECTION('',(0.0,0.0,-1.0));
#7080=ORIENTED_EDGE('',*,*,#7081,.F.);
#7090=ORIENTED_EDGE('',*,*,#6944,.T.);
#7100=ORIENTED_EDGE('',*,*,#7032,.T.);
#7110=STYLED_ITEM('',(#43),#7111);
#7111=ADVANCED_FACE('',(#7117),#7112,.T.);
#7112=PLANE('',#7113);
#7113=AXIS2_PLACEMENT_3D('',#7114,#7115,#7116);
#7114=CARTESIAN_POINT('',(7.62,-2.381,1.695));
#7115=DIRECTION('',(-0.316,-0.949,0.0));
#7116=DIRECTION('',(0.,0.,1.));
#7117=FACE_OUTER_BOUND('',#7118,.T.);
#7118=EDGE_LOOP('',(#7119,#7129,#7139,#7149));
#7122=CARTESIAN_POINT('',(8.096,-2.54,0.952));
#7121=VERTEX_POINT('',#7122);
#7124=CARTESIAN_POINT('',(7.62,-2.381,1.695));
#7123=VERTEX_POINT('',#7124);
#7120=EDGE_CURVE('',#7121,#7123,#7125,.T.);
#7125=LINE('',#7122,#7127);
#7127=VECTOR('',#7128,0.89665282876409);
#7128=DIRECTION('',(-0.531,0.177,0.829));
#7119=ORIENTED_EDGE('',*,*,#7120,.F.);
#7130=EDGE_CURVE('',#6878,#7121,#7135,.T.);
#7135=LINE('',#6879,#7137);
#7137=VECTOR('',#7138,2.9718);
#7138=DIRECTION('',(0.0,0.0,-1.0));
#7129=ORIENTED_EDGE('',*,*,#7130,.F.);
#7139=ORIENTED_EDGE('',*,*,#6924,.T.);
#7150=EDGE_CURVE('',#7123,#6927,#7155,.T.);
#7155=LINE('',#7124,#7157);
#7157=VECTOR('',#7158,1.93167);
#7158=DIRECTION('',(0.0,0.0,1.0));
#7149=ORIENTED_EDGE('',*,*,#7150,.F.);
#7159=STYLED_ITEM('',(#43),#7160);
#7160=ADVANCED_FACE('',(#7166),#7161,.T.);
#7161=PLANE('',#7162);
#7162=AXIS2_PLACEMENT_3D('',#7163,#7164,#7165);
#7163=CARTESIAN_POINT('',(8.096,-2.54,0.952));
#7164=DIRECTION('',(0.0,-1.0,0.0));
#7165=DIRECTION('',(0.,0.,1.));
#7166=FACE_OUTER_BOUND('',#7167,.T.);
#7167=EDGE_LOOP('',(#7168,#7178,#7188,#7198));
#7171=CARTESIAN_POINT('',(9.684,-2.54,0.952));
#7170=VERTEX_POINT('',#7171);
#7169=EDGE_CURVE('',#7170,#7121,#7174,.T.);
#7174=LINE('',#7171,#7176);
#7176=VECTOR('',#7177,1.5875127);
#7177=DIRECTION('',(-1.0,0.0,0.0));
#7168=ORIENTED_EDGE('',*,*,#7169,.F.);
#7179=EDGE_CURVE('',#6847,#7170,#7184,.T.);
#7184=LINE('',#6848,#7186);
#7186=VECTOR('',#7187,2.9718);
#7187=DIRECTION('',(0.0,0.0,-1.0));
#7178=ORIENTED_EDGE('',*,*,#7179,.F.);
#7188=ORIENTED_EDGE('',*,*,#6875,.T.);
#7198=ORIENTED_EDGE('',*,*,#7130,.T.);
#7208=STYLED_ITEM('',(#43),#7209);
#7209=ADVANCED_FACE('',(#7215),#7210,.T.);
#7210=PLANE('',#7211);
#7211=AXIS2_PLACEMENT_3D('',#7212,#7213,#7214);
#7212=CARTESIAN_POINT('',(9.684,-2.54,0.952));
#7213=DIRECTION('',(0.316,-0.949,0.0));
#7214=DIRECTION('',(0.,0.,1.));
#7215=FACE_OUTER_BOUND('',#7216,.T.);
#7216=EDGE_LOOP('',(#7217,#7227,#7237,#7247));
#7218=EDGE_CURVE('',#6535,#7170,#7223,.T.);
#7223=LINE('',#6536,#7225);
#7225=VECTOR('',#7226,0.89665282876409);
#7226=DIRECTION('',(-0.531,-0.177,-0.829));
#7217=ORIENTED_EDGE('',*,*,#7218,.F.);
#7227=ORIENTED_EDGE('',*,*,#6562,.T.);
#7237=ORIENTED_EDGE('',*,*,#6856,.T.);
#7247=ORIENTED_EDGE('',*,*,#7179,.T.);
#7257=STYLED_ITEM('',(#43),#7258);
#7258=ADVANCED_FACE('',(#7264),#7259,.T.);
#7259=PLANE('',#7260);
#7260=AXIS2_PLACEMENT_3D('',#7261,#7262,#7263);
#7261=CARTESIAN_POINT('',(9.684,-2.54,0.952));
#7262=DIRECTION('',(0.842,0.0,-0.54));
#7263=DIRECTION('',(0.,0.,1.));
#7264=FACE_OUTER_BOUND('',#7265,.T.);
#7265=EDGE_LOOP('',(#7266,#7276,#7286,#7296));
#7267=EDGE_CURVE('',#6974,#7170,#7272,.T.);
#7272=LINE('',#6975,#7274);
#7274=VECTOR('',#7275,2.54);
#7275=DIRECTION('',(0.0,-1.0,0.0));
#7266=ORIENTED_EDGE('',*,*,#7267,.F.);
#7276=ORIENTED_EDGE('',*,*,#6973,.T.);
#7286=ORIENTED_EDGE('',*,*,#6797,.T.);
#7296=ORIENTED_EDGE('',*,*,#7218,.T.);
#7306=STYLED_ITEM('',(#43),#7307);
#7307=ADVANCED_FACE('',(#7313),#7308,.T.);
#7308=PLANE('',#7309);
#7309=AXIS2_PLACEMENT_3D('',#7310,#7311,#7312);
#7310=CARTESIAN_POINT('',(8.096,-2.54,0.952));
#7311=DIRECTION('',(0.0,0.0,-1.0));
#7312=DIRECTION('',(0.,1.,0.));
#7313=FACE_OUTER_BOUND('',#7314,.T.);
#7314=EDGE_LOOP('',(#7315,#7325,#7335,#7345));
#7316=EDGE_CURVE('',#7023,#7121,#7321,.T.);
#7321=LINE('',#7024,#7323);
#7323=VECTOR('',#7324,2.54);
#7324=DIRECTION('',(0.0,-1.0,0.0));
#7315=ORIENTED_EDGE('',*,*,#7316,.F.);
#7325=ORIENTED_EDGE('',*,*,#7022,.T.);
#7335=ORIENTED_EDGE('',*,*,#7267,.T.);
#7345=ORIENTED_EDGE('',*,*,#7169,.T.);
#7355=STYLED_ITEM('',(#43),#7356);
#7356=ADVANCED_FACE('',(#7362),#7357,.T.);
#7357=PLANE('',#7358);
#7358=AXIS2_PLACEMENT_3D('',#7359,#7360,#7361);
#7359=CARTESIAN_POINT('',(7.62,-2.381,1.695));
#7360=DIRECTION('',(-0.842,0.0,-0.54));
#7361=DIRECTION('',(0.,0.,1.));
#7362=FACE_OUTER_BOUND('',#7363,.T.);
#7363=EDGE_LOOP('',(#7364,#7374,#7384,#7394));
#7365=EDGE_CURVE('',#7072,#7123,#7370,.T.);
#7370=LINE('',#7073,#7372);
#7372=VECTOR('',#7373,2.2224873);
#7373=DIRECTION('',(0.0,-1.0,0.0));
#7364=ORIENTED_EDGE('',*,*,#7365,.F.);
#7374=ORIENTED_EDGE('',*,*,#7071,.T.);
#7384=ORIENTED_EDGE('',*,*,#7316,.T.);
#7394=ORIENTED_EDGE('',*,*,#7120,.T.);
#7404=STYLED_ITEM('',(#43),#7405);
#7405=ADVANCED_FACE('',(#7411),#7406,.T.);
#7406=PLANE('',#7407);
#7407=AXIS2_PLACEMENT_3D('',#7408,#7409,#7410);
#7408=CARTESIAN_POINT('',(7.62,-2.381,3.627));
#7409=DIRECTION('',(0.529,0.0,0.848));
#7410=DIRECTION('',(0.,0.,1.));
#7411=FACE_OUTER_BOUND('',#7412,.T.);
#7412=EDGE_LOOP('',(#7413,#7423,#7433,#7443));
#7413=ORIENTED_EDGE('',*,*,#6954,.T.);
#7426=CARTESIAN_POINT('',(7.144,0.0,3.924));
#7425=VERTEX_POINT('',#7426);
#7424=EDGE_CURVE('',#7425,#6945,#7429,.T.);
#7429=LINE('',#7426,#7431);
#7431=VECTOR('',#7432,0.583375989590457);
#7432=DIRECTION('',(0.816,-0.272,-0.509));
#7423=ORIENTED_EDGE('',*,*,#7424,.F.);
#7436=CARTESIAN_POINT('',(7.144,-2.54,3.924));
#7435=VERTEX_POINT('',#7436);
#7434=EDGE_CURVE('',#7435,#7425,#7439,.T.);
#7439=LINE('',#7436,#7441);
#7441=VECTOR('',#7442,2.54);
#7442=DIRECTION('',(0.0,1.0,0.0));
#7433=ORIENTED_EDGE('',*,*,#7434,.F.);
#7444=EDGE_CURVE('',#6927,#7435,#7449,.T.);
#7449=LINE('',#6928,#7451);
#7451=VECTOR('',#7452,0.583375989590457);
#7452=DIRECTION('',(-0.816,-0.272,0.509));
#7443=ORIENTED_EDGE('',*,*,#7444,.F.);
#7453=STYLED_ITEM('',(#43),#7454);
#7454=ADVANCED_FACE('',(#7460),#7455,.T.);
#7455=PLANE('',#7456);
#7456=AXIS2_PLACEMENT_3D('',#7457,#7458,#7459);
#7457=CARTESIAN_POINT('',(5.556,-2.54,3.924));
#7458=DIRECTION('',(0.0,0.0,1.0));
#7459=DIRECTION('',(0.,1.,0.));
#7460=FACE_OUTER_BOUND('',#7461,.T.);
#7461=EDGE_LOOP('',(#7462,#7472,#7482,#7492));
#7467=CARTESIAN_POINT('',(5.556,-2.54,3.924));
#7466=VERTEX_POINT('',#7467);
#7463=EDGE_CURVE('',#7435,#7466,#7468,.T.);
#7468=LINE('',#7436,#7470);
#7470=VECTOR('',#7471,1.5875127);
#7471=DIRECTION('',(-1.0,0.0,0.0));
#7462=ORIENTED_EDGE('',*,*,#7463,.F.);
#7472=ORIENTED_EDGE('',*,*,#7434,.T.);
#7485=CARTESIAN_POINT('',(5.556,0.0,3.924));
#7484=VERTEX_POINT('',#7485);
#7483=EDGE_CURVE('',#7484,#7425,#7488,.T.);
#7488=LINE('',#7485,#7490);
#7490=VECTOR('',#7491,1.5875127);
#7491=DIRECTION('',(1.0,0.0,0.0));
#7482=ORIENTED_EDGE('',*,*,#7483,.F.);
#7493=EDGE_CURVE('',#7466,#7484,#7498,.T.);
#7498=LINE('',#7467,#7500);
#7500=VECTOR('',#7501,2.54);
#7501=DIRECTION('',(0.0,1.0,0.0));
#7492=ORIENTED_EDGE('',*,*,#7493,.F.);
#7502=STYLED_ITEM('',(#43),#7503);
#7503=ADVANCED_FACE('',(#7509),#7504,.T.);
#7504=PLANE('',#7505);
#7505=AXIS2_PLACEMENT_3D('',#7506,#7507,#7508);
#7506=CARTESIAN_POINT('',(5.08,-2.381,3.627));
#7507=DIRECTION('',(-0.529,0.0,0.848));
#7508=DIRECTION('',(0.,0.,1.));
#7509=FACE_OUTER_BOUND('',#7510,.T.);
#7510=EDGE_LOOP('',(#7511,#7521,#7531,#7541));
#7516=CARTESIAN_POINT('',(5.08,-2.381,3.627));
#7515=VERTEX_POINT('',#7516);
#7512=EDGE_CURVE('',#7466,#7515,#7517,.T.);
#7517=LINE('',#7467,#7519);
#7519=VECTOR('',#7520,0.583375989590457);
#7520=DIRECTION('',(-0.816,0.272,-0.509));
#7511=ORIENTED_EDGE('',*,*,#7512,.F.);
#7521=ORIENTED_EDGE('',*,*,#7493,.T.);
#7534=CARTESIAN_POINT('',(5.08,-0.159,3.627));
#7533=VERTEX_POINT('',#7534);
#7532=EDGE_CURVE('',#7533,#7484,#7537,.T.);
#7537=LINE('',#7534,#7539);
#7539=VECTOR('',#7540,0.583375989590457);
#7540=DIRECTION('',(0.816,0.272,0.509));
#7531=ORIENTED_EDGE('',*,*,#7532,.F.);
#7542=EDGE_CURVE('',#7515,#7533,#7547,.T.);
#7547=LINE('',#7516,#7549);
#7549=VECTOR('',#7550,2.2224873);
#7550=DIRECTION('',(0.0,1.0,0.0));
#7541=ORIENTED_EDGE('',*,*,#7542,.F.);
#7551=STYLED_ITEM('',(#43),#7552);
#7552=ADVANCED_FACE('',(#7558),#7553,.T.);
#7553=PLANE('',#7554);
#7554=AXIS2_PLACEMENT_3D('',#7555,#7556,#7557);
#7555=CARTESIAN_POINT('',(7.62,-0.159,1.695));
#7556=DIRECTION('',(0.316,0.949,0.0));
#7557=DIRECTION('',(0.,0.,1.));
#7558=FACE_OUTER_BOUND('',#7559,.T.);
#7559=EDGE_LOOP('',(#7560,#7570,#7580,#7590));
#7563=CARTESIAN_POINT('',(7.144,0.0,0.952));
#7562=VERTEX_POINT('',#7563);
#7561=EDGE_CURVE('',#7562,#7072,#7566,.T.);
#7566=LINE('',#7563,#7568);
#7568=VECTOR('',#7569,0.89665282876409);
#7569=DIRECTION('',(0.531,-0.177,0.829));
#7560=ORIENTED_EDGE('',*,*,#7561,.F.);
#7571=EDGE_CURVE('',#7425,#7562,#7576,.T.);
#7576=LINE('',#7426,#7578);
#7578=VECTOR('',#7579,2.9718);
#7579=DIRECTION('',(0.0,0.0,-1.0));
#7570=ORIENTED_EDGE('',*,*,#7571,.F.);
#7580=ORIENTED_EDGE('',*,*,#7424,.T.);
#7590=ORIENTED_EDGE('',*,*,#7081,.T.);
#7600=STYLED_ITEM('',(#43),#7601);
#7601=ADVANCED_FACE('',(#7607),#7602,.T.);
#7602=PLANE('',#7603);
#7603=AXIS2_PLACEMENT_3D('',#7604,#7605,#7606);
#7604=CARTESIAN_POINT('',(7.144,0.0,0.952));
#7605=DIRECTION('',(0.0,1.0,0.0));
#7606=DIRECTION('',(0.,0.,1.));
#7607=FACE_OUTER_BOUND('',#7608,.T.);
#7608=EDGE_LOOP('',(#7609,#7619,#7629,#7639));
#7612=CARTESIAN_POINT('',(5.556,0.0,0.952));
#7611=VERTEX_POINT('',#7612);
#7610=EDGE_CURVE('',#7611,#7562,#7615,.T.);
#7615=LINE('',#7612,#7617);
#7617=VECTOR('',#7618,1.5875127);
#7618=DIRECTION('',(1.0,0.0,0.0));
#7609=ORIENTED_EDGE('',*,*,#7610,.F.);
#7620=EDGE_CURVE('',#7484,#7611,#7625,.T.);
#7625=LINE('',#7485,#7627);
#7627=VECTOR('',#7628,2.9718);
#7628=DIRECTION('',(0.0,0.0,-1.0));
#7619=ORIENTED_EDGE('',*,*,#7620,.F.);
#7629=ORIENTED_EDGE('',*,*,#7483,.T.);
#7639=ORIENTED_EDGE('',*,*,#7571,.T.);
#7649=STYLED_ITEM('',(#43),#7650);
#7650=ADVANCED_FACE('',(#7656),#7651,.T.);
#7651=PLANE('',#7652);
#7652=AXIS2_PLACEMENT_3D('',#7653,#7654,#7655);
#7653=CARTESIAN_POINT('',(5.556,0.0,0.952));
#7654=DIRECTION('',(-0.316,0.949,0.0));
#7655=DIRECTION('',(0.,0.,1.));
#7656=FACE_OUTER_BOUND('',#7657,.T.);
#7657=EDGE_LOOP('',(#7658,#7668,#7678,#7688));
#7661=CARTESIAN_POINT('',(5.08,-0.159,1.695));
#7660=VERTEX_POINT('',#7661);
#7659=EDGE_CURVE('',#7660,#7611,#7664,.T.);
#7664=LINE('',#7661,#7666);
#7666=VECTOR('',#7667,0.89665282876409);
#7667=DIRECTION('',(0.531,0.177,-0.829));
#7658=ORIENTED_EDGE('',*,*,#7659,.F.);
#7669=EDGE_CURVE('',#7533,#7660,#7674,.T.);
#7674=LINE('',#7534,#7676);
#7676=VECTOR('',#7677,1.93167);
#7677=DIRECTION('',(0.0,0.0,-1.0));
#7668=ORIENTED_EDGE('',*,*,#7669,.F.);
#7678=ORIENTED_EDGE('',*,*,#7532,.T.);
#7688=ORIENTED_EDGE('',*,*,#7620,.T.);
#7698=STYLED_ITEM('',(#43),#7699);
#7699=ADVANCED_FACE('',(#7705),#7700,.T.);
#7700=PLANE('',#7701);
#7701=AXIS2_PLACEMENT_3D('',#7702,#7703,#7704);
#7702=CARTESIAN_POINT('',(5.08,-2.381,1.695));
#7703=DIRECTION('',(-0.316,-0.949,0.0));
#7704=DIRECTION('',(0.,0.,1.));
#7705=FACE_OUTER_BOUND('',#7706,.T.);
#7706=EDGE_LOOP('',(#7707,#7717,#7727,#7737));
#7710=CARTESIAN_POINT('',(5.556,-2.54,0.952));
#7709=VERTEX_POINT('',#7710);
#7712=CARTESIAN_POINT('',(5.08,-2.381,1.695));
#7711=VERTEX_POINT('',#7712);
#7708=EDGE_CURVE('',#7709,#7711,#7713,.T.);
#7713=LINE('',#7710,#7715);
#7715=VECTOR('',#7716,0.89665282876409);
#7716=DIRECTION('',(-0.531,0.177,0.829));
#7707=ORIENTED_EDGE('',*,*,#7708,.F.);
#7718=EDGE_CURVE('',#7466,#7709,#7723,.T.);
#7723=LINE('',#7467,#7725);
#7725=VECTOR('',#7726,2.9718);
#7726=DIRECTION('',(0.0,0.0,-1.0));
#7717=ORIENTED_EDGE('',*,*,#7718,.F.);
#7727=ORIENTED_EDGE('',*,*,#7512,.T.);
#7738=EDGE_CURVE('',#7711,#7515,#7743,.T.);
#7743=LINE('',#7712,#7745);
#7745=VECTOR('',#7746,1.93167);
#7746=DIRECTION('',(0.0,0.0,1.0));
#7737=ORIENTED_EDGE('',*,*,#7738,.F.);
#7747=STYLED_ITEM('',(#43),#7748);
#7748=ADVANCED_FACE('',(#7754),#7749,.T.);
#7749=PLANE('',#7750);
#7750=AXIS2_PLACEMENT_3D('',#7751,#7752,#7753);
#7751=CARTESIAN_POINT('',(5.556,-2.54,0.952));
#7752=DIRECTION('',(0.0,-1.0,0.0));
#7753=DIRECTION('',(0.,0.,1.));
#7754=FACE_OUTER_BOUND('',#7755,.T.);
#7755=EDGE_LOOP('',(#7756,#7766,#7776,#7786));
#7759=CARTESIAN_POINT('',(7.144,-2.54,0.952));
#7758=VERTEX_POINT('',#7759);
#7757=EDGE_CURVE('',#7758,#7709,#7762,.T.);
#7762=LINE('',#7759,#7764);
#7764=VECTOR('',#7765,1.5875127);
#7765=DIRECTION('',(-1.0,0.0,0.0));
#7756=ORIENTED_EDGE('',*,*,#7757,.F.);
#7767=EDGE_CURVE('',#7435,#7758,#7772,.T.);
#7772=LINE('',#7436,#7774);
#7774=VECTOR('',#7775,2.9718);
#7775=DIRECTION('',(0.0,0.0,-1.0));
#7766=ORIENTED_EDGE('',*,*,#7767,.F.);
#7776=ORIENTED_EDGE('',*,*,#7463,.T.);
#7786=ORIENTED_EDGE('',*,*,#7718,.T.);
#7796=STYLED_ITEM('',(#43),#7797);
#7797=ADVANCED_FACE('',(#7803),#7798,.T.);
#7798=PLANE('',#7799);
#7799=AXIS2_PLACEMENT_3D('',#7800,#7801,#7802);
#7800=CARTESIAN_POINT('',(7.144,-2.54,0.952));
#7801=DIRECTION('',(0.316,-0.949,0.0));
#7802=DIRECTION('',(0.,0.,1.));
#7803=FACE_OUTER_BOUND('',#7804,.T.);
#7804=EDGE_LOOP('',(#7805,#7815,#7825,#7835));
#7806=EDGE_CURVE('',#7123,#7758,#7811,.T.);
#7811=LINE('',#7124,#7813);
#7813=VECTOR('',#7814,0.89665282876409);
#7814=DIRECTION('',(-0.531,-0.177,-0.829));
#7805=ORIENTED_EDGE('',*,*,#7806,.F.);
#7815=ORIENTED_EDGE('',*,*,#7150,.T.);
#7825=ORIENTED_EDGE('',*,*,#7444,.T.);
#7835=ORIENTED_EDGE('',*,*,#7767,.T.);
#7845=STYLED_ITEM('',(#43),#7846);
#7846=ADVANCED_FACE('',(#7852),#7847,.T.);
#7847=PLANE('',#7848);
#7848=AXIS2_PLACEMENT_3D('',#7849,#7850,#7851);
#7849=CARTESIAN_POINT('',(7.144,-2.54,0.952));
#7850=DIRECTION('',(0.842,0.0,-0.54));
#7851=DIRECTION('',(0.,0.,1.));
#7852=FACE_OUTER_BOUND('',#7853,.T.);
#7853=EDGE_LOOP('',(#7854,#7864,#7874,#7884));
#7855=EDGE_CURVE('',#7562,#7758,#7860,.T.);
#7860=LINE('',#7563,#7862);
#7862=VECTOR('',#7863,2.54);
#7863=DIRECTION('',(0.0,-1.0,0.0));
#7854=ORIENTED_EDGE('',*,*,#7855,.F.);
#7864=ORIENTED_EDGE('',*,*,#7561,.T.);
#7874=ORIENTED_EDGE('',*,*,#7365,.T.);
#7884=ORIENTED_EDGE('',*,*,#7806,.T.);
#7894=STYLED_ITEM('',(#43),#7895);
#7895=ADVANCED_FACE('',(#7901),#7896,.T.);
#7896=PLANE('',#7897);
#7897=AXIS2_PLACEMENT_3D('',#7898,#7899,#7900);
#7898=CARTESIAN_POINT('',(5.556,0.0,0.952));
#7899=DIRECTION('',(0.0,0.0,-1.0));
#7900=DIRECTION('',(0.,1.,0.));
#7901=FACE_OUTER_BOUND('',#7902,.T.);
#7902=EDGE_LOOP('',(#7903,#7913,#7923,#7933));
#7903=ORIENTED_EDGE('',*,*,#7610,.T.);
#7913=ORIENTED_EDGE('',*,*,#7855,.T.);
#7923=ORIENTED_EDGE('',*,*,#7757,.T.);
#7934=EDGE_CURVE('',#7611,#7709,#7939,.T.);
#7939=LINE('',#7612,#7941);
#7941=VECTOR('',#7942,2.54);
#7942=DIRECTION('',(0.0,-1.0,0.0));
#7933=ORIENTED_EDGE('',*,*,#7934,.F.);
#7943=STYLED_ITEM('',(#43),#7944);
#7944=ADVANCED_FACE('',(#7950),#7945,.T.);
#7945=PLANE('',#7946);
#7946=AXIS2_PLACEMENT_3D('',#7947,#7948,#7949);
#7947=CARTESIAN_POINT('',(5.556,0.0,0.952));
#7948=DIRECTION('',(-0.842,0.0,-0.54));
#7949=DIRECTION('',(0.,0.,1.));
#7950=FACE_OUTER_BOUND('',#7951,.T.);
#7951=EDGE_LOOP('',(#7952,#7962,#7972,#7982));
#7952=ORIENTED_EDGE('',*,*,#7934,.T.);
#7962=ORIENTED_EDGE('',*,*,#7708,.T.);
#7973=EDGE_CURVE('',#7660,#7711,#7978,.T.);
#7978=LINE('',#7661,#7980);
#7980=VECTOR('',#7981,2.2224873);
#7981=DIRECTION('',(0.0,-1.0,0.0));
#7972=ORIENTED_EDGE('',*,*,#7973,.F.);
#7982=ORIENTED_EDGE('',*,*,#7659,.T.);
#7992=STYLED_ITEM('',(#43),#7993);
#7993=ADVANCED_FACE('',(#7999),#7994,.T.);
#7994=PLANE('',#7995);
#7995=AXIS2_PLACEMENT_3D('',#7996,#7997,#7998);
#7996=CARTESIAN_POINT('',(5.08,-2.381,3.627));
#7997=DIRECTION('',(0.529,0.0,0.848));
#7998=DIRECTION('',(0.,0.,1.));
#7999=FACE_OUTER_BOUND('',#8000,.T.);
#8000=EDGE_LOOP('',(#8001,#8011,#8021,#8031));
#8001=ORIENTED_EDGE('',*,*,#7542,.T.);
#8014=CARTESIAN_POINT('',(4.604,0.0,3.924));
#8013=VERTEX_POINT('',#8014);
#8012=EDGE_CURVE('',#8013,#7533,#8017,.T.);
#8017=LINE('',#8014,#8019);
#8019=VECTOR('',#8020,0.583375989590457);
#8020=DIRECTION('',(0.816,-0.272,-0.509));
#8011=ORIENTED_EDGE('',*,*,#8012,.F.);
#8024=CARTESIAN_POINT('',(4.604,-2.54,3.924));
#8023=VERTEX_POINT('',#8024);
#8022=EDGE_CURVE('',#8023,#8013,#8027,.T.);
#8027=LINE('',#8024,#8029);
#8029=VECTOR('',#8030,2.54);
#8030=DIRECTION('',(0.0,1.0,0.0));
#8021=ORIENTED_EDGE('',*,*,#8022,.F.);
#8032=EDGE_CURVE('',#7515,#8023,#8037,.T.);
#8037=LINE('',#7516,#8039);
#8039=VECTOR('',#8040,0.583375989590457);
#8040=DIRECTION('',(-0.816,-0.272,0.509));
#8031=ORIENTED_EDGE('',*,*,#8032,.F.);
#8041=STYLED_ITEM('',(#43),#8042);
#8042=ADVANCED_FACE('',(#8048),#8043,.T.);
#8043=PLANE('',#8044);
#8044=AXIS2_PLACEMENT_3D('',#8045,#8046,#8047);
#8045=CARTESIAN_POINT('',(3.016,-2.54,3.924));
#8046=DIRECTION('',(0.0,0.0,1.0));
#8047=DIRECTION('',(0.,1.,0.));
#8048=FACE_OUTER_BOUND('',#8049,.T.);
#8049=EDGE_LOOP('',(#8050,#8060,#8070,#8080));
#8055=CARTESIAN_POINT('',(3.016,-2.54,3.924));
#8054=VERTEX_POINT('',#8055);
#8051=EDGE_CURVE('',#8023,#8054,#8056,.T.);
#8056=LINE('',#8024,#8058);
#8058=VECTOR('',#8059,1.5875127);
#8059=DIRECTION('',(-1.0,0.0,0.0));
#8050=ORIENTED_EDGE('',*,*,#8051,.F.);
#8060=ORIENTED_EDGE('',*,*,#8022,.T.);
#8073=CARTESIAN_POINT('',(3.016,0.0,3.924));
#8072=VERTEX_POINT('',#8073);
#8071=EDGE_CURVE('',#8072,#8013,#8076,.T.);
#8076=LINE('',#8073,#8078);
#8078=VECTOR('',#8079,1.5875127);
#8079=DIRECTION('',(1.0,0.0,0.0));
#8070=ORIENTED_EDGE('',*,*,#8071,.F.);
#8081=EDGE_CURVE('',#8054,#8072,#8086,.T.);
#8086=LINE('',#8055,#8088);
#8088=VECTOR('',#8089,2.54);
#8089=DIRECTION('',(0.0,1.0,0.0));
#8080=ORIENTED_EDGE('',*,*,#8081,.F.);
#8090=STYLED_ITEM('',(#43),#8091);
#8091=ADVANCED_FACE('',(#8097),#8092,.T.);
#8092=PLANE('',#8093);
#8093=AXIS2_PLACEMENT_3D('',#8094,#8095,#8096);
#8094=CARTESIAN_POINT('',(2.54,-2.381,3.627));
#8095=DIRECTION('',(-0.529,0.0,0.848));
#8096=DIRECTION('',(0.,0.,1.));
#8097=FACE_OUTER_BOUND('',#8098,.T.);
#8098=EDGE_LOOP('',(#8099,#8109,#8119,#8129));
#8104=CARTESIAN_POINT('',(2.54,-2.381,3.627));
#8103=VERTEX_POINT('',#8104);
#8100=EDGE_CURVE('',#8054,#8103,#8105,.T.);
#8105=LINE('',#8055,#8107);
#8107=VECTOR('',#8108,0.583375989590457);
#8108=DIRECTION('',(-0.816,0.272,-0.509));
#8099=ORIENTED_EDGE('',*,*,#8100,.F.);
#8109=ORIENTED_EDGE('',*,*,#8081,.T.);
#8122=CARTESIAN_POINT('',(2.54,-0.159,3.627));
#8121=VERTEX_POINT('',#8122);
#8120=EDGE_CURVE('',#8121,#8072,#8125,.T.);
#8125=LINE('',#8122,#8127);
#8127=VECTOR('',#8128,0.583375989590457);
#8128=DIRECTION('',(0.816,0.272,0.509));
#8119=ORIENTED_EDGE('',*,*,#8120,.F.);
#8130=EDGE_CURVE('',#8103,#8121,#8135,.T.);
#8135=LINE('',#8104,#8137);
#8137=VECTOR('',#8138,2.2224873);
#8138=DIRECTION('',(0.0,1.0,0.0));
#8129=ORIENTED_EDGE('',*,*,#8130,.F.);
#8139=STYLED_ITEM('',(#43),#8140);
#8140=ADVANCED_FACE('',(#8146),#8141,.T.);
#8141=PLANE('',#8142);
#8142=AXIS2_PLACEMENT_3D('',#8143,#8144,#8145);
#8143=CARTESIAN_POINT('',(5.08,-0.159,1.695));
#8144=DIRECTION('',(0.316,0.949,0.0));
#8145=DIRECTION('',(0.,0.,1.));
#8146=FACE_OUTER_BOUND('',#8147,.T.);
#8147=EDGE_LOOP('',(#8148,#8158,#8168,#8178));
#8151=CARTESIAN_POINT('',(4.604,0.0,0.952));
#8150=VERTEX_POINT('',#8151);
#8149=EDGE_CURVE('',#8150,#7660,#8154,.T.);
#8154=LINE('',#8151,#8156);
#8156=VECTOR('',#8157,0.89665282876409);
#8157=DIRECTION('',(0.531,-0.177,0.829));
#8148=ORIENTED_EDGE('',*,*,#8149,.F.);
#8159=EDGE_CURVE('',#8013,#8150,#8164,.T.);
#8164=LINE('',#8014,#8166);
#8166=VECTOR('',#8167,2.9718);
#8167=DIRECTION('',(0.0,0.0,-1.0));
#8158=ORIENTED_EDGE('',*,*,#8159,.F.);
#8168=ORIENTED_EDGE('',*,*,#8012,.T.);
#8178=ORIENTED_EDGE('',*,*,#7669,.T.);
#8188=STYLED_ITEM('',(#43),#8189);
#8189=ADVANCED_FACE('',(#8195),#8190,.T.);
#8190=PLANE('',#8191);
#8191=AXIS2_PLACEMENT_3D('',#8192,#8193,#8194);
#8192=CARTESIAN_POINT('',(4.604,0.0,0.952));
#8193=DIRECTION('',(0.0,1.0,0.0));
#8194=DIRECTION('',(0.,0.,1.));
#8195=FACE_OUTER_BOUND('',#8196,.T.);
#8196=EDGE_LOOP('',(#8197,#8207,#8217,#8227));
#8200=CARTESIAN_POINT('',(3.016,0.0,0.952));
#8199=VERTEX_POINT('',#8200);
#8198=EDGE_CURVE('',#8199,#8150,#8203,.T.);
#8203=LINE('',#8200,#8205);
#8205=VECTOR('',#8206,1.5875127);
#8206=DIRECTION('',(1.0,0.0,0.0));
#8197=ORIENTED_EDGE('',*,*,#8198,.F.);
#8208=EDGE_CURVE('',#8072,#8199,#8213,.T.);
#8213=LINE('',#8073,#8215);
#8215=VECTOR('',#8216,2.9718);
#8216=DIRECTION('',(0.0,0.0,-1.0));
#8207=ORIENTED_EDGE('',*,*,#8208,.F.);
#8217=ORIENTED_EDGE('',*,*,#8071,.T.);
#8227=ORIENTED_EDGE('',*,*,#8159,.T.);
#8237=STYLED_ITEM('',(#43),#8238);
#8238=ADVANCED_FACE('',(#8244),#8239,.T.);
#8239=PLANE('',#8240);
#8240=AXIS2_PLACEMENT_3D('',#8241,#8242,#8243);
#8241=CARTESIAN_POINT('',(3.016,0.0,0.952));
#8242=DIRECTION('',(-0.316,0.949,0.0));
#8243=DIRECTION('',(0.,0.,1.));
#8244=FACE_OUTER_BOUND('',#8245,.T.);
#8245=EDGE_LOOP('',(#8246,#8256,#8266,#8276));
#8249=CARTESIAN_POINT('',(2.54,-0.159,1.695));
#8248=VERTEX_POINT('',#8249);
#8247=EDGE_CURVE('',#8248,#8199,#8252,.T.);
#8252=LINE('',#8249,#8254);
#8254=VECTOR('',#8255,0.89665282876409);
#8255=DIRECTION('',(0.531,0.177,-0.829));
#8246=ORIENTED_EDGE('',*,*,#8247,.F.);
#8257=EDGE_CURVE('',#8121,#8248,#8262,.T.);
#8262=LINE('',#8122,#8264);
#8264=VECTOR('',#8265,1.93167);
#8265=DIRECTION('',(0.0,0.0,-1.0));
#8256=ORIENTED_EDGE('',*,*,#8257,.F.);
#8266=ORIENTED_EDGE('',*,*,#8120,.T.);
#8276=ORIENTED_EDGE('',*,*,#8208,.T.);
#8286=STYLED_ITEM('',(#43),#8287);
#8287=ADVANCED_FACE('',(#8293),#8288,.T.);
#8288=PLANE('',#8289);
#8289=AXIS2_PLACEMENT_3D('',#8290,#8291,#8292);
#8290=CARTESIAN_POINT('',(2.54,-2.381,1.695));
#8291=DIRECTION('',(-0.316,-0.949,0.0));
#8292=DIRECTION('',(0.,0.,1.));
#8293=FACE_OUTER_BOUND('',#8294,.T.);
#8294=EDGE_LOOP('',(#8295,#8305,#8315,#8325));
#8298=CARTESIAN_POINT('',(3.016,-2.54,0.952));
#8297=VERTEX_POINT('',#8298);
#8300=CARTESIAN_POINT('',(2.54,-2.381,1.695));
#8299=VERTEX_POINT('',#8300);
#8296=EDGE_CURVE('',#8297,#8299,#8301,.T.);
#8301=LINE('',#8298,#8303);
#8303=VECTOR('',#8304,0.89665282876409);
#8304=DIRECTION('',(-0.531,0.177,0.829));
#8295=ORIENTED_EDGE('',*,*,#8296,.F.);
#8306=EDGE_CURVE('',#8054,#8297,#8311,.T.);
#8311=LINE('',#8055,#8313);
#8313=VECTOR('',#8314,2.9718);
#8314=DIRECTION('',(0.0,0.0,-1.0));
#8305=ORIENTED_EDGE('',*,*,#8306,.F.);
#8315=ORIENTED_EDGE('',*,*,#8100,.T.);
#8326=EDGE_CURVE('',#8299,#8103,#8331,.T.);
#8331=LINE('',#8300,#8333);
#8333=VECTOR('',#8334,1.93167);
#8334=DIRECTION('',(0.0,0.0,1.0));
#8325=ORIENTED_EDGE('',*,*,#8326,.F.);
#8335=STYLED_ITEM('',(#43),#8336);
#8336=ADVANCED_FACE('',(#8342),#8337,.T.);
#8337=PLANE('',#8338);
#8338=AXIS2_PLACEMENT_3D('',#8339,#8340,#8341);
#8339=CARTESIAN_POINT('',(3.016,-2.54,0.952));
#8340=DIRECTION('',(0.0,-1.0,0.0));
#8341=DIRECTION('',(0.,0.,1.));
#8342=FACE_OUTER_BOUND('',#8343,.T.);
#8343=EDGE_LOOP('',(#8344,#8354,#8364,#8374));
#8347=CARTESIAN_POINT('',(4.604,-2.54,0.952));
#8346=VERTEX_POINT('',#8347);
#8345=EDGE_CURVE('',#8346,#8297,#8350,.T.);
#8350=LINE('',#8347,#8352);
#8352=VECTOR('',#8353,1.5875127);
#8353=DIRECTION('',(-1.0,0.0,0.0));
#8344=ORIENTED_EDGE('',*,*,#8345,.F.);
#8355=EDGE_CURVE('',#8023,#8346,#8360,.T.);
#8360=LINE('',#8024,#8362);
#8362=VECTOR('',#8363,2.9718);
#8363=DIRECTION('',(0.0,0.0,-1.0));
#8354=ORIENTED_EDGE('',*,*,#8355,.F.);
#8364=ORIENTED_EDGE('',*,*,#8051,.T.);
#8374=ORIENTED_EDGE('',*,*,#8306,.T.);
#8384=STYLED_ITEM('',(#43),#8385);
#8385=ADVANCED_FACE('',(#8391),#8386,.T.);
#8386=PLANE('',#8387);
#8387=AXIS2_PLACEMENT_3D('',#8388,#8389,#8390);
#8388=CARTESIAN_POINT('',(4.604,-2.54,0.952));
#8389=DIRECTION('',(0.316,-0.949,0.0));
#8390=DIRECTION('',(0.,0.,1.));
#8391=FACE_OUTER_BOUND('',#8392,.T.);
#8392=EDGE_LOOP('',(#8393,#8403,#8413,#8423));
#8394=EDGE_CURVE('',#7711,#8346,#8399,.T.);
#8399=LINE('',#7712,#8401);
#8401=VECTOR('',#8402,0.89665282876409);
#8402=DIRECTION('',(-0.531,-0.177,-0.829));
#8393=ORIENTED_EDGE('',*,*,#8394,.F.);
#8403=ORIENTED_EDGE('',*,*,#7738,.T.);
#8413=ORIENTED_EDGE('',*,*,#8032,.T.);
#8423=ORIENTED_EDGE('',*,*,#8355,.T.);
#8433=STYLED_ITEM('',(#43),#8434);
#8434=ADVANCED_FACE('',(#8440),#8435,.T.);
#8435=PLANE('',#8436);
#8436=AXIS2_PLACEMENT_3D('',#8437,#8438,#8439);
#8437=CARTESIAN_POINT('',(4.604,-2.54,0.952));
#8438=DIRECTION('',(0.842,0.0,-0.54));
#8439=DIRECTION('',(0.,0.,1.));
#8440=FACE_OUTER_BOUND('',#8441,.T.);
#8441=EDGE_LOOP('',(#8442,#8452,#8462,#8472));
#8443=EDGE_CURVE('',#8150,#8346,#8448,.T.);
#8448=LINE('',#8151,#8450);
#8450=VECTOR('',#8451,2.54);
#8451=DIRECTION('',(0.0,-1.0,0.0));
#8442=ORIENTED_EDGE('',*,*,#8443,.F.);
#8452=ORIENTED_EDGE('',*,*,#8149,.T.);
#8462=ORIENTED_EDGE('',*,*,#7973,.T.);
#8472=ORIENTED_EDGE('',*,*,#8394,.T.);
#8482=STYLED_ITEM('',(#43),#8483);
#8483=ADVANCED_FACE('',(#8489),#8484,.T.);
#8484=PLANE('',#8485);
#8485=AXIS2_PLACEMENT_3D('',#8486,#8487,#8488);
#8486=CARTESIAN_POINT('',(3.016,0.0,0.952));
#8487=DIRECTION('',(0.0,0.0,-1.0));
#8488=DIRECTION('',(0.,1.,0.));
#8489=FACE_OUTER_BOUND('',#8490,.T.);
#8490=EDGE_LOOP('',(#8491,#8501,#8511,#8521));
#8491=ORIENTED_EDGE('',*,*,#8198,.T.);
#8501=ORIENTED_EDGE('',*,*,#8443,.T.);
#8511=ORIENTED_EDGE('',*,*,#8345,.T.);
#8522=EDGE_CURVE('',#8199,#8297,#8527,.T.);
#8527=LINE('',#8200,#8529);
#8529=VECTOR('',#8530,2.54);
#8530=DIRECTION('',(0.0,-1.0,0.0));
#8521=ORIENTED_EDGE('',*,*,#8522,.F.);
#8531=STYLED_ITEM('',(#43),#8532);
#8532=ADVANCED_FACE('',(#8538),#8533,.T.);
#8533=PLANE('',#8534);
#8534=AXIS2_PLACEMENT_3D('',#8535,#8536,#8537);
#8535=CARTESIAN_POINT('',(3.016,0.0,0.952));
#8536=DIRECTION('',(-0.842,0.0,-0.54));
#8537=DIRECTION('',(0.,0.,1.));
#8538=FACE_OUTER_BOUND('',#8539,.T.);
#8539=EDGE_LOOP('',(#8540,#8550,#8560,#8570));
#8540=ORIENTED_EDGE('',*,*,#8522,.T.);
#8550=ORIENTED_EDGE('',*,*,#8296,.T.);
#8561=EDGE_CURVE('',#8248,#8299,#8566,.T.);
#8566=LINE('',#8249,#8568);
#8568=VECTOR('',#8569,2.2224873);
#8569=DIRECTION('',(0.0,-1.0,0.0));
#8560=ORIENTED_EDGE('',*,*,#8561,.F.);
#8570=ORIENTED_EDGE('',*,*,#8247,.T.);
#8580=STYLED_ITEM('',(#43),#8581);
#8581=ADVANCED_FACE('',(#8587),#8582,.T.);
#8582=PLANE('',#8583);
#8583=AXIS2_PLACEMENT_3D('',#8584,#8585,#8586);
#8584=CARTESIAN_POINT('',(2.54,-2.381,3.627));
#8585=DIRECTION('',(0.529,0.0,0.848));
#8586=DIRECTION('',(0.,0.,1.));
#8587=FACE_OUTER_BOUND('',#8588,.T.);
#8588=EDGE_LOOP('',(#8589,#8599,#8609,#8619));
#8589=ORIENTED_EDGE('',*,*,#8130,.T.);
#8602=CARTESIAN_POINT('',(2.064,0.0,3.924));
#8601=VERTEX_POINT('',#8602);
#8600=EDGE_CURVE('',#8601,#8121,#8605,.T.);
#8605=LINE('',#8602,#8607);
#8607=VECTOR('',#8608,0.583375989590457);
#8608=DIRECTION('',(0.816,-0.272,-0.509));
#8599=ORIENTED_EDGE('',*,*,#8600,.F.);
#8612=CARTESIAN_POINT('',(2.064,-2.54,3.924));
#8611=VERTEX_POINT('',#8612);
#8610=EDGE_CURVE('',#8611,#8601,#8615,.T.);
#8615=LINE('',#8612,#8617);
#8617=VECTOR('',#8618,2.54);
#8618=DIRECTION('',(0.0,1.0,0.0));
#8609=ORIENTED_EDGE('',*,*,#8610,.F.);
#8620=EDGE_CURVE('',#8103,#8611,#8625,.T.);
#8625=LINE('',#8104,#8627);
#8627=VECTOR('',#8628,0.583375989590457);
#8628=DIRECTION('',(-0.816,-0.272,0.509));
#8619=ORIENTED_EDGE('',*,*,#8620,.F.);
#8629=STYLED_ITEM('',(#43),#8630);
#8630=ADVANCED_FACE('',(#8636),#8631,.T.);
#8631=PLANE('',#8632);
#8632=AXIS2_PLACEMENT_3D('',#8633,#8634,#8635);
#8633=CARTESIAN_POINT('',(0.476,-2.54,3.924));
#8634=DIRECTION('',(0.0,0.0,1.0));
#8635=DIRECTION('',(0.,1.,0.));
#8636=FACE_OUTER_BOUND('',#8637,.T.);
#8637=EDGE_LOOP('',(#8638,#8648,#8658,#8668));
#8643=CARTESIAN_POINT('',(0.476,-2.54,3.924));
#8642=VERTEX_POINT('',#8643);
#8639=EDGE_CURVE('',#8611,#8642,#8644,.T.);
#8644=LINE('',#8612,#8646);
#8646=VECTOR('',#8647,1.5875127);
#8647=DIRECTION('',(-1.0,0.0,0.0));
#8638=ORIENTED_EDGE('',*,*,#8639,.F.);
#8648=ORIENTED_EDGE('',*,*,#8610,.T.);
#8661=CARTESIAN_POINT('',(0.476,0.0,3.924));
#8660=VERTEX_POINT('',#8661);
#8659=EDGE_CURVE('',#8660,#8601,#8664,.T.);
#8664=LINE('',#8661,#8666);
#8666=VECTOR('',#8667,1.5875127);
#8667=DIRECTION('',(1.0,0.0,0.0));
#8658=ORIENTED_EDGE('',*,*,#8659,.F.);
#8669=EDGE_CURVE('',#8642,#8660,#8674,.T.);
#8674=LINE('',#8643,#8676);
#8676=VECTOR('',#8677,2.54);
#8677=DIRECTION('',(0.0,1.0,0.0));
#8668=ORIENTED_EDGE('',*,*,#8669,.F.);
#8678=STYLED_ITEM('',(#43),#8679);
#8679=ADVANCED_FACE('',(#8685),#8680,.T.);
#8680=PLANE('',#8681);
#8681=AXIS2_PLACEMENT_3D('',#8682,#8683,#8684);
#8682=CARTESIAN_POINT('',(0.0,-2.381,3.627));
#8683=DIRECTION('',(-0.529,0.0,0.848));
#8684=DIRECTION('',(0.,0.,1.));
#8685=FACE_OUTER_BOUND('',#8686,.T.);
#8686=EDGE_LOOP('',(#8687,#8697,#8707,#8717));
#8692=CARTESIAN_POINT('',(0.0,-2.381,3.627));
#8691=VERTEX_POINT('',#8692);
#8688=EDGE_CURVE('',#8642,#8691,#8693,.T.);
#8693=LINE('',#8643,#8695);
#8695=VECTOR('',#8696,0.583375989590457);
#8696=DIRECTION('',(-0.816,0.272,-0.509));
#8687=ORIENTED_EDGE('',*,*,#8688,.F.);
#8697=ORIENTED_EDGE('',*,*,#8669,.T.);
#8710=CARTESIAN_POINT('',(0.0,-0.159,3.627));
#8709=VERTEX_POINT('',#8710);
#8708=EDGE_CURVE('',#8709,#8660,#8713,.T.);
#8713=LINE('',#8710,#8715);
#8715=VECTOR('',#8716,0.583375989590457);
#8716=DIRECTION('',(0.816,0.272,0.509));
#8707=ORIENTED_EDGE('',*,*,#8708,.F.);
#8718=EDGE_CURVE('',#8691,#8709,#8723,.T.);
#8723=LINE('',#8692,#8725);
#8725=VECTOR('',#8726,2.2224873);
#8726=DIRECTION('',(0.0,1.0,0.0));
#8717=ORIENTED_EDGE('',*,*,#8718,.F.);
#8727=STYLED_ITEM('',(#43),#8728);
#8728=ADVANCED_FACE('',(#8734),#8729,.T.);
#8729=PLANE('',#8730);
#8730=AXIS2_PLACEMENT_3D('',#8731,#8732,#8733);
#8731=CARTESIAN_POINT('',(2.54,-0.159,1.695));
#8732=DIRECTION('',(0.316,0.949,0.0));
#8733=DIRECTION('',(0.,0.,1.));
#8734=FACE_OUTER_BOUND('',#8735,.T.);
#8735=EDGE_LOOP('',(#8736,#8746,#8756,#8766));
#8739=CARTESIAN_POINT('',(2.064,0.0,0.952));
#8738=VERTEX_POINT('',#8739);
#8737=EDGE_CURVE('',#8738,#8248,#8742,.T.);
#8742=LINE('',#8739,#8744);
#8744=VECTOR('',#8745,0.89665282876409);
#8745=DIRECTION('',(0.531,-0.177,0.829));
#8736=ORIENTED_EDGE('',*,*,#8737,.F.);
#8747=EDGE_CURVE('',#8601,#8738,#8752,.T.);
#8752=LINE('',#8602,#8754);
#8754=VECTOR('',#8755,2.9718);
#8755=DIRECTION('',(0.0,0.0,-1.0));
#8746=ORIENTED_EDGE('',*,*,#8747,.F.);
#8756=ORIENTED_EDGE('',*,*,#8600,.T.);
#8766=ORIENTED_EDGE('',*,*,#8257,.T.);
#8776=STYLED_ITEM('',(#43),#8777);
#8777=ADVANCED_FACE('',(#8783),#8778,.T.);
#8778=PLANE('',#8779);
#8779=AXIS2_PLACEMENT_3D('',#8780,#8781,#8782);
#8780=CARTESIAN_POINT('',(2.064,0.0,0.952));
#8781=DIRECTION('',(0.0,1.0,0.0));
#8782=DIRECTION('',(0.,0.,1.));
#8783=FACE_OUTER_BOUND('',#8784,.T.);
#8784=EDGE_LOOP('',(#8785,#8795,#8805,#8815));
#8788=CARTESIAN_POINT('',(0.476,0.0,0.952));
#8787=VERTEX_POINT('',#8788);
#8786=EDGE_CURVE('',#8787,#8738,#8791,.T.);
#8791=LINE('',#8788,#8793);
#8793=VECTOR('',#8794,1.5875127);
#8794=DIRECTION('',(1.0,0.0,0.0));
#8785=ORIENTED_EDGE('',*,*,#8786,.F.);
#8796=EDGE_CURVE('',#8660,#8787,#8801,.T.);
#8801=LINE('',#8661,#8803);
#8803=VECTOR('',#8804,2.9718);
#8804=DIRECTION('',(0.0,0.0,-1.0));
#8795=ORIENTED_EDGE('',*,*,#8796,.F.);
#8805=ORIENTED_EDGE('',*,*,#8659,.T.);
#8815=ORIENTED_EDGE('',*,*,#8747,.T.);
#8825=STYLED_ITEM('',(#43),#8826);
#8826=ADVANCED_FACE('',(#8832),#8827,.T.);
#8827=PLANE('',#8828);
#8828=AXIS2_PLACEMENT_3D('',#8829,#8830,#8831);
#8829=CARTESIAN_POINT('',(0.476,0.0,0.952));
#8830=DIRECTION('',(-0.316,0.949,0.0));
#8831=DIRECTION('',(0.,0.,1.));
#8832=FACE_OUTER_BOUND('',#8833,.T.);
#8833=EDGE_LOOP('',(#8834,#8844,#8854,#8864));
#8837=CARTESIAN_POINT('',(0.0,-0.159,1.695));
#8836=VERTEX_POINT('',#8837);
#8835=EDGE_CURVE('',#8836,#8787,#8840,.T.);
#8840=LINE('',#8837,#8842);
#8842=VECTOR('',#8843,0.89665282876409);
#8843=DIRECTION('',(0.531,0.177,-0.829));
#8834=ORIENTED_EDGE('',*,*,#8835,.F.);
#8845=EDGE_CURVE('',#8709,#8836,#8850,.T.);
#8850=LINE('',#8710,#8852);
#8852=VECTOR('',#8853,1.93167);
#8853=DIRECTION('',(0.0,0.0,-1.0));
#8844=ORIENTED_EDGE('',*,*,#8845,.F.);
#8854=ORIENTED_EDGE('',*,*,#8708,.T.);
#8864=ORIENTED_EDGE('',*,*,#8796,.T.);
#8874=STYLED_ITEM('',(#43),#8875);
#8875=ADVANCED_FACE('',(#8881),#8876,.T.);
#8876=PLANE('',#8877);
#8877=AXIS2_PLACEMENT_3D('',#8878,#8879,#8880);
#8878=CARTESIAN_POINT('',(0.0,-2.381,1.695));
#8879=DIRECTION('',(-0.316,-0.949,0.0));
#8880=DIRECTION('',(0.,0.,1.));
#8881=FACE_OUTER_BOUND('',#8882,.T.);
#8882=EDGE_LOOP('',(#8883,#8893,#8903,#8913));
#8886=CARTESIAN_POINT('',(0.476,-2.54,0.952));
#8885=VERTEX_POINT('',#8886);
#8888=CARTESIAN_POINT('',(0.0,-2.381,1.695));
#8887=VERTEX_POINT('',#8888);
#8884=EDGE_CURVE('',#8885,#8887,#8889,.T.);
#8889=LINE('',#8886,#8891);
#8891=VECTOR('',#8892,0.89665282876409);
#8892=DIRECTION('',(-0.531,0.177,0.829));
#8883=ORIENTED_EDGE('',*,*,#8884,.F.);
#8894=EDGE_CURVE('',#8642,#8885,#8899,.T.);
#8899=LINE('',#8643,#8901);
#8901=VECTOR('',#8902,2.9718);
#8902=DIRECTION('',(0.0,0.0,-1.0));
#8893=ORIENTED_EDGE('',*,*,#8894,.F.);
#8903=ORIENTED_EDGE('',*,*,#8688,.T.);
#8914=EDGE_CURVE('',#8887,#8691,#8919,.T.);
#8919=LINE('',#8888,#8921);
#8921=VECTOR('',#8922,1.93167);
#8922=DIRECTION('',(0.0,0.0,1.0));
#8913=ORIENTED_EDGE('',*,*,#8914,.F.);
#8923=STYLED_ITEM('',(#43),#8924);
#8924=ADVANCED_FACE('',(#8930),#8925,.T.);
#8925=PLANE('',#8926);
#8926=AXIS2_PLACEMENT_3D('',#8927,#8928,#8929);
#8927=CARTESIAN_POINT('',(0.476,-2.54,0.952));
#8928=DIRECTION('',(0.0,-1.0,0.0));
#8929=DIRECTION('',(0.,0.,1.));
#8930=FACE_OUTER_BOUND('',#8931,.T.);
#8931=EDGE_LOOP('',(#8932,#8942,#8952,#8962));
#8935=CARTESIAN_POINT('',(2.064,-2.54,0.952));
#8934=VERTEX_POINT('',#8935);
#8933=EDGE_CURVE('',#8934,#8885,#8938,.T.);
#8938=LINE('',#8935,#8940);
#8940=VECTOR('',#8941,1.5875127);
#8941=DIRECTION('',(-1.0,0.0,0.0));
#8932=ORIENTED_EDGE('',*,*,#8933,.F.);
#8943=EDGE_CURVE('',#8611,#8934,#8948,.T.);
#8948=LINE('',#8612,#8950);
#8950=VECTOR('',#8951,2.9718);
#8951=DIRECTION('',(0.0,0.0,-1.0));
#8942=ORIENTED_EDGE('',*,*,#8943,.F.);
#8952=ORIENTED_EDGE('',*,*,#8639,.T.);
#8962=ORIENTED_EDGE('',*,*,#8894,.T.);
#8972=STYLED_ITEM('',(#43),#8973);
#8973=ADVANCED_FACE('',(#8979),#8974,.T.);
#8974=PLANE('',#8975);
#8975=AXIS2_PLACEMENT_3D('',#8976,#8977,#8978);
#8976=CARTESIAN_POINT('',(2.064,-2.54,0.952));
#8977=DIRECTION('',(0.316,-0.949,0.0));
#8978=DIRECTION('',(0.,0.,1.));
#8979=FACE_OUTER_BOUND('',#8980,.T.);
#8980=EDGE_LOOP('',(#8981,#8991,#9001,#9011));
#8982=EDGE_CURVE('',#8299,#8934,#8987,.T.);
#8987=LINE('',#8300,#8989);
#8989=VECTOR('',#8990,0.89665282876409);
#8990=DIRECTION('',(-0.531,-0.177,-0.829));
#8981=ORIENTED_EDGE('',*,*,#8982,.F.);
#8991=ORIENTED_EDGE('',*,*,#8326,.T.);
#9001=ORIENTED_EDGE('',*,*,#8620,.T.);
#9011=ORIENTED_EDGE('',*,*,#8943,.T.);
#9021=STYLED_ITEM('',(#43),#9022);
#9022=ADVANCED_FACE('',(#9028),#9023,.T.);
#9023=PLANE('',#9024);
#9024=AXIS2_PLACEMENT_3D('',#9025,#9026,#9027);
#9025=CARTESIAN_POINT('',(2.064,-2.54,0.952));
#9026=DIRECTION('',(0.842,0.0,-0.54));
#9027=DIRECTION('',(0.,0.,1.));
#9028=FACE_OUTER_BOUND('',#9029,.T.);
#9029=EDGE_LOOP('',(#9030,#9040,#9050,#9060));
#9031=EDGE_CURVE('',#8738,#8934,#9036,.T.);
#9036=LINE('',#8739,#9038);
#9038=VECTOR('',#9039,2.54);
#9039=DIRECTION('',(0.0,-1.0,0.0));
#9030=ORIENTED_EDGE('',*,*,#9031,.F.);
#9040=ORIENTED_EDGE('',*,*,#8737,.T.);
#9050=ORIENTED_EDGE('',*,*,#8561,.T.);
#9060=ORIENTED_EDGE('',*,*,#8982,.T.);
#9070=STYLED_ITEM('',(#43),#9071);
#9071=ADVANCED_FACE('',(#9077),#9072,.T.);
#9072=PLANE('',#9073);
#9073=AXIS2_PLACEMENT_3D('',#9074,#9075,#9076);
#9074=CARTESIAN_POINT('',(0.476,0.0,0.952));
#9075=DIRECTION('',(0.0,0.0,-1.0));
#9076=DIRECTION('',(0.,1.,0.));
#9077=FACE_OUTER_BOUND('',#9078,.T.);
#9078=EDGE_LOOP('',(#9079,#9089,#9099,#9109));
#9079=ORIENTED_EDGE('',*,*,#8786,.T.);
#9089=ORIENTED_EDGE('',*,*,#9031,.T.);
#9099=ORIENTED_EDGE('',*,*,#8933,.T.);
#9110=EDGE_CURVE('',#8787,#8885,#9115,.T.);
#9115=LINE('',#8788,#9117);
#9117=VECTOR('',#9118,2.54);
#9118=DIRECTION('',(0.0,-1.0,0.0));
#9109=ORIENTED_EDGE('',*,*,#9110,.F.);
#9119=STYLED_ITEM('',(#43),#9120);
#9120=ADVANCED_FACE('',(#9126),#9121,.T.);
#9121=PLANE('',#9122);
#9122=AXIS2_PLACEMENT_3D('',#9123,#9124,#9125);
#9123=CARTESIAN_POINT('',(0.476,0.0,0.952));
#9124=DIRECTION('',(-0.842,0.0,-0.54));
#9125=DIRECTION('',(0.,0.,1.));
#9126=FACE_OUTER_BOUND('',#9127,.T.);
#9127=EDGE_LOOP('',(#9128,#9138,#9148,#9158));
#9128=ORIENTED_EDGE('',*,*,#9110,.T.);
#9138=ORIENTED_EDGE('',*,*,#8884,.T.);
#9149=EDGE_CURVE('',#8836,#8887,#9154,.T.);
#9154=LINE('',#8837,#9156);
#9156=VECTOR('',#9157,2.2224873);
#9157=DIRECTION('',(0.0,-1.0,0.0));
#9148=ORIENTED_EDGE('',*,*,#9149,.F.);
#9158=ORIENTED_EDGE('',*,*,#8835,.T.);
#9168=STYLED_ITEM('',(#43),#9169);
#9169=ADVANCED_FACE('',(#9175),#9170,.T.);
#9170=PLANE('',#9171);
#9171=AXIS2_PLACEMENT_3D('',#9172,#9173,#9174);
#9172=CARTESIAN_POINT('',(0.0,-2.381,3.627));
#9173=DIRECTION('',(0.529,0.0,0.848));
#9174=DIRECTION('',(0.,0.,1.));
#9175=FACE_OUTER_BOUND('',#9176,.T.);
#9176=EDGE_LOOP('',(#9177,#9187,#9197,#9207));
#9177=ORIENTED_EDGE('',*,*,#8718,.T.);
#9190=CARTESIAN_POINT('',(-0.476,0.0,3.924));
#9189=VERTEX_POINT('',#9190);
#9188=EDGE_CURVE('',#9189,#8709,#9193,.T.);
#9193=LINE('',#9190,#9195);
#9195=VECTOR('',#9196,0.583375989590457);
#9196=DIRECTION('',(0.816,-0.272,-0.509));
#9187=ORIENTED_EDGE('',*,*,#9188,.F.);
#9200=CARTESIAN_POINT('',(-0.476,-2.54,3.924));
#9199=VERTEX_POINT('',#9200);
#9198=EDGE_CURVE('',#9199,#9189,#9203,.T.);
#9203=LINE('',#9200,#9205);
#9205=VECTOR('',#9206,2.54);
#9206=DIRECTION('',(0.0,1.0,0.0));
#9197=ORIENTED_EDGE('',*,*,#9198,.F.);
#9208=EDGE_CURVE('',#8691,#9199,#9213,.T.);
#9213=LINE('',#8692,#9215);
#9215=VECTOR('',#9216,0.583375989590457);
#9216=DIRECTION('',(-0.816,-0.272,0.509));
#9207=ORIENTED_EDGE('',*,*,#9208,.F.);
#9217=STYLED_ITEM('',(#43),#9218);
#9218=ADVANCED_FACE('',(#9224),#9219,.T.);
#9219=PLANE('',#9220);
#9220=AXIS2_PLACEMENT_3D('',#9221,#9222,#9223);
#9221=CARTESIAN_POINT('',(-2.064,-2.54,3.924));
#9222=DIRECTION('',(0.0,0.0,1.0));
#9223=DIRECTION('',(0.,1.,0.));
#9224=FACE_OUTER_BOUND('',#9225,.T.);
#9225=EDGE_LOOP('',(#9226,#9236,#9246,#9256));
#9231=CARTESIAN_POINT('',(-2.064,-2.54,3.924));
#9230=VERTEX_POINT('',#9231);
#9227=EDGE_CURVE('',#9199,#9230,#9232,.T.);
#9232=LINE('',#9200,#9234);
#9234=VECTOR('',#9235,1.5875127);
#9235=DIRECTION('',(-1.0,0.0,0.0));
#9226=ORIENTED_EDGE('',*,*,#9227,.F.);
#9236=ORIENTED_EDGE('',*,*,#9198,.T.);
#9249=CARTESIAN_POINT('',(-2.064,0.0,3.924));
#9248=VERTEX_POINT('',#9249);
#9247=EDGE_CURVE('',#9248,#9189,#9252,.T.);
#9252=LINE('',#9249,#9254);
#9254=VECTOR('',#9255,1.5875127);
#9255=DIRECTION('',(1.0,0.0,0.0));
#9246=ORIENTED_EDGE('',*,*,#9247,.F.);
#9257=EDGE_CURVE('',#9230,#9248,#9262,.T.);
#9262=LINE('',#9231,#9264);
#9264=VECTOR('',#9265,2.54);
#9265=DIRECTION('',(0.0,1.0,0.0));
#9256=ORIENTED_EDGE('',*,*,#9257,.F.);
#9266=STYLED_ITEM('',(#43),#9267);
#9267=ADVANCED_FACE('',(#9273),#9268,.T.);
#9268=PLANE('',#9269);
#9269=AXIS2_PLACEMENT_3D('',#9270,#9271,#9272);
#9270=CARTESIAN_POINT('',(-2.54,-2.381,3.627));
#9271=DIRECTION('',(-0.529,0.0,0.848));
#9272=DIRECTION('',(0.,0.,1.));
#9273=FACE_OUTER_BOUND('',#9274,.T.);
#9274=EDGE_LOOP('',(#9275,#9285,#9295,#9305));
#9280=CARTESIAN_POINT('',(-2.54,-2.381,3.627));
#9279=VERTEX_POINT('',#9280);
#9276=EDGE_CURVE('',#9230,#9279,#9281,.T.);
#9281=LINE('',#9231,#9283);
#9283=VECTOR('',#9284,0.583375989590457);
#9284=DIRECTION('',(-0.816,0.272,-0.509));
#9275=ORIENTED_EDGE('',*,*,#9276,.F.);
#9285=ORIENTED_EDGE('',*,*,#9257,.T.);
#9298=CARTESIAN_POINT('',(-2.54,-0.159,3.627));
#9297=VERTEX_POINT('',#9298);
#9296=EDGE_CURVE('',#9297,#9248,#9301,.T.);
#9301=LINE('',#9298,#9303);
#9303=VECTOR('',#9304,0.583375989590457);
#9304=DIRECTION('',(0.816,0.272,0.509));
#9295=ORIENTED_EDGE('',*,*,#9296,.F.);
#9306=EDGE_CURVE('',#9279,#9297,#9311,.T.);
#9311=LINE('',#9280,#9313);
#9313=VECTOR('',#9314,2.2224873);
#9314=DIRECTION('',(0.0,1.0,0.0));
#9305=ORIENTED_EDGE('',*,*,#9306,.F.);
#9315=STYLED_ITEM('',(#43),#9316);
#9316=ADVANCED_FACE('',(#9322),#9317,.T.);
#9317=PLANE('',#9318);
#9318=AXIS2_PLACEMENT_3D('',#9319,#9320,#9321);
#9319=CARTESIAN_POINT('',(0.0,-0.159,1.695));
#9320=DIRECTION('',(0.316,0.949,0.0));
#9321=DIRECTION('',(0.,0.,1.));
#9322=FACE_OUTER_BOUND('',#9323,.T.);
#9323=EDGE_LOOP('',(#9324,#9334,#9344,#9354));
#9327=CARTESIAN_POINT('',(-0.476,0.0,0.952));
#9326=VERTEX_POINT('',#9327);
#9325=EDGE_CURVE('',#9326,#8836,#9330,.T.);
#9330=LINE('',#9327,#9332);
#9332=VECTOR('',#9333,0.89665282876409);
#9333=DIRECTION('',(0.531,-0.177,0.829));
#9324=ORIENTED_EDGE('',*,*,#9325,.F.);
#9335=EDGE_CURVE('',#9189,#9326,#9340,.T.);
#9340=LINE('',#9190,#9342);
#9342=VECTOR('',#9343,2.9718);
#9343=DIRECTION('',(0.0,0.0,-1.0));
#9334=ORIENTED_EDGE('',*,*,#9335,.F.);
#9344=ORIENTED_EDGE('',*,*,#9188,.T.);
#9354=ORIENTED_EDGE('',*,*,#8845,.T.);
#9364=STYLED_ITEM('',(#43),#9365);
#9365=ADVANCED_FACE('',(#9371),#9366,.T.);
#9366=PLANE('',#9367);
#9367=AXIS2_PLACEMENT_3D('',#9368,#9369,#9370);
#9368=CARTESIAN_POINT('',(-0.476,0.0,0.952));
#9369=DIRECTION('',(0.0,1.0,0.0));
#9370=DIRECTION('',(0.,0.,1.));
#9371=FACE_OUTER_BOUND('',#9372,.T.);
#9372=EDGE_LOOP('',(#9373,#9383,#9393,#9403));
#9376=CARTESIAN_POINT('',(-2.064,0.0,0.952));
#9375=VERTEX_POINT('',#9376);
#9374=EDGE_CURVE('',#9375,#9326,#9379,.T.);
#9379=LINE('',#9376,#9381);
#9381=VECTOR('',#9382,1.5875127);
#9382=DIRECTION('',(1.0,0.0,0.0));
#9373=ORIENTED_EDGE('',*,*,#9374,.F.);
#9384=EDGE_CURVE('',#9248,#9375,#9389,.T.);
#9389=LINE('',#9249,#9391);
#9391=VECTOR('',#9392,2.9718);
#9392=DIRECTION('',(0.0,0.0,-1.0));
#9383=ORIENTED_EDGE('',*,*,#9384,.F.);
#9393=ORIENTED_EDGE('',*,*,#9247,.T.);
#9403=ORIENTED_EDGE('',*,*,#9335,.T.);
#9413=STYLED_ITEM('',(#43),#9414);
#9414=ADVANCED_FACE('',(#9420),#9415,.T.);
#9415=PLANE('',#9416);
#9416=AXIS2_PLACEMENT_3D('',#9417,#9418,#9419);
#9417=CARTESIAN_POINT('',(-2.064,0.0,0.952));
#9418=DIRECTION('',(-0.316,0.949,0.0));
#9419=DIRECTION('',(0.,0.,1.));
#9420=FACE_OUTER_BOUND('',#9421,.T.);
#9421=EDGE_LOOP('',(#9422,#9432,#9442,#9452));
#9425=CARTESIAN_POINT('',(-2.54,-0.159,1.695));
#9424=VERTEX_POINT('',#9425);
#9423=EDGE_CURVE('',#9424,#9375,#9428,.T.);
#9428=LINE('',#9425,#9430);
#9430=VECTOR('',#9431,0.89665282876409);
#9431=DIRECTION('',(0.531,0.177,-0.829));
#9422=ORIENTED_EDGE('',*,*,#9423,.F.);
#9433=EDGE_CURVE('',#9297,#9424,#9438,.T.);
#9438=LINE('',#9298,#9440);
#9440=VECTOR('',#9441,1.93167);
#9441=DIRECTION('',(0.0,0.0,-1.0));
#9432=ORIENTED_EDGE('',*,*,#9433,.F.);
#9442=ORIENTED_EDGE('',*,*,#9296,.T.);
#9452=ORIENTED_EDGE('',*,*,#9384,.T.);
#9462=STYLED_ITEM('',(#43),#9463);
#9463=ADVANCED_FACE('',(#9469),#9464,.T.);
#9464=PLANE('',#9465);
#9465=AXIS2_PLACEMENT_3D('',#9466,#9467,#9468);
#9466=CARTESIAN_POINT('',(-2.54,-2.381,1.695));
#9467=DIRECTION('',(-0.316,-0.949,0.0));
#9468=DIRECTION('',(0.,0.,1.));
#9469=FACE_OUTER_BOUND('',#9470,.T.);
#9470=EDGE_LOOP('',(#9471,#9481,#9491,#9501));
#9474=CARTESIAN_POINT('',(-2.064,-2.54,0.952));
#9473=VERTEX_POINT('',#9474);
#9476=CARTESIAN_POINT('',(-2.54,-2.381,1.695));
#9475=VERTEX_POINT('',#9476);
#9472=EDGE_CURVE('',#9473,#9475,#9477,.T.);
#9477=LINE('',#9474,#9479);
#9479=VECTOR('',#9480,0.89665282876409);
#9480=DIRECTION('',(-0.531,0.177,0.829));
#9471=ORIENTED_EDGE('',*,*,#9472,.F.);
#9482=EDGE_CURVE('',#9230,#9473,#9487,.T.);
#9487=LINE('',#9231,#9489);
#9489=VECTOR('',#9490,2.9718);
#9490=DIRECTION('',(0.0,0.0,-1.0));
#9481=ORIENTED_EDGE('',*,*,#9482,.F.);
#9491=ORIENTED_EDGE('',*,*,#9276,.T.);
#9502=EDGE_CURVE('',#9475,#9279,#9507,.T.);
#9507=LINE('',#9476,#9509);
#9509=VECTOR('',#9510,1.93167);
#9510=DIRECTION('',(0.0,0.0,1.0));
#9501=ORIENTED_EDGE('',*,*,#9502,.F.);
#9511=STYLED_ITEM('',(#43),#9512);
#9512=ADVANCED_FACE('',(#9518),#9513,.T.);
#9513=PLANE('',#9514);
#9514=AXIS2_PLACEMENT_3D('',#9515,#9516,#9517);
#9515=CARTESIAN_POINT('',(-2.064,-2.54,0.952));
#9516=DIRECTION('',(0.0,-1.0,0.0));
#9517=DIRECTION('',(0.,0.,1.));
#9518=FACE_OUTER_BOUND('',#9519,.T.);
#9519=EDGE_LOOP('',(#9520,#9530,#9540,#9550));
#9523=CARTESIAN_POINT('',(-0.476,-2.54,0.952));
#9522=VERTEX_POINT('',#9523);
#9521=EDGE_CURVE('',#9522,#9473,#9526,.T.);
#9526=LINE('',#9523,#9528);
#9528=VECTOR('',#9529,1.5875127);
#9529=DIRECTION('',(-1.0,0.0,0.0));
#9520=ORIENTED_EDGE('',*,*,#9521,.F.);
#9531=EDGE_CURVE('',#9199,#9522,#9536,.T.);
#9536=LINE('',#9200,#9538);
#9538=VECTOR('',#9539,2.9718);
#9539=DIRECTION('',(0.0,0.0,-1.0));
#9530=ORIENTED_EDGE('',*,*,#9531,.F.);
#9540=ORIENTED_EDGE('',*,*,#9227,.T.);
#9550=ORIENTED_EDGE('',*,*,#9482,.T.);
#9560=STYLED_ITEM('',(#43),#9561);
#9561=ADVANCED_FACE('',(#9567),#9562,.T.);
#9562=PLANE('',#9563);
#9563=AXIS2_PLACEMENT_3D('',#9564,#9565,#9566);
#9564=CARTESIAN_POINT('',(-0.476,-2.54,0.952));
#9565=DIRECTION('',(0.316,-0.949,0.0));
#9566=DIRECTION('',(0.,0.,1.));
#9567=FACE_OUTER_BOUND('',#9568,.T.);
#9568=EDGE_LOOP('',(#9569,#9579,#9589,#9599));
#9570=EDGE_CURVE('',#8887,#9522,#9575,.T.);
#9575=LINE('',#8888,#9577);
#9577=VECTOR('',#9578,0.89665282876409);
#9578=DIRECTION('',(-0.531,-0.177,-0.829));
#9569=ORIENTED_EDGE('',*,*,#9570,.F.);
#9579=ORIENTED_EDGE('',*,*,#8914,.T.);
#9589=ORIENTED_EDGE('',*,*,#9208,.T.);
#9599=ORIENTED_EDGE('',*,*,#9531,.T.);
#9609=STYLED_ITEM('',(#43),#9610);
#9610=ADVANCED_FACE('',(#9616),#9611,.T.);
#9611=PLANE('',#9612);
#9612=AXIS2_PLACEMENT_3D('',#9613,#9614,#9615);
#9613=CARTESIAN_POINT('',(-0.476,-2.54,0.952));
#9614=DIRECTION('',(0.842,0.0,-0.54));
#9615=DIRECTION('',(0.,0.,1.));
#9616=FACE_OUTER_BOUND('',#9617,.T.);
#9617=EDGE_LOOP('',(#9618,#9628,#9638,#9648));
#9619=EDGE_CURVE('',#9326,#9522,#9624,.T.);
#9624=LINE('',#9327,#9626);
#9626=VECTOR('',#9627,2.54);
#9627=DIRECTION('',(0.0,-1.0,0.0));
#9618=ORIENTED_EDGE('',*,*,#9619,.F.);
#9628=ORIENTED_EDGE('',*,*,#9325,.T.);
#9638=ORIENTED_EDGE('',*,*,#9149,.T.);
#9648=ORIENTED_EDGE('',*,*,#9570,.T.);
#9658=STYLED_ITEM('',(#43),#9659);
#9659=ADVANCED_FACE('',(#9665),#9660,.T.);
#9660=PLANE('',#9661);
#9661=AXIS2_PLACEMENT_3D('',#9662,#9663,#9664);
#9662=CARTESIAN_POINT('',(-2.064,0.0,0.952));
#9663=DIRECTION('',(0.0,0.0,-1.0));
#9664=DIRECTION('',(0.,1.,0.));
#9665=FACE_OUTER_BOUND('',#9666,.T.);
#9666=EDGE_LOOP('',(#9667,#9677,#9687,#9697));
#9667=ORIENTED_EDGE('',*,*,#9374,.T.);
#9677=ORIENTED_EDGE('',*,*,#9619,.T.);
#9687=ORIENTED_EDGE('',*,*,#9521,.T.);
#9698=EDGE_CURVE('',#9375,#9473,#9703,.T.);
#9703=LINE('',#9376,#9705);
#9705=VECTOR('',#9706,2.54);
#9706=DIRECTION('',(0.0,-1.0,0.0));
#9697=ORIENTED_EDGE('',*,*,#9698,.F.);
#9707=STYLED_ITEM('',(#43),#9708);
#9708=ADVANCED_FACE('',(#9714),#9709,.T.);
#9709=PLANE('',#9710);
#9710=AXIS2_PLACEMENT_3D('',#9711,#9712,#9713);
#9711=CARTESIAN_POINT('',(-2.064,0.0,0.952));
#9712=DIRECTION('',(-0.842,0.0,-0.54));
#9713=DIRECTION('',(0.,0.,1.));
#9714=FACE_OUTER_BOUND('',#9715,.T.);
#9715=EDGE_LOOP('',(#9716,#9726,#9736,#9746));
#9716=ORIENTED_EDGE('',*,*,#9698,.T.);
#9726=ORIENTED_EDGE('',*,*,#9472,.T.);
#9737=EDGE_CURVE('',#9424,#9475,#9742,.T.);
#9742=LINE('',#9425,#9744);
#9744=VECTOR('',#9745,2.2224873);
#9745=DIRECTION('',(0.0,-1.0,0.0));
#9736=ORIENTED_EDGE('',*,*,#9737,.F.);
#9746=ORIENTED_EDGE('',*,*,#9423,.T.);
#9756=STYLED_ITEM('',(#43),#9757);
#9757=ADVANCED_FACE('',(#9763),#9758,.T.);
#9758=PLANE('',#9759);
#9759=AXIS2_PLACEMENT_3D('',#9760,#9761,#9762);
#9760=CARTESIAN_POINT('',(-2.54,-2.381,3.627));
#9761=DIRECTION('',(0.529,0.0,0.848));
#9762=DIRECTION('',(0.,0.,1.));
#9763=FACE_OUTER_BOUND('',#9764,.T.);
#9764=EDGE_LOOP('',(#9765,#9775,#9785,#9795));
#9765=ORIENTED_EDGE('',*,*,#9306,.T.);
#9778=CARTESIAN_POINT('',(-3.016,0.0,3.924));
#9777=VERTEX_POINT('',#9778);
#9776=EDGE_CURVE('',#9777,#9297,#9781,.T.);
#9781=LINE('',#9778,#9783);
#9783=VECTOR('',#9784,0.583375989590457);
#9784=DIRECTION('',(0.816,-0.272,-0.509));
#9775=ORIENTED_EDGE('',*,*,#9776,.F.);
#9788=CARTESIAN_POINT('',(-3.016,-2.54,3.924));
#9787=VERTEX_POINT('',#9788);
#9786=EDGE_CURVE('',#9787,#9777,#9791,.T.);
#9791=LINE('',#9788,#9793);
#9793=VECTOR('',#9794,2.54);
#9794=DIRECTION('',(0.0,1.0,0.0));
#9785=ORIENTED_EDGE('',*,*,#9786,.F.);
#9796=EDGE_CURVE('',#9279,#9787,#9801,.T.);
#9801=LINE('',#9280,#9803);
#9803=VECTOR('',#9804,0.583375989590457);
#9804=DIRECTION('',(-0.816,-0.272,0.509));
#9795=ORIENTED_EDGE('',*,*,#9796,.F.);
#9805=STYLED_ITEM('',(#43),#9806);
#9806=ADVANCED_FACE('',(#9812),#9807,.T.);
#9807=PLANE('',#9808);
#9808=AXIS2_PLACEMENT_3D('',#9809,#9810,#9811);
#9809=CARTESIAN_POINT('',(-4.604,-2.54,3.924));
#9810=DIRECTION('',(0.0,0.0,1.0));
#9811=DIRECTION('',(0.,1.,0.));
#9812=FACE_OUTER_BOUND('',#9813,.T.);
#9813=EDGE_LOOP('',(#9814,#9824,#9834,#9844));
#9819=CARTESIAN_POINT('',(-4.604,-2.54,3.924));
#9818=VERTEX_POINT('',#9819);
#9815=EDGE_CURVE('',#9787,#9818,#9820,.T.);
#9820=LINE('',#9788,#9822);
#9822=VECTOR('',#9823,1.5875127);
#9823=DIRECTION('',(-1.0,0.0,0.0));
#9814=ORIENTED_EDGE('',*,*,#9815,.F.);
#9824=ORIENTED_EDGE('',*,*,#9786,.T.);
#9837=CARTESIAN_POINT('',(-4.604,0.0,3.924));
#9836=VERTEX_POINT('',#9837);
#9835=EDGE_CURVE('',#9836,#9777,#9840,.T.);
#9840=LINE('',#9837,#9842);
#9842=VECTOR('',#9843,1.5875127);
#9843=DIRECTION('',(1.0,0.0,0.0));
#9834=ORIENTED_EDGE('',*,*,#9835,.F.);
#9845=EDGE_CURVE('',#9818,#9836,#9850,.T.);
#9850=LINE('',#9819,#9852);
#9852=VECTOR('',#9853,2.54);
#9853=DIRECTION('',(0.0,1.0,0.0));
#9844=ORIENTED_EDGE('',*,*,#9845,.F.);
#9854=STYLED_ITEM('',(#43),#9855);
#9855=ADVANCED_FACE('',(#9861),#9856,.T.);
#9856=PLANE('',#9857);
#9857=AXIS2_PLACEMENT_3D('',#9858,#9859,#9860);
#9858=CARTESIAN_POINT('',(-5.08,-2.381,3.627));
#9859=DIRECTION('',(-0.529,0.0,0.848));
#9860=DIRECTION('',(0.,0.,1.));
#9861=FACE_OUTER_BOUND('',#9862,.T.);
#9862=EDGE_LOOP('',(#9863,#9873,#9883,#9893));
#9868=CARTESIAN_POINT('',(-5.08,-2.381,3.627));
#9867=VERTEX_POINT('',#9868);
#9864=EDGE_CURVE('',#9818,#9867,#9869,.T.);
#9869=LINE('',#9819,#9871);
#9871=VECTOR('',#9872,0.583375989590457);
#9872=DIRECTION('',(-0.816,0.272,-0.509));
#9863=ORIENTED_EDGE('',*,*,#9864,.F.);
#9873=ORIENTED_EDGE('',*,*,#9845,.T.);
#9886=CARTESIAN_POINT('',(-5.08,-0.159,3.627));
#9885=VERTEX_POINT('',#9886);
#9884=EDGE_CURVE('',#9885,#9836,#9889,.T.);
#9889=LINE('',#9886,#9891);
#9891=VECTOR('',#9892,0.583375989590457);
#9892=DIRECTION('',(0.816,0.272,0.509));
#9883=ORIENTED_EDGE('',*,*,#9884,.F.);
#9894=EDGE_CURVE('',#9867,#9885,#9899,.T.);
#9899=LINE('',#9868,#9901);
#9901=VECTOR('',#9902,2.2224873);
#9902=DIRECTION('',(0.0,1.0,0.0));
#9893=ORIENTED_EDGE('',*,*,#9894,.F.);
#9903=STYLED_ITEM('',(#43),#9904);
#9904=ADVANCED_FACE('',(#9910),#9905,.T.);
#9905=PLANE('',#9906);
#9906=AXIS2_PLACEMENT_3D('',#9907,#9908,#9909);
#9907=CARTESIAN_POINT('',(-2.54,-0.159,1.695));
#9908=DIRECTION('',(0.316,0.949,0.0));
#9909=DIRECTION('',(0.,0.,1.));
#9910=FACE_OUTER_BOUND('',#9911,.T.);
#9911=EDGE_LOOP('',(#9912,#9922,#9932,#9942));
#9915=CARTESIAN_POINT('',(-3.016,0.0,0.952));
#9914=VERTEX_POINT('',#9915);
#9913=EDGE_CURVE('',#9914,#9424,#9918,.T.);
#9918=LINE('',#9915,#9920);
#9920=VECTOR('',#9921,0.89665282876409);
#9921=DIRECTION('',(0.531,-0.177,0.829));
#9912=ORIENTED_EDGE('',*,*,#9913,.F.);
#9923=EDGE_CURVE('',#9777,#9914,#9928,.T.);
#9928=LINE('',#9778,#9930);
#9930=VECTOR('',#9931,2.9718);
#9931=DIRECTION('',(0.0,0.0,-1.0));
#9922=ORIENTED_EDGE('',*,*,#9923,.F.);
#9932=ORIENTED_EDGE('',*,*,#9776,.T.);
#9942=ORIENTED_EDGE('',*,*,#9433,.T.);
#9952=STYLED_ITEM('',(#43),#9953);
#9953=ADVANCED_FACE('',(#9959),#9954,.T.);
#9954=PLANE('',#9955);
#9955=AXIS2_PLACEMENT_3D('',#9956,#9957,#9958);
#9956=CARTESIAN_POINT('',(-3.016,0.0,0.952));
#9957=DIRECTION('',(0.0,1.0,0.0));
#9958=DIRECTION('',(0.,0.,1.));
#9959=FACE_OUTER_BOUND('',#9960,.T.);
#9960=EDGE_LOOP('',(#9961,#9971,#9981,#9991));
#9964=CARTESIAN_POINT('',(-4.604,0.0,0.952));
#9963=VERTEX_POINT('',#9964);
#9962=EDGE_CURVE('',#9963,#9914,#9967,.T.);
#9967=LINE('',#9964,#9969);
#9969=VECTOR('',#9970,1.5875127);
#9970=DIRECTION('',(1.0,0.0,0.0));
#9961=ORIENTED_EDGE('',*,*,#9962,.F.);
#9972=EDGE_CURVE('',#9836,#9963,#9977,.T.);
#9977=LINE('',#9837,#9979);
#9979=VECTOR('',#9980,2.9718);
#9980=DIRECTION('',(0.0,0.0,-1.0));
#9971=ORIENTED_EDGE('',*,*,#9972,.F.);
#9981=ORIENTED_EDGE('',*,*,#9835,.T.);
#9991=ORIENTED_EDGE('',*,*,#9923,.T.);
#10001=STYLED_ITEM('',(#43),#10002);
#10002=ADVANCED_FACE('',(#10008),#10003,.T.);
#10003=PLANE('',#10004);
#10004=AXIS2_PLACEMENT_3D('',#10005,#10006,#10007);
#10005=CARTESIAN_POINT('',(-4.604,0.0,0.952));
#10006=DIRECTION('',(-0.316,0.949,0.0));
#10007=DIRECTION('',(0.,0.,1.));
#10008=FACE_OUTER_BOUND('',#10009,.T.);
#10009=EDGE_LOOP('',(#10010,#10020,#10030,#10040));
#10013=CARTESIAN_POINT('',(-5.08,-0.159,1.695));
#10012=VERTEX_POINT('',#10013);
#10011=EDGE_CURVE('',#10012,#9963,#10016,.T.);
#10016=LINE('',#10013,#10018);
#10018=VECTOR('',#10019,0.89665282876409);
#10019=DIRECTION('',(0.531,0.177,-0.829));
#10010=ORIENTED_EDGE('',*,*,#10011,.F.);
#10021=EDGE_CURVE('',#9885,#10012,#10026,.T.);
#10026=LINE('',#9886,#10028);
#10028=VECTOR('',#10029,1.93167);
#10029=DIRECTION('',(0.0,0.0,-1.0));
#10020=ORIENTED_EDGE('',*,*,#10021,.F.);
#10030=ORIENTED_EDGE('',*,*,#9884,.T.);
#10040=ORIENTED_EDGE('',*,*,#9972,.T.);
#10050=STYLED_ITEM('',(#43),#10051);
#10051=ADVANCED_FACE('',(#10057),#10052,.T.);
#10052=PLANE('',#10053);
#10053=AXIS2_PLACEMENT_3D('',#10054,#10055,#10056);
#10054=CARTESIAN_POINT('',(-5.08,-2.381,1.695));
#10055=DIRECTION('',(-0.316,-0.949,0.0));
#10056=DIRECTION('',(0.,0.,1.));
#10057=FACE_OUTER_BOUND('',#10058,.T.);
#10058=EDGE_LOOP('',(#10059,#10069,#10079,#10089));
#10062=CARTESIAN_POINT('',(-4.604,-2.54,0.952));
#10061=VERTEX_POINT('',#10062);
#10064=CARTESIAN_POINT('',(-5.08,-2.381,1.695));
#10063=VERTEX_POINT('',#10064);
#10060=EDGE_CURVE('',#10061,#10063,#10065,.T.);
#10065=LINE('',#10062,#10067);
#10067=VECTOR('',#10068,0.89665282876409);
#10068=DIRECTION('',(-0.531,0.177,0.829));
#10059=ORIENTED_EDGE('',*,*,#10060,.F.);
#10070=EDGE_CURVE('',#9818,#10061,#10075,.T.);
#10075=LINE('',#9819,#10077);
#10077=VECTOR('',#10078,2.9718);
#10078=DIRECTION('',(0.0,0.0,-1.0));
#10069=ORIENTED_EDGE('',*,*,#10070,.F.);
#10079=ORIENTED_EDGE('',*,*,#9864,.T.);
#10090=EDGE_CURVE('',#10063,#9867,#10095,.T.);
#10095=LINE('',#10064,#10097);
#10097=VECTOR('',#10098,1.93167);
#10098=DIRECTION('',(0.0,0.0,1.0));
#10089=ORIENTED_EDGE('',*,*,#10090,.F.);
#10099=STYLED_ITEM('',(#43),#10100);
#10100=ADVANCED_FACE('',(#10106),#10101,.T.);
#10101=PLANE('',#10102);
#10102=AXIS2_PLACEMENT_3D('',#10103,#10104,#10105);
#10103=CARTESIAN_POINT('',(-4.604,-2.54,0.952));
#10104=DIRECTION('',(0.0,-1.0,0.0));
#10105=DIRECTION('',(0.,0.,1.));
#10106=FACE_OUTER_BOUND('',#10107,.T.);
#10107=EDGE_LOOP('',(#10108,#10118,#10128,#10138));
#10111=CARTESIAN_POINT('',(-3.016,-2.54,0.952));
#10110=VERTEX_POINT('',#10111);
#10109=EDGE_CURVE('',#10110,#10061,#10114,.T.);
#10114=LINE('',#10111,#10116);
#10116=VECTOR('',#10117,1.5875127);
#10117=DIRECTION('',(-1.0,0.0,0.0));
#10108=ORIENTED_EDGE('',*,*,#10109,.F.);
#10119=EDGE_CURVE('',#9787,#10110,#10124,.T.);
#10124=LINE('',#9788,#10126);
#10126=VECTOR('',#10127,2.9718);
#10127=DIRECTION('',(0.0,0.0,-1.0));
#10118=ORIENTED_EDGE('',*,*,#10119,.F.);
#10128=ORIENTED_EDGE('',*,*,#9815,.T.);
#10138=ORIENTED_EDGE('',*,*,#10070,.T.);
#10148=STYLED_ITEM('',(#43),#10149);
#10149=ADVANCED_FACE('',(#10155),#10150,.T.);
#10150=PLANE('',#10151);
#10151=AXIS2_PLACEMENT_3D('',#10152,#10153,#10154);
#10152=CARTESIAN_POINT('',(-3.016,-2.54,0.952));
#10153=DIRECTION('',(0.316,-0.949,0.0));
#10154=DIRECTION('',(0.,0.,1.));
#10155=FACE_OUTER_BOUND('',#10156,.T.);
#10156=EDGE_LOOP('',(#10157,#10167,#10177,#10187));
#10158=EDGE_CURVE('',#9475,#10110,#10163,.T.);
#10163=LINE('',#9476,#10165);
#10165=VECTOR('',#10166,0.89665282876409);
#10166=DIRECTION('',(-0.531,-0.177,-0.829));
#10157=ORIENTED_EDGE('',*,*,#10158,.F.);
#10167=ORIENTED_EDGE('',*,*,#9502,.T.);
#10177=ORIENTED_EDGE('',*,*,#9796,.T.);
#10187=ORIENTED_EDGE('',*,*,#10119,.T.);
#10197=STYLED_ITEM('',(#43),#10198);
#10198=ADVANCED_FACE('',(#10204),#10199,.T.);
#10199=PLANE('',#10200);
#10200=AXIS2_PLACEMENT_3D('',#10201,#10202,#10203);
#10201=CARTESIAN_POINT('',(-3.016,-2.54,0.952));
#10202=DIRECTION('',(0.842,0.0,-0.54));
#10203=DIRECTION('',(0.,0.,1.));
#10204=FACE_OUTER_BOUND('',#10205,.T.);
#10205=EDGE_LOOP('',(#10206,#10216,#10226,#10236));
#10207=EDGE_CURVE('',#9914,#10110,#10212,.T.);
#10212=LINE('',#9915,#10214);
#10214=VECTOR('',#10215,2.54);
#10215=DIRECTION('',(0.0,-1.0,0.0));
#10206=ORIENTED_EDGE('',*,*,#10207,.F.);
#10216=ORIENTED_EDGE('',*,*,#9913,.T.);
#10226=ORIENTED_EDGE('',*,*,#9737,.T.);
#10236=ORIENTED_EDGE('',*,*,#10158,.T.);
#10246=STYLED_ITEM('',(#43),#10247);
#10247=ADVANCED_FACE('',(#10253),#10248,.T.);
#10248=PLANE('',#10249);
#10249=AXIS2_PLACEMENT_3D('',#10250,#10251,#10252);
#10250=CARTESIAN_POINT('',(-4.604,0.0,0.952));
#10251=DIRECTION('',(0.0,0.0,-1.0));
#10252=DIRECTION('',(0.,1.,0.));
#10253=FACE_OUTER_BOUND('',#10254,.T.);
#10254=EDGE_LOOP('',(#10255,#10265,#10275,#10285));
#10255=ORIENTED_EDGE('',*,*,#9962,.T.);
#10265=ORIENTED_EDGE('',*,*,#10207,.T.);
#10275=ORIENTED_EDGE('',*,*,#10109,.T.);
#10286=EDGE_CURVE('',#9963,#10061,#10291,.T.);
#10291=LINE('',#9964,#10293);
#10293=VECTOR('',#10294,2.54);
#10294=DIRECTION('',(0.0,-1.0,0.0));
#10285=ORIENTED_EDGE('',*,*,#10286,.F.);
#10295=STYLED_ITEM('',(#43),#10296);
#10296=ADVANCED_FACE('',(#10302),#10297,.T.);
#10297=PLANE('',#10298);
#10298=AXIS2_PLACEMENT_3D('',#10299,#10300,#10301);
#10299=CARTESIAN_POINT('',(-4.604,0.0,0.952));
#10300=DIRECTION('',(-0.842,0.0,-0.54));
#10301=DIRECTION('',(0.,0.,1.));
#10302=FACE_OUTER_BOUND('',#10303,.T.);
#10303=EDGE_LOOP('',(#10304,#10314,#10324,#10334));
#10304=ORIENTED_EDGE('',*,*,#10286,.T.);
#10314=ORIENTED_EDGE('',*,*,#10060,.T.);
#10325=EDGE_CURVE('',#10012,#10063,#10330,.T.);
#10330=LINE('',#10013,#10332);
#10332=VECTOR('',#10333,2.2224873);
#10333=DIRECTION('',(0.0,-1.0,0.0));
#10324=ORIENTED_EDGE('',*,*,#10325,.F.);
#10334=ORIENTED_EDGE('',*,*,#10011,.T.);
#10344=STYLED_ITEM('',(#43),#10345);
#10345=ADVANCED_FACE('',(#10351),#10346,.T.);
#10346=PLANE('',#10347);
#10347=AXIS2_PLACEMENT_3D('',#10348,#10349,#10350);
#10348=CARTESIAN_POINT('',(-5.08,-2.381,3.627));
#10349=DIRECTION('',(0.529,0.0,0.848));
#10350=DIRECTION('',(0.,0.,1.));
#10351=FACE_OUTER_BOUND('',#10352,.T.);
#10352=EDGE_LOOP('',(#10353,#10363,#10373,#10383));
#10353=ORIENTED_EDGE('',*,*,#9894,.T.);
#10366=CARTESIAN_POINT('',(-5.556,0.0,3.924));
#10365=VERTEX_POINT('',#10366);
#10364=EDGE_CURVE('',#10365,#9885,#10369,.T.);
#10369=LINE('',#10366,#10371);
#10371=VECTOR('',#10372,0.583375989590457);
#10372=DIRECTION('',(0.816,-0.272,-0.509));
#10363=ORIENTED_EDGE('',*,*,#10364,.F.);
#10376=CARTESIAN_POINT('',(-5.556,-2.54,3.924));
#10375=VERTEX_POINT('',#10376);
#10374=EDGE_CURVE('',#10375,#10365,#10379,.T.);
#10379=LINE('',#10376,#10381);
#10381=VECTOR('',#10382,2.54);
#10382=DIRECTION('',(0.0,1.0,0.0));
#10373=ORIENTED_EDGE('',*,*,#10374,.F.);
#10384=EDGE_CURVE('',#9867,#10375,#10389,.T.);
#10389=LINE('',#9868,#10391);
#10391=VECTOR('',#10392,0.583375989590457);
#10392=DIRECTION('',(-0.816,-0.272,0.509));
#10383=ORIENTED_EDGE('',*,*,#10384,.F.);
#10393=STYLED_ITEM('',(#43),#10394);
#10394=ADVANCED_FACE('',(#10400),#10395,.T.);
#10395=PLANE('',#10396);
#10396=AXIS2_PLACEMENT_3D('',#10397,#10398,#10399);
#10397=CARTESIAN_POINT('',(-7.144,-2.54,3.924));
#10398=DIRECTION('',(0.0,0.0,1.0));
#10399=DIRECTION('',(0.,1.,0.));
#10400=FACE_OUTER_BOUND('',#10401,.T.);
#10401=EDGE_LOOP('',(#10402,#10412,#10422,#10432));
#10407=CARTESIAN_POINT('',(-7.144,-2.54,3.924));
#10406=VERTEX_POINT('',#10407);
#10403=EDGE_CURVE('',#10375,#10406,#10408,.T.);
#10408=LINE('',#10376,#10410);
#10410=VECTOR('',#10411,1.5875127);
#10411=DIRECTION('',(-1.0,0.0,0.0));
#10402=ORIENTED_EDGE('',*,*,#10403,.F.);
#10412=ORIENTED_EDGE('',*,*,#10374,.T.);
#10425=CARTESIAN_POINT('',(-7.144,0.0,3.924));
#10424=VERTEX_POINT('',#10425);
#10423=EDGE_CURVE('',#10424,#10365,#10428,.T.);
#10428=LINE('',#10425,#10430);
#10430=VECTOR('',#10431,1.5875127);
#10431=DIRECTION('',(1.0,0.0,0.0));
#10422=ORIENTED_EDGE('',*,*,#10423,.F.);
#10433=EDGE_CURVE('',#10406,#10424,#10438,.T.);
#10438=LINE('',#10407,#10440);
#10440=VECTOR('',#10441,2.54);
#10441=DIRECTION('',(0.0,1.0,0.0));
#10432=ORIENTED_EDGE('',*,*,#10433,.F.);
#10442=STYLED_ITEM('',(#43),#10443);
#10443=ADVANCED_FACE('',(#10449),#10444,.T.);
#10444=PLANE('',#10445);
#10445=AXIS2_PLACEMENT_3D('',#10446,#10447,#10448);
#10446=CARTESIAN_POINT('',(-7.62,-2.381,3.627));
#10447=DIRECTION('',(-0.529,0.0,0.848));
#10448=DIRECTION('',(0.,0.,1.));
#10449=FACE_OUTER_BOUND('',#10450,.T.);
#10450=EDGE_LOOP('',(#10451,#10461,#10471,#10481));
#10456=CARTESIAN_POINT('',(-7.62,-2.381,3.627));
#10455=VERTEX_POINT('',#10456);
#10452=EDGE_CURVE('',#10406,#10455,#10457,.T.);
#10457=LINE('',#10407,#10459);
#10459=VECTOR('',#10460,0.583375989590457);
#10460=DIRECTION('',(-0.816,0.272,-0.509));
#10451=ORIENTED_EDGE('',*,*,#10452,.F.);
#10461=ORIENTED_EDGE('',*,*,#10433,.T.);
#10474=CARTESIAN_POINT('',(-7.62,-0.159,3.627));
#10473=VERTEX_POINT('',#10474);
#10472=EDGE_CURVE('',#10473,#10424,#10477,.T.);
#10477=LINE('',#10474,#10479);
#10479=VECTOR('',#10480,0.583375989590457);
#10480=DIRECTION('',(0.816,0.272,0.509));
#10471=ORIENTED_EDGE('',*,*,#10472,.F.);
#10482=EDGE_CURVE('',#10455,#10473,#10487,.T.);
#10487=LINE('',#10456,#10489);
#10489=VECTOR('',#10490,2.2224873);
#10490=DIRECTION('',(0.0,1.0,0.0));
#10481=ORIENTED_EDGE('',*,*,#10482,.F.);
#10491=STYLED_ITEM('',(#43),#10492);
#10492=ADVANCED_FACE('',(#10498),#10493,.T.);
#10493=PLANE('',#10494);
#10494=AXIS2_PLACEMENT_3D('',#10495,#10496,#10497);
#10495=CARTESIAN_POINT('',(-5.08,-0.159,1.695));
#10496=DIRECTION('',(0.316,0.949,0.0));
#10497=DIRECTION('',(0.,0.,1.));
#10498=FACE_OUTER_BOUND('',#10499,.T.);
#10499=EDGE_LOOP('',(#10500,#10510,#10520,#10530));
#10503=CARTESIAN_POINT('',(-5.556,0.0,0.952));
#10502=VERTEX_POINT('',#10503);
#10501=EDGE_CURVE('',#10502,#10012,#10506,.T.);
#10506=LINE('',#10503,#10508);
#10508=VECTOR('',#10509,0.89665282876409);
#10509=DIRECTION('',(0.531,-0.177,0.829));
#10500=ORIENTED_EDGE('',*,*,#10501,.F.);
#10511=EDGE_CURVE('',#10365,#10502,#10516,.T.);
#10516=LINE('',#10366,#10518);
#10518=VECTOR('',#10519,2.9718);
#10519=DIRECTION('',(0.0,0.0,-1.0));
#10510=ORIENTED_EDGE('',*,*,#10511,.F.);
#10520=ORIENTED_EDGE('',*,*,#10364,.T.);
#10530=ORIENTED_EDGE('',*,*,#10021,.T.);
#10540=STYLED_ITEM('',(#43),#10541);
#10541=ADVANCED_FACE('',(#10547),#10542,.T.);
#10542=PLANE('',#10543);
#10543=AXIS2_PLACEMENT_3D('',#10544,#10545,#10546);
#10544=CARTESIAN_POINT('',(-5.556,0.0,0.952));
#10545=DIRECTION('',(0.0,1.0,0.0));
#10546=DIRECTION('',(0.,0.,1.));
#10547=FACE_OUTER_BOUND('',#10548,.T.);
#10548=EDGE_LOOP('',(#10549,#10559,#10569,#10579));
#10552=CARTESIAN_POINT('',(-7.144,0.0,0.952));
#10551=VERTEX_POINT('',#10552);
#10550=EDGE_CURVE('',#10551,#10502,#10555,.T.);
#10555=LINE('',#10552,#10557);
#10557=VECTOR('',#10558,1.5875127);
#10558=DIRECTION('',(1.0,0.0,0.0));
#10549=ORIENTED_EDGE('',*,*,#10550,.F.);
#10560=EDGE_CURVE('',#10424,#10551,#10565,.T.);
#10565=LINE('',#10425,#10567);
#10567=VECTOR('',#10568,2.9718);
#10568=DIRECTION('',(0.0,0.0,-1.0));
#10559=ORIENTED_EDGE('',*,*,#10560,.F.);
#10569=ORIENTED_EDGE('',*,*,#10423,.T.);
#10579=ORIENTED_EDGE('',*,*,#10511,.T.);
#10589=STYLED_ITEM('',(#43),#10590);
#10590=ADVANCED_FACE('',(#10596),#10591,.T.);
#10591=PLANE('',#10592);
#10592=AXIS2_PLACEMENT_3D('',#10593,#10594,#10595);
#10593=CARTESIAN_POINT('',(-7.144,0.0,0.952));
#10594=DIRECTION('',(-0.316,0.949,0.0));
#10595=DIRECTION('',(0.,0.,1.));
#10596=FACE_OUTER_BOUND('',#10597,.T.);
#10597=EDGE_LOOP('',(#10598,#10608,#10618,#10628));
#10601=CARTESIAN_POINT('',(-7.62,-0.159,1.695));
#10600=VERTEX_POINT('',#10601);
#10599=EDGE_CURVE('',#10600,#10551,#10604,.T.);
#10604=LINE('',#10601,#10606);
#10606=VECTOR('',#10607,0.89665282876409);
#10607=DIRECTION('',(0.531,0.177,-0.829));
#10598=ORIENTED_EDGE('',*,*,#10599,.F.);
#10609=EDGE_CURVE('',#10473,#10600,#10614,.T.);
#10614=LINE('',#10474,#10616);
#10616=VECTOR('',#10617,1.93167);
#10617=DIRECTION('',(0.0,0.0,-1.0));
#10608=ORIENTED_EDGE('',*,*,#10609,.F.);
#10618=ORIENTED_EDGE('',*,*,#10472,.T.);
#10628=ORIENTED_EDGE('',*,*,#10560,.T.);
#10638=STYLED_ITEM('',(#43),#10639);
#10639=ADVANCED_FACE('',(#10645),#10640,.T.);
#10640=PLANE('',#10641);
#10641=AXIS2_PLACEMENT_3D('',#10642,#10643,#10644);
#10642=CARTESIAN_POINT('',(-7.62,-2.381,1.695));
#10643=DIRECTION('',(-0.316,-0.949,0.0));
#10644=DIRECTION('',(0.,0.,1.));
#10645=FACE_OUTER_BOUND('',#10646,.T.);
#10646=EDGE_LOOP('',(#10647,#10657,#10667,#10677));
#10650=CARTESIAN_POINT('',(-7.144,-2.54,0.952));
#10649=VERTEX_POINT('',#10650);
#10652=CARTESIAN_POINT('',(-7.62,-2.381,1.695));
#10651=VERTEX_POINT('',#10652);
#10648=EDGE_CURVE('',#10649,#10651,#10653,.T.);
#10653=LINE('',#10650,#10655);
#10655=VECTOR('',#10656,0.89665282876409);
#10656=DIRECTION('',(-0.531,0.177,0.829));
#10647=ORIENTED_EDGE('',*,*,#10648,.F.);
#10658=EDGE_CURVE('',#10406,#10649,#10663,.T.);
#10663=LINE('',#10407,#10665);
#10665=VECTOR('',#10666,2.9718);
#10666=DIRECTION('',(0.0,0.0,-1.0));
#10657=ORIENTED_EDGE('',*,*,#10658,.F.);
#10667=ORIENTED_EDGE('',*,*,#10452,.T.);
#10678=EDGE_CURVE('',#10651,#10455,#10683,.T.);
#10683=LINE('',#10652,#10685);
#10685=VECTOR('',#10686,1.93167);
#10686=DIRECTION('',(0.0,0.0,1.0));
#10677=ORIENTED_EDGE('',*,*,#10678,.F.);
#10687=STYLED_ITEM('',(#43),#10688);
#10688=ADVANCED_FACE('',(#10694),#10689,.T.);
#10689=PLANE('',#10690);
#10690=AXIS2_PLACEMENT_3D('',#10691,#10692,#10693);
#10691=CARTESIAN_POINT('',(-7.144,-2.54,0.952));
#10692=DIRECTION('',(0.0,-1.0,0.0));
#10693=DIRECTION('',(0.,0.,1.));
#10694=FACE_OUTER_BOUND('',#10695,.T.);
#10695=EDGE_LOOP('',(#10696,#10706,#10716,#10726));
#10699=CARTESIAN_POINT('',(-5.556,-2.54,0.952));
#10698=VERTEX_POINT('',#10699);
#10697=EDGE_CURVE('',#10698,#10649,#10702,.T.);
#10702=LINE('',#10699,#10704);
#10704=VECTOR('',#10705,1.5875127);
#10705=DIRECTION('',(-1.0,0.0,0.0));
#10696=ORIENTED_EDGE('',*,*,#10697,.F.);
#10707=EDGE_CURVE('',#10375,#10698,#10712,.T.);
#10712=LINE('',#10376,#10714);
#10714=VECTOR('',#10715,2.9718);
#10715=DIRECTION('',(0.0,0.0,-1.0));
#10706=ORIENTED_EDGE('',*,*,#10707,.F.);
#10716=ORIENTED_EDGE('',*,*,#10403,.T.);
#10726=ORIENTED_EDGE('',*,*,#10658,.T.);
#10736=STYLED_ITEM('',(#43),#10737);
#10737=ADVANCED_FACE('',(#10743),#10738,.T.);
#10738=PLANE('',#10739);
#10739=AXIS2_PLACEMENT_3D('',#10740,#10741,#10742);
#10740=CARTESIAN_POINT('',(-5.556,-2.54,0.952));
#10741=DIRECTION('',(0.316,-0.949,0.0));
#10742=DIRECTION('',(0.,0.,1.));
#10743=FACE_OUTER_BOUND('',#10744,.T.);
#10744=EDGE_LOOP('',(#10745,#10755,#10765,#10775));
#10746=EDGE_CURVE('',#10063,#10698,#10751,.T.);
#10751=LINE('',#10064,#10753);
#10753=VECTOR('',#10754,0.89665282876409);
#10754=DIRECTION('',(-0.531,-0.177,-0.829));
#10745=ORIENTED_EDGE('',*,*,#10746,.F.);
#10755=ORIENTED_EDGE('',*,*,#10090,.T.);
#10765=ORIENTED_EDGE('',*,*,#10384,.T.);
#10775=ORIENTED_EDGE('',*,*,#10707,.T.);
#10785=STYLED_ITEM('',(#43),#10786);
#10786=ADVANCED_FACE('',(#10792),#10787,.T.);
#10787=PLANE('',#10788);
#10788=AXIS2_PLACEMENT_3D('',#10789,#10790,#10791);
#10789=CARTESIAN_POINT('',(-5.556,-2.54,0.952));
#10790=DIRECTION('',(0.842,0.0,-0.54));
#10791=DIRECTION('',(0.,0.,1.));
#10792=FACE_OUTER_BOUND('',#10793,.T.);
#10793=EDGE_LOOP('',(#10794,#10804,#10814,#10824));
#10795=EDGE_CURVE('',#10502,#10698,#10800,.T.);
#10800=LINE('',#10503,#10802);
#10802=VECTOR('',#10803,2.54);
#10803=DIRECTION('',(0.0,-1.0,0.0));
#10794=ORIENTED_EDGE('',*,*,#10795,.F.);
#10804=ORIENTED_EDGE('',*,*,#10501,.T.);
#10814=ORIENTED_EDGE('',*,*,#10325,.T.);
#10824=ORIENTED_EDGE('',*,*,#10746,.T.);
#10834=STYLED_ITEM('',(#43),#10835);
#10835=ADVANCED_FACE('',(#10841),#10836,.T.);
#10836=PLANE('',#10837);
#10837=AXIS2_PLACEMENT_3D('',#10838,#10839,#10840);
#10838=CARTESIAN_POINT('',(-7.144,0.0,0.952));
#10839=DIRECTION('',(0.0,0.0,-1.0));
#10840=DIRECTION('',(0.,1.,0.));
#10841=FACE_OUTER_BOUND('',#10842,.T.);
#10842=EDGE_LOOP('',(#10843,#10853,#10863,#10873));
#10843=ORIENTED_EDGE('',*,*,#10550,.T.);
#10853=ORIENTED_EDGE('',*,*,#10795,.T.);
#10863=ORIENTED_EDGE('',*,*,#10697,.T.);
#10874=EDGE_CURVE('',#10551,#10649,#10879,.T.);
#10879=LINE('',#10552,#10881);
#10881=VECTOR('',#10882,2.54);
#10882=DIRECTION('',(0.0,-1.0,0.0));
#10873=ORIENTED_EDGE('',*,*,#10874,.F.);
#10883=STYLED_ITEM('',(#43),#10884);
#10884=ADVANCED_FACE('',(#10890),#10885,.T.);
#10885=PLANE('',#10886);
#10886=AXIS2_PLACEMENT_3D('',#10887,#10888,#10889);
#10887=CARTESIAN_POINT('',(-7.144,0.0,0.952));
#10888=DIRECTION('',(-0.842,0.0,-0.54));
#10889=DIRECTION('',(0.,0.,1.));
#10890=FACE_OUTER_BOUND('',#10891,.T.);
#10891=EDGE_LOOP('',(#10892,#10902,#10912,#10922));
#10892=ORIENTED_EDGE('',*,*,#10874,.T.);
#10902=ORIENTED_EDGE('',*,*,#10648,.T.);
#10913=EDGE_CURVE('',#10600,#10651,#10918,.T.);
#10918=LINE('',#10601,#10920);
#10920=VECTOR('',#10921,2.2224873);
#10921=DIRECTION('',(0.0,-1.0,0.0));
#10912=ORIENTED_EDGE('',*,*,#10913,.F.);
#10922=ORIENTED_EDGE('',*,*,#10599,.T.);
#10932=STYLED_ITEM('',(#43),#10933);
#10933=ADVANCED_FACE('',(#10939),#10934,.T.);
#10934=PLANE('',#10935);
#10935=AXIS2_PLACEMENT_3D('',#10936,#10937,#10938);
#10936=CARTESIAN_POINT('',(-7.62,-2.381,3.627));
#10937=DIRECTION('',(0.529,0.0,0.848));
#10938=DIRECTION('',(0.,0.,1.));
#10939=FACE_OUTER_BOUND('',#10940,.T.);
#10940=EDGE_LOOP('',(#10941,#10951,#10961,#10971));
#10941=ORIENTED_EDGE('',*,*,#10482,.T.);
#10954=CARTESIAN_POINT('',(-8.096,0.0,3.924));
#10953=VERTEX_POINT('',#10954);
#10952=EDGE_CURVE('',#10953,#10473,#10957,.T.);
#10957=LINE('',#10954,#10959);
#10959=VECTOR('',#10960,0.583375989590457);
#10960=DIRECTION('',(0.816,-0.272,-0.509));
#10951=ORIENTED_EDGE('',*,*,#10952,.F.);
#10964=CARTESIAN_POINT('',(-8.096,-2.54,3.924));
#10963=VERTEX_POINT('',#10964);
#10962=EDGE_CURVE('',#10963,#10953,#10967,.T.);
#10967=LINE('',#10964,#10969);
#10969=VECTOR('',#10970,2.54);
#10970=DIRECTION('',(0.0,1.0,0.0));
#10961=ORIENTED_EDGE('',*,*,#10962,.F.);
#10972=EDGE_CURVE('',#10455,#10963,#10977,.T.);
#10977=LINE('',#10456,#10979);
#10979=VECTOR('',#10980,0.583375989590457);
#10980=DIRECTION('',(-0.816,-0.272,0.509));
#10971=ORIENTED_EDGE('',*,*,#10972,.F.);
#10981=STYLED_ITEM('',(#43),#10982);
#10982=ADVANCED_FACE('',(#10988),#10983,.T.);
#10983=PLANE('',#10984);
#10984=AXIS2_PLACEMENT_3D('',#10985,#10986,#10987);
#10985=CARTESIAN_POINT('',(-9.684,-2.54,3.924));
#10986=DIRECTION('',(0.0,0.0,1.0));
#10987=DIRECTION('',(0.,1.,0.));
#10988=FACE_OUTER_BOUND('',#10989,.T.);
#10989=EDGE_LOOP('',(#10990,#11000,#11010,#11020));
#10995=CARTESIAN_POINT('',(-9.684,-2.54,3.924));
#10994=VERTEX_POINT('',#10995);
#10991=EDGE_CURVE('',#10963,#10994,#10996,.T.);
#10996=LINE('',#10964,#10998);
#10998=VECTOR('',#10999,1.5875127);
#10999=DIRECTION('',(-1.0,0.0,0.0));
#10990=ORIENTED_EDGE('',*,*,#10991,.F.);
#11000=ORIENTED_EDGE('',*,*,#10962,.T.);
#11013=CARTESIAN_POINT('',(-9.684,0.0,3.924));
#11012=VERTEX_POINT('',#11013);
#11011=EDGE_CURVE('',#11012,#10953,#11016,.T.);
#11016=LINE('',#11013,#11018);
#11018=VECTOR('',#11019,1.5875127);
#11019=DIRECTION('',(1.0,0.0,0.0));
#11010=ORIENTED_EDGE('',*,*,#11011,.F.);
#11021=EDGE_CURVE('',#10994,#11012,#11026,.T.);
#11026=LINE('',#10995,#11028);
#11028=VECTOR('',#11029,2.54);
#11029=DIRECTION('',(0.0,1.0,0.0));
#11020=ORIENTED_EDGE('',*,*,#11021,.F.);
#11030=STYLED_ITEM('',(#43),#11031);
#11031=ADVANCED_FACE('',(#11037),#11032,.T.);
#11032=PLANE('',#11033);
#11033=AXIS2_PLACEMENT_3D('',#11034,#11035,#11036);
#11034=CARTESIAN_POINT('',(-10.16,-2.381,3.627));
#11035=DIRECTION('',(-0.529,0.0,0.848));
#11036=DIRECTION('',(0.,0.,1.));
#11037=FACE_OUTER_BOUND('',#11038,.T.);
#11038=EDGE_LOOP('',(#11039,#11049,#11059,#11069));
#11044=CARTESIAN_POINT('',(-10.16,-2.381,3.627));
#11043=VERTEX_POINT('',#11044);
#11040=EDGE_CURVE('',#10994,#11043,#11045,.T.);
#11045=LINE('',#10995,#11047);
#11047=VECTOR('',#11048,0.583375989590457);
#11048=DIRECTION('',(-0.816,0.272,-0.509));
#11039=ORIENTED_EDGE('',*,*,#11040,.F.);
#11049=ORIENTED_EDGE('',*,*,#11021,.T.);
#11062=CARTESIAN_POINT('',(-10.16,-0.159,3.627));
#11061=VERTEX_POINT('',#11062);
#11060=EDGE_CURVE('',#11061,#11012,#11065,.T.);
#11065=LINE('',#11062,#11067);
#11067=VECTOR('',#11068,0.583375989590457);
#11068=DIRECTION('',(0.816,0.272,0.509));
#11059=ORIENTED_EDGE('',*,*,#11060,.F.);
#11070=EDGE_CURVE('',#11043,#11061,#11075,.T.);
#11075=LINE('',#11044,#11077);
#11077=VECTOR('',#11078,2.2224873);
#11078=DIRECTION('',(0.0,1.0,0.0));
#11069=ORIENTED_EDGE('',*,*,#11070,.F.);
#11079=STYLED_ITEM('',(#43),#11080);
#11080=ADVANCED_FACE('',(#11086),#11081,.T.);
#11081=PLANE('',#11082);
#11082=AXIS2_PLACEMENT_3D('',#11083,#11084,#11085);
#11083=CARTESIAN_POINT('',(-7.62,-0.159,1.695));
#11084=DIRECTION('',(0.316,0.949,0.0));
#11085=DIRECTION('',(0.,0.,1.));
#11086=FACE_OUTER_BOUND('',#11087,.T.);
#11087=EDGE_LOOP('',(#11088,#11098,#11108,#11118));
#11091=CARTESIAN_POINT('',(-8.096,0.0,0.952));
#11090=VERTEX_POINT('',#11091);
#11089=EDGE_CURVE('',#11090,#10600,#11094,.T.);
#11094=LINE('',#11091,#11096);
#11096=VECTOR('',#11097,0.89665282876409);
#11097=DIRECTION('',(0.531,-0.177,0.829));
#11088=ORIENTED_EDGE('',*,*,#11089,.F.);
#11099=EDGE_CURVE('',#10953,#11090,#11104,.T.);
#11104=LINE('',#10954,#11106);
#11106=VECTOR('',#11107,2.9718);
#11107=DIRECTION('',(0.0,0.0,-1.0));
#11098=ORIENTED_EDGE('',*,*,#11099,.F.);
#11108=ORIENTED_EDGE('',*,*,#10952,.T.);
#11118=ORIENTED_EDGE('',*,*,#10609,.T.);
#11128=STYLED_ITEM('',(#43),#11129);
#11129=ADVANCED_FACE('',(#11135),#11130,.T.);
#11130=PLANE('',#11131);
#11131=AXIS2_PLACEMENT_3D('',#11132,#11133,#11134);
#11132=CARTESIAN_POINT('',(-8.096,0.0,0.952));
#11133=DIRECTION('',(0.0,1.0,0.0));
#11134=DIRECTION('',(0.,0.,1.));
#11135=FACE_OUTER_BOUND('',#11136,.T.);
#11136=EDGE_LOOP('',(#11137,#11147,#11157,#11167));
#11140=CARTESIAN_POINT('',(-9.684,0.0,0.952));
#11139=VERTEX_POINT('',#11140);
#11138=EDGE_CURVE('',#11139,#11090,#11143,.T.);
#11143=LINE('',#11140,#11145);
#11145=VECTOR('',#11146,1.5875127);
#11146=DIRECTION('',(1.0,0.0,0.0));
#11137=ORIENTED_EDGE('',*,*,#11138,.F.);
#11148=EDGE_CURVE('',#11012,#11139,#11153,.T.);
#11153=LINE('',#11013,#11155);
#11155=VECTOR('',#11156,2.9718);
#11156=DIRECTION('',(0.0,0.0,-1.0));
#11147=ORIENTED_EDGE('',*,*,#11148,.F.);
#11157=ORIENTED_EDGE('',*,*,#11011,.T.);
#11167=ORIENTED_EDGE('',*,*,#11099,.T.);
#11177=STYLED_ITEM('',(#43),#11178);
#11178=ADVANCED_FACE('',(#11184),#11179,.T.);
#11179=PLANE('',#11180);
#11180=AXIS2_PLACEMENT_3D('',#11181,#11182,#11183);
#11181=CARTESIAN_POINT('',(-9.684,0.0,0.952));
#11182=DIRECTION('',(-0.316,0.949,0.0));
#11183=DIRECTION('',(0.,0.,1.));
#11184=FACE_OUTER_BOUND('',#11185,.T.);
#11185=EDGE_LOOP('',(#11186,#11196,#11206,#11216));
#11189=CARTESIAN_POINT('',(-10.16,-0.159,1.695));
#11188=VERTEX_POINT('',#11189);
#11187=EDGE_CURVE('',#11188,#11139,#11192,.T.);
#11192=LINE('',#11189,#11194);
#11194=VECTOR('',#11195,0.89665282876409);
#11195=DIRECTION('',(0.531,0.177,-0.829));
#11186=ORIENTED_EDGE('',*,*,#11187,.F.);
#11197=EDGE_CURVE('',#11061,#11188,#11202,.T.);
#11202=LINE('',#11062,#11204);
#11204=VECTOR('',#11205,1.93167);
#11205=DIRECTION('',(0.0,0.0,-1.0));
#11196=ORIENTED_EDGE('',*,*,#11197,.F.);
#11206=ORIENTED_EDGE('',*,*,#11060,.T.);
#11216=ORIENTED_EDGE('',*,*,#11148,.T.);
#11226=STYLED_ITEM('',(#43),#11227);
#11227=ADVANCED_FACE('',(#11233),#11228,.T.);
#11228=PLANE('',#11229);
#11229=AXIS2_PLACEMENT_3D('',#11230,#11231,#11232);
#11230=CARTESIAN_POINT('',(-10.16,-2.381,1.695));
#11231=DIRECTION('',(-0.316,-0.949,0.0));
#11232=DIRECTION('',(0.,0.,1.));
#11233=FACE_OUTER_BOUND('',#11234,.T.);
#11234=EDGE_LOOP('',(#11235,#11245,#11255,#11265));
#11238=CARTESIAN_POINT('',(-9.684,-2.54,0.952));
#11237=VERTEX_POINT('',#11238);
#11240=CARTESIAN_POINT('',(-10.16,-2.381,1.695));
#11239=VERTEX_POINT('',#11240);
#11236=EDGE_CURVE('',#11237,#11239,#11241,.T.);
#11241=LINE('',#11238,#11243);
#11243=VECTOR('',#11244,0.89665282876409);
#11244=DIRECTION('',(-0.531,0.177,0.829));
#11235=ORIENTED_EDGE('',*,*,#11236,.F.);
#11246=EDGE_CURVE('',#10994,#11237,#11251,.T.);
#11251=LINE('',#10995,#11253);
#11253=VECTOR('',#11254,2.9718);
#11254=DIRECTION('',(0.0,0.0,-1.0));
#11245=ORIENTED_EDGE('',*,*,#11246,.F.);
#11255=ORIENTED_EDGE('',*,*,#11040,.T.);
#11266=EDGE_CURVE('',#11239,#11043,#11271,.T.);
#11271=LINE('',#11240,#11273);
#11273=VECTOR('',#11274,1.93167);
#11274=DIRECTION('',(0.0,0.0,1.0));
#11265=ORIENTED_EDGE('',*,*,#11266,.F.);
#11275=STYLED_ITEM('',(#43),#11276);
#11276=ADVANCED_FACE('',(#11282),#11277,.T.);
#11277=PLANE('',#11278);
#11278=AXIS2_PLACEMENT_3D('',#11279,#11280,#11281);
#11279=CARTESIAN_POINT('',(-9.684,-2.54,0.952));
#11280=DIRECTION('',(0.0,-1.0,0.0));
#11281=DIRECTION('',(0.,0.,1.));
#11282=FACE_OUTER_BOUND('',#11283,.T.);
#11283=EDGE_LOOP('',(#11284,#11294,#11304,#11314));
#11287=CARTESIAN_POINT('',(-8.096,-2.54,0.952));
#11286=VERTEX_POINT('',#11287);
#11285=EDGE_CURVE('',#11286,#11237,#11290,.T.);
#11290=LINE('',#11287,#11292);
#11292=VECTOR('',#11293,1.5875127);
#11293=DIRECTION('',(-1.0,0.0,0.0));
#11284=ORIENTED_EDGE('',*,*,#11285,.F.);
#11295=EDGE_CURVE('',#10963,#11286,#11300,.T.);
#11300=LINE('',#10964,#11302);
#11302=VECTOR('',#11303,2.9718);
#11303=DIRECTION('',(0.0,0.0,-1.0));
#11294=ORIENTED_EDGE('',*,*,#11295,.F.);
#11304=ORIENTED_EDGE('',*,*,#10991,.T.);
#11314=ORIENTED_EDGE('',*,*,#11246,.T.);
#11324=STYLED_ITEM('',(#43),#11325);
#11325=ADVANCED_FACE('',(#11331),#11326,.T.);
#11326=PLANE('',#11327);
#11327=AXIS2_PLACEMENT_3D('',#11328,#11329,#11330);
#11328=CARTESIAN_POINT('',(-8.096,-2.54,0.952));
#11329=DIRECTION('',(0.316,-0.949,0.0));
#11330=DIRECTION('',(0.,0.,1.));
#11331=FACE_OUTER_BOUND('',#11332,.T.);
#11332=EDGE_LOOP('',(#11333,#11343,#11353,#11363));
#11334=EDGE_CURVE('',#10651,#11286,#11339,.T.);
#11339=LINE('',#10652,#11341);
#11341=VECTOR('',#11342,0.89665282876409);
#11342=DIRECTION('',(-0.531,-0.177,-0.829));
#11333=ORIENTED_EDGE('',*,*,#11334,.F.);
#11343=ORIENTED_EDGE('',*,*,#10678,.T.);
#11353=ORIENTED_EDGE('',*,*,#10972,.T.);
#11363=ORIENTED_EDGE('',*,*,#11295,.T.);
#11373=STYLED_ITEM('',(#43),#11374);
#11374=ADVANCED_FACE('',(#11380),#11375,.T.);
#11375=PLANE('',#11376);
#11376=AXIS2_PLACEMENT_3D('',#11377,#11378,#11379);
#11377=CARTESIAN_POINT('',(-8.096,-2.54,0.952));
#11378=DIRECTION('',(0.842,0.0,-0.54));
#11379=DIRECTION('',(0.,0.,1.));
#11380=FACE_OUTER_BOUND('',#11381,.T.);
#11381=EDGE_LOOP('',(#11382,#11392,#11402,#11412));
#11383=EDGE_CURVE('',#11090,#11286,#11388,.T.);
#11388=LINE('',#11091,#11390);
#11390=VECTOR('',#11391,2.54);
#11391=DIRECTION('',(0.0,-1.0,0.0));
#11382=ORIENTED_EDGE('',*,*,#11383,.F.);
#11392=ORIENTED_EDGE('',*,*,#11089,.T.);
#11402=ORIENTED_EDGE('',*,*,#10913,.T.);
#11412=ORIENTED_EDGE('',*,*,#11334,.T.);
#11422=STYLED_ITEM('',(#43),#11423);
#11423=ADVANCED_FACE('',(#11429),#11424,.T.);
#11424=PLANE('',#11425);
#11425=AXIS2_PLACEMENT_3D('',#11426,#11427,#11428);
#11426=CARTESIAN_POINT('',(-9.684,0.0,0.952));
#11427=DIRECTION('',(0.0,0.0,-1.0));
#11428=DIRECTION('',(0.,1.,0.));
#11429=FACE_OUTER_BOUND('',#11430,.T.);
#11430=EDGE_LOOP('',(#11431,#11441,#11451,#11461));
#11431=ORIENTED_EDGE('',*,*,#11138,.T.);
#11441=ORIENTED_EDGE('',*,*,#11383,.T.);
#11451=ORIENTED_EDGE('',*,*,#11285,.T.);
#11462=EDGE_CURVE('',#11139,#11237,#11467,.T.);
#11467=LINE('',#11140,#11469);
#11469=VECTOR('',#11470,2.54);
#11470=DIRECTION('',(0.0,-1.0,0.0));
#11461=ORIENTED_EDGE('',*,*,#11462,.F.);
#11471=STYLED_ITEM('',(#43),#11472);
#11472=ADVANCED_FACE('',(#11478),#11473,.T.);
#11473=PLANE('',#11474);
#11474=AXIS2_PLACEMENT_3D('',#11475,#11476,#11477);
#11475=CARTESIAN_POINT('',(-9.684,0.0,0.952));
#11476=DIRECTION('',(-0.842,0.0,-0.54));
#11477=DIRECTION('',(0.,0.,1.));
#11478=FACE_OUTER_BOUND('',#11479,.T.);
#11479=EDGE_LOOP('',(#11480,#11490,#11500,#11510));
#11480=ORIENTED_EDGE('',*,*,#11462,.T.);
#11490=ORIENTED_EDGE('',*,*,#11236,.T.);
#11501=EDGE_CURVE('',#11188,#11239,#11506,.T.);
#11506=LINE('',#11189,#11508);
#11508=VECTOR('',#11509,2.2224873);
#11509=DIRECTION('',(0.0,-1.0,0.0));
#11500=ORIENTED_EDGE('',*,*,#11501,.F.);
#11510=ORIENTED_EDGE('',*,*,#11187,.T.);
#11520=STYLED_ITEM('',(#43),#11521);
#11521=ADVANCED_FACE('',(#11527),#11522,.T.);
#11522=PLANE('',#11523);
#11523=AXIS2_PLACEMENT_3D('',#11524,#11525,#11526);
#11524=CARTESIAN_POINT('',(-10.16,-2.381,3.627));
#11525=DIRECTION('',(0.529,0.0,0.848));
#11526=DIRECTION('',(0.,0.,1.));
#11527=FACE_OUTER_BOUND('',#11528,.T.);
#11528=EDGE_LOOP('',(#11529,#11539,#11549,#11559));
#11529=ORIENTED_EDGE('',*,*,#11070,.T.);
#11542=CARTESIAN_POINT('',(-10.636,0.0,3.924));
#11541=VERTEX_POINT('',#11542);
#11540=EDGE_CURVE('',#11541,#11061,#11545,.T.);
#11545=LINE('',#11542,#11547);
#11547=VECTOR('',#11548,0.583375989590457);
#11548=DIRECTION('',(0.816,-0.272,-0.509));
#11539=ORIENTED_EDGE('',*,*,#11540,.F.);
#11552=CARTESIAN_POINT('',(-10.636,-2.54,3.924));
#11551=VERTEX_POINT('',#11552);
#11550=EDGE_CURVE('',#11551,#11541,#11555,.T.);
#11555=LINE('',#11552,#11557);
#11557=VECTOR('',#11558,2.54);
#11558=DIRECTION('',(0.0,1.0,0.0));
#11549=ORIENTED_EDGE('',*,*,#11550,.F.);
#11560=EDGE_CURVE('',#11043,#11551,#11565,.T.);
#11565=LINE('',#11044,#11567);
#11567=VECTOR('',#11568,0.583375989590457);
#11568=DIRECTION('',(-0.816,-0.272,0.509));
#11559=ORIENTED_EDGE('',*,*,#11560,.F.);
#11569=STYLED_ITEM('',(#43),#11570);
#11570=ADVANCED_FACE('',(#11576),#11571,.T.);
#11571=PLANE('',#11572);
#11572=AXIS2_PLACEMENT_3D('',#11573,#11574,#11575);
#11573=CARTESIAN_POINT('',(-12.224,-2.54,3.924));
#11574=DIRECTION('',(0.0,0.0,1.0));
#11575=DIRECTION('',(0.,1.,0.));
#11576=FACE_OUTER_BOUND('',#11577,.T.);
#11577=EDGE_LOOP('',(#11578,#11588,#11598,#11608));
#11583=CARTESIAN_POINT('',(-12.224,-2.54,3.924));
#11582=VERTEX_POINT('',#11583);
#11579=EDGE_CURVE('',#11551,#11582,#11584,.T.);
#11584=LINE('',#11552,#11586);
#11586=VECTOR('',#11587,1.5875127);
#11587=DIRECTION('',(-1.0,0.0,0.0));
#11578=ORIENTED_EDGE('',*,*,#11579,.F.);
#11588=ORIENTED_EDGE('',*,*,#11550,.T.);
#11601=CARTESIAN_POINT('',(-12.224,0.0,3.924));
#11600=VERTEX_POINT('',#11601);
#11599=EDGE_CURVE('',#11600,#11541,#11604,.T.);
#11604=LINE('',#11601,#11606);
#11606=VECTOR('',#11607,1.5875127);
#11607=DIRECTION('',(1.0,0.0,0.0));
#11598=ORIENTED_EDGE('',*,*,#11599,.F.);
#11609=EDGE_CURVE('',#11582,#11600,#11614,.T.);
#11614=LINE('',#11583,#11616);
#11616=VECTOR('',#11617,2.54);
#11617=DIRECTION('',(0.0,1.0,0.0));
#11608=ORIENTED_EDGE('',*,*,#11609,.F.);
#11618=STYLED_ITEM('',(#43),#11619);
#11619=ADVANCED_FACE('',(#11625),#11620,.T.);
#11620=PLANE('',#11621);
#11621=AXIS2_PLACEMENT_3D('',#11622,#11623,#11624);
#11622=CARTESIAN_POINT('',(-12.7,-2.381,3.627));
#11623=DIRECTION('',(-0.529,0.0,0.848));
#11624=DIRECTION('',(0.,0.,1.));
#11625=FACE_OUTER_BOUND('',#11626,.T.);
#11626=EDGE_LOOP('',(#11627,#11637,#11647,#11657));
#11632=CARTESIAN_POINT('',(-12.7,-2.381,3.627));
#11631=VERTEX_POINT('',#11632);
#11628=EDGE_CURVE('',#11582,#11631,#11633,.T.);
#11633=LINE('',#11583,#11635);
#11635=VECTOR('',#11636,0.583375989590457);
#11636=DIRECTION('',(-0.816,0.272,-0.509));
#11627=ORIENTED_EDGE('',*,*,#11628,.F.);
#11637=ORIENTED_EDGE('',*,*,#11609,.T.);
#11650=CARTESIAN_POINT('',(-12.7,-0.159,3.627));
#11649=VERTEX_POINT('',#11650);
#11648=EDGE_CURVE('',#11649,#11600,#11653,.T.);
#11653=LINE('',#11650,#11655);
#11655=VECTOR('',#11656,0.583375989590457);
#11656=DIRECTION('',(0.816,0.272,0.509));
#11647=ORIENTED_EDGE('',*,*,#11648,.F.);
#11658=EDGE_CURVE('',#11631,#11649,#11663,.T.);
#11663=LINE('',#11632,#11665);
#11665=VECTOR('',#11666,2.2224873);
#11666=DIRECTION('',(0.0,1.0,0.0));
#11657=ORIENTED_EDGE('',*,*,#11658,.F.);
#11667=STYLED_ITEM('',(#43),#11668);
#11668=ADVANCED_FACE('',(#11674),#11669,.T.);
#11669=PLANE('',#11670);
#11670=AXIS2_PLACEMENT_3D('',#11671,#11672,#11673);
#11671=CARTESIAN_POINT('',(-10.16,-0.159,1.695));
#11672=DIRECTION('',(0.316,0.949,0.0));
#11673=DIRECTION('',(0.,0.,1.));
#11674=FACE_OUTER_BOUND('',#11675,.T.);
#11675=EDGE_LOOP('',(#11676,#11686,#11696,#11706));
#11679=CARTESIAN_POINT('',(-10.636,0.0,0.952));
#11678=VERTEX_POINT('',#11679);
#11677=EDGE_CURVE('',#11678,#11188,#11682,.T.);
#11682=LINE('',#11679,#11684);
#11684=VECTOR('',#11685,0.89665282876409);
#11685=DIRECTION('',(0.531,-0.177,0.829));
#11676=ORIENTED_EDGE('',*,*,#11677,.F.);
#11687=EDGE_CURVE('',#11541,#11678,#11692,.T.);
#11692=LINE('',#11542,#11694);
#11694=VECTOR('',#11695,2.9718);
#11695=DIRECTION('',(0.0,0.0,-1.0));
#11686=ORIENTED_EDGE('',*,*,#11687,.F.);
#11696=ORIENTED_EDGE('',*,*,#11540,.T.);
#11706=ORIENTED_EDGE('',*,*,#11197,.T.);
#11716=STYLED_ITEM('',(#43),#11717);
#11717=ADVANCED_FACE('',(#11723),#11718,.T.);
#11718=PLANE('',#11719);
#11719=AXIS2_PLACEMENT_3D('',#11720,#11721,#11722);
#11720=CARTESIAN_POINT('',(-10.636,0.0,0.952));
#11721=DIRECTION('',(0.0,1.0,0.0));
#11722=DIRECTION('',(0.,0.,1.));
#11723=FACE_OUTER_BOUND('',#11724,.T.);
#11724=EDGE_LOOP('',(#11725,#11735,#11745,#11755));
#11728=CARTESIAN_POINT('',(-12.224,0.0,0.952));
#11727=VERTEX_POINT('',#11728);
#11726=EDGE_CURVE('',#11727,#11678,#11731,.T.);
#11731=LINE('',#11728,#11733);
#11733=VECTOR('',#11734,1.5875127);
#11734=DIRECTION('',(1.0,0.0,0.0));
#11725=ORIENTED_EDGE('',*,*,#11726,.F.);
#11736=EDGE_CURVE('',#11600,#11727,#11741,.T.);
#11741=LINE('',#11601,#11743);
#11743=VECTOR('',#11744,2.9718);
#11744=DIRECTION('',(0.0,0.0,-1.0));
#11735=ORIENTED_EDGE('',*,*,#11736,.F.);
#11745=ORIENTED_EDGE('',*,*,#11599,.T.);
#11755=ORIENTED_EDGE('',*,*,#11687,.T.);
#11765=STYLED_ITEM('',(#43),#11766);
#11766=ADVANCED_FACE('',(#11772),#11767,.T.);
#11767=PLANE('',#11768);
#11768=AXIS2_PLACEMENT_3D('',#11769,#11770,#11771);
#11769=CARTESIAN_POINT('',(-12.224,0.0,0.952));
#11770=DIRECTION('',(-0.316,0.949,0.0));
#11771=DIRECTION('',(0.,0.,1.));
#11772=FACE_OUTER_BOUND('',#11773,.T.);
#11773=EDGE_LOOP('',(#11774,#11784,#11794,#11804));
#11777=CARTESIAN_POINT('',(-12.7,-0.159,1.695));
#11776=VERTEX_POINT('',#11777);
#11775=EDGE_CURVE('',#11776,#11727,#11780,.T.);
#11780=LINE('',#11777,#11782);
#11782=VECTOR('',#11783,0.89665282876409);
#11783=DIRECTION('',(0.531,0.177,-0.829));
#11774=ORIENTED_EDGE('',*,*,#11775,.F.);
#11785=EDGE_CURVE('',#11649,#11776,#11790,.T.);
#11790=LINE('',#11650,#11792);
#11792=VECTOR('',#11793,1.93167);
#11793=DIRECTION('',(0.0,0.0,-1.0));
#11784=ORIENTED_EDGE('',*,*,#11785,.F.);
#11794=ORIENTED_EDGE('',*,*,#11648,.T.);
#11804=ORIENTED_EDGE('',*,*,#11736,.T.);
#11814=STYLED_ITEM('',(#43),#11815);
#11815=ADVANCED_FACE('',(#11821),#11816,.T.);
#11816=PLANE('',#11817);
#11817=AXIS2_PLACEMENT_3D('',#11818,#11819,#11820);
#11818=CARTESIAN_POINT('',(-12.7,-2.381,1.695));
#11819=DIRECTION('',(-0.316,-0.949,0.0));
#11820=DIRECTION('',(0.,0.,1.));
#11821=FACE_OUTER_BOUND('',#11822,.T.);
#11822=EDGE_LOOP('',(#11823,#11833,#11843,#11853));
#11826=CARTESIAN_POINT('',(-12.224,-2.54,0.952));
#11825=VERTEX_POINT('',#11826);
#11828=CARTESIAN_POINT('',(-12.7,-2.381,1.695));
#11827=VERTEX_POINT('',#11828);
#11824=EDGE_CURVE('',#11825,#11827,#11829,.T.);
#11829=LINE('',#11826,#11831);
#11831=VECTOR('',#11832,0.89665282876409);
#11832=DIRECTION('',(-0.531,0.177,0.829));
#11823=ORIENTED_EDGE('',*,*,#11824,.F.);
#11834=EDGE_CURVE('',#11582,#11825,#11839,.T.);
#11839=LINE('',#11583,#11841);
#11841=VECTOR('',#11842,2.9718);
#11842=DIRECTION('',(0.0,0.0,-1.0));
#11833=ORIENTED_EDGE('',*,*,#11834,.F.);
#11843=ORIENTED_EDGE('',*,*,#11628,.T.);
#11854=EDGE_CURVE('',#11827,#11631,#11859,.T.);
#11859=LINE('',#11828,#11861);
#11861=VECTOR('',#11862,1.93167);
#11862=DIRECTION('',(0.0,0.0,1.0));
#11853=ORIENTED_EDGE('',*,*,#11854,.F.);
#11863=STYLED_ITEM('',(#43),#11864);
#11864=ADVANCED_FACE('',(#11870),#11865,.T.);
#11865=PLANE('',#11866);
#11866=AXIS2_PLACEMENT_3D('',#11867,#11868,#11869);
#11867=CARTESIAN_POINT('',(-12.224,-2.54,0.952));
#11868=DIRECTION('',(0.0,-1.0,0.0));
#11869=DIRECTION('',(0.,0.,1.));
#11870=FACE_OUTER_BOUND('',#11871,.T.);
#11871=EDGE_LOOP('',(#11872,#11882,#11892,#11902));
#11875=CARTESIAN_POINT('',(-10.636,-2.54,0.952));
#11874=VERTEX_POINT('',#11875);
#11873=EDGE_CURVE('',#11874,#11825,#11878,.T.);
#11878=LINE('',#11875,#11880);
#11880=VECTOR('',#11881,1.5875127);
#11881=DIRECTION('',(-1.0,0.0,0.0));
#11872=ORIENTED_EDGE('',*,*,#11873,.F.);
#11883=EDGE_CURVE('',#11551,#11874,#11888,.T.);
#11888=LINE('',#11552,#11890);
#11890=VECTOR('',#11891,2.9718);
#11891=DIRECTION('',(0.0,0.0,-1.0));
#11882=ORIENTED_EDGE('',*,*,#11883,.F.);
#11892=ORIENTED_EDGE('',*,*,#11579,.T.);
#11902=ORIENTED_EDGE('',*,*,#11834,.T.);
#11912=STYLED_ITEM('',(#43),#11913);
#11913=ADVANCED_FACE('',(#11919),#11914,.T.);
#11914=PLANE('',#11915);
#11915=AXIS2_PLACEMENT_3D('',#11916,#11917,#11918);
#11916=CARTESIAN_POINT('',(-10.636,-2.54,0.952));
#11917=DIRECTION('',(0.316,-0.949,0.0));
#11918=DIRECTION('',(0.,0.,1.));
#11919=FACE_OUTER_BOUND('',#11920,.T.);
#11920=EDGE_LOOP('',(#11921,#11931,#11941,#11951));
#11922=EDGE_CURVE('',#11239,#11874,#11927,.T.);
#11927=LINE('',#11240,#11929);
#11929=VECTOR('',#11930,0.89665282876409);
#11930=DIRECTION('',(-0.531,-0.177,-0.829));
#11921=ORIENTED_EDGE('',*,*,#11922,.F.);
#11931=ORIENTED_EDGE('',*,*,#11266,.T.);
#11941=ORIENTED_EDGE('',*,*,#11560,.T.);
#11951=ORIENTED_EDGE('',*,*,#11883,.T.);
#11961=STYLED_ITEM('',(#43),#11962);
#11962=ADVANCED_FACE('',(#11968),#11963,.T.);
#11963=PLANE('',#11964);
#11964=AXIS2_PLACEMENT_3D('',#11965,#11966,#11967);
#11965=CARTESIAN_POINT('',(-10.636,-2.54,0.952));
#11966=DIRECTION('',(0.842,0.0,-0.54));
#11967=DIRECTION('',(0.,0.,1.));
#11968=FACE_OUTER_BOUND('',#11969,.T.);
#11969=EDGE_LOOP('',(#11970,#11980,#11990,#12000));
#11971=EDGE_CURVE('',#11678,#11874,#11976,.T.);
#11976=LINE('',#11679,#11978);
#11978=VECTOR('',#11979,2.54);
#11979=DIRECTION('',(0.0,-1.0,0.0));
#11970=ORIENTED_EDGE('',*,*,#11971,.F.);
#11980=ORIENTED_EDGE('',*,*,#11677,.T.);
#11990=ORIENTED_EDGE('',*,*,#11501,.T.);
#12000=ORIENTED_EDGE('',*,*,#11922,.T.);
#12010=STYLED_ITEM('',(#43),#12011);
#12011=ADVANCED_FACE('',(#12017),#12012,.T.);
#12012=PLANE('',#12013);
#12013=AXIS2_PLACEMENT_3D('',#12014,#12015,#12016);
#12014=CARTESIAN_POINT('',(-12.224,0.0,0.952));
#12015=DIRECTION('',(0.0,0.0,-1.0));
#12016=DIRECTION('',(0.,1.,0.));
#12017=FACE_OUTER_BOUND('',#12018,.T.);
#12018=EDGE_LOOP('',(#12019,#12029,#12039,#12049));
#12019=ORIENTED_EDGE('',*,*,#11726,.T.);
#12029=ORIENTED_EDGE('',*,*,#11971,.T.);
#12039=ORIENTED_EDGE('',*,*,#11873,.T.);
#12050=EDGE_CURVE('',#11727,#11825,#12055,.T.);
#12055=LINE('',#11728,#12057);
#12057=VECTOR('',#12058,2.54);
#12058=DIRECTION('',(0.0,-1.0,0.0));
#12049=ORIENTED_EDGE('',*,*,#12050,.F.);
#12059=STYLED_ITEM('',(#43),#12060);
#12060=ADVANCED_FACE('',(#12066),#12061,.T.);
#12061=PLANE('',#12062);
#12062=AXIS2_PLACEMENT_3D('',#12063,#12064,#12065);
#12063=CARTESIAN_POINT('',(-12.224,0.0,0.952));
#12064=DIRECTION('',(-0.842,0.0,-0.54));
#12065=DIRECTION('',(0.,0.,1.));
#12066=FACE_OUTER_BOUND('',#12067,.T.);
#12067=EDGE_LOOP('',(#12068,#12078,#12088,#12098));
#12068=ORIENTED_EDGE('',*,*,#12050,.T.);
#12078=ORIENTED_EDGE('',*,*,#11824,.T.);
#12089=EDGE_CURVE('',#11776,#11827,#12094,.T.);
#12094=LINE('',#11777,#12096);
#12096=VECTOR('',#12097,2.2224873);
#12097=DIRECTION('',(0.0,-1.0,0.0));
#12088=ORIENTED_EDGE('',*,*,#12089,.F.);
#12098=ORIENTED_EDGE('',*,*,#11775,.T.);
#12108=STYLED_ITEM('',(#43),#12109);
#12109=ADVANCED_FACE('',(#12115),#12110,.T.);
#12110=PLANE('',#12111);
#12111=AXIS2_PLACEMENT_3D('',#12112,#12113,#12114);
#12112=CARTESIAN_POINT('',(-12.7,-0.159,1.695));
#12113=DIRECTION('',(-1.0,0.0,0.0));
#12114=DIRECTION('',(0.,0.,1.));
#12115=FACE_OUTER_BOUND('',#12116,.T.);
#12116=EDGE_LOOP('',(#12117,#12127,#12137,#12147));
#12117=ORIENTED_EDGE('',*,*,#12089,.T.);
#12127=ORIENTED_EDGE('',*,*,#11854,.T.);
#12137=ORIENTED_EDGE('',*,*,#11658,.T.);
#12147=ORIENTED_EDGE('',*,*,#11785,.T.);
#12158=MANIFOLD_SOLID_BREP($,#12159);
#12159=CLOSED_SHELL('',(#12163,#12212,#12261,#12310,#12359,#12408,#12457,#12506,#12555,#12604));
#12160=MANIFOLD_SOLID_BREP($,#12161);
#12161=CLOSED_SHELL('',(#12653,#12702,#12751,#12800,#12898,#12996,#13045,#13094,#13143,#13192,#13241,#13292,#13343,#13436));
#12162=STYLED_ITEM('',(#34),#12163);
#12163=ADVANCED_FACE('',(#12169),#12164,.T.);
#12164=PLANE('',#12165);
#12165=AXIS2_PLACEMENT_3D('',#12166,#12167,#12168);
#12166=CARTESIAN_POINT('',(11.589,1.429,9.652));
#12167=DIRECTION('',(0.0,0.0,1.0));
#12168=DIRECTION('',(0.,1.,0.));
#12169=FACE_OUTER_BOUND('',#12170,.T.);
#12170=EDGE_LOOP('',(#12171,#12181,#12191,#12201));
#12174=CARTESIAN_POINT('',(11.589,1.746,9.652));
#12173=VERTEX_POINT('',#12174);
#12176=CARTESIAN_POINT('',(11.589,1.429,9.652));
#12175=VERTEX_POINT('',#12176);
#12172=EDGE_CURVE('',#12173,#12175,#12177,.T.);
#12177=LINE('',#12174,#12179);
#12179=VECTOR('',#12180,0.317499995742358);
#12180=DIRECTION('',(0.0,-1.0,0.0));
#12171=ORIENTED_EDGE('',*,*,#12172,.F.);
#12184=CARTESIAN_POINT('',(11.271,1.746,9.652));
#12183=VERTEX_POINT('',#12184);
#12182=EDGE_CURVE('',#12183,#12173,#12187,.T.);
#12187=LINE('',#12184,#12189);
#12189=VECTOR('',#12190,0.317500012765022);
#12190=DIRECTION('',(1.0,0.0,0.0));
#12181=ORIENTED_EDGE('',*,*,#12182,.F.);
#12194=CARTESIAN_POINT('',(11.271,1.429,9.652));
#12193=VERTEX_POINT('',#12194);
#12192=EDGE_CURVE('',#12193,#12183,#12197,.T.);
#12197=LINE('',#12194,#12199);
#12199=VECTOR('',#12200,0.317499995742358);
#12200=DIRECTION('',(0.0,1.0,0.0));
#12191=ORIENTED_EDGE('',*,*,#12192,.F.);
#12202=EDGE_CURVE('',#12175,#12193,#12207,.T.);
#12207=LINE('',#12176,#12209);
#12209=VECTOR('',#12210,0.317499995750263);
#12210=DIRECTION('',(-1.0,0.0,0.0));
#12201=ORIENTED_EDGE('',*,*,#12202,.F.);
#12211=STYLED_ITEM('',(#34),#12212);
#12212=ADVANCED_FACE('',(#12218),#12213,.T.);
#12213=PLANE('',#12214);
#12214=AXIS2_PLACEMENT_3D('',#12215,#12216,#12217);
#12215=CARTESIAN_POINT('',(11.748,1.905,9.493));
#12216=DIRECTION('',(0.0,0.707,0.707));
#12217=DIRECTION('',(0.,0.,1.));
#12218=FACE_OUTER_BOUND('',#12219,.T.);
#12219=EDGE_LOOP('',(#12220,#12230,#12240,#12250));
#12223=CARTESIAN_POINT('',(11.113,1.905,9.493));
#12222=VERTEX_POINT('',#12223);
#12225=CARTESIAN_POINT('',(11.748,1.905,9.493));
#12224=VERTEX_POINT('',#12225);
#12221=EDGE_CURVE('',#12222,#12224,#12226,.T.);
#12226=LINE('',#12223,#12228);
#12228=VECTOR('',#12229,0.635000025530043);
#12229=DIRECTION('',(1.0,0.0,0.0));
#12220=ORIENTED_EDGE('',*,*,#12221,.F.);
#12231=EDGE_CURVE('',#12183,#12222,#12236,.T.);
#12236=LINE('',#12184,#12238);
#12238=VECTOR('',#12239,0.274963065701559);
#12239=DIRECTION('',(-0.577,0.577,-0.577));
#12230=ORIENTED_EDGE('',*,*,#12231,.F.);
#12240=ORIENTED_EDGE('',*,*,#12182,.T.);
#12251=EDGE_CURVE('',#12224,#12173,#12256,.T.);
#12256=LINE('',#12225,#12258);
#12258=VECTOR('',#12259,0.274963065701559);
#12259=DIRECTION('',(-0.577,-0.577,0.577));
#12250=ORIENTED_EDGE('',*,*,#12251,.F.);
#12260=STYLED_ITEM('',(#34),#12261);
#12261=ADVANCED_FACE('',(#12267),#12262,.T.);
#12262=PLANE('',#12263);
#12263=AXIS2_PLACEMENT_3D('',#12264,#12265,#12266);
#12264=CARTESIAN_POINT('',(11.113,1.905,9.493));
#12265=DIRECTION('',(-0.707,0.0,0.707));
#12266=DIRECTION('',(0.,0.,1.));
#12267=FACE_OUTER_BOUND('',#12268,.T.);
#12268=EDGE_LOOP('',(#12269,#12279,#12289,#12299));
#12272=CARTESIAN_POINT('',(11.112,1.27,9.493));
#12271=VERTEX_POINT('',#12272);
#12270=EDGE_CURVE('',#12271,#12222,#12275,.T.);
#12275=LINE('',#12272,#12277);
#12277=VECTOR('',#12278,0.634999991484716);
#12278=DIRECTION('',(0.0,1.0,0.0));
#12269=ORIENTED_EDGE('',*,*,#12270,.F.);
#12280=EDGE_CURVE('',#12193,#12271,#12285,.T.);
#12285=LINE('',#12194,#12287);
#12287=VECTOR('',#12288,0.274963065701559);
#12288=DIRECTION('',(-0.577,-0.577,-0.577));
#12279=ORIENTED_EDGE('',*,*,#12280,.F.);
#12289=ORIENTED_EDGE('',*,*,#12192,.T.);
#12299=ORIENTED_EDGE('',*,*,#12231,.T.);
#12309=STYLED_ITEM('',(#34),#12310);
#12310=ADVANCED_FACE('',(#12316),#12311,.T.);
#12311=PLANE('',#12312);
#12312=AXIS2_PLACEMENT_3D('',#12313,#12314,#12315);
#12313=CARTESIAN_POINT('',(11.112,1.27,9.493));
#12314=DIRECTION('',(0.0,-0.707,0.707));
#12315=DIRECTION('',(0.,0.,1.));
#12316=FACE_OUTER_BOUND('',#12317,.T.);
#12317=EDGE_LOOP('',(#12318,#12328,#12338,#12348));
#12321=CARTESIAN_POINT('',(11.747,1.27,9.493));
#12320=VERTEX_POINT('',#12321);
#12319=EDGE_CURVE('',#12320,#12271,#12324,.T.);
#12324=LINE('',#12321,#12326);
#12326=VECTOR('',#12327,0.634999991500525);
#12327=DIRECTION('',(-1.0,0.0,0.0));
#12318=ORIENTED_EDGE('',*,*,#12319,.F.);
#12329=EDGE_CURVE('',#12175,#12320,#12334,.T.);
#12334=LINE('',#12176,#12336);
#12336=VECTOR('',#12337,0.274963065701559);
#12337=DIRECTION('',(0.577,-0.577,-0.577));
#12328=ORIENTED_EDGE('',*,*,#12329,.F.);
#12338=ORIENTED_EDGE('',*,*,#12202,.T.);
#12348=ORIENTED_EDGE('',*,*,#12280,.T.);
#12358=STYLED_ITEM('',(#34),#12359);
#12359=ADVANCED_FACE('',(#12365),#12360,.T.);
#12360=PLANE('',#12361);
#12361=AXIS2_PLACEMENT_3D('',#12362,#12363,#12364);
#12362=CARTESIAN_POINT('',(11.747,1.27,9.493));
#12363=DIRECTION('',(0.707,0.0,0.707));
#12364=DIRECTION('',(0.,0.,1.));
#12365=FACE_OUTER_BOUND('',#12366,.T.);
#12366=EDGE_LOOP('',(#12367,#12377,#12387,#12397));
#12368=EDGE_CURVE('',#12224,#12320,#12373,.T.);
#12373=LINE('',#12225,#12375);
#12375=VECTOR('',#12376,0.634999991484716);
#12376=DIRECTION('',(0.0,-1.0,0.0));
#12367=ORIENTED_EDGE('',*,*,#12368,.F.);
#12377=ORIENTED_EDGE('',*,*,#12251,.T.);
#12387=ORIENTED_EDGE('',*,*,#12172,.T.);
#12397=ORIENTED_EDGE('',*,*,#12329,.T.);
#12407=STYLED_ITEM('',(#34),#12408);
#12408=ADVANCED_FACE('',(#12414),#12409,.T.);
#12409=PLANE('',#12410);
#12410=AXIS2_PLACEMENT_3D('',#12411,#12412,#12413);
#12411=CARTESIAN_POINT('',(11.748,1.905,3.924));
#12412=DIRECTION('',(0.0,1.0,0.0));
#12413=DIRECTION('',(0.,0.,1.));
#12414=FACE_OUTER_BOUND('',#12415,.T.);
#12415=EDGE_LOOP('',(#12416,#12426,#12436,#12446));
#12419=CARTESIAN_POINT('',(11.113,1.905,3.924));
#12418=VERTEX_POINT('',#12419);
#12421=CARTESIAN_POINT('',(11.748,1.905,3.924));
#12420=VERTEX_POINT('',#12421);
#12417=EDGE_CURVE('',#12418,#12420,#12422,.T.);
#12422=LINE('',#12419,#12424);
#12424=VECTOR('',#12425,0.635000025530043);
#12425=DIRECTION('',(1.0,0.0,0.0));
#12416=ORIENTED_EDGE('',*,*,#12417,.F.);
#12427=EDGE_CURVE('',#12222,#12418,#12432,.T.);
#12432=LINE('',#12223,#12434);
#12434=VECTOR('',#12435,5.5689754);
#12435=DIRECTION('',(0.0,0.0,-1.0));
#12426=ORIENTED_EDGE('',*,*,#12427,.F.);
#12436=ORIENTED_EDGE('',*,*,#12221,.T.);
#12447=EDGE_CURVE('',#12420,#12224,#12452,.T.);
#12452=LINE('',#12421,#12454);
#12454=VECTOR('',#12455,5.5689754);
#12455=DIRECTION('',(0.0,0.0,1.0));
#12446=ORIENTED_EDGE('',*,*,#12447,.F.);
#12456=STYLED_ITEM('',(#34),#12457);
#12457=ADVANCED_FACE('',(#12463),#12458,.T.);
#12458=PLANE('',#12459);
#12459=AXIS2_PLACEMENT_3D('',#12460,#12461,#12462);
#12460=CARTESIAN_POINT('',(11.113,1.905,3.924));
#12461=DIRECTION('',(-1.0,0.0,0.0));
#12462=DIRECTION('',(0.,0.,1.));
#12463=FACE_OUTER_BOUND('',#12464,.T.);
#12464=EDGE_LOOP('',(#12465,#12475,#12485,#12495));
#12468=CARTESIAN_POINT('',(11.112,1.27,3.924));
#12467=VERTEX_POINT('',#12468);
#12466=EDGE_CURVE('',#12467,#12418,#12471,.T.);
#12471=LINE('',#12468,#12473);
#12473=VECTOR('',#12474,0.634999991484716);
#12474=DIRECTION('',(0.0,1.0,0.0));
#12465=ORIENTED_EDGE('',*,*,#12466,.F.);
#12476=EDGE_CURVE('',#12271,#12467,#12481,.T.);
#12481=LINE('',#12272,#12483);
#12483=VECTOR('',#12484,5.5689754);
#12484=DIRECTION('',(0.0,0.0,-1.0));
#12475=ORIENTED_EDGE('',*,*,#12476,.F.);
#12485=ORIENTED_EDGE('',*,*,#12270,.T.);
#12495=ORIENTED_EDGE('',*,*,#12427,.T.);
#12505=STYLED_ITEM('',(#34),#12506);
#12506=ADVANCED_FACE('',(#12512),#12507,.T.);
#12507=PLANE('',#12508);
#12508=AXIS2_PLACEMENT_3D('',#12509,#12510,#12511);
#12509=CARTESIAN_POINT('',(11.112,1.27,3.924));
#12510=DIRECTION('',(0.0,-1.0,0.0));
#12511=DIRECTION('',(0.,0.,1.));
#12512=FACE_OUTER_BOUND('',#12513,.T.);
#12513=EDGE_LOOP('',(#12514,#12524,#12534,#12544));
#12517=CARTESIAN_POINT('',(11.747,1.27,3.924));
#12516=VERTEX_POINT('',#12517);
#12515=EDGE_CURVE('',#12516,#12467,#12520,.T.);
#12520=LINE('',#12517,#12522);
#12522=VECTOR('',#12523,0.634999991500525);
#12523=DIRECTION('',(-1.0,0.0,0.0));
#12514=ORIENTED_EDGE('',*,*,#12515,.F.);
#12525=EDGE_CURVE('',#12320,#12516,#12530,.T.);
#12530=LINE('',#12321,#12532);
#12532=VECTOR('',#12533,5.5689754);
#12533=DIRECTION('',(0.0,0.0,-1.0));
#12524=ORIENTED_EDGE('',*,*,#12525,.F.);
#12534=ORIENTED_EDGE('',*,*,#12319,.T.);
#12544=ORIENTED_EDGE('',*,*,#12476,.T.);
#12554=STYLED_ITEM('',(#34),#12555);
#12555=ADVANCED_FACE('',(#12561),#12556,.T.);
#12556=PLANE('',#12557);
#12557=AXIS2_PLACEMENT_3D('',#12558,#12559,#12560);
#12558=CARTESIAN_POINT('',(11.747,1.27,3.924));
#12559=DIRECTION('',(1.0,0.0,0.0));
#12560=DIRECTION('',(0.,0.,1.));
#12561=FACE_OUTER_BOUND('',#12562,.T.);
#12562=EDGE_LOOP('',(#12563,#12573,#12583,#12593));
#12564=EDGE_CURVE('',#12420,#12516,#12569,.T.);
#12569=LINE('',#12421,#12571);
#12571=VECTOR('',#12572,0.634999991484716);
#12572=DIRECTION('',(0.0,-1.0,0.0));
#12563=ORIENTED_EDGE('',*,*,#12564,.F.);
#12573=ORIENTED_EDGE('',*,*,#12447,.T.);
#12583=ORIENTED_EDGE('',*,*,#12368,.T.);
#12593=ORIENTED_EDGE('',*,*,#12525,.T.);
#12603=STYLED_ITEM('',(#34),#12604);
#12604=ADVANCED_FACE('',(#12610),#12605,.T.);
#12605=PLANE('',#12606);
#12606=AXIS2_PLACEMENT_3D('',#12607,#12608,#12609);
#12607=CARTESIAN_POINT('',(11.112,1.27,3.924));
#12608=DIRECTION('',(0.0,0.0,-1.0));
#12609=DIRECTION('',(0.,1.,0.));
#12610=FACE_OUTER_BOUND('',#12611,.T.);
#12611=EDGE_LOOP('',(#12612,#12622,#12632,#12642));
#12612=ORIENTED_EDGE('',*,*,#12466,.T.);
#12622=ORIENTED_EDGE('',*,*,#12417,.T.);
#12632=ORIENTED_EDGE('',*,*,#12564,.T.);
#12642=ORIENTED_EDGE('',*,*,#12515,.T.);
#12652=STYLED_ITEM('',(#34),#12653);
#12653=ADVANCED_FACE('',(#12659),#12654,.T.);
#12654=PLANE('',#12655);
#12655=AXIS2_PLACEMENT_3D('',#12656,#12657,#12658);
#12656=CARTESIAN_POINT('',(11.747,1.27,0.952));
#12657=DIRECTION('',(0.0,0.0,1.0));
#12658=DIRECTION('',(0.,1.,0.));
#12659=FACE_OUTER_BOUND('',#12660,.T.);
#12660=EDGE_LOOP('',(#12661,#12671,#12681,#12691));
#12664=CARTESIAN_POINT('',(11.748,1.905,0.952));
#12663=VERTEX_POINT('',#12664);
#12666=CARTESIAN_POINT('',(11.747,1.27,0.952));
#12665=VERTEX_POINT('',#12666);
#12662=EDGE_CURVE('',#12663,#12665,#12667,.T.);
#12667=LINE('',#12664,#12669);
#12669=VECTOR('',#12670,0.634999991484716);
#12670=DIRECTION('',(0.0,-1.0,0.0));
#12661=ORIENTED_EDGE('',*,*,#12662,.F.);
#12674=CARTESIAN_POINT('',(11.113,1.905,0.952));
#12673=VERTEX_POINT('',#12674);
#12672=EDGE_CURVE('',#12673,#12663,#12677,.T.);
#12677=LINE('',#12674,#12679);
#12679=VECTOR('',#12680,0.635000025530043);
#12680=DIRECTION('',(1.0,0.0,0.0));
#12671=ORIENTED_EDGE('',*,*,#12672,.F.);
#12684=CARTESIAN_POINT('',(11.112,1.27,0.952));
#12683=VERTEX_POINT('',#12684);
#12682=EDGE_CURVE('',#12683,#12673,#12687,.T.);
#12687=LINE('',#12684,#12689);
#12689=VECTOR('',#12690,0.634999991484716);
#12690=DIRECTION('',(0.0,1.0,0.0));
#12681=ORIENTED_EDGE('',*,*,#12682,.F.);
#12692=EDGE_CURVE('',#12665,#12683,#12697,.T.);
#12697=LINE('',#12666,#12699);
#12699=VECTOR('',#12700,0.634999991500525);
#12700=DIRECTION('',(-1.0,0.0,0.0));
#12691=ORIENTED_EDGE('',*,*,#12692,.F.);
#12701=STYLED_ITEM('',(#34),#12702);
#12702=ADVANCED_FACE('',(#12708),#12703,.T.);
#12703=PLANE('',#12704);
#12704=AXIS2_PLACEMENT_3D('',#12705,#12706,#12707);
#12705=CARTESIAN_POINT('',(11.748,1.905,0.794));
#12706=DIRECTION('',(0.0,1.0,0.0));
#12707=DIRECTION('',(0.,0.,1.));
#12708=FACE_OUTER_BOUND('',#12709,.T.);
#12709=EDGE_LOOP('',(#12710,#12720,#12730,#12740));
#12713=CARTESIAN_POINT('',(11.113,1.905,0.794));
#12712=VERTEX_POINT('',#12713);
#12715=CARTESIAN_POINT('',(11.748,1.905,0.794));
#12714=VERTEX_POINT('',#12715);
#12711=EDGE_CURVE('',#12712,#12714,#12716,.T.);
#12716=LINE('',#12713,#12718);
#12718=VECTOR('',#12719,0.635000025530043);
#12719=DIRECTION('',(1.0,0.0,0.0));
#12710=ORIENTED_EDGE('',*,*,#12711,.F.);
#12721=EDGE_CURVE('',#12673,#12712,#12726,.T.);
#12726=LINE('',#12674,#12728);
#12728=VECTOR('',#12729,0.15874365);
#12729=DIRECTION('',(0.0,0.0,-1.0));
#12720=ORIENTED_EDGE('',*,*,#12721,.F.);
#12730=ORIENTED_EDGE('',*,*,#12672,.T.);
#12741=EDGE_CURVE('',#12714,#12663,#12746,.T.);
#12746=LINE('',#12715,#12748);
#12748=VECTOR('',#12749,0.15874365);
#12749=DIRECTION('',(0.0,0.0,1.0));
#12740=ORIENTED_EDGE('',*,*,#12741,.F.);
#12750=STYLED_ITEM('',(#34),#12751);
#12751=ADVANCED_FACE('',(#12757),#12752,.T.);
#12752=PLANE('',#12753);
#12753=AXIS2_PLACEMENT_3D('',#12754,#12755,#12756);
#12754=CARTESIAN_POINT('',(11.112,1.27,0.794));
#12755=DIRECTION('',(0.0,-1.0,0.0));
#12756=DIRECTION('',(0.,0.,1.));
#12757=FACE_OUTER_BOUND('',#12758,.T.);
#12758=EDGE_LOOP('',(#12759,#12769,#12779,#12789));
#12762=CARTESIAN_POINT('',(11.747,1.27,0.794));
#12761=VERTEX_POINT('',#12762);
#12764=CARTESIAN_POINT('',(11.112,1.27,0.794));
#12763=VERTEX_POINT('',#12764);
#12760=EDGE_CURVE('',#12761,#12763,#12765,.T.);
#12765=LINE('',#12762,#12767);
#12767=VECTOR('',#12768,0.634999991500525);
#12768=DIRECTION('',(-1.0,0.0,0.0));
#12759=ORIENTED_EDGE('',*,*,#12760,.F.);
#12770=EDGE_CURVE('',#12665,#12761,#12775,.T.);
#12775=LINE('',#12666,#12777);
#12777=VECTOR('',#12778,0.15874365);
#12778=DIRECTION('',(0.0,0.0,-1.0));
#12769=ORIENTED_EDGE('',*,*,#12770,.F.);
#12779=ORIENTED_EDGE('',*,*,#12692,.T.);
#12790=EDGE_CURVE('',#12763,#12683,#12795,.T.);
#12795=LINE('',#12764,#12797);
#12797=VECTOR('',#12798,0.15874365);
#12798=DIRECTION('',(0.0,0.0,1.0));
#12789=ORIENTED_EDGE('',*,*,#12790,.F.);
#12799=STYLED_ITEM('',(#34),#12800);
#12800=ADVANCED_FACE('',(#12806),#12801,.T.);
#12801=PLANE('',#12802);
#12802=AXIS2_PLACEMENT_3D('',#12803,#12804,#12805);
#12803=CARTESIAN_POINT('',(11.748,2.064,0.635));
#12804=DIRECTION('',(0.0,0.0,1.0));
#12805=DIRECTION('',(0.,1.,0.));
#12806=FACE_OUTER_BOUND('',#12807,.T.);
#12807=EDGE_LOOP('',(#12808,#12818,#12828,#12838));
#12811=CARTESIAN_POINT('',(11.748,3.842,0.635));
#12810=VERTEX_POINT('',#12811);
#12813=CARTESIAN_POINT('',(11.748,2.064,0.635));
#12812=VERTEX_POINT('',#12813);
#12809=EDGE_CURVE('',#12810,#12812,#12814,.T.);
#12814=LINE('',#12811,#12816);
#12816=VECTOR('',#12817,1.77800634757545);
#12817=DIRECTION('',(0.0,-1.0,0.0));
#12808=ORIENTED_EDGE('',*,*,#12809,.F.);
#12821=CARTESIAN_POINT('',(11.113,3.842,0.635));
#12820=VERTEX_POINT('',#12821);
#12819=EDGE_CURVE('',#12820,#12810,#12824,.T.);
#12824=LINE('',#12821,#12826);
#12826=VECTOR('',#12827,0.635000230858432);
#12827=DIRECTION('',(1.0,0.0,0.0));
#12818=ORIENTED_EDGE('',*,*,#12819,.F.);
#12831=CARTESIAN_POINT('',(11.113,2.064,0.635));
#12830=VERTEX_POINT('',#12831);
#12829=EDGE_CURVE('',#12830,#12820,#12834,.T.);
#12834=LINE('',#12831,#12836);
#12836=VECTOR('',#12837,1.77800634757545);
#12837=DIRECTION('',(0.0,1.0,0.0));
#12828=ORIENTED_EDGE('',*,*,#12829,.F.);
#12839=EDGE_CURVE('',#12812,#12830,#12844,.T.);
#12844=LINE('',#12813,#12846);
#12846=VECTOR('',#12847,0.635000041498694);
#12847=DIRECTION('',(-1.0,0.0,0.0));
#12838=ORIENTED_EDGE('',*,*,#12839,.F.);
#12897=STYLED_ITEM('',(#34),#12898);
#12898=ADVANCED_FACE('',(#12904),#12899,.T.);
#12899=PLANE('',#12900);
#12900=AXIS2_PLACEMENT_3D('',#12901,#12902,#12903);
#12901=CARTESIAN_POINT('',(11.113,2.064,0.0));
#12902=DIRECTION('',(0.0,0.0,-1.0));
#12903=DIRECTION('',(0.,1.,0.));
#12904=FACE_OUTER_BOUND('',#12905,.T.);
#12905=EDGE_LOOP('',(#12906,#12916,#12926,#12936));
#12909=CARTESIAN_POINT('',(11.113,3.842,0.0));
#12908=VERTEX_POINT('',#12909);
#12911=CARTESIAN_POINT('',(11.113,2.064,0.0));
#12910=VERTEX_POINT('',#12911);
#12907=EDGE_CURVE('',#12908,#12910,#12912,.T.);
#12912=LINE('',#12909,#12914);
#12914=VECTOR('',#12915,1.77800634757545);
#12915=DIRECTION('',(0.0,-1.0,0.0));
#12906=ORIENTED_EDGE('',*,*,#12907,.F.);
#12919=CARTESIAN_POINT('',(11.748,3.842,0.0));
#12918=VERTEX_POINT('',#12919);
#12917=EDGE_CURVE('',#12918,#12908,#12922,.T.);
#12922=LINE('',#12919,#12924);
#12924=VECTOR('',#12925,0.635000230858432);
#12925=DIRECTION('',(-1.0,0.0,0.0));
#12916=ORIENTED_EDGE('',*,*,#12917,.F.);
#12929=CARTESIAN_POINT('',(11.748,2.064,0.0));
#12928=VERTEX_POINT('',#12929);
#12927=EDGE_CURVE('',#12928,#12918,#12932,.T.);
#12932=LINE('',#12929,#12934);
#12934=VECTOR('',#12935,1.77800634757545);
#12935=DIRECTION('',(0.0,1.0,0.0));
#12926=ORIENTED_EDGE('',*,*,#12927,.F.);
#12937=EDGE_CURVE('',#12910,#12928,#12942,.T.);
#12942=LINE('',#12911,#12944);
#12944=VECTOR('',#12945,0.635000041498694);
#12945=DIRECTION('',(1.0,0.0,0.0));
#12936=ORIENTED_EDGE('',*,*,#12937,.F.);
#12995=STYLED_ITEM('',(#34),#12996);
#12996=ADVANCED_FACE('',(#13002),#12997,.T.);
#12997=PLANE('',#12998);
#12998=AXIS2_PLACEMENT_3D('',#12999,#13000,#13001);
#12999=CARTESIAN_POINT('',(11.589,4.0,0.476));
#13000=DIRECTION('',(0.0,0.707,0.707));
#13001=DIRECTION('',(0.,0.,1.));
#13002=FACE_OUTER_BOUND('',#13003,.T.);
#13003=EDGE_LOOP('',(#13004,#13014,#13024,#13034));
#13007=CARTESIAN_POINT('',(11.271,4.001,0.476));
#13006=VERTEX_POINT('',#13007);
#13009=CARTESIAN_POINT('',(11.589,4.0,0.476));
#13008=VERTEX_POINT('',#13009);
#13005=EDGE_CURVE('',#13006,#13008,#13010,.T.);
#13010=LINE('',#13007,#13012);
#13012=VECTOR('',#13013,0.317500253221195);
#13013=DIRECTION('',(1.0,0.0,0.0));
#13004=ORIENTED_EDGE('',*,*,#13005,.F.);
#13015=EDGE_CURVE('',#12820,#13006,#13020,.T.);
#13020=LINE('',#12821,#13022);
#13022=VECTOR('',#13023,0.274963063823214);
#13023=DIRECTION('',(0.577,0.577,-0.577));
#13014=ORIENTED_EDGE('',*,*,#13015,.F.);
#13024=ORIENTED_EDGE('',*,*,#12819,.T.);
#13035=EDGE_CURVE('',#13008,#12810,#13040,.T.);
#13040=LINE('',#13009,#13042);
#13042=VECTOR('',#13043,0.274963063823214);
#13043=DIRECTION('',(0.577,-0.577,0.577));
#13034=ORIENTED_EDGE('',*,*,#13035,.F.);
#13044=STYLED_ITEM('',(#34),#13045);
#13045=ADVANCED_FACE('',(#13051),#13046,.T.);
#13046=PLANE('',#13047);
#13047=AXIS2_PLACEMENT_3D('',#13048,#13049,#13050);
#13048=CARTESIAN_POINT('',(11.748,3.842,0.0));
#13049=DIRECTION('',(0.707,0.707,0.0));
#13050=DIRECTION('',(0.,0.,1.));
#13051=FACE_OUTER_BOUND('',#13052,.T.);
#13052=EDGE_LOOP('',(#13053,#13063,#13073,#13083));
#13056=CARTESIAN_POINT('',(11.589,4.0,0.159));
#13055=VERTEX_POINT('',#13056);
#13054=EDGE_CURVE('',#13055,#12918,#13059,.T.);
#13059=LINE('',#13056,#13061);
#13061=VECTOR('',#13062,0.274963063823214);
#13062=DIRECTION('',(0.577,-0.577,-0.577));
#13053=ORIENTED_EDGE('',*,*,#13054,.F.);
#13064=EDGE_CURVE('',#13008,#13055,#13069,.T.);
#13069=LINE('',#13009,#13071);
#13071=VECTOR('',#13072,0.3175);
#13072=DIRECTION('',(0.0,0.0,-1.0));
#13063=ORIENTED_EDGE('',*,*,#13064,.F.);
#13073=ORIENTED_EDGE('',*,*,#13035,.T.);
#13084=EDGE_CURVE('',#12918,#12810,#13089,.T.);
#13089=LINE('',#12919,#13091);
#13091=VECTOR('',#13092,0.635);
#13092=DIRECTION('',(0.0,0.0,1.0));
#13083=ORIENTED_EDGE('',*,*,#13084,.F.);
#13093=STYLED_ITEM('',(#34),#13094);
#13094=ADVANCED_FACE('',(#13100),#13095,.T.);
#13095=PLANE('',#13096);
#13096=AXIS2_PLACEMENT_3D('',#13097,#13098,#13099);
#13097=CARTESIAN_POINT('',(11.748,3.842,0.0));
#13098=DIRECTION('',(0.0,0.707,-0.707));
#13099=DIRECTION('',(0.,0.,1.));
#13100=FACE_OUTER_BOUND('',#13101,.T.);
#13101=EDGE_LOOP('',(#13102,#13112,#13122,#13132));
#13102=ORIENTED_EDGE('',*,*,#12917,.T.);
#13115=CARTESIAN_POINT('',(11.271,4.001,0.159));
#13114=VERTEX_POINT('',#13115);
#13113=EDGE_CURVE('',#13114,#12908,#13118,.T.);
#13118=LINE('',#13115,#13120);
#13120=VECTOR('',#13121,0.274963063823214);
#13121=DIRECTION('',(-0.577,-0.577,-0.577));
#13112=ORIENTED_EDGE('',*,*,#13113,.F.);
#13123=EDGE_CURVE('',#13055,#13114,#13128,.T.);
#13128=LINE('',#13056,#13130);
#13130=VECTOR('',#13131,0.317500253221195);
#13131=DIRECTION('',(-1.0,0.0,0.0));
#13122=ORIENTED_EDGE('',*,*,#13123,.F.);
#13132=ORIENTED_EDGE('',*,*,#13054,.T.);
#13142=STYLED_ITEM('',(#34),#13143);
#13143=ADVANCED_FACE('',(#13149),#13144,.T.);
#13144=PLANE('',#13145);
#13145=AXIS2_PLACEMENT_3D('',#13146,#13147,#13148);
#13146=CARTESIAN_POINT('',(11.271,4.001,0.159));
#13147=DIRECTION('',(-0.707,0.707,0.0));
#13148=DIRECTION('',(0.,0.,1.));
#13149=FACE_OUTER_BOUND('',#13150,.T.);
#13150=EDGE_LOOP('',(#13151,#13161,#13171,#13181));
#13151=ORIENTED_EDGE('',*,*,#13113,.T.);
#13162=EDGE_CURVE('',#12820,#12908,#13167,.T.);
#13167=LINE('',#12821,#13169);
#13169=VECTOR('',#13170,0.635);
#13170=DIRECTION('',(0.0,0.0,-1.0));
#13161=ORIENTED_EDGE('',*,*,#13162,.F.);
#13171=ORIENTED_EDGE('',*,*,#13015,.T.);
#13182=EDGE_CURVE('',#13114,#13006,#13187,.T.);
#13187=LINE('',#13115,#13189);
#13189=VECTOR('',#13190,0.3175);
#13190=DIRECTION('',(0.0,0.0,1.0));
#13181=ORIENTED_EDGE('',*,*,#13182,.F.);
#13191=STYLED_ITEM('',(#34),#13192);
#13192=ADVANCED_FACE('',(#13198),#13193,.T.);
#13193=PLANE('',#13194);
#13194=AXIS2_PLACEMENT_3D('',#13195,#13196,#13197);
#13195=CARTESIAN_POINT('',(11.589,4.0,0.159));
#13196=DIRECTION('',(0.0,1.0,0.0));
#13197=DIRECTION('',(0.,0.,1.));
#13198=FACE_OUTER_BOUND('',#13199,.T.);
#13199=EDGE_LOOP('',(#13200,#13210,#13220,#13230));
#13200=ORIENTED_EDGE('',*,*,#13123,.T.);
#13210=ORIENTED_EDGE('',*,*,#13182,.T.);
#13220=ORIENTED_EDGE('',*,*,#13005,.T.);
#13230=ORIENTED_EDGE('',*,*,#13064,.T.);
#13240=STYLED_ITEM($,(#34),#13241);
#13241=ADVANCED_FACE($,(#13247),#13242,.F.);
#13242=CYLINDRICAL_SURFACE($,#13243,0.15874365);
#13243=AXIS2_PLACEMENT_3D($,#13244,#13245,#13246);
#13244=CARTESIAN_POINT('',(11.748,2.064,0.794));
#13245=DIRECTION('',(1.0,0.0,0.0));
#13246=DIRECTION('',(0.,0.,1.));
#13247=FACE_OUTER_BOUND($,#13248,.T.);
#13248=EDGE_LOOP($,(#13260,#13270,#13281,#13249));
#13260=ORIENTED_EDGE('',*,*,#12839,.T.);
#13271=EDGE_CURVE($,#12712,#12830,#13276,.T.);
#13276=CIRCLE($,#13277,0.15874365);
#13278=CARTESIAN_POINT('',(11.113,2.064,0.794));
#13277=AXIS2_PLACEMENT_3D($,#13278,#13279,#13280);
#13279=DIRECTION('',(1.0,0.0,0.0));
#13280=DIRECTION('',(0.0,0.707,-0.707));
#13270=ORIENTED_EDGE('',*,*,#13271,.F.);
#13281=ORIENTED_EDGE('',*,*,#12711,.T.);
#13250=EDGE_CURVE($,#12812,#12714,#13255,.T.);
#13255=CIRCLE($,#13256,0.15874365);
#13257=CARTESIAN_POINT('',(11.748,2.064,0.794));
#13256=AXIS2_PLACEMENT_3D($,#13257,#13258,#13259);
#13258=DIRECTION('',(-1.0,0.0,0.0));
#13259=DIRECTION('',(0.0,-0.707,0.707));
#13249=ORIENTED_EDGE('',*,*,#13250,.F.);
#13291=STYLED_ITEM($,(#34),#13292);
#13292=ADVANCED_FACE($,(#13298),#13293,.T.);
#13293=CYLINDRICAL_SURFACE($,#13294,0.79374365);
#13294=AXIS2_PLACEMENT_3D($,#13295,#13296,#13297);
#13295=CARTESIAN_POINT('',(11.748,2.064,0.794));
#13296=DIRECTION('',(-1.0,0.0,0.0));
#13297=DIRECTION('',(0.,0.,1.));
#13298=FACE_OUTER_BOUND($,#13299,.T.);
#13299=EDGE_LOOP($,(#13311,#13321,#13332,#13300));
#13311=ORIENTED_EDGE('',*,*,#12937,.T.);
#13322=EDGE_CURVE($,#12761,#12928,#13327,.T.);
#13327=CIRCLE($,#13328,0.79374365);
#13328=AXIS2_PLACEMENT_3D($,#13257,#13330,#13331);
#13330=DIRECTION('',(1.0,0.0,0.0));
#13331=DIRECTION('',(0.0,0.707,-0.707));
#13321=ORIENTED_EDGE('',*,*,#13322,.F.);
#13332=ORIENTED_EDGE('',*,*,#12760,.T.);
#13301=EDGE_CURVE($,#12910,#12763,#13306,.T.);
#13306=CIRCLE($,#13307,0.79374365);
#13307=AXIS2_PLACEMENT_3D($,#13278,#13309,#13310);
#13309=DIRECTION('',(-1.0,0.0,0.0));
#13310=DIRECTION('',(0.0,-0.707,0.707));
#13300=ORIENTED_EDGE('',*,*,#13301,.F.);
#13342=STYLED_ITEM('color',(#34),#13343);
#13343=ADVANCED_FACE($,(#13349),#13344,.T.);
#13344=PLANE($,#13345);
#13345=AXIS2_PLACEMENT_3D($,#13346,#13347,#13348);
#13346=CARTESIAN_POINT('',(11.747,1.27,0.794));
#13347=DIRECTION('',(1.0,0.0,0.0));
#13348=DIRECTION('',(1.,0.,0.));
#13349=FACE_OUTER_BOUND($,#13350,.T.);
#13350=EDGE_LOOP($,(#13353, #13363, #13373, #13383, #13394, #13404, #13414, #13424));
#13353=ORIENTED_EDGE('',*,*,#12741,.T.);
#13363=ORIENTED_EDGE('',*,*,#12662,.T.);
#13373=ORIENTED_EDGE('',*,*,#12770,.T.);
#13383=ORIENTED_EDGE('',*,*,#13322,.T.);
#13394=ORIENTED_EDGE('',*,*,#12927,.T.);
#13404=ORIENTED_EDGE('',*,*,#13084,.T.);
#13414=ORIENTED_EDGE('',*,*,#12809,.T.);
#13424=ORIENTED_EDGE('',*,*,#13250,.T.);
#13435=STYLED_ITEM('color',(#34),#13436);
#13436=ADVANCED_FACE($,(#13442),#13437,.T.);
#13437=PLANE($,#13438);
#13438=AXIS2_PLACEMENT_3D($,#13439,#13440,#13441);
#13439=CARTESIAN_POINT('',(11.112,1.27,0.794));
#13440=DIRECTION('',(-1.0,0.0,0.0));
#13441=DIRECTION('',(-1.,0.,0.));
#13442=FACE_OUTER_BOUND($,#13443,.T.);
#13443=EDGE_LOOP($,(#13446, #13456, #13466, #13476, #13487, #13497, #13507, #13517));
#13446=ORIENTED_EDGE('',*,*,#12790,.T.);
#13456=ORIENTED_EDGE('',*,*,#12682,.T.);
#13466=ORIENTED_EDGE('',*,*,#12721,.T.);
#13476=ORIENTED_EDGE('',*,*,#13271,.T.);
#13487=ORIENTED_EDGE('',*,*,#12829,.T.);
#13497=ORIENTED_EDGE('',*,*,#13162,.T.);
#13507=ORIENTED_EDGE('',*,*,#12907,.T.);
#13517=ORIENTED_EDGE('',*,*,#13301,.T.);
#13528=MANIFOLD_SOLID_BREP($,#13529);
#13529=CLOSED_SHELL('',(#13533,#13582,#13631,#13680,#13729,#13778,#13827,#13876,#13925,#13974));
#13530=MANIFOLD_SOLID_BREP($,#13531);
#13531=CLOSED_SHELL('',(#14023,#14072,#14121,#14170,#14268,#14366,#14415,#14464,#14513,#14562,#14611,#14662,#14713,#14806));
#13532=STYLED_ITEM('',(#34),#13533);
#13533=ADVANCED_FACE('',(#13539),#13534,.T.);
#13534=PLANE('',#13535);
#13535=AXIS2_PLACEMENT_3D('',#13536,#13537,#13538);
#13536=CARTESIAN_POINT('',(9.049,1.429,9.652));
#13537=DIRECTION('',(0.0,0.0,1.0));
#13538=DIRECTION('',(0.,1.,0.));
#13539=FACE_OUTER_BOUND('',#13540,.T.);
#13540=EDGE_LOOP('',(#13541,#13551,#13561,#13571));
#13544=CARTESIAN_POINT('',(9.049,1.746,9.652));
#13543=VERTEX_POINT('',#13544);
#13546=CARTESIAN_POINT('',(9.049,1.429,9.652));
#13545=VERTEX_POINT('',#13546);
#13542=EDGE_CURVE('',#13543,#13545,#13547,.T.);
#13547=LINE('',#13544,#13549);
#13549=VECTOR('',#13550,0.317499995742358);
#13550=DIRECTION('',(0.0,-1.0,0.0));
#13541=ORIENTED_EDGE('',*,*,#13542,.F.);
#13554=CARTESIAN_POINT('',(8.731,1.746,9.652));
#13553=VERTEX_POINT('',#13554);
#13552=EDGE_CURVE('',#13553,#13543,#13557,.T.);
#13557=LINE('',#13554,#13559);
#13559=VECTOR('',#13560,0.317500012765022);
#13560=DIRECTION('',(1.0,0.0,0.0));
#13551=ORIENTED_EDGE('',*,*,#13552,.F.);
#13564=CARTESIAN_POINT('',(8.731,1.429,9.652));
#13563=VERTEX_POINT('',#13564);
#13562=EDGE_CURVE('',#13563,#13553,#13567,.T.);
#13567=LINE('',#13564,#13569);
#13569=VECTOR('',#13570,0.317499995742358);
#13570=DIRECTION('',(0.0,1.0,0.0));
#13561=ORIENTED_EDGE('',*,*,#13562,.F.);
#13572=EDGE_CURVE('',#13545,#13563,#13577,.T.);
#13577=LINE('',#13546,#13579);
#13579=VECTOR('',#13580,0.317499995750263);
#13580=DIRECTION('',(-1.0,0.0,0.0));
#13571=ORIENTED_EDGE('',*,*,#13572,.F.);
#13581=STYLED_ITEM('',(#34),#13582);
#13582=ADVANCED_FACE('',(#13588),#13583,.T.);
#13583=PLANE('',#13584);
#13584=AXIS2_PLACEMENT_3D('',#13585,#13586,#13587);
#13585=CARTESIAN_POINT('',(9.208,1.905,9.493));
#13586=DIRECTION('',(0.0,0.707,0.707));
#13587=DIRECTION('',(0.,0.,1.));
#13588=FACE_OUTER_BOUND('',#13589,.T.);
#13589=EDGE_LOOP('',(#13590,#13600,#13610,#13620));
#13593=CARTESIAN_POINT('',(8.573,1.905,9.493));
#13592=VERTEX_POINT('',#13593);
#13595=CARTESIAN_POINT('',(9.208,1.905,9.493));
#13594=VERTEX_POINT('',#13595);
#13591=EDGE_CURVE('',#13592,#13594,#13596,.T.);
#13596=LINE('',#13593,#13598);
#13598=VECTOR('',#13599,0.635000025530043);
#13599=DIRECTION('',(1.0,0.0,0.0));
#13590=ORIENTED_EDGE('',*,*,#13591,.F.);
#13601=EDGE_CURVE('',#13553,#13592,#13606,.T.);
#13606=LINE('',#13554,#13608);
#13608=VECTOR('',#13609,0.274963065701559);
#13609=DIRECTION('',(-0.577,0.577,-0.577));
#13600=ORIENTED_EDGE('',*,*,#13601,.F.);
#13610=ORIENTED_EDGE('',*,*,#13552,.T.);
#13621=EDGE_CURVE('',#13594,#13543,#13626,.T.);
#13626=LINE('',#13595,#13628);
#13628=VECTOR('',#13629,0.274963065701559);
#13629=DIRECTION('',(-0.577,-0.577,0.577));
#13620=ORIENTED_EDGE('',*,*,#13621,.F.);
#13630=STYLED_ITEM('',(#34),#13631);
#13631=ADVANCED_FACE('',(#13637),#13632,.T.);
#13632=PLANE('',#13633);
#13633=AXIS2_PLACEMENT_3D('',#13634,#13635,#13636);
#13634=CARTESIAN_POINT('',(8.573,1.905,9.493));
#13635=DIRECTION('',(-0.707,0.0,0.707));
#13636=DIRECTION('',(0.,0.,1.));
#13637=FACE_OUTER_BOUND('',#13638,.T.);
#13638=EDGE_LOOP('',(#13639,#13649,#13659,#13669));
#13642=CARTESIAN_POINT('',(8.572,1.27,9.493));
#13641=VERTEX_POINT('',#13642);
#13640=EDGE_CURVE('',#13641,#13592,#13645,.T.);
#13645=LINE('',#13642,#13647);
#13647=VECTOR('',#13648,0.634999991484716);
#13648=DIRECTION('',(0.0,1.0,0.0));
#13639=ORIENTED_EDGE('',*,*,#13640,.F.);
#13650=EDGE_CURVE('',#13563,#13641,#13655,.T.);
#13655=LINE('',#13564,#13657);
#13657=VECTOR('',#13658,0.274963065701559);
#13658=DIRECTION('',(-0.577,-0.577,-0.577));
#13649=ORIENTED_EDGE('',*,*,#13650,.F.);
#13659=ORIENTED_EDGE('',*,*,#13562,.T.);
#13669=ORIENTED_EDGE('',*,*,#13601,.T.);
#13679=STYLED_ITEM('',(#34),#13680);
#13680=ADVANCED_FACE('',(#13686),#13681,.T.);
#13681=PLANE('',#13682);
#13682=AXIS2_PLACEMENT_3D('',#13683,#13684,#13685);
#13683=CARTESIAN_POINT('',(8.572,1.27,9.493));
#13684=DIRECTION('',(0.0,-0.707,0.707));
#13685=DIRECTION('',(0.,0.,1.));
#13686=FACE_OUTER_BOUND('',#13687,.T.);
#13687=EDGE_LOOP('',(#13688,#13698,#13708,#13718));
#13691=CARTESIAN_POINT('',(9.207,1.27,9.493));
#13690=VERTEX_POINT('',#13691);
#13689=EDGE_CURVE('',#13690,#13641,#13694,.T.);
#13694=LINE('',#13691,#13696);
#13696=VECTOR('',#13697,0.634999991500525);
#13697=DIRECTION('',(-1.0,0.0,0.0));
#13688=ORIENTED_EDGE('',*,*,#13689,.F.);
#13699=EDGE_CURVE('',#13545,#13690,#13704,.T.);
#13704=LINE('',#13546,#13706);
#13706=VECTOR('',#13707,0.274963065701559);
#13707=DIRECTION('',(0.577,-0.577,-0.577));
#13698=ORIENTED_EDGE('',*,*,#13699,.F.);
#13708=ORIENTED_EDGE('',*,*,#13572,.T.);
#13718=ORIENTED_EDGE('',*,*,#13650,.T.);
#13728=STYLED_ITEM('',(#34),#13729);
#13729=ADVANCED_FACE('',(#13735),#13730,.T.);
#13730=PLANE('',#13731);
#13731=AXIS2_PLACEMENT_3D('',#13732,#13733,#13734);
#13732=CARTESIAN_POINT('',(9.207,1.27,9.493));
#13733=DIRECTION('',(0.707,0.0,0.707));
#13734=DIRECTION('',(0.,0.,1.));
#13735=FACE_OUTER_BOUND('',#13736,.T.);
#13736=EDGE_LOOP('',(#13737,#13747,#13757,#13767));
#13738=EDGE_CURVE('',#13594,#13690,#13743,.T.);
#13743=LINE('',#13595,#13745);
#13745=VECTOR('',#13746,0.634999991484716);
#13746=DIRECTION('',(0.0,-1.0,0.0));
#13737=ORIENTED_EDGE('',*,*,#13738,.F.);
#13747=ORIENTED_EDGE('',*,*,#13621,.T.);
#13757=ORIENTED_EDGE('',*,*,#13542,.T.);
#13767=ORIENTED_EDGE('',*,*,#13699,.T.);
#13777=STYLED_ITEM('',(#34),#13778);
#13778=ADVANCED_FACE('',(#13784),#13779,.T.);
#13779=PLANE('',#13780);
#13780=AXIS2_PLACEMENT_3D('',#13781,#13782,#13783);
#13781=CARTESIAN_POINT('',(9.208,1.905,3.924));
#13782=DIRECTION('',(0.0,1.0,0.0));
#13783=DIRECTION('',(0.,0.,1.));
#13784=FACE_OUTER_BOUND('',#13785,.T.);
#13785=EDGE_LOOP('',(#13786,#13796,#13806,#13816));
#13789=CARTESIAN_POINT('',(8.573,1.905,3.924));
#13788=VERTEX_POINT('',#13789);
#13791=CARTESIAN_POINT('',(9.208,1.905,3.924));
#13790=VERTEX_POINT('',#13791);
#13787=EDGE_CURVE('',#13788,#13790,#13792,.T.);
#13792=LINE('',#13789,#13794);
#13794=VECTOR('',#13795,0.635000025530043);
#13795=DIRECTION('',(1.0,0.0,0.0));
#13786=ORIENTED_EDGE('',*,*,#13787,.F.);
#13797=EDGE_CURVE('',#13592,#13788,#13802,.T.);
#13802=LINE('',#13593,#13804);
#13804=VECTOR('',#13805,5.5689754);
#13805=DIRECTION('',(0.0,0.0,-1.0));
#13796=ORIENTED_EDGE('',*,*,#13797,.F.);
#13806=ORIENTED_EDGE('',*,*,#13591,.T.);
#13817=EDGE_CURVE('',#13790,#13594,#13822,.T.);
#13822=LINE('',#13791,#13824);
#13824=VECTOR('',#13825,5.5689754);
#13825=DIRECTION('',(0.0,0.0,1.0));
#13816=ORIENTED_EDGE('',*,*,#13817,.F.);
#13826=STYLED_ITEM('',(#34),#13827);
#13827=ADVANCED_FACE('',(#13833),#13828,.T.);
#13828=PLANE('',#13829);
#13829=AXIS2_PLACEMENT_3D('',#13830,#13831,#13832);
#13830=CARTESIAN_POINT('',(8.573,1.905,3.924));
#13831=DIRECTION('',(-1.0,0.0,0.0));
#13832=DIRECTION('',(0.,0.,1.));
#13833=FACE_OUTER_BOUND('',#13834,.T.);
#13834=EDGE_LOOP('',(#13835,#13845,#13855,#13865));
#13838=CARTESIAN_POINT('',(8.572,1.27,3.924));
#13837=VERTEX_POINT('',#13838);
#13836=EDGE_CURVE('',#13837,#13788,#13841,.T.);
#13841=LINE('',#13838,#13843);
#13843=VECTOR('',#13844,0.634999991484716);
#13844=DIRECTION('',(0.0,1.0,0.0));
#13835=ORIENTED_EDGE('',*,*,#13836,.F.);
#13846=EDGE_CURVE('',#13641,#13837,#13851,.T.);
#13851=LINE('',#13642,#13853);
#13853=VECTOR('',#13854,5.5689754);
#13854=DIRECTION('',(0.0,0.0,-1.0));
#13845=ORIENTED_EDGE('',*,*,#13846,.F.);
#13855=ORIENTED_EDGE('',*,*,#13640,.T.);
#13865=ORIENTED_EDGE('',*,*,#13797,.T.);
#13875=STYLED_ITEM('',(#34),#13876);
#13876=ADVANCED_FACE('',(#13882),#13877,.T.);
#13877=PLANE('',#13878);
#13878=AXIS2_PLACEMENT_3D('',#13879,#13880,#13881);
#13879=CARTESIAN_POINT('',(8.572,1.27,3.924));
#13880=DIRECTION('',(0.0,-1.0,0.0));
#13881=DIRECTION('',(0.,0.,1.));
#13882=FACE_OUTER_BOUND('',#13883,.T.);
#13883=EDGE_LOOP('',(#13884,#13894,#13904,#13914));
#13887=CARTESIAN_POINT('',(9.207,1.27,3.924));
#13886=VERTEX_POINT('',#13887);
#13885=EDGE_CURVE('',#13886,#13837,#13890,.T.);
#13890=LINE('',#13887,#13892);
#13892=VECTOR('',#13893,0.634999991500525);
#13893=DIRECTION('',(-1.0,0.0,0.0));
#13884=ORIENTED_EDGE('',*,*,#13885,.F.);
#13895=EDGE_CURVE('',#13690,#13886,#13900,.T.);
#13900=LINE('',#13691,#13902);
#13902=VECTOR('',#13903,5.5689754);
#13903=DIRECTION('',(0.0,0.0,-1.0));
#13894=ORIENTED_EDGE('',*,*,#13895,.F.);
#13904=ORIENTED_EDGE('',*,*,#13689,.T.);
#13914=ORIENTED_EDGE('',*,*,#13846,.T.);
#13924=STYLED_ITEM('',(#34),#13925);
#13925=ADVANCED_FACE('',(#13931),#13926,.T.);
#13926=PLANE('',#13927);
#13927=AXIS2_PLACEMENT_3D('',#13928,#13929,#13930);
#13928=CARTESIAN_POINT('',(9.207,1.27,3.924));
#13929=DIRECTION('',(1.0,0.0,0.0));
#13930=DIRECTION('',(0.,0.,1.));
#13931=FACE_OUTER_BOUND('',#13932,.T.);
#13932=EDGE_LOOP('',(#13933,#13943,#13953,#13963));
#13934=EDGE_CURVE('',#13790,#13886,#13939,.T.);
#13939=LINE('',#13791,#13941);
#13941=VECTOR('',#13942,0.634999991484716);
#13942=DIRECTION('',(0.0,-1.0,0.0));
#13933=ORIENTED_EDGE('',*,*,#13934,.F.);
#13943=ORIENTED_EDGE('',*,*,#13817,.T.);
#13953=ORIENTED_EDGE('',*,*,#13738,.T.);
#13963=ORIENTED_EDGE('',*,*,#13895,.T.);
#13973=STYLED_ITEM('',(#34),#13974);
#13974=ADVANCED_FACE('',(#13980),#13975,.T.);
#13975=PLANE('',#13976);
#13976=AXIS2_PLACEMENT_3D('',#13977,#13978,#13979);
#13977=CARTESIAN_POINT('',(8.572,1.27,3.924));
#13978=DIRECTION('',(0.0,0.0,-1.0));
#13979=DIRECTION('',(0.,1.,0.));
#13980=FACE_OUTER_BOUND('',#13981,.T.);
#13981=EDGE_LOOP('',(#13982,#13992,#14002,#14012));
#13982=ORIENTED_EDGE('',*,*,#13836,.T.);
#13992=ORIENTED_EDGE('',*,*,#13787,.T.);
#14002=ORIENTED_EDGE('',*,*,#13934,.T.);
#14012=ORIENTED_EDGE('',*,*,#13885,.T.);
#14022=STYLED_ITEM('',(#34),#14023);
#14023=ADVANCED_FACE('',(#14029),#14024,.T.);
#14024=PLANE('',#14025);
#14025=AXIS2_PLACEMENT_3D('',#14026,#14027,#14028);
#14026=CARTESIAN_POINT('',(9.207,1.27,0.952));
#14027=DIRECTION('',(0.0,0.0,1.0));
#14028=DIRECTION('',(0.,1.,0.));
#14029=FACE_OUTER_BOUND('',#14030,.T.);
#14030=EDGE_LOOP('',(#14031,#14041,#14051,#14061));
#14034=CARTESIAN_POINT('',(9.208,1.905,0.952));
#14033=VERTEX_POINT('',#14034);
#14036=CARTESIAN_POINT('',(9.207,1.27,0.952));
#14035=VERTEX_POINT('',#14036);
#14032=EDGE_CURVE('',#14033,#14035,#14037,.T.);
#14037=LINE('',#14034,#14039);
#14039=VECTOR('',#14040,0.634999991484716);
#14040=DIRECTION('',(0.0,-1.0,0.0));
#14031=ORIENTED_EDGE('',*,*,#14032,.F.);
#14044=CARTESIAN_POINT('',(8.573,1.905,0.952));
#14043=VERTEX_POINT('',#14044);
#14042=EDGE_CURVE('',#14043,#14033,#14047,.T.);
#14047=LINE('',#14044,#14049);
#14049=VECTOR('',#14050,0.635000025530043);
#14050=DIRECTION('',(1.0,0.0,0.0));
#14041=ORIENTED_EDGE('',*,*,#14042,.F.);
#14054=CARTESIAN_POINT('',(8.572,1.27,0.952));
#14053=VERTEX_POINT('',#14054);
#14052=EDGE_CURVE('',#14053,#14043,#14057,.T.);
#14057=LINE('',#14054,#14059);
#14059=VECTOR('',#14060,0.634999991484716);
#14060=DIRECTION('',(0.0,1.0,0.0));
#14051=ORIENTED_EDGE('',*,*,#14052,.F.);
#14062=EDGE_CURVE('',#14035,#14053,#14067,.T.);
#14067=LINE('',#14036,#14069);
#14069=VECTOR('',#14070,0.634999991500525);
#14070=DIRECTION('',(-1.0,0.0,0.0));
#14061=ORIENTED_EDGE('',*,*,#14062,.F.);
#14071=STYLED_ITEM('',(#34),#14072);
#14072=ADVANCED_FACE('',(#14078),#14073,.T.);
#14073=PLANE('',#14074);
#14074=AXIS2_PLACEMENT_3D('',#14075,#14076,#14077);
#14075=CARTESIAN_POINT('',(9.208,1.905,0.794));
#14076=DIRECTION('',(0.0,1.0,0.0));
#14077=DIRECTION('',(0.,0.,1.));
#14078=FACE_OUTER_BOUND('',#14079,.T.);
#14079=EDGE_LOOP('',(#14080,#14090,#14100,#14110));
#14083=CARTESIAN_POINT('',(8.573,1.905,0.794));
#14082=VERTEX_POINT('',#14083);
#14085=CARTESIAN_POINT('',(9.208,1.905,0.794));
#14084=VERTEX_POINT('',#14085);
#14081=EDGE_CURVE('',#14082,#14084,#14086,.T.);
#14086=LINE('',#14083,#14088);
#14088=VECTOR('',#14089,0.635000025530043);
#14089=DIRECTION('',(1.0,0.0,0.0));
#14080=ORIENTED_EDGE('',*,*,#14081,.F.);
#14091=EDGE_CURVE('',#14043,#14082,#14096,.T.);
#14096=LINE('',#14044,#14098);
#14098=VECTOR('',#14099,0.15874365);
#14099=DIRECTION('',(0.0,0.0,-1.0));
#14090=ORIENTED_EDGE('',*,*,#14091,.F.);
#14100=ORIENTED_EDGE('',*,*,#14042,.T.);
#14111=EDGE_CURVE('',#14084,#14033,#14116,.T.);
#14116=LINE('',#14085,#14118);
#14118=VECTOR('',#14119,0.15874365);
#14119=DIRECTION('',(0.0,0.0,1.0));
#14110=ORIENTED_EDGE('',*,*,#14111,.F.);
#14120=STYLED_ITEM('',(#34),#14121);
#14121=ADVANCED_FACE('',(#14127),#14122,.T.);
#14122=PLANE('',#14123);
#14123=AXIS2_PLACEMENT_3D('',#14124,#14125,#14126);
#14124=CARTESIAN_POINT('',(8.572,1.27,0.794));
#14125=DIRECTION('',(0.0,-1.0,0.0));
#14126=DIRECTION('',(0.,0.,1.));
#14127=FACE_OUTER_BOUND('',#14128,.T.);
#14128=EDGE_LOOP('',(#14129,#14139,#14149,#14159));
#14132=CARTESIAN_POINT('',(9.207,1.27,0.794));
#14131=VERTEX_POINT('',#14132);
#14134=CARTESIAN_POINT('',(8.572,1.27,0.794));
#14133=VERTEX_POINT('',#14134);
#14130=EDGE_CURVE('',#14131,#14133,#14135,.T.);
#14135=LINE('',#14132,#14137);
#14137=VECTOR('',#14138,0.634999991500525);
#14138=DIRECTION('',(-1.0,0.0,0.0));
#14129=ORIENTED_EDGE('',*,*,#14130,.F.);
#14140=EDGE_CURVE('',#14035,#14131,#14145,.T.);
#14145=LINE('',#14036,#14147);
#14147=VECTOR('',#14148,0.15874365);
#14148=DIRECTION('',(0.0,0.0,-1.0));
#14139=ORIENTED_EDGE('',*,*,#14140,.F.);
#14149=ORIENTED_EDGE('',*,*,#14062,.T.);
#14160=EDGE_CURVE('',#14133,#14053,#14165,.T.);
#14165=LINE('',#14134,#14167);
#14167=VECTOR('',#14168,0.15874365);
#14168=DIRECTION('',(0.0,0.0,1.0));
#14159=ORIENTED_EDGE('',*,*,#14160,.F.);
#14169=STYLED_ITEM('',(#34),#14170);
#14170=ADVANCED_FACE('',(#14176),#14171,.T.);
#14171=PLANE('',#14172);
#14172=AXIS2_PLACEMENT_3D('',#14173,#14174,#14175);
#14173=CARTESIAN_POINT('',(9.208,2.064,0.635));
#14174=DIRECTION('',(0.0,0.0,1.0));
#14175=DIRECTION('',(0.,1.,0.));
#14176=FACE_OUTER_BOUND('',#14177,.T.);
#14177=EDGE_LOOP('',(#14178,#14188,#14198,#14208));
#14181=CARTESIAN_POINT('',(9.208,3.842,0.635));
#14180=VERTEX_POINT('',#14181);
#14183=CARTESIAN_POINT('',(9.208,2.064,0.635));
#14182=VERTEX_POINT('',#14183);
#14179=EDGE_CURVE('',#14180,#14182,#14184,.T.);
#14184=LINE('',#14181,#14186);
#14186=VECTOR('',#14187,1.77800634757545);
#14187=DIRECTION('',(0.0,-1.0,0.0));
#14178=ORIENTED_EDGE('',*,*,#14179,.F.);
#14191=CARTESIAN_POINT('',(8.573,3.842,0.635));
#14190=VERTEX_POINT('',#14191);
#14189=EDGE_CURVE('',#14190,#14180,#14194,.T.);
#14194=LINE('',#14191,#14196);
#14196=VECTOR('',#14197,0.635000230858432);
#14197=DIRECTION('',(1.0,0.0,0.0));
#14188=ORIENTED_EDGE('',*,*,#14189,.F.);
#14201=CARTESIAN_POINT('',(8.573,2.064,0.635));
#14200=VERTEX_POINT('',#14201);
#14199=EDGE_CURVE('',#14200,#14190,#14204,.T.);
#14204=LINE('',#14201,#14206);
#14206=VECTOR('',#14207,1.77800634757545);
#14207=DIRECTION('',(0.0,1.0,0.0));
#14198=ORIENTED_EDGE('',*,*,#14199,.F.);
#14209=EDGE_CURVE('',#14182,#14200,#14214,.T.);
#14214=LINE('',#14183,#14216);
#14216=VECTOR('',#14217,0.635000041498694);
#14217=DIRECTION('',(-1.0,0.0,0.0));
#14208=ORIENTED_EDGE('',*,*,#14209,.F.);
#14267=STYLED_ITEM('',(#34),#14268);
#14268=ADVANCED_FACE('',(#14274),#14269,.T.);
#14269=PLANE('',#14270);
#14270=AXIS2_PLACEMENT_3D('',#14271,#14272,#14273);
#14271=CARTESIAN_POINT('',(8.573,2.064,0.0));
#14272=DIRECTION('',(0.0,0.0,-1.0));
#14273=DIRECTION('',(0.,1.,0.));
#14274=FACE_OUTER_BOUND('',#14275,.T.);
#14275=EDGE_LOOP('',(#14276,#14286,#14296,#14306));
#14279=CARTESIAN_POINT('',(8.573,3.842,0.0));
#14278=VERTEX_POINT('',#14279);
#14281=CARTESIAN_POINT('',(8.573,2.064,0.0));
#14280=VERTEX_POINT('',#14281);
#14277=EDGE_CURVE('',#14278,#14280,#14282,.T.);
#14282=LINE('',#14279,#14284);
#14284=VECTOR('',#14285,1.77800634757545);
#14285=DIRECTION('',(0.0,-1.0,0.0));
#14276=ORIENTED_EDGE('',*,*,#14277,.F.);
#14289=CARTESIAN_POINT('',(9.208,3.842,0.0));
#14288=VERTEX_POINT('',#14289);
#14287=EDGE_CURVE('',#14288,#14278,#14292,.T.);
#14292=LINE('',#14289,#14294);
#14294=VECTOR('',#14295,0.635000230858432);
#14295=DIRECTION('',(-1.0,0.0,0.0));
#14286=ORIENTED_EDGE('',*,*,#14287,.F.);
#14299=CARTESIAN_POINT('',(9.208,2.064,0.0));
#14298=VERTEX_POINT('',#14299);
#14297=EDGE_CURVE('',#14298,#14288,#14302,.T.);
#14302=LINE('',#14299,#14304);
#14304=VECTOR('',#14305,1.77800634757545);
#14305=DIRECTION('',(0.0,1.0,0.0));
#14296=ORIENTED_EDGE('',*,*,#14297,.F.);
#14307=EDGE_CURVE('',#14280,#14298,#14312,.T.);
#14312=LINE('',#14281,#14314);
#14314=VECTOR('',#14315,0.635000041498694);
#14315=DIRECTION('',(1.0,0.0,0.0));
#14306=ORIENTED_EDGE('',*,*,#14307,.F.);
#14365=STYLED_ITEM('',(#34),#14366);
#14366=ADVANCED_FACE('',(#14372),#14367,.T.);
#14367=PLANE('',#14368);
#14368=AXIS2_PLACEMENT_3D('',#14369,#14370,#14371);
#14369=CARTESIAN_POINT('',(9.049,4.0,0.476));
#14370=DIRECTION('',(0.0,0.707,0.707));
#14371=DIRECTION('',(0.,0.,1.));
#14372=FACE_OUTER_BOUND('',#14373,.T.);
#14373=EDGE_LOOP('',(#14374,#14384,#14394,#14404));
#14377=CARTESIAN_POINT('',(8.731,4.001,0.476));
#14376=VERTEX_POINT('',#14377);
#14379=CARTESIAN_POINT('',(9.049,4.0,0.476));
#14378=VERTEX_POINT('',#14379);
#14375=EDGE_CURVE('',#14376,#14378,#14380,.T.);
#14380=LINE('',#14377,#14382);
#14382=VECTOR('',#14383,0.317500253221195);
#14383=DIRECTION('',(1.0,0.0,0.0));
#14374=ORIENTED_EDGE('',*,*,#14375,.F.);
#14385=EDGE_CURVE('',#14190,#14376,#14390,.T.);
#14390=LINE('',#14191,#14392);
#14392=VECTOR('',#14393,0.274963063823214);
#14393=DIRECTION('',(0.577,0.577,-0.577));
#14384=ORIENTED_EDGE('',*,*,#14385,.F.);
#14394=ORIENTED_EDGE('',*,*,#14189,.T.);
#14405=EDGE_CURVE('',#14378,#14180,#14410,.T.);
#14410=LINE('',#14379,#14412);
#14412=VECTOR('',#14413,0.274963063823214);
#14413=DIRECTION('',(0.577,-0.577,0.577));
#14404=ORIENTED_EDGE('',*,*,#14405,.F.);
#14414=STYLED_ITEM('',(#34),#14415);
#14415=ADVANCED_FACE('',(#14421),#14416,.T.);
#14416=PLANE('',#14417);
#14417=AXIS2_PLACEMENT_3D('',#14418,#14419,#14420);
#14418=CARTESIAN_POINT('',(9.208,3.842,0.0));
#14419=DIRECTION('',(0.707,0.707,0.0));
#14420=DIRECTION('',(0.,0.,1.));
#14421=FACE_OUTER_BOUND('',#14422,.T.);
#14422=EDGE_LOOP('',(#14423,#14433,#14443,#14453));
#14426=CARTESIAN_POINT('',(9.049,4.0,0.159));
#14425=VERTEX_POINT('',#14426);
#14424=EDGE_CURVE('',#14425,#14288,#14429,.T.);
#14429=LINE('',#14426,#14431);
#14431=VECTOR('',#14432,0.274963063823214);
#14432=DIRECTION('',(0.577,-0.577,-0.577));
#14423=ORIENTED_EDGE('',*,*,#14424,.F.);
#14434=EDGE_CURVE('',#14378,#14425,#14439,.T.);
#14439=LINE('',#14379,#14441);
#14441=VECTOR('',#14442,0.3175);
#14442=DIRECTION('',(0.0,0.0,-1.0));
#14433=ORIENTED_EDGE('',*,*,#14434,.F.);
#14443=ORIENTED_EDGE('',*,*,#14405,.T.);
#14454=EDGE_CURVE('',#14288,#14180,#14459,.T.);
#14459=LINE('',#14289,#14461);
#14461=VECTOR('',#14462,0.635);
#14462=DIRECTION('',(0.0,0.0,1.0));
#14453=ORIENTED_EDGE('',*,*,#14454,.F.);
#14463=STYLED_ITEM('',(#34),#14464);
#14464=ADVANCED_FACE('',(#14470),#14465,.T.);
#14465=PLANE('',#14466);
#14466=AXIS2_PLACEMENT_3D('',#14467,#14468,#14469);
#14467=CARTESIAN_POINT('',(9.208,3.842,0.0));
#14468=DIRECTION('',(0.0,0.707,-0.707));
#14469=DIRECTION('',(0.,0.,1.));
#14470=FACE_OUTER_BOUND('',#14471,.T.);
#14471=EDGE_LOOP('',(#14472,#14482,#14492,#14502));
#14472=ORIENTED_EDGE('',*,*,#14287,.T.);
#14485=CARTESIAN_POINT('',(8.731,4.001,0.159));
#14484=VERTEX_POINT('',#14485);
#14483=EDGE_CURVE('',#14484,#14278,#14488,.T.);
#14488=LINE('',#14485,#14490);
#14490=VECTOR('',#14491,0.274963063823214);
#14491=DIRECTION('',(-0.577,-0.577,-0.577));
#14482=ORIENTED_EDGE('',*,*,#14483,.F.);
#14493=EDGE_CURVE('',#14425,#14484,#14498,.T.);
#14498=LINE('',#14426,#14500);
#14500=VECTOR('',#14501,0.317500253221195);
#14501=DIRECTION('',(-1.0,0.0,0.0));
#14492=ORIENTED_EDGE('',*,*,#14493,.F.);
#14502=ORIENTED_EDGE('',*,*,#14424,.T.);
#14512=STYLED_ITEM('',(#34),#14513);
#14513=ADVANCED_FACE('',(#14519),#14514,.T.);
#14514=PLANE('',#14515);
#14515=AXIS2_PLACEMENT_3D('',#14516,#14517,#14518);
#14516=CARTESIAN_POINT('',(8.731,4.001,0.159));
#14517=DIRECTION('',(-0.707,0.707,0.0));
#14518=DIRECTION('',(0.,0.,1.));
#14519=FACE_OUTER_BOUND('',#14520,.T.);
#14520=EDGE_LOOP('',(#14521,#14531,#14541,#14551));
#14521=ORIENTED_EDGE('',*,*,#14483,.T.);
#14532=EDGE_CURVE('',#14190,#14278,#14537,.T.);
#14537=LINE('',#14191,#14539);
#14539=VECTOR('',#14540,0.635);
#14540=DIRECTION('',(0.0,0.0,-1.0));
#14531=ORIENTED_EDGE('',*,*,#14532,.F.);
#14541=ORIENTED_EDGE('',*,*,#14385,.T.);
#14552=EDGE_CURVE('',#14484,#14376,#14557,.T.);
#14557=LINE('',#14485,#14559);
#14559=VECTOR('',#14560,0.3175);
#14560=DIRECTION('',(0.0,0.0,1.0));
#14551=ORIENTED_EDGE('',*,*,#14552,.F.);
#14561=STYLED_ITEM('',(#34),#14562);
#14562=ADVANCED_FACE('',(#14568),#14563,.T.);
#14563=PLANE('',#14564);
#14564=AXIS2_PLACEMENT_3D('',#14565,#14566,#14567);
#14565=CARTESIAN_POINT('',(9.049,4.0,0.159));
#14566=DIRECTION('',(0.0,1.0,0.0));
#14567=DIRECTION('',(0.,0.,1.));
#14568=FACE_OUTER_BOUND('',#14569,.T.);
#14569=EDGE_LOOP('',(#14570,#14580,#14590,#14600));
#14570=ORIENTED_EDGE('',*,*,#14493,.T.);
#14580=ORIENTED_EDGE('',*,*,#14552,.T.);
#14590=ORIENTED_EDGE('',*,*,#14375,.T.);
#14600=ORIENTED_EDGE('',*,*,#14434,.T.);
#14610=STYLED_ITEM($,(#34),#14611);
#14611=ADVANCED_FACE($,(#14617),#14612,.F.);
#14612=CYLINDRICAL_SURFACE($,#14613,0.15874365);
#14613=AXIS2_PLACEMENT_3D($,#14614,#14615,#14616);
#14614=CARTESIAN_POINT('',(9.208,2.064,0.794));
#14615=DIRECTION('',(1.0,0.0,0.0));
#14616=DIRECTION('',(0.,0.,1.));
#14617=FACE_OUTER_BOUND($,#14618,.T.);
#14618=EDGE_LOOP($,(#14630,#14640,#14651,#14619));
#14630=ORIENTED_EDGE('',*,*,#14209,.T.);
#14641=EDGE_CURVE($,#14082,#14200,#14646,.T.);
#14646=CIRCLE($,#14647,0.15874365);
#14648=CARTESIAN_POINT('',(8.573,2.064,0.794));
#14647=AXIS2_PLACEMENT_3D($,#14648,#14649,#14650);
#14649=DIRECTION('',(1.0,0.0,0.0));
#14650=DIRECTION('',(0.0,0.707,-0.707));
#14640=ORIENTED_EDGE('',*,*,#14641,.F.);
#14651=ORIENTED_EDGE('',*,*,#14081,.T.);
#14620=EDGE_CURVE($,#14182,#14084,#14625,.T.);
#14625=CIRCLE($,#14626,0.15874365);
#14627=CARTESIAN_POINT('',(9.208,2.064,0.794));
#14626=AXIS2_PLACEMENT_3D($,#14627,#14628,#14629);
#14628=DIRECTION('',(-1.0,0.0,0.0));
#14629=DIRECTION('',(0.0,-0.707,0.707));
#14619=ORIENTED_EDGE('',*,*,#14620,.F.);
#14661=STYLED_ITEM($,(#34),#14662);
#14662=ADVANCED_FACE($,(#14668),#14663,.T.);
#14663=CYLINDRICAL_SURFACE($,#14664,0.79374365);
#14664=AXIS2_PLACEMENT_3D($,#14665,#14666,#14667);
#14665=CARTESIAN_POINT('',(9.208,2.064,0.794));
#14666=DIRECTION('',(-1.0,0.0,0.0));
#14667=DIRECTION('',(0.,0.,1.));
#14668=FACE_OUTER_BOUND($,#14669,.T.);
#14669=EDGE_LOOP($,(#14681,#14691,#14702,#14670));
#14681=ORIENTED_EDGE('',*,*,#14307,.T.);
#14692=EDGE_CURVE($,#14131,#14298,#14697,.T.);
#14697=CIRCLE($,#14698,0.79374365);
#14698=AXIS2_PLACEMENT_3D($,#14627,#14700,#14701);
#14700=DIRECTION('',(1.0,0.0,0.0));
#14701=DIRECTION('',(0.0,0.707,-0.707));
#14691=ORIENTED_EDGE('',*,*,#14692,.F.);
#14702=ORIENTED_EDGE('',*,*,#14130,.T.);
#14671=EDGE_CURVE($,#14280,#14133,#14676,.T.);
#14676=CIRCLE($,#14677,0.79374365);
#14677=AXIS2_PLACEMENT_3D($,#14648,#14679,#14680);
#14679=DIRECTION('',(-1.0,0.0,0.0));
#14680=DIRECTION('',(0.0,-0.707,0.707));
#14670=ORIENTED_EDGE('',*,*,#14671,.F.);
#14712=STYLED_ITEM('color',(#34),#14713);
#14713=ADVANCED_FACE($,(#14719),#14714,.T.);
#14714=PLANE($,#14715);
#14715=AXIS2_PLACEMENT_3D($,#14716,#14717,#14718);
#14716=CARTESIAN_POINT('',(9.207,1.27,0.794));
#14717=DIRECTION('',(1.0,0.0,0.0));
#14718=DIRECTION('',(1.,0.,0.));
#14719=FACE_OUTER_BOUND($,#14720,.T.);
#14720=EDGE_LOOP($,(#14723, #14733, #14743, #14753, #14764, #14774, #14784, #14794));
#14723=ORIENTED_EDGE('',*,*,#14111,.T.);
#14733=ORIENTED_EDGE('',*,*,#14032,.T.);
#14743=ORIENTED_EDGE('',*,*,#14140,.T.);
#14753=ORIENTED_EDGE('',*,*,#14692,.T.);
#14764=ORIENTED_EDGE('',*,*,#14297,.T.);
#14774=ORIENTED_EDGE('',*,*,#14454,.T.);
#14784=ORIENTED_EDGE('',*,*,#14179,.T.);
#14794=ORIENTED_EDGE('',*,*,#14620,.T.);
#14805=STYLED_ITEM('color',(#34),#14806);
#14806=ADVANCED_FACE($,(#14812),#14807,.T.);
#14807=PLANE($,#14808);
#14808=AXIS2_PLACEMENT_3D($,#14809,#14810,#14811);
#14809=CARTESIAN_POINT('',(8.572,1.27,0.794));
#14810=DIRECTION('',(-1.0,0.0,0.0));
#14811=DIRECTION('',(-1.,0.,0.));
#14812=FACE_OUTER_BOUND($,#14813,.T.);
#14813=EDGE_LOOP($,(#14816, #14826, #14836, #14846, #14857, #14867, #14877, #14887));
#14816=ORIENTED_EDGE('',*,*,#14160,.T.);
#14826=ORIENTED_EDGE('',*,*,#14052,.T.);
#14836=ORIENTED_EDGE('',*,*,#14091,.T.);
#14846=ORIENTED_EDGE('',*,*,#14641,.T.);
#14857=ORIENTED_EDGE('',*,*,#14199,.T.);
#14867=ORIENTED_EDGE('',*,*,#14532,.T.);
#14877=ORIENTED_EDGE('',*,*,#14277,.T.);
#14887=ORIENTED_EDGE('',*,*,#14671,.T.);
#14898=MANIFOLD_SOLID_BREP($,#14899);
#14899=CLOSED_SHELL('',(#14903,#14952,#15001,#15050,#15099,#15148,#15197,#15246,#15295,#15344));
#14900=MANIFOLD_SOLID_BREP($,#14901);
#14901=CLOSED_SHELL('',(#15393,#15442,#15491,#15540,#15638,#15736,#15785,#15834,#15883,#15932,#15981,#16032,#16083,#16176));
#14902=STYLED_ITEM('',(#34),#14903);
#14903=ADVANCED_FACE('',(#14909),#14904,.T.);
#14904=PLANE('',#14905);
#14905=AXIS2_PLACEMENT_3D('',#14906,#14907,#14908);
#14906=CARTESIAN_POINT('',(6.509,1.429,9.652));
#14907=DIRECTION('',(0.0,0.0,1.0));
#14908=DIRECTION('',(0.,1.,0.));
#14909=FACE_OUTER_BOUND('',#14910,.T.);
#14910=EDGE_LOOP('',(#14911,#14921,#14931,#14941));
#14914=CARTESIAN_POINT('',(6.509,1.746,9.652));
#14913=VERTEX_POINT('',#14914);
#14916=CARTESIAN_POINT('',(6.509,1.429,9.652));
#14915=VERTEX_POINT('',#14916);
#14912=EDGE_CURVE('',#14913,#14915,#14917,.T.);
#14917=LINE('',#14914,#14919);
#14919=VECTOR('',#14920,0.317499995742358);
#14920=DIRECTION('',(0.0,-1.0,0.0));
#14911=ORIENTED_EDGE('',*,*,#14912,.F.);
#14924=CARTESIAN_POINT('',(6.191,1.746,9.652));
#14923=VERTEX_POINT('',#14924);
#14922=EDGE_CURVE('',#14923,#14913,#14927,.T.);
#14927=LINE('',#14924,#14929);
#14929=VECTOR('',#14930,0.317500012765021);
#14930=DIRECTION('',(1.0,0.0,0.0));
#14921=ORIENTED_EDGE('',*,*,#14922,.F.);
#14934=CARTESIAN_POINT('',(6.191,1.429,9.652));
#14933=VERTEX_POINT('',#14934);
#14932=EDGE_CURVE('',#14933,#14923,#14937,.T.);
#14937=LINE('',#14934,#14939);
#14939=VECTOR('',#14940,0.317499995742358);
#14940=DIRECTION('',(0.0,1.0,0.0));
#14931=ORIENTED_EDGE('',*,*,#14932,.F.);
#14942=EDGE_CURVE('',#14915,#14933,#14947,.T.);
#14947=LINE('',#14916,#14949);
#14949=VECTOR('',#14950,0.317499995750262);
#14950=DIRECTION('',(-1.0,0.0,0.0));
#14941=ORIENTED_EDGE('',*,*,#14942,.F.);
#14951=STYLED_ITEM('',(#34),#14952);
#14952=ADVANCED_FACE('',(#14958),#14953,.T.);
#14953=PLANE('',#14954);
#14954=AXIS2_PLACEMENT_3D('',#14955,#14956,#14957);
#14955=CARTESIAN_POINT('',(6.668,1.905,9.493));
#14956=DIRECTION('',(0.0,0.707,0.707));
#14957=DIRECTION('',(0.,0.,1.));
#14958=FACE_OUTER_BOUND('',#14959,.T.);
#14959=EDGE_LOOP('',(#14960,#14970,#14980,#14990));
#14963=CARTESIAN_POINT('',(6.033,1.905,9.493));
#14962=VERTEX_POINT('',#14963);
#14965=CARTESIAN_POINT('',(6.668,1.905,9.493));
#14964=VERTEX_POINT('',#14965);
#14961=EDGE_CURVE('',#14962,#14964,#14966,.T.);
#14966=LINE('',#14963,#14968);
#14968=VECTOR('',#14969,0.635000025530043);
#14969=DIRECTION('',(1.0,0.0,0.0));
#14960=ORIENTED_EDGE('',*,*,#14961,.F.);
#14971=EDGE_CURVE('',#14923,#14962,#14976,.T.);
#14976=LINE('',#14924,#14978);
#14978=VECTOR('',#14979,0.274963065701559);
#14979=DIRECTION('',(-0.577,0.577,-0.577));
#14970=ORIENTED_EDGE('',*,*,#14971,.F.);
#14980=ORIENTED_EDGE('',*,*,#14922,.T.);
#14991=EDGE_CURVE('',#14964,#14913,#14996,.T.);
#14996=LINE('',#14965,#14998);
#14998=VECTOR('',#14999,0.274963065701559);
#14999=DIRECTION('',(-0.577,-0.577,0.577));
#14990=ORIENTED_EDGE('',*,*,#14991,.F.);
#15000=STYLED_ITEM('',(#34),#15001);
#15001=ADVANCED_FACE('',(#15007),#15002,.T.);
#15002=PLANE('',#15003);
#15003=AXIS2_PLACEMENT_3D('',#15004,#15005,#15006);
#15004=CARTESIAN_POINT('',(6.033,1.905,9.493));
#15005=DIRECTION('',(-0.707,0.0,0.707));
#15006=DIRECTION('',(0.,0.,1.));
#15007=FACE_OUTER_BOUND('',#15008,.T.);
#15008=EDGE_LOOP('',(#15009,#15019,#15029,#15039));
#15012=CARTESIAN_POINT('',(6.032,1.27,9.493));
#15011=VERTEX_POINT('',#15012);
#15010=EDGE_CURVE('',#15011,#14962,#15015,.T.);
#15015=LINE('',#15012,#15017);
#15017=VECTOR('',#15018,0.634999991484716);
#15018=DIRECTION('',(0.0,1.0,0.0));
#15009=ORIENTED_EDGE('',*,*,#15010,.F.);
#15020=EDGE_CURVE('',#14933,#15011,#15025,.T.);
#15025=LINE('',#14934,#15027);
#15027=VECTOR('',#15028,0.274963065701559);
#15028=DIRECTION('',(-0.577,-0.577,-0.577));
#15019=ORIENTED_EDGE('',*,*,#15020,.F.);
#15029=ORIENTED_EDGE('',*,*,#14932,.T.);
#15039=ORIENTED_EDGE('',*,*,#14971,.T.);
#15049=STYLED_ITEM('',(#34),#15050);
#15050=ADVANCED_FACE('',(#15056),#15051,.T.);
#15051=PLANE('',#15052);
#15052=AXIS2_PLACEMENT_3D('',#15053,#15054,#15055);
#15053=CARTESIAN_POINT('',(6.032,1.27,9.493));
#15054=DIRECTION('',(0.0,-0.707,0.707));
#15055=DIRECTION('',(0.,0.,1.));
#15056=FACE_OUTER_BOUND('',#15057,.T.);
#15057=EDGE_LOOP('',(#15058,#15068,#15078,#15088));
#15061=CARTESIAN_POINT('',(6.667,1.27,9.493));
#15060=VERTEX_POINT('',#15061);
#15059=EDGE_CURVE('',#15060,#15011,#15064,.T.);
#15064=LINE('',#15061,#15066);
#15066=VECTOR('',#15067,0.634999991500525);
#15067=DIRECTION('',(-1.0,0.0,0.0));
#15058=ORIENTED_EDGE('',*,*,#15059,.F.);
#15069=EDGE_CURVE('',#14915,#15060,#15074,.T.);
#15074=LINE('',#14916,#15076);
#15076=VECTOR('',#15077,0.274963065701559);
#15077=DIRECTION('',(0.577,-0.577,-0.577));
#15068=ORIENTED_EDGE('',*,*,#15069,.F.);
#15078=ORIENTED_EDGE('',*,*,#14942,.T.);
#15088=ORIENTED_EDGE('',*,*,#15020,.T.);
#15098=STYLED_ITEM('',(#34),#15099);
#15099=ADVANCED_FACE('',(#15105),#15100,.T.);
#15100=PLANE('',#15101);
#15101=AXIS2_PLACEMENT_3D('',#15102,#15103,#15104);
#15102=CARTESIAN_POINT('',(6.667,1.27,9.493));
#15103=DIRECTION('',(0.707,0.0,0.707));
#15104=DIRECTION('',(0.,0.,1.));
#15105=FACE_OUTER_BOUND('',#15106,.T.);
#15106=EDGE_LOOP('',(#15107,#15117,#15127,#15137));
#15108=EDGE_CURVE('',#14964,#15060,#15113,.T.);
#15113=LINE('',#14965,#15115);
#15115=VECTOR('',#15116,0.634999991484716);
#15116=DIRECTION('',(0.0,-1.0,0.0));
#15107=ORIENTED_EDGE('',*,*,#15108,.F.);
#15117=ORIENTED_EDGE('',*,*,#14991,.T.);
#15127=ORIENTED_EDGE('',*,*,#14912,.T.);
#15137=ORIENTED_EDGE('',*,*,#15069,.T.);
#15147=STYLED_ITEM('',(#34),#15148);
#15148=ADVANCED_FACE('',(#15154),#15149,.T.);
#15149=PLANE('',#15150);
#15150=AXIS2_PLACEMENT_3D('',#15151,#15152,#15153);
#15151=CARTESIAN_POINT('',(6.668,1.905,3.924));
#15152=DIRECTION('',(0.0,1.0,0.0));
#15153=DIRECTION('',(0.,0.,1.));
#15154=FACE_OUTER_BOUND('',#15155,.T.);
#15155=EDGE_LOOP('',(#15156,#15166,#15176,#15186));
#15159=CARTESIAN_POINT('',(6.033,1.905,3.924));
#15158=VERTEX_POINT('',#15159);
#15161=CARTESIAN_POINT('',(6.668,1.905,3.924));
#15160=VERTEX_POINT('',#15161);
#15157=EDGE_CURVE('',#15158,#15160,#15162,.T.);
#15162=LINE('',#15159,#15164);
#15164=VECTOR('',#15165,0.635000025530043);
#15165=DIRECTION('',(1.0,0.0,0.0));
#15156=ORIENTED_EDGE('',*,*,#15157,.F.);
#15167=EDGE_CURVE('',#14962,#15158,#15172,.T.);
#15172=LINE('',#14963,#15174);
#15174=VECTOR('',#15175,5.5689754);
#15175=DIRECTION('',(0.0,0.0,-1.0));
#15166=ORIENTED_EDGE('',*,*,#15167,.F.);
#15176=ORIENTED_EDGE('',*,*,#14961,.T.);
#15187=EDGE_CURVE('',#15160,#14964,#15192,.T.);
#15192=LINE('',#15161,#15194);
#15194=VECTOR('',#15195,5.5689754);
#15195=DIRECTION('',(0.0,0.0,1.0));
#15186=ORIENTED_EDGE('',*,*,#15187,.F.);
#15196=STYLED_ITEM('',(#34),#15197);
#15197=ADVANCED_FACE('',(#15203),#15198,.T.);
#15198=PLANE('',#15199);
#15199=AXIS2_PLACEMENT_3D('',#15200,#15201,#15202);
#15200=CARTESIAN_POINT('',(6.033,1.905,3.924));
#15201=DIRECTION('',(-1.0,0.0,0.0));
#15202=DIRECTION('',(0.,0.,1.));
#15203=FACE_OUTER_BOUND('',#15204,.T.);
#15204=EDGE_LOOP('',(#15205,#15215,#15225,#15235));
#15208=CARTESIAN_POINT('',(6.032,1.27,3.924));
#15207=VERTEX_POINT('',#15208);
#15206=EDGE_CURVE('',#15207,#15158,#15211,.T.);
#15211=LINE('',#15208,#15213);
#15213=VECTOR('',#15214,0.634999991484716);
#15214=DIRECTION('',(0.0,1.0,0.0));
#15205=ORIENTED_EDGE('',*,*,#15206,.F.);
#15216=EDGE_CURVE('',#15011,#15207,#15221,.T.);
#15221=LINE('',#15012,#15223);
#15223=VECTOR('',#15224,5.5689754);
#15224=DIRECTION('',(0.0,0.0,-1.0));
#15215=ORIENTED_EDGE('',*,*,#15216,.F.);
#15225=ORIENTED_EDGE('',*,*,#15010,.T.);
#15235=ORIENTED_EDGE('',*,*,#15167,.T.);
#15245=STYLED_ITEM('',(#34),#15246);
#15246=ADVANCED_FACE('',(#15252),#15247,.T.);
#15247=PLANE('',#15248);
#15248=AXIS2_PLACEMENT_3D('',#15249,#15250,#15251);
#15249=CARTESIAN_POINT('',(6.032,1.27,3.924));
#15250=DIRECTION('',(0.0,-1.0,0.0));
#15251=DIRECTION('',(0.,0.,1.));
#15252=FACE_OUTER_BOUND('',#15253,.T.);
#15253=EDGE_LOOP('',(#15254,#15264,#15274,#15284));
#15257=CARTESIAN_POINT('',(6.667,1.27,3.924));
#15256=VERTEX_POINT('',#15257);
#15255=EDGE_CURVE('',#15256,#15207,#15260,.T.);
#15260=LINE('',#15257,#15262);
#15262=VECTOR('',#15263,0.634999991500525);
#15263=DIRECTION('',(-1.0,0.0,0.0));
#15254=ORIENTED_EDGE('',*,*,#15255,.F.);
#15265=EDGE_CURVE('',#15060,#15256,#15270,.T.);
#15270=LINE('',#15061,#15272);
#15272=VECTOR('',#15273,5.5689754);
#15273=DIRECTION('',(0.0,0.0,-1.0));
#15264=ORIENTED_EDGE('',*,*,#15265,.F.);
#15274=ORIENTED_EDGE('',*,*,#15059,.T.);
#15284=ORIENTED_EDGE('',*,*,#15216,.T.);
#15294=STYLED_ITEM('',(#34),#15295);
#15295=ADVANCED_FACE('',(#15301),#15296,.T.);
#15296=PLANE('',#15297);
#15297=AXIS2_PLACEMENT_3D('',#15298,#15299,#15300);
#15298=CARTESIAN_POINT('',(6.667,1.27,3.924));
#15299=DIRECTION('',(1.0,0.0,0.0));
#15300=DIRECTION('',(0.,0.,1.));
#15301=FACE_OUTER_BOUND('',#15302,.T.);
#15302=EDGE_LOOP('',(#15303,#15313,#15323,#15333));
#15304=EDGE_CURVE('',#15160,#15256,#15309,.T.);
#15309=LINE('',#15161,#15311);
#15311=VECTOR('',#15312,0.634999991484716);
#15312=DIRECTION('',(0.0,-1.0,0.0));
#15303=ORIENTED_EDGE('',*,*,#15304,.F.);
#15313=ORIENTED_EDGE('',*,*,#15187,.T.);
#15323=ORIENTED_EDGE('',*,*,#15108,.T.);
#15333=ORIENTED_EDGE('',*,*,#15265,.T.);
#15343=STYLED_ITEM('',(#34),#15344);
#15344=ADVANCED_FACE('',(#15350),#15345,.T.);
#15345=PLANE('',#15346);
#15346=AXIS2_PLACEMENT_3D('',#15347,#15348,#15349);
#15347=CARTESIAN_POINT('',(6.032,1.27,3.924));
#15348=DIRECTION('',(0.0,0.0,-1.0));
#15349=DIRECTION('',(0.,1.,0.));
#15350=FACE_OUTER_BOUND('',#15351,.T.);
#15351=EDGE_LOOP('',(#15352,#15362,#15372,#15382));
#15352=ORIENTED_EDGE('',*,*,#15206,.T.);
#15362=ORIENTED_EDGE('',*,*,#15157,.T.);
#15372=ORIENTED_EDGE('',*,*,#15304,.T.);
#15382=ORIENTED_EDGE('',*,*,#15255,.T.);
#15392=STYLED_ITEM('',(#34),#15393);
#15393=ADVANCED_FACE('',(#15399),#15394,.T.);
#15394=PLANE('',#15395);
#15395=AXIS2_PLACEMENT_3D('',#15396,#15397,#15398);
#15396=CARTESIAN_POINT('',(6.667,1.27,0.952));
#15397=DIRECTION('',(0.0,0.0,1.0));
#15398=DIRECTION('',(0.,1.,0.));
#15399=FACE_OUTER_BOUND('',#15400,.T.);
#15400=EDGE_LOOP('',(#15401,#15411,#15421,#15431));
#15404=CARTESIAN_POINT('',(6.668,1.905,0.952));
#15403=VERTEX_POINT('',#15404);
#15406=CARTESIAN_POINT('',(6.667,1.27,0.952));
#15405=VERTEX_POINT('',#15406);
#15402=EDGE_CURVE('',#15403,#15405,#15407,.T.);
#15407=LINE('',#15404,#15409);
#15409=VECTOR('',#15410,0.634999991484716);
#15410=DIRECTION('',(0.0,-1.0,0.0));
#15401=ORIENTED_EDGE('',*,*,#15402,.F.);
#15414=CARTESIAN_POINT('',(6.033,1.905,0.952));
#15413=VERTEX_POINT('',#15414);
#15412=EDGE_CURVE('',#15413,#15403,#15417,.T.);
#15417=LINE('',#15414,#15419);
#15419=VECTOR('',#15420,0.635000025530043);
#15420=DIRECTION('',(1.0,0.0,0.0));
#15411=ORIENTED_EDGE('',*,*,#15412,.F.);
#15424=CARTESIAN_POINT('',(6.032,1.27,0.952));
#15423=VERTEX_POINT('',#15424);
#15422=EDGE_CURVE('',#15423,#15413,#15427,.T.);
#15427=LINE('',#15424,#15429);
#15429=VECTOR('',#15430,0.634999991484716);
#15430=DIRECTION('',(0.0,1.0,0.0));
#15421=ORIENTED_EDGE('',*,*,#15422,.F.);
#15432=EDGE_CURVE('',#15405,#15423,#15437,.T.);
#15437=LINE('',#15406,#15439);
#15439=VECTOR('',#15440,0.634999991500525);
#15440=DIRECTION('',(-1.0,0.0,0.0));
#15431=ORIENTED_EDGE('',*,*,#15432,.F.);
#15441=STYLED_ITEM('',(#34),#15442);
#15442=ADVANCED_FACE('',(#15448),#15443,.T.);
#15443=PLANE('',#15444);
#15444=AXIS2_PLACEMENT_3D('',#15445,#15446,#15447);
#15445=CARTESIAN_POINT('',(6.668,1.905,0.794));
#15446=DIRECTION('',(0.0,1.0,0.0));
#15447=DIRECTION('',(0.,0.,1.));
#15448=FACE_OUTER_BOUND('',#15449,.T.);
#15449=EDGE_LOOP('',(#15450,#15460,#15470,#15480));
#15453=CARTESIAN_POINT('',(6.033,1.905,0.794));
#15452=VERTEX_POINT('',#15453);
#15455=CARTESIAN_POINT('',(6.668,1.905,0.794));
#15454=VERTEX_POINT('',#15455);
#15451=EDGE_CURVE('',#15452,#15454,#15456,.T.);
#15456=LINE('',#15453,#15458);
#15458=VECTOR('',#15459,0.635000025530043);
#15459=DIRECTION('',(1.0,0.0,0.0));
#15450=ORIENTED_EDGE('',*,*,#15451,.F.);
#15461=EDGE_CURVE('',#15413,#15452,#15466,.T.);
#15466=LINE('',#15414,#15468);
#15468=VECTOR('',#15469,0.15874365);
#15469=DIRECTION('',(0.0,0.0,-1.0));
#15460=ORIENTED_EDGE('',*,*,#15461,.F.);
#15470=ORIENTED_EDGE('',*,*,#15412,.T.);
#15481=EDGE_CURVE('',#15454,#15403,#15486,.T.);
#15486=LINE('',#15455,#15488);
#15488=VECTOR('',#15489,0.15874365);
#15489=DIRECTION('',(0.0,0.0,1.0));
#15480=ORIENTED_EDGE('',*,*,#15481,.F.);
#15490=STYLED_ITEM('',(#34),#15491);
#15491=ADVANCED_FACE('',(#15497),#15492,.T.);
#15492=PLANE('',#15493);
#15493=AXIS2_PLACEMENT_3D('',#15494,#15495,#15496);
#15494=CARTESIAN_POINT('',(6.032,1.27,0.794));
#15495=DIRECTION('',(0.0,-1.0,0.0));
#15496=DIRECTION('',(0.,0.,1.));
#15497=FACE_OUTER_BOUND('',#15498,.T.);
#15498=EDGE_LOOP('',(#15499,#15509,#15519,#15529));
#15502=CARTESIAN_POINT('',(6.667,1.27,0.794));
#15501=VERTEX_POINT('',#15502);
#15504=CARTESIAN_POINT('',(6.032,1.27,0.794));
#15503=VERTEX_POINT('',#15504);
#15500=EDGE_CURVE('',#15501,#15503,#15505,.T.);
#15505=LINE('',#15502,#15507);
#15507=VECTOR('',#15508,0.634999991500525);
#15508=DIRECTION('',(-1.0,0.0,0.0));
#15499=ORIENTED_EDGE('',*,*,#15500,.F.);
#15510=EDGE_CURVE('',#15405,#15501,#15515,.T.);
#15515=LINE('',#15406,#15517);
#15517=VECTOR('',#15518,0.15874365);
#15518=DIRECTION('',(0.0,0.0,-1.0));
#15509=ORIENTED_EDGE('',*,*,#15510,.F.);
#15519=ORIENTED_EDGE('',*,*,#15432,.T.);
#15530=EDGE_CURVE('',#15503,#15423,#15535,.T.);
#15535=LINE('',#15504,#15537);
#15537=VECTOR('',#15538,0.15874365);
#15538=DIRECTION('',(0.0,0.0,1.0));
#15529=ORIENTED_EDGE('',*,*,#15530,.F.);
#15539=STYLED_ITEM('',(#34),#15540);
#15540=ADVANCED_FACE('',(#15546),#15541,.T.);
#15541=PLANE('',#15542);
#15542=AXIS2_PLACEMENT_3D('',#15543,#15544,#15545);
#15543=CARTESIAN_POINT('',(6.668,2.064,0.635));
#15544=DIRECTION('',(0.0,0.0,1.0));
#15545=DIRECTION('',(0.,1.,0.));
#15546=FACE_OUTER_BOUND('',#15547,.T.);
#15547=EDGE_LOOP('',(#15548,#15558,#15568,#15578));
#15551=CARTESIAN_POINT('',(6.668,3.842,0.635));
#15550=VERTEX_POINT('',#15551);
#15553=CARTESIAN_POINT('',(6.668,2.064,0.635));
#15552=VERTEX_POINT('',#15553);
#15549=EDGE_CURVE('',#15550,#15552,#15554,.T.);
#15554=LINE('',#15551,#15556);
#15556=VECTOR('',#15557,1.77800634757545);
#15557=DIRECTION('',(0.0,-1.0,0.0));
#15548=ORIENTED_EDGE('',*,*,#15549,.F.);
#15561=CARTESIAN_POINT('',(6.033,3.842,0.635));
#15560=VERTEX_POINT('',#15561);
#15559=EDGE_CURVE('',#15560,#15550,#15564,.T.);
#15564=LINE('',#15561,#15566);
#15566=VECTOR('',#15567,0.635000230858433);
#15567=DIRECTION('',(1.0,0.0,0.0));
#15558=ORIENTED_EDGE('',*,*,#15559,.F.);
#15571=CARTESIAN_POINT('',(6.033,2.064,0.635));
#15570=VERTEX_POINT('',#15571);
#15569=EDGE_CURVE('',#15570,#15560,#15574,.T.);
#15574=LINE('',#15571,#15576);
#15576=VECTOR('',#15577,1.77800634757545);
#15577=DIRECTION('',(0.0,1.0,0.0));
#15568=ORIENTED_EDGE('',*,*,#15569,.F.);
#15579=EDGE_CURVE('',#15552,#15570,#15584,.T.);
#15584=LINE('',#15553,#15586);
#15586=VECTOR('',#15587,0.635000041498695);
#15587=DIRECTION('',(-1.0,0.0,0.0));
#15578=ORIENTED_EDGE('',*,*,#15579,.F.);
#15637=STYLED_ITEM('',(#34),#15638);
#15638=ADVANCED_FACE('',(#15644),#15639,.T.);
#15639=PLANE('',#15640);
#15640=AXIS2_PLACEMENT_3D('',#15641,#15642,#15643);
#15641=CARTESIAN_POINT('',(6.033,2.064,0.0));
#15642=DIRECTION('',(0.0,0.0,-1.0));
#15643=DIRECTION('',(0.,1.,0.));
#15644=FACE_OUTER_BOUND('',#15645,.T.);
#15645=EDGE_LOOP('',(#15646,#15656,#15666,#15676));
#15649=CARTESIAN_POINT('',(6.033,3.842,0.0));
#15648=VERTEX_POINT('',#15649);
#15651=CARTESIAN_POINT('',(6.033,2.064,0.0));
#15650=VERTEX_POINT('',#15651);
#15647=EDGE_CURVE('',#15648,#15650,#15652,.T.);
#15652=LINE('',#15649,#15654);
#15654=VECTOR('',#15655,1.77800634757545);
#15655=DIRECTION('',(0.0,-1.0,0.0));
#15646=ORIENTED_EDGE('',*,*,#15647,.F.);
#15659=CARTESIAN_POINT('',(6.668,3.842,0.0));
#15658=VERTEX_POINT('',#15659);
#15657=EDGE_CURVE('',#15658,#15648,#15662,.T.);
#15662=LINE('',#15659,#15664);
#15664=VECTOR('',#15665,0.635000230858433);
#15665=DIRECTION('',(-1.0,0.0,0.0));
#15656=ORIENTED_EDGE('',*,*,#15657,.F.);
#15669=CARTESIAN_POINT('',(6.668,2.064,0.0));
#15668=VERTEX_POINT('',#15669);
#15667=EDGE_CURVE('',#15668,#15658,#15672,.T.);
#15672=LINE('',#15669,#15674);
#15674=VECTOR('',#15675,1.77800634757545);
#15675=DIRECTION('',(0.0,1.0,0.0));
#15666=ORIENTED_EDGE('',*,*,#15667,.F.);
#15677=EDGE_CURVE('',#15650,#15668,#15682,.T.);
#15682=LINE('',#15651,#15684);
#15684=VECTOR('',#15685,0.635000041498695);
#15685=DIRECTION('',(1.0,0.0,0.0));
#15676=ORIENTED_EDGE('',*,*,#15677,.F.);
#15735=STYLED_ITEM('',(#34),#15736);
#15736=ADVANCED_FACE('',(#15742),#15737,.T.);
#15737=PLANE('',#15738);
#15738=AXIS2_PLACEMENT_3D('',#15739,#15740,#15741);
#15739=CARTESIAN_POINT('',(6.509,4.0,0.476));
#15740=DIRECTION('',(0.0,0.707,0.707));
#15741=DIRECTION('',(0.,0.,1.));
#15742=FACE_OUTER_BOUND('',#15743,.T.);
#15743=EDGE_LOOP('',(#15744,#15754,#15764,#15774));
#15747=CARTESIAN_POINT('',(6.191,4.001,0.476));
#15746=VERTEX_POINT('',#15747);
#15749=CARTESIAN_POINT('',(6.509,4.0,0.476));
#15748=VERTEX_POINT('',#15749);
#15745=EDGE_CURVE('',#15746,#15748,#15750,.T.);
#15750=LINE('',#15747,#15752);
#15752=VECTOR('',#15753,0.317500253221195);
#15753=DIRECTION('',(1.0,0.0,0.0));
#15744=ORIENTED_EDGE('',*,*,#15745,.F.);
#15755=EDGE_CURVE('',#15560,#15746,#15760,.T.);
#15760=LINE('',#15561,#15762);
#15762=VECTOR('',#15763,0.274963063823214);
#15763=DIRECTION('',(0.577,0.577,-0.577));
#15754=ORIENTED_EDGE('',*,*,#15755,.F.);
#15764=ORIENTED_EDGE('',*,*,#15559,.T.);
#15775=EDGE_CURVE('',#15748,#15550,#15780,.T.);
#15780=LINE('',#15749,#15782);
#15782=VECTOR('',#15783,0.274963063823214);
#15783=DIRECTION('',(0.577,-0.577,0.577));
#15774=ORIENTED_EDGE('',*,*,#15775,.F.);
#15784=STYLED_ITEM('',(#34),#15785);
#15785=ADVANCED_FACE('',(#15791),#15786,.T.);
#15786=PLANE('',#15787);
#15787=AXIS2_PLACEMENT_3D('',#15788,#15789,#15790);
#15788=CARTESIAN_POINT('',(6.668,3.842,0.0));
#15789=DIRECTION('',(0.707,0.707,0.0));
#15790=DIRECTION('',(0.,0.,1.));
#15791=FACE_OUTER_BOUND('',#15792,.T.);
#15792=EDGE_LOOP('',(#15793,#15803,#15813,#15823));
#15796=CARTESIAN_POINT('',(6.509,4.0,0.159));
#15795=VERTEX_POINT('',#15796);
#15794=EDGE_CURVE('',#15795,#15658,#15799,.T.);
#15799=LINE('',#15796,#15801);
#15801=VECTOR('',#15802,0.274963063823214);
#15802=DIRECTION('',(0.577,-0.577,-0.577));
#15793=ORIENTED_EDGE('',*,*,#15794,.F.);
#15804=EDGE_CURVE('',#15748,#15795,#15809,.T.);
#15809=LINE('',#15749,#15811);
#15811=VECTOR('',#15812,0.3175);
#15812=DIRECTION('',(0.0,0.0,-1.0));
#15803=ORIENTED_EDGE('',*,*,#15804,.F.);
#15813=ORIENTED_EDGE('',*,*,#15775,.T.);
#15824=EDGE_CURVE('',#15658,#15550,#15829,.T.);
#15829=LINE('',#15659,#15831);
#15831=VECTOR('',#15832,0.635);
#15832=DIRECTION('',(0.0,0.0,1.0));
#15823=ORIENTED_EDGE('',*,*,#15824,.F.);
#15833=STYLED_ITEM('',(#34),#15834);
#15834=ADVANCED_FACE('',(#15840),#15835,.T.);
#15835=PLANE('',#15836);
#15836=AXIS2_PLACEMENT_3D('',#15837,#15838,#15839);
#15837=CARTESIAN_POINT('',(6.668,3.842,0.0));
#15838=DIRECTION('',(0.0,0.707,-0.707));
#15839=DIRECTION('',(0.,0.,1.));
#15840=FACE_OUTER_BOUND('',#15841,.T.);
#15841=EDGE_LOOP('',(#15842,#15852,#15862,#15872));
#15842=ORIENTED_EDGE('',*,*,#15657,.T.);
#15855=CARTESIAN_POINT('',(6.191,4.001,0.159));
#15854=VERTEX_POINT('',#15855);
#15853=EDGE_CURVE('',#15854,#15648,#15858,.T.);
#15858=LINE('',#15855,#15860);
#15860=VECTOR('',#15861,0.274963063823214);
#15861=DIRECTION('',(-0.577,-0.577,-0.577));
#15852=ORIENTED_EDGE('',*,*,#15853,.F.);
#15863=EDGE_CURVE('',#15795,#15854,#15868,.T.);
#15868=LINE('',#15796,#15870);
#15870=VECTOR('',#15871,0.317500253221195);
#15871=DIRECTION('',(-1.0,0.0,0.0));
#15862=ORIENTED_EDGE('',*,*,#15863,.F.);
#15872=ORIENTED_EDGE('',*,*,#15794,.T.);
#15882=STYLED_ITEM('',(#34),#15883);
#15883=ADVANCED_FACE('',(#15889),#15884,.T.);
#15884=PLANE('',#15885);
#15885=AXIS2_PLACEMENT_3D('',#15886,#15887,#15888);
#15886=CARTESIAN_POINT('',(6.191,4.001,0.159));
#15887=DIRECTION('',(-0.707,0.707,0.0));
#15888=DIRECTION('',(0.,0.,1.));
#15889=FACE_OUTER_BOUND('',#15890,.T.);
#15890=EDGE_LOOP('',(#15891,#15901,#15911,#15921));
#15891=ORIENTED_EDGE('',*,*,#15853,.T.);
#15902=EDGE_CURVE('',#15560,#15648,#15907,.T.);
#15907=LINE('',#15561,#15909);
#15909=VECTOR('',#15910,0.635);
#15910=DIRECTION('',(0.0,0.0,-1.0));
#15901=ORIENTED_EDGE('',*,*,#15902,.F.);
#15911=ORIENTED_EDGE('',*,*,#15755,.T.);
#15922=EDGE_CURVE('',#15854,#15746,#15927,.T.);
#15927=LINE('',#15855,#15929);
#15929=VECTOR('',#15930,0.3175);
#15930=DIRECTION('',(0.0,0.0,1.0));
#15921=ORIENTED_EDGE('',*,*,#15922,.F.);
#15931=STYLED_ITEM('',(#34),#15932);
#15932=ADVANCED_FACE('',(#15938),#15933,.T.);
#15933=PLANE('',#15934);
#15934=AXIS2_PLACEMENT_3D('',#15935,#15936,#15937);
#15935=CARTESIAN_POINT('',(6.509,4.0,0.159));
#15936=DIRECTION('',(0.0,1.0,0.0));
#15937=DIRECTION('',(0.,0.,1.));
#15938=FACE_OUTER_BOUND('',#15939,.T.);
#15939=EDGE_LOOP('',(#15940,#15950,#15960,#15970));
#15940=ORIENTED_EDGE('',*,*,#15863,.T.);
#15950=ORIENTED_EDGE('',*,*,#15922,.T.);
#15960=ORIENTED_EDGE('',*,*,#15745,.T.);
#15970=ORIENTED_EDGE('',*,*,#15804,.T.);
#15980=STYLED_ITEM($,(#34),#15981);
#15981=ADVANCED_FACE($,(#15987),#15982,.F.);
#15982=CYLINDRICAL_SURFACE($,#15983,0.15874365);
#15983=AXIS2_PLACEMENT_3D($,#15984,#15985,#15986);
#15984=CARTESIAN_POINT('',(6.668,2.064,0.794));
#15985=DIRECTION('',(1.0,0.0,0.0));
#15986=DIRECTION('',(0.,0.,1.));
#15987=FACE_OUTER_BOUND($,#15988,.T.);
#15988=EDGE_LOOP($,(#16000,#16010,#16021,#15989));
#16000=ORIENTED_EDGE('',*,*,#15579,.T.);
#16011=EDGE_CURVE($,#15452,#15570,#16016,.T.);
#16016=CIRCLE($,#16017,0.15874365);
#16018=CARTESIAN_POINT('',(6.033,2.064,0.794));
#16017=AXIS2_PLACEMENT_3D($,#16018,#16019,#16020);
#16019=DIRECTION('',(1.0,0.0,0.0));
#16020=DIRECTION('',(0.0,0.707,-0.707));
#16010=ORIENTED_EDGE('',*,*,#16011,.F.);
#16021=ORIENTED_EDGE('',*,*,#15451,.T.);
#15990=EDGE_CURVE($,#15552,#15454,#15995,.T.);
#15995=CIRCLE($,#15996,0.15874365);
#15997=CARTESIAN_POINT('',(6.668,2.064,0.794));
#15996=AXIS2_PLACEMENT_3D($,#15997,#15998,#15999);
#15998=DIRECTION('',(-1.0,0.0,0.0));
#15999=DIRECTION('',(0.0,-0.707,0.707));
#15989=ORIENTED_EDGE('',*,*,#15990,.F.);
#16031=STYLED_ITEM($,(#34),#16032);
#16032=ADVANCED_FACE($,(#16038),#16033,.T.);
#16033=CYLINDRICAL_SURFACE($,#16034,0.79374365);
#16034=AXIS2_PLACEMENT_3D($,#16035,#16036,#16037);
#16035=CARTESIAN_POINT('',(6.668,2.064,0.794));
#16036=DIRECTION('',(-1.0,0.0,0.0));
#16037=DIRECTION('',(0.,0.,1.));
#16038=FACE_OUTER_BOUND($,#16039,.T.);
#16039=EDGE_LOOP($,(#16051,#16061,#16072,#16040));
#16051=ORIENTED_EDGE('',*,*,#15677,.T.);
#16062=EDGE_CURVE($,#15501,#15668,#16067,.T.);
#16067=CIRCLE($,#16068,0.79374365);
#16068=AXIS2_PLACEMENT_3D($,#15997,#16070,#16071);
#16070=DIRECTION('',(1.0,0.0,0.0));
#16071=DIRECTION('',(0.0,0.707,-0.707));
#16061=ORIENTED_EDGE('',*,*,#16062,.F.);
#16072=ORIENTED_EDGE('',*,*,#15500,.T.);
#16041=EDGE_CURVE($,#15650,#15503,#16046,.T.);
#16046=CIRCLE($,#16047,0.79374365);
#16047=AXIS2_PLACEMENT_3D($,#16018,#16049,#16050);
#16049=DIRECTION('',(-1.0,0.0,0.0));
#16050=DIRECTION('',(0.0,-0.707,0.707));
#16040=ORIENTED_EDGE('',*,*,#16041,.F.);
#16082=STYLED_ITEM('color',(#34),#16083);
#16083=ADVANCED_FACE($,(#16089),#16084,.T.);
#16084=PLANE($,#16085);
#16085=AXIS2_PLACEMENT_3D($,#16086,#16087,#16088);
#16086=CARTESIAN_POINT('',(6.667,1.27,0.794));
#16087=DIRECTION('',(1.0,0.0,0.0));
#16088=DIRECTION('',(1.,0.,0.));
#16089=FACE_OUTER_BOUND($,#16090,.T.);
#16090=EDGE_LOOP($,(#16093, #16103, #16113, #16123, #16134, #16144, #16154, #16164));
#16093=ORIENTED_EDGE('',*,*,#15481,.T.);
#16103=ORIENTED_EDGE('',*,*,#15402,.T.);
#16113=ORIENTED_EDGE('',*,*,#15510,.T.);
#16123=ORIENTED_EDGE('',*,*,#16062,.T.);
#16134=ORIENTED_EDGE('',*,*,#15667,.T.);
#16144=ORIENTED_EDGE('',*,*,#15824,.T.);
#16154=ORIENTED_EDGE('',*,*,#15549,.T.);
#16164=ORIENTED_EDGE('',*,*,#15990,.T.);
#16175=STYLED_ITEM('color',(#34),#16176);
#16176=ADVANCED_FACE($,(#16182),#16177,.T.);
#16177=PLANE($,#16178);
#16178=AXIS2_PLACEMENT_3D($,#16179,#16180,#16181);
#16179=CARTESIAN_POINT('',(6.032,1.27,0.794));
#16180=DIRECTION('',(-1.0,0.0,0.0));
#16181=DIRECTION('',(-1.,0.,0.));
#16182=FACE_OUTER_BOUND($,#16183,.T.);
#16183=EDGE_LOOP($,(#16186, #16196, #16206, #16216, #16227, #16237, #16247, #16257));
#16186=ORIENTED_EDGE('',*,*,#15530,.T.);
#16196=ORIENTED_EDGE('',*,*,#15422,.T.);
#16206=ORIENTED_EDGE('',*,*,#15461,.T.);
#16216=ORIENTED_EDGE('',*,*,#16011,.T.);
#16227=ORIENTED_EDGE('',*,*,#15569,.T.);
#16237=ORIENTED_EDGE('',*,*,#15902,.T.);
#16247=ORIENTED_EDGE('',*,*,#15647,.T.);
#16257=ORIENTED_EDGE('',*,*,#16041,.T.);
#16268=MANIFOLD_SOLID_BREP($,#16269);
#16269=CLOSED_SHELL('',(#16273,#16322,#16371,#16420,#16469,#16518,#16567,#16616,#16665,#16714));
#16270=MANIFOLD_SOLID_BREP($,#16271);
#16271=CLOSED_SHELL('',(#16763,#16812,#16861,#16910,#17008,#17106,#17155,#17204,#17253,#17302,#17351,#17402,#17453,#17546));
#16272=STYLED_ITEM('',(#34),#16273);
#16273=ADVANCED_FACE('',(#16279),#16274,.T.);
#16274=PLANE('',#16275);
#16275=AXIS2_PLACEMENT_3D('',#16276,#16277,#16278);
#16276=CARTESIAN_POINT('',(3.969,1.429,9.652));
#16277=DIRECTION('',(0.0,0.0,1.0));
#16278=DIRECTION('',(0.,1.,0.));
#16279=FACE_OUTER_BOUND('',#16280,.T.);
#16280=EDGE_LOOP('',(#16281,#16291,#16301,#16311));
#16284=CARTESIAN_POINT('',(3.969,1.746,9.652));
#16283=VERTEX_POINT('',#16284);
#16286=CARTESIAN_POINT('',(3.969,1.429,9.652));
#16285=VERTEX_POINT('',#16286);
#16282=EDGE_CURVE('',#16283,#16285,#16287,.T.);
#16287=LINE('',#16284,#16289);
#16289=VECTOR('',#16290,0.317499995742358);
#16290=DIRECTION('',(0.0,-1.0,0.0));
#16281=ORIENTED_EDGE('',*,*,#16282,.F.);
#16294=CARTESIAN_POINT('',(3.651,1.746,9.652));
#16293=VERTEX_POINT('',#16294);
#16292=EDGE_CURVE('',#16293,#16283,#16297,.T.);
#16297=LINE('',#16294,#16299);
#16299=VECTOR('',#16300,0.317500012765021);
#16300=DIRECTION('',(1.0,0.0,0.0));
#16291=ORIENTED_EDGE('',*,*,#16292,.F.);
#16304=CARTESIAN_POINT('',(3.651,1.429,9.652));
#16303=VERTEX_POINT('',#16304);
#16302=EDGE_CURVE('',#16303,#16293,#16307,.T.);
#16307=LINE('',#16304,#16309);
#16309=VECTOR('',#16310,0.317499995742358);
#16310=DIRECTION('',(0.0,1.0,0.0));
#16301=ORIENTED_EDGE('',*,*,#16302,.F.);
#16312=EDGE_CURVE('',#16285,#16303,#16317,.T.);
#16317=LINE('',#16286,#16319);
#16319=VECTOR('',#16320,0.317499995750262);
#16320=DIRECTION('',(-1.0,0.0,0.0));
#16311=ORIENTED_EDGE('',*,*,#16312,.F.);
#16321=STYLED_ITEM('',(#34),#16322);
#16322=ADVANCED_FACE('',(#16328),#16323,.T.);
#16323=PLANE('',#16324);
#16324=AXIS2_PLACEMENT_3D('',#16325,#16326,#16327);
#16325=CARTESIAN_POINT('',(4.128,1.905,9.493));
#16326=DIRECTION('',(0.0,0.707,0.707));
#16327=DIRECTION('',(0.,0.,1.));
#16328=FACE_OUTER_BOUND('',#16329,.T.);
#16329=EDGE_LOOP('',(#16330,#16340,#16350,#16360));
#16333=CARTESIAN_POINT('',(3.493,1.905,9.493));
#16332=VERTEX_POINT('',#16333);
#16335=CARTESIAN_POINT('',(4.128,1.905,9.493));
#16334=VERTEX_POINT('',#16335);
#16331=EDGE_CURVE('',#16332,#16334,#16336,.T.);
#16336=LINE('',#16333,#16338);
#16338=VECTOR('',#16339,0.635000025530043);
#16339=DIRECTION('',(1.0,0.0,0.0));
#16330=ORIENTED_EDGE('',*,*,#16331,.F.);
#16341=EDGE_CURVE('',#16293,#16332,#16346,.T.);
#16346=LINE('',#16294,#16348);
#16348=VECTOR('',#16349,0.274963065701559);
#16349=DIRECTION('',(-0.577,0.577,-0.577));
#16340=ORIENTED_EDGE('',*,*,#16341,.F.);
#16350=ORIENTED_EDGE('',*,*,#16292,.T.);
#16361=EDGE_CURVE('',#16334,#16283,#16366,.T.);
#16366=LINE('',#16335,#16368);
#16368=VECTOR('',#16369,0.274963065701559);
#16369=DIRECTION('',(-0.577,-0.577,0.577));
#16360=ORIENTED_EDGE('',*,*,#16361,.F.);
#16370=STYLED_ITEM('',(#34),#16371);
#16371=ADVANCED_FACE('',(#16377),#16372,.T.);
#16372=PLANE('',#16373);
#16373=AXIS2_PLACEMENT_3D('',#16374,#16375,#16376);
#16374=CARTESIAN_POINT('',(3.493,1.905,9.493));
#16375=DIRECTION('',(-0.707,0.0,0.707));
#16376=DIRECTION('',(0.,0.,1.));
#16377=FACE_OUTER_BOUND('',#16378,.T.);
#16378=EDGE_LOOP('',(#16379,#16389,#16399,#16409));
#16382=CARTESIAN_POINT('',(3.492,1.27,9.493));
#16381=VERTEX_POINT('',#16382);
#16380=EDGE_CURVE('',#16381,#16332,#16385,.T.);
#16385=LINE('',#16382,#16387);
#16387=VECTOR('',#16388,0.634999991484716);
#16388=DIRECTION('',(0.0,1.0,0.0));
#16379=ORIENTED_EDGE('',*,*,#16380,.F.);
#16390=EDGE_CURVE('',#16303,#16381,#16395,.T.);
#16395=LINE('',#16304,#16397);
#16397=VECTOR('',#16398,0.274963065701559);
#16398=DIRECTION('',(-0.577,-0.577,-0.577));
#16389=ORIENTED_EDGE('',*,*,#16390,.F.);
#16399=ORIENTED_EDGE('',*,*,#16302,.T.);
#16409=ORIENTED_EDGE('',*,*,#16341,.T.);
#16419=STYLED_ITEM('',(#34),#16420);
#16420=ADVANCED_FACE('',(#16426),#16421,.T.);
#16421=PLANE('',#16422);
#16422=AXIS2_PLACEMENT_3D('',#16423,#16424,#16425);
#16423=CARTESIAN_POINT('',(3.492,1.27,9.493));
#16424=DIRECTION('',(0.0,-0.707,0.707));
#16425=DIRECTION('',(0.,0.,1.));
#16426=FACE_OUTER_BOUND('',#16427,.T.);
#16427=EDGE_LOOP('',(#16428,#16438,#16448,#16458));
#16431=CARTESIAN_POINT('',(4.127,1.27,9.493));
#16430=VERTEX_POINT('',#16431);
#16429=EDGE_CURVE('',#16430,#16381,#16434,.T.);
#16434=LINE('',#16431,#16436);
#16436=VECTOR('',#16437,0.634999991500525);
#16437=DIRECTION('',(-1.0,0.0,0.0));
#16428=ORIENTED_EDGE('',*,*,#16429,.F.);
#16439=EDGE_CURVE('',#16285,#16430,#16444,.T.);
#16444=LINE('',#16286,#16446);
#16446=VECTOR('',#16447,0.27496306570156);
#16447=DIRECTION('',(0.577,-0.577,-0.577));
#16438=ORIENTED_EDGE('',*,*,#16439,.F.);
#16448=ORIENTED_EDGE('',*,*,#16312,.T.);
#16458=ORIENTED_EDGE('',*,*,#16390,.T.);
#16468=STYLED_ITEM('',(#34),#16469);
#16469=ADVANCED_FACE('',(#16475),#16470,.T.);
#16470=PLANE('',#16471);
#16471=AXIS2_PLACEMENT_3D('',#16472,#16473,#16474);
#16472=CARTESIAN_POINT('',(4.127,1.27,9.493));
#16473=DIRECTION('',(0.707,0.0,0.707));
#16474=DIRECTION('',(0.,0.,1.));
#16475=FACE_OUTER_BOUND('',#16476,.T.);
#16476=EDGE_LOOP('',(#16477,#16487,#16497,#16507));
#16478=EDGE_CURVE('',#16334,#16430,#16483,.T.);
#16483=LINE('',#16335,#16485);
#16485=VECTOR('',#16486,0.634999991484716);
#16486=DIRECTION('',(0.0,-1.0,0.0));
#16477=ORIENTED_EDGE('',*,*,#16478,.F.);
#16487=ORIENTED_EDGE('',*,*,#16361,.T.);
#16497=ORIENTED_EDGE('',*,*,#16282,.T.);
#16507=ORIENTED_EDGE('',*,*,#16439,.T.);
#16517=STYLED_ITEM('',(#34),#16518);
#16518=ADVANCED_FACE('',(#16524),#16519,.T.);
#16519=PLANE('',#16520);
#16520=AXIS2_PLACEMENT_3D('',#16521,#16522,#16523);
#16521=CARTESIAN_POINT('',(4.128,1.905,3.924));
#16522=DIRECTION('',(0.0,1.0,0.0));
#16523=DIRECTION('',(0.,0.,1.));
#16524=FACE_OUTER_BOUND('',#16525,.T.);
#16525=EDGE_LOOP('',(#16526,#16536,#16546,#16556));
#16529=CARTESIAN_POINT('',(3.493,1.905,3.924));
#16528=VERTEX_POINT('',#16529);
#16531=CARTESIAN_POINT('',(4.128,1.905,3.924));
#16530=VERTEX_POINT('',#16531);
#16527=EDGE_CURVE('',#16528,#16530,#16532,.T.);
#16532=LINE('',#16529,#16534);
#16534=VECTOR('',#16535,0.635000025530043);
#16535=DIRECTION('',(1.0,0.0,0.0));
#16526=ORIENTED_EDGE('',*,*,#16527,.F.);
#16537=EDGE_CURVE('',#16332,#16528,#16542,.T.);
#16542=LINE('',#16333,#16544);
#16544=VECTOR('',#16545,5.5689754);
#16545=DIRECTION('',(0.0,0.0,-1.0));
#16536=ORIENTED_EDGE('',*,*,#16537,.F.);
#16546=ORIENTED_EDGE('',*,*,#16331,.T.);
#16557=EDGE_CURVE('',#16530,#16334,#16562,.T.);
#16562=LINE('',#16531,#16564);
#16564=VECTOR('',#16565,5.5689754);
#16565=DIRECTION('',(0.0,0.0,1.0));
#16556=ORIENTED_EDGE('',*,*,#16557,.F.);
#16566=STYLED_ITEM('',(#34),#16567);
#16567=ADVANCED_FACE('',(#16573),#16568,.T.);
#16568=PLANE('',#16569);
#16569=AXIS2_PLACEMENT_3D('',#16570,#16571,#16572);
#16570=CARTESIAN_POINT('',(3.493,1.905,3.924));
#16571=DIRECTION('',(-1.0,0.0,0.0));
#16572=DIRECTION('',(0.,0.,1.));
#16573=FACE_OUTER_BOUND('',#16574,.T.);
#16574=EDGE_LOOP('',(#16575,#16585,#16595,#16605));
#16578=CARTESIAN_POINT('',(3.492,1.27,3.924));
#16577=VERTEX_POINT('',#16578);
#16576=EDGE_CURVE('',#16577,#16528,#16581,.T.);
#16581=LINE('',#16578,#16583);
#16583=VECTOR('',#16584,0.634999991484716);
#16584=DIRECTION('',(0.0,1.0,0.0));
#16575=ORIENTED_EDGE('',*,*,#16576,.F.);
#16586=EDGE_CURVE('',#16381,#16577,#16591,.T.);
#16591=LINE('',#16382,#16593);
#16593=VECTOR('',#16594,5.5689754);
#16594=DIRECTION('',(0.0,0.0,-1.0));
#16585=ORIENTED_EDGE('',*,*,#16586,.F.);
#16595=ORIENTED_EDGE('',*,*,#16380,.T.);
#16605=ORIENTED_EDGE('',*,*,#16537,.T.);
#16615=STYLED_ITEM('',(#34),#16616);
#16616=ADVANCED_FACE('',(#16622),#16617,.T.);
#16617=PLANE('',#16618);
#16618=AXIS2_PLACEMENT_3D('',#16619,#16620,#16621);
#16619=CARTESIAN_POINT('',(3.492,1.27,3.924));
#16620=DIRECTION('',(0.0,-1.0,0.0));
#16621=DIRECTION('',(0.,0.,1.));
#16622=FACE_OUTER_BOUND('',#16623,.T.);
#16623=EDGE_LOOP('',(#16624,#16634,#16644,#16654));
#16627=CARTESIAN_POINT('',(4.127,1.27,3.924));
#16626=VERTEX_POINT('',#16627);
#16625=EDGE_CURVE('',#16626,#16577,#16630,.T.);
#16630=LINE('',#16627,#16632);
#16632=VECTOR('',#16633,0.634999991500525);
#16633=DIRECTION('',(-1.0,0.0,0.0));
#16624=ORIENTED_EDGE('',*,*,#16625,.F.);
#16635=EDGE_CURVE('',#16430,#16626,#16640,.T.);
#16640=LINE('',#16431,#16642);
#16642=VECTOR('',#16643,5.5689754);
#16643=DIRECTION('',(0.0,0.0,-1.0));
#16634=ORIENTED_EDGE('',*,*,#16635,.F.);
#16644=ORIENTED_EDGE('',*,*,#16429,.T.);
#16654=ORIENTED_EDGE('',*,*,#16586,.T.);
#16664=STYLED_ITEM('',(#34),#16665);
#16665=ADVANCED_FACE('',(#16671),#16666,.T.);
#16666=PLANE('',#16667);
#16667=AXIS2_PLACEMENT_3D('',#16668,#16669,#16670);
#16668=CARTESIAN_POINT('',(4.127,1.27,3.924));
#16669=DIRECTION('',(1.0,0.0,0.0));
#16670=DIRECTION('',(0.,0.,1.));
#16671=FACE_OUTER_BOUND('',#16672,.T.);
#16672=EDGE_LOOP('',(#16673,#16683,#16693,#16703));
#16674=EDGE_CURVE('',#16530,#16626,#16679,.T.);
#16679=LINE('',#16531,#16681);
#16681=VECTOR('',#16682,0.634999991484716);
#16682=DIRECTION('',(0.0,-1.0,0.0));
#16673=ORIENTED_EDGE('',*,*,#16674,.F.);
#16683=ORIENTED_EDGE('',*,*,#16557,.T.);
#16693=ORIENTED_EDGE('',*,*,#16478,.T.);
#16703=ORIENTED_EDGE('',*,*,#16635,.T.);
#16713=STYLED_ITEM('',(#34),#16714);
#16714=ADVANCED_FACE('',(#16720),#16715,.T.);
#16715=PLANE('',#16716);
#16716=AXIS2_PLACEMENT_3D('',#16717,#16718,#16719);
#16717=CARTESIAN_POINT('',(3.492,1.27,3.924));
#16718=DIRECTION('',(0.0,0.0,-1.0));
#16719=DIRECTION('',(0.,1.,0.));
#16720=FACE_OUTER_BOUND('',#16721,.T.);
#16721=EDGE_LOOP('',(#16722,#16732,#16742,#16752));
#16722=ORIENTED_EDGE('',*,*,#16576,.T.);
#16732=ORIENTED_EDGE('',*,*,#16527,.T.);
#16742=ORIENTED_EDGE('',*,*,#16674,.T.);
#16752=ORIENTED_EDGE('',*,*,#16625,.T.);
#16762=STYLED_ITEM('',(#34),#16763);
#16763=ADVANCED_FACE('',(#16769),#16764,.T.);
#16764=PLANE('',#16765);
#16765=AXIS2_PLACEMENT_3D('',#16766,#16767,#16768);
#16766=CARTESIAN_POINT('',(4.127,1.27,0.952));
#16767=DIRECTION('',(0.0,0.0,1.0));
#16768=DIRECTION('',(0.,1.,0.));
#16769=FACE_OUTER_BOUND('',#16770,.T.);
#16770=EDGE_LOOP('',(#16771,#16781,#16791,#16801));
#16774=CARTESIAN_POINT('',(4.128,1.905,0.952));
#16773=VERTEX_POINT('',#16774);
#16776=CARTESIAN_POINT('',(4.127,1.27,0.952));
#16775=VERTEX_POINT('',#16776);
#16772=EDGE_CURVE('',#16773,#16775,#16777,.T.);
#16777=LINE('',#16774,#16779);
#16779=VECTOR('',#16780,0.634999991484716);
#16780=DIRECTION('',(0.0,-1.0,0.0));
#16771=ORIENTED_EDGE('',*,*,#16772,.F.);
#16784=CARTESIAN_POINT('',(3.493,1.905,0.952));
#16783=VERTEX_POINT('',#16784);
#16782=EDGE_CURVE('',#16783,#16773,#16787,.T.);
#16787=LINE('',#16784,#16789);
#16789=VECTOR('',#16790,0.635000025530043);
#16790=DIRECTION('',(1.0,0.0,0.0));
#16781=ORIENTED_EDGE('',*,*,#16782,.F.);
#16794=CARTESIAN_POINT('',(3.492,1.27,0.952));
#16793=VERTEX_POINT('',#16794);
#16792=EDGE_CURVE('',#16793,#16783,#16797,.T.);
#16797=LINE('',#16794,#16799);
#16799=VECTOR('',#16800,0.634999991484716);
#16800=DIRECTION('',(0.0,1.0,0.0));
#16791=ORIENTED_EDGE('',*,*,#16792,.F.);
#16802=EDGE_CURVE('',#16775,#16793,#16807,.T.);
#16807=LINE('',#16776,#16809);
#16809=VECTOR('',#16810,0.634999991500525);
#16810=DIRECTION('',(-1.0,0.0,0.0));
#16801=ORIENTED_EDGE('',*,*,#16802,.F.);
#16811=STYLED_ITEM('',(#34),#16812);
#16812=ADVANCED_FACE('',(#16818),#16813,.T.);
#16813=PLANE('',#16814);
#16814=AXIS2_PLACEMENT_3D('',#16815,#16816,#16817);
#16815=CARTESIAN_POINT('',(4.128,1.905,0.794));
#16816=DIRECTION('',(0.0,1.0,0.0));
#16817=DIRECTION('',(0.,0.,1.));
#16818=FACE_OUTER_BOUND('',#16819,.T.);
#16819=EDGE_LOOP('',(#16820,#16830,#16840,#16850));
#16823=CARTESIAN_POINT('',(3.493,1.905,0.794));
#16822=VERTEX_POINT('',#16823);
#16825=CARTESIAN_POINT('',(4.128,1.905,0.794));
#16824=VERTEX_POINT('',#16825);
#16821=EDGE_CURVE('',#16822,#16824,#16826,.T.);
#16826=LINE('',#16823,#16828);
#16828=VECTOR('',#16829,0.635000025530043);
#16829=DIRECTION('',(1.0,0.0,0.0));
#16820=ORIENTED_EDGE('',*,*,#16821,.F.);
#16831=EDGE_CURVE('',#16783,#16822,#16836,.T.);
#16836=LINE('',#16784,#16838);
#16838=VECTOR('',#16839,0.15874365);
#16839=DIRECTION('',(0.0,0.0,-1.0));
#16830=ORIENTED_EDGE('',*,*,#16831,.F.);
#16840=ORIENTED_EDGE('',*,*,#16782,.T.);
#16851=EDGE_CURVE('',#16824,#16773,#16856,.T.);
#16856=LINE('',#16825,#16858);
#16858=VECTOR('',#16859,0.15874365);
#16859=DIRECTION('',(0.0,0.0,1.0));
#16850=ORIENTED_EDGE('',*,*,#16851,.F.);
#16860=STYLED_ITEM('',(#34),#16861);
#16861=ADVANCED_FACE('',(#16867),#16862,.T.);
#16862=PLANE('',#16863);
#16863=AXIS2_PLACEMENT_3D('',#16864,#16865,#16866);
#16864=CARTESIAN_POINT('',(3.492,1.27,0.794));
#16865=DIRECTION('',(0.0,-1.0,0.0));
#16866=DIRECTION('',(0.,0.,1.));
#16867=FACE_OUTER_BOUND('',#16868,.T.);
#16868=EDGE_LOOP('',(#16869,#16879,#16889,#16899));
#16872=CARTESIAN_POINT('',(4.127,1.27,0.794));
#16871=VERTEX_POINT('',#16872);
#16874=CARTESIAN_POINT('',(3.492,1.27,0.794));
#16873=VERTEX_POINT('',#16874);
#16870=EDGE_CURVE('',#16871,#16873,#16875,.T.);
#16875=LINE('',#16872,#16877);
#16877=VECTOR('',#16878,0.634999991500525);
#16878=DIRECTION('',(-1.0,0.0,0.0));
#16869=ORIENTED_EDGE('',*,*,#16870,.F.);
#16880=EDGE_CURVE('',#16775,#16871,#16885,.T.);
#16885=LINE('',#16776,#16887);
#16887=VECTOR('',#16888,0.15874365);
#16888=DIRECTION('',(0.0,0.0,-1.0));
#16879=ORIENTED_EDGE('',*,*,#16880,.F.);
#16889=ORIENTED_EDGE('',*,*,#16802,.T.);
#16900=EDGE_CURVE('',#16873,#16793,#16905,.T.);
#16905=LINE('',#16874,#16907);
#16907=VECTOR('',#16908,0.15874365);
#16908=DIRECTION('',(0.0,0.0,1.0));
#16899=ORIENTED_EDGE('',*,*,#16900,.F.);
#16909=STYLED_ITEM('',(#34),#16910);
#16910=ADVANCED_FACE('',(#16916),#16911,.T.);
#16911=PLANE('',#16912);
#16912=AXIS2_PLACEMENT_3D('',#16913,#16914,#16915);
#16913=CARTESIAN_POINT('',(4.128,2.064,0.635));
#16914=DIRECTION('',(0.0,0.0,1.0));
#16915=DIRECTION('',(0.,1.,0.));
#16916=FACE_OUTER_BOUND('',#16917,.T.);
#16917=EDGE_LOOP('',(#16918,#16928,#16938,#16948));
#16921=CARTESIAN_POINT('',(4.128,3.842,0.635));
#16920=VERTEX_POINT('',#16921);
#16923=CARTESIAN_POINT('',(4.128,2.064,0.635));
#16922=VERTEX_POINT('',#16923);
#16919=EDGE_CURVE('',#16920,#16922,#16924,.T.);
#16924=LINE('',#16921,#16926);
#16926=VECTOR('',#16927,1.77800634757545);
#16927=DIRECTION('',(0.0,-1.0,0.0));
#16918=ORIENTED_EDGE('',*,*,#16919,.F.);
#16931=CARTESIAN_POINT('',(3.493,3.842,0.635));
#16930=VERTEX_POINT('',#16931);
#16929=EDGE_CURVE('',#16930,#16920,#16934,.T.);
#16934=LINE('',#16931,#16936);
#16936=VECTOR('',#16937,0.635000230858433);
#16937=DIRECTION('',(1.0,0.0,0.0));
#16928=ORIENTED_EDGE('',*,*,#16929,.F.);
#16941=CARTESIAN_POINT('',(3.493,2.064,0.635));
#16940=VERTEX_POINT('',#16941);
#16939=EDGE_CURVE('',#16940,#16930,#16944,.T.);
#16944=LINE('',#16941,#16946);
#16946=VECTOR('',#16947,1.77800634757545);
#16947=DIRECTION('',(0.0,1.0,0.0));
#16938=ORIENTED_EDGE('',*,*,#16939,.F.);
#16949=EDGE_CURVE('',#16922,#16940,#16954,.T.);
#16954=LINE('',#16923,#16956);
#16956=VECTOR('',#16957,0.635000041498695);
#16957=DIRECTION('',(-1.0,0.0,0.0));
#16948=ORIENTED_EDGE('',*,*,#16949,.F.);
#17007=STYLED_ITEM('',(#34),#17008);
#17008=ADVANCED_FACE('',(#17014),#17009,.T.);
#17009=PLANE('',#17010);
#17010=AXIS2_PLACEMENT_3D('',#17011,#17012,#17013);
#17011=CARTESIAN_POINT('',(3.493,2.064,0.0));
#17012=DIRECTION('',(0.0,0.0,-1.0));
#17013=DIRECTION('',(0.,1.,0.));
#17014=FACE_OUTER_BOUND('',#17015,.T.);
#17015=EDGE_LOOP('',(#17016,#17026,#17036,#17046));
#17019=CARTESIAN_POINT('',(3.493,3.842,0.0));
#17018=VERTEX_POINT('',#17019);
#17021=CARTESIAN_POINT('',(3.493,2.064,0.0));
#17020=VERTEX_POINT('',#17021);
#17017=EDGE_CURVE('',#17018,#17020,#17022,.T.);
#17022=LINE('',#17019,#17024);
#17024=VECTOR('',#17025,1.77800634757545);
#17025=DIRECTION('',(0.0,-1.0,0.0));
#17016=ORIENTED_EDGE('',*,*,#17017,.F.);
#17029=CARTESIAN_POINT('',(4.128,3.842,0.0));
#17028=VERTEX_POINT('',#17029);
#17027=EDGE_CURVE('',#17028,#17018,#17032,.T.);
#17032=LINE('',#17029,#17034);
#17034=VECTOR('',#17035,0.635000230858433);
#17035=DIRECTION('',(-1.0,0.0,0.0));
#17026=ORIENTED_EDGE('',*,*,#17027,.F.);
#17039=CARTESIAN_POINT('',(4.128,2.064,0.0));
#17038=VERTEX_POINT('',#17039);
#17037=EDGE_CURVE('',#17038,#17028,#17042,.T.);
#17042=LINE('',#17039,#17044);
#17044=VECTOR('',#17045,1.77800634757545);
#17045=DIRECTION('',(0.0,1.0,0.0));
#17036=ORIENTED_EDGE('',*,*,#17037,.F.);
#17047=EDGE_CURVE('',#17020,#17038,#17052,.T.);
#17052=LINE('',#17021,#17054);
#17054=VECTOR('',#17055,0.635000041498695);
#17055=DIRECTION('',(1.0,0.0,0.0));
#17046=ORIENTED_EDGE('',*,*,#17047,.F.);
#17105=STYLED_ITEM('',(#34),#17106);
#17106=ADVANCED_FACE('',(#17112),#17107,.T.);
#17107=PLANE('',#17108);
#17108=AXIS2_PLACEMENT_3D('',#17109,#17110,#17111);
#17109=CARTESIAN_POINT('',(3.969,4.0,0.476));
#17110=DIRECTION('',(0.0,0.707,0.707));
#17111=DIRECTION('',(0.,0.,1.));
#17112=FACE_OUTER_BOUND('',#17113,.T.);
#17113=EDGE_LOOP('',(#17114,#17124,#17134,#17144));
#17117=CARTESIAN_POINT('',(3.651,4.001,0.476));
#17116=VERTEX_POINT('',#17117);
#17119=CARTESIAN_POINT('',(3.969,4.0,0.476));
#17118=VERTEX_POINT('',#17119);
#17115=EDGE_CURVE('',#17116,#17118,#17120,.T.);
#17120=LINE('',#17117,#17122);
#17122=VECTOR('',#17123,0.317500253221195);
#17123=DIRECTION('',(1.0,0.0,0.0));
#17114=ORIENTED_EDGE('',*,*,#17115,.F.);
#17125=EDGE_CURVE('',#16930,#17116,#17130,.T.);
#17130=LINE('',#16931,#17132);
#17132=VECTOR('',#17133,0.274963063823214);
#17133=DIRECTION('',(0.577,0.577,-0.577));
#17124=ORIENTED_EDGE('',*,*,#17125,.F.);
#17134=ORIENTED_EDGE('',*,*,#16929,.T.);
#17145=EDGE_CURVE('',#17118,#16920,#17150,.T.);
#17150=LINE('',#17119,#17152);
#17152=VECTOR('',#17153,0.274963063823214);
#17153=DIRECTION('',(0.577,-0.577,0.577));
#17144=ORIENTED_EDGE('',*,*,#17145,.F.);
#17154=STYLED_ITEM('',(#34),#17155);
#17155=ADVANCED_FACE('',(#17161),#17156,.T.);
#17156=PLANE('',#17157);
#17157=AXIS2_PLACEMENT_3D('',#17158,#17159,#17160);
#17158=CARTESIAN_POINT('',(4.128,3.842,0.0));
#17159=DIRECTION('',(0.707,0.707,0.0));
#17160=DIRECTION('',(0.,0.,1.));
#17161=FACE_OUTER_BOUND('',#17162,.T.);
#17162=EDGE_LOOP('',(#17163,#17173,#17183,#17193));
#17166=CARTESIAN_POINT('',(3.969,4.0,0.159));
#17165=VERTEX_POINT('',#17166);
#17164=EDGE_CURVE('',#17165,#17028,#17169,.T.);
#17169=LINE('',#17166,#17171);
#17171=VECTOR('',#17172,0.274963063823214);
#17172=DIRECTION('',(0.577,-0.577,-0.577));
#17163=ORIENTED_EDGE('',*,*,#17164,.F.);
#17174=EDGE_CURVE('',#17118,#17165,#17179,.T.);
#17179=LINE('',#17119,#17181);
#17181=VECTOR('',#17182,0.3175);
#17182=DIRECTION('',(0.0,0.0,-1.0));
#17173=ORIENTED_EDGE('',*,*,#17174,.F.);
#17183=ORIENTED_EDGE('',*,*,#17145,.T.);
#17194=EDGE_CURVE('',#17028,#16920,#17199,.T.);
#17199=LINE('',#17029,#17201);
#17201=VECTOR('',#17202,0.635);
#17202=DIRECTION('',(0.0,0.0,1.0));
#17193=ORIENTED_EDGE('',*,*,#17194,.F.);
#17203=STYLED_ITEM('',(#34),#17204);
#17204=ADVANCED_FACE('',(#17210),#17205,.T.);
#17205=PLANE('',#17206);
#17206=AXIS2_PLACEMENT_3D('',#17207,#17208,#17209);
#17207=CARTESIAN_POINT('',(4.128,3.842,0.0));
#17208=DIRECTION('',(0.0,0.707,-0.707));
#17209=DIRECTION('',(0.,0.,1.));
#17210=FACE_OUTER_BOUND('',#17211,.T.);
#17211=EDGE_LOOP('',(#17212,#17222,#17232,#17242));
#17212=ORIENTED_EDGE('',*,*,#17027,.T.);
#17225=CARTESIAN_POINT('',(3.651,4.001,0.159));
#17224=VERTEX_POINT('',#17225);
#17223=EDGE_CURVE('',#17224,#17018,#17228,.T.);
#17228=LINE('',#17225,#17230);
#17230=VECTOR('',#17231,0.274963063823214);
#17231=DIRECTION('',(-0.577,-0.577,-0.577));
#17222=ORIENTED_EDGE('',*,*,#17223,.F.);
#17233=EDGE_CURVE('',#17165,#17224,#17238,.T.);
#17238=LINE('',#17166,#17240);
#17240=VECTOR('',#17241,0.317500253221195);
#17241=DIRECTION('',(-1.0,0.0,0.0));
#17232=ORIENTED_EDGE('',*,*,#17233,.F.);
#17242=ORIENTED_EDGE('',*,*,#17164,.T.);
#17252=STYLED_ITEM('',(#34),#17253);
#17253=ADVANCED_FACE('',(#17259),#17254,.T.);
#17254=PLANE('',#17255);
#17255=AXIS2_PLACEMENT_3D('',#17256,#17257,#17258);
#17256=CARTESIAN_POINT('',(3.651,4.001,0.159));
#17257=DIRECTION('',(-0.707,0.707,0.0));
#17258=DIRECTION('',(0.,0.,1.));
#17259=FACE_OUTER_BOUND('',#17260,.T.);
#17260=EDGE_LOOP('',(#17261,#17271,#17281,#17291));
#17261=ORIENTED_EDGE('',*,*,#17223,.T.);
#17272=EDGE_CURVE('',#16930,#17018,#17277,.T.);
#17277=LINE('',#16931,#17279);
#17279=VECTOR('',#17280,0.635);
#17280=DIRECTION('',(0.0,0.0,-1.0));
#17271=ORIENTED_EDGE('',*,*,#17272,.F.);
#17281=ORIENTED_EDGE('',*,*,#17125,.T.);
#17292=EDGE_CURVE('',#17224,#17116,#17297,.T.);
#17297=LINE('',#17225,#17299);
#17299=VECTOR('',#17300,0.3175);
#17300=DIRECTION('',(0.0,0.0,1.0));
#17291=ORIENTED_EDGE('',*,*,#17292,.F.);
#17301=STYLED_ITEM('',(#34),#17302);
#17302=ADVANCED_FACE('',(#17308),#17303,.T.);
#17303=PLANE('',#17304);
#17304=AXIS2_PLACEMENT_3D('',#17305,#17306,#17307);
#17305=CARTESIAN_POINT('',(3.969,4.0,0.159));
#17306=DIRECTION('',(0.0,1.0,0.0));
#17307=DIRECTION('',(0.,0.,1.));
#17308=FACE_OUTER_BOUND('',#17309,.T.);
#17309=EDGE_LOOP('',(#17310,#17320,#17330,#17340));
#17310=ORIENTED_EDGE('',*,*,#17233,.T.);
#17320=ORIENTED_EDGE('',*,*,#17292,.T.);
#17330=ORIENTED_EDGE('',*,*,#17115,.T.);
#17340=ORIENTED_EDGE('',*,*,#17174,.T.);
#17350=STYLED_ITEM($,(#34),#17351);
#17351=ADVANCED_FACE($,(#17357),#17352,.F.);
#17352=CYLINDRICAL_SURFACE($,#17353,0.15874365);
#17353=AXIS2_PLACEMENT_3D($,#17354,#17355,#17356);
#17354=CARTESIAN_POINT('',(4.128,2.064,0.794));
#17355=DIRECTION('',(1.0,0.0,0.0));
#17356=DIRECTION('',(0.,0.,1.));
#17357=FACE_OUTER_BOUND($,#17358,.T.);
#17358=EDGE_LOOP($,(#17370,#17380,#17391,#17359));
#17370=ORIENTED_EDGE('',*,*,#16949,.T.);
#17381=EDGE_CURVE($,#16822,#16940,#17386,.T.);
#17386=CIRCLE($,#17387,0.15874365);
#17388=CARTESIAN_POINT('',(3.493,2.064,0.794));
#17387=AXIS2_PLACEMENT_3D($,#17388,#17389,#17390);
#17389=DIRECTION('',(1.0,0.0,0.0));
#17390=DIRECTION('',(0.0,0.707,-0.707));
#17380=ORIENTED_EDGE('',*,*,#17381,.F.);
#17391=ORIENTED_EDGE('',*,*,#16821,.T.);
#17360=EDGE_CURVE($,#16922,#16824,#17365,.T.);
#17365=CIRCLE($,#17366,0.15874365);
#17367=CARTESIAN_POINT('',(4.128,2.064,0.794));
#17366=AXIS2_PLACEMENT_3D($,#17367,#17368,#17369);
#17368=DIRECTION('',(-1.0,0.0,0.0));
#17369=DIRECTION('',(0.0,-0.707,0.707));
#17359=ORIENTED_EDGE('',*,*,#17360,.F.);
#17401=STYLED_ITEM($,(#34),#17402);
#17402=ADVANCED_FACE($,(#17408),#17403,.T.);
#17403=CYLINDRICAL_SURFACE($,#17404,0.79374365);
#17404=AXIS2_PLACEMENT_3D($,#17405,#17406,#17407);
#17405=CARTESIAN_POINT('',(4.128,2.064,0.794));
#17406=DIRECTION('',(-1.0,0.0,0.0));
#17407=DIRECTION('',(0.,0.,1.));
#17408=FACE_OUTER_BOUND($,#17409,.T.);
#17409=EDGE_LOOP($,(#17421,#17431,#17442,#17410));
#17421=ORIENTED_EDGE('',*,*,#17047,.T.);
#17432=EDGE_CURVE($,#16871,#17038,#17437,.T.);
#17437=CIRCLE($,#17438,0.79374365);
#17438=AXIS2_PLACEMENT_3D($,#17367,#17440,#17441);
#17440=DIRECTION('',(1.0,0.0,0.0));
#17441=DIRECTION('',(0.0,0.707,-0.707));
#17431=ORIENTED_EDGE('',*,*,#17432,.F.);
#17442=ORIENTED_EDGE('',*,*,#16870,.T.);
#17411=EDGE_CURVE($,#17020,#16873,#17416,.T.);
#17416=CIRCLE($,#17417,0.79374365);
#17417=AXIS2_PLACEMENT_3D($,#17388,#17419,#17420);
#17419=DIRECTION('',(-1.0,0.0,0.0));
#17420=DIRECTION('',(0.0,-0.707,0.707));
#17410=ORIENTED_EDGE('',*,*,#17411,.F.);
#17452=STYLED_ITEM('color',(#34),#17453);
#17453=ADVANCED_FACE($,(#17459),#17454,.T.);
#17454=PLANE($,#17455);
#17455=AXIS2_PLACEMENT_3D($,#17456,#17457,#17458);
#17456=CARTESIAN_POINT('',(4.127,1.27,0.794));
#17457=DIRECTION('',(1.0,0.0,0.0));
#17458=DIRECTION('',(1.,0.,0.));
#17459=FACE_OUTER_BOUND($,#17460,.T.);
#17460=EDGE_LOOP($,(#17463, #17473, #17483, #17493, #17504, #17514, #17524, #17534));
#17463=ORIENTED_EDGE('',*,*,#16851,.T.);
#17473=ORIENTED_EDGE('',*,*,#16772,.T.);
#17483=ORIENTED_EDGE('',*,*,#16880,.T.);
#17493=ORIENTED_EDGE('',*,*,#17432,.T.);
#17504=ORIENTED_EDGE('',*,*,#17037,.T.);
#17514=ORIENTED_EDGE('',*,*,#17194,.T.);
#17524=ORIENTED_EDGE('',*,*,#16919,.T.);
#17534=ORIENTED_EDGE('',*,*,#17360,.T.);
#17545=STYLED_ITEM('color',(#34),#17546);
#17546=ADVANCED_FACE($,(#17552),#17547,.T.);
#17547=PLANE($,#17548);
#17548=AXIS2_PLACEMENT_3D($,#17549,#17550,#17551);
#17549=CARTESIAN_POINT('',(3.492,1.27,0.794));
#17550=DIRECTION('',(-1.0,0.0,0.0));
#17551=DIRECTION('',(-1.,0.,0.));
#17552=FACE_OUTER_BOUND($,#17553,.T.);
#17553=EDGE_LOOP($,(#17556, #17566, #17576, #17586, #17597, #17607, #17617, #17627));
#17556=ORIENTED_EDGE('',*,*,#16900,.T.);
#17566=ORIENTED_EDGE('',*,*,#16792,.T.);
#17576=ORIENTED_EDGE('',*,*,#16831,.T.);
#17586=ORIENTED_EDGE('',*,*,#17381,.T.);
#17597=ORIENTED_EDGE('',*,*,#16939,.T.);
#17607=ORIENTED_EDGE('',*,*,#17272,.T.);
#17617=ORIENTED_EDGE('',*,*,#17017,.T.);
#17627=ORIENTED_EDGE('',*,*,#17411,.T.);
#17638=MANIFOLD_SOLID_BREP($,#17639);
#17639=CLOSED_SHELL('',(#17643,#17692,#17741,#17790,#17839,#17888,#17937,#17986,#18035,#18084));
#17640=MANIFOLD_SOLID_BREP($,#17641);
#17641=CLOSED_SHELL('',(#18133,#18182,#18231,#18280,#18378,#18476,#18525,#18574,#18623,#18672,#18721,#18772,#18823,#18916));
#17642=STYLED_ITEM('',(#34),#17643);
#17643=ADVANCED_FACE('',(#17649),#17644,.T.);
#17644=PLANE('',#17645);
#17645=AXIS2_PLACEMENT_3D('',#17646,#17647,#17648);
#17646=CARTESIAN_POINT('',(1.429,1.429,9.652));
#17647=DIRECTION('',(0.0,0.0,1.0));
#17648=DIRECTION('',(0.,1.,0.));
#17649=FACE_OUTER_BOUND('',#17650,.T.);
#17650=EDGE_LOOP('',(#17651,#17661,#17671,#17681));
#17654=CARTESIAN_POINT('',(1.429,1.746,9.652));
#17653=VERTEX_POINT('',#17654);
#17656=CARTESIAN_POINT('',(1.429,1.429,9.652));
#17655=VERTEX_POINT('',#17656);
#17652=EDGE_CURVE('',#17653,#17655,#17657,.T.);
#17657=LINE('',#17654,#17659);
#17659=VECTOR('',#17660,0.317499995742358);
#17660=DIRECTION('',(0.0,-1.0,0.0));
#17651=ORIENTED_EDGE('',*,*,#17652,.F.);
#17664=CARTESIAN_POINT('',(1.111,1.746,9.652));
#17663=VERTEX_POINT('',#17664);
#17662=EDGE_CURVE('',#17663,#17653,#17667,.T.);
#17667=LINE('',#17664,#17669);
#17669=VECTOR('',#17670,0.317500012765022);
#17670=DIRECTION('',(1.0,0.0,0.0));
#17661=ORIENTED_EDGE('',*,*,#17662,.F.);
#17674=CARTESIAN_POINT('',(1.111,1.429,9.652));
#17673=VERTEX_POINT('',#17674);
#17672=EDGE_CURVE('',#17673,#17663,#17677,.T.);
#17677=LINE('',#17674,#17679);
#17679=VECTOR('',#17680,0.317499995742358);
#17680=DIRECTION('',(0.0,1.0,0.0));
#17671=ORIENTED_EDGE('',*,*,#17672,.F.);
#17682=EDGE_CURVE('',#17655,#17673,#17687,.T.);
#17687=LINE('',#17656,#17689);
#17689=VECTOR('',#17690,0.317499995750263);
#17690=DIRECTION('',(-1.0,0.0,0.0));
#17681=ORIENTED_EDGE('',*,*,#17682,.F.);
#17691=STYLED_ITEM('',(#34),#17692);
#17692=ADVANCED_FACE('',(#17698),#17693,.T.);
#17693=PLANE('',#17694);
#17694=AXIS2_PLACEMENT_3D('',#17695,#17696,#17697);
#17695=CARTESIAN_POINT('',(1.588,1.905,9.493));
#17696=DIRECTION('',(0.0,0.707,0.707));
#17697=DIRECTION('',(0.,0.,1.));
#17698=FACE_OUTER_BOUND('',#17699,.T.);
#17699=EDGE_LOOP('',(#17700,#17710,#17720,#17730));
#17703=CARTESIAN_POINT('',(0.953,1.905,9.493));
#17702=VERTEX_POINT('',#17703);
#17705=CARTESIAN_POINT('',(1.588,1.905,9.493));
#17704=VERTEX_POINT('',#17705);
#17701=EDGE_CURVE('',#17702,#17704,#17706,.T.);
#17706=LINE('',#17703,#17708);
#17708=VECTOR('',#17709,0.635000025530043);
#17709=DIRECTION('',(1.0,0.0,0.0));
#17700=ORIENTED_EDGE('',*,*,#17701,.F.);
#17711=EDGE_CURVE('',#17663,#17702,#17716,.T.);
#17716=LINE('',#17664,#17718);
#17718=VECTOR('',#17719,0.274963065701559);
#17719=DIRECTION('',(-0.577,0.577,-0.577));
#17710=ORIENTED_EDGE('',*,*,#17711,.F.);
#17720=ORIENTED_EDGE('',*,*,#17662,.T.);
#17731=EDGE_CURVE('',#17704,#17653,#17736,.T.);
#17736=LINE('',#17705,#17738);
#17738=VECTOR('',#17739,0.274963065701559);
#17739=DIRECTION('',(-0.577,-0.577,0.577));
#17730=ORIENTED_EDGE('',*,*,#17731,.F.);
#17740=STYLED_ITEM('',(#34),#17741);
#17741=ADVANCED_FACE('',(#17747),#17742,.T.);
#17742=PLANE('',#17743);
#17743=AXIS2_PLACEMENT_3D('',#17744,#17745,#17746);
#17744=CARTESIAN_POINT('',(0.953,1.905,9.493));
#17745=DIRECTION('',(-0.707,0.0,0.707));
#17746=DIRECTION('',(0.,0.,1.));
#17747=FACE_OUTER_BOUND('',#17748,.T.);
#17748=EDGE_LOOP('',(#17749,#17759,#17769,#17779));
#17752=CARTESIAN_POINT('',(0.952,1.27,9.493));
#17751=VERTEX_POINT('',#17752);
#17750=EDGE_CURVE('',#17751,#17702,#17755,.T.);
#17755=LINE('',#17752,#17757);
#17757=VECTOR('',#17758,0.634999991484716);
#17758=DIRECTION('',(0.0,1.0,0.0));
#17749=ORIENTED_EDGE('',*,*,#17750,.F.);
#17760=EDGE_CURVE('',#17673,#17751,#17765,.T.);
#17765=LINE('',#17674,#17767);
#17767=VECTOR('',#17768,0.274963065701559);
#17768=DIRECTION('',(-0.577,-0.577,-0.577));
#17759=ORIENTED_EDGE('',*,*,#17760,.F.);
#17769=ORIENTED_EDGE('',*,*,#17672,.T.);
#17779=ORIENTED_EDGE('',*,*,#17711,.T.);
#17789=STYLED_ITEM('',(#34),#17790);
#17790=ADVANCED_FACE('',(#17796),#17791,.T.);
#17791=PLANE('',#17792);
#17792=AXIS2_PLACEMENT_3D('',#17793,#17794,#17795);
#17793=CARTESIAN_POINT('',(0.952,1.27,9.493));
#17794=DIRECTION('',(0.0,-0.707,0.707));
#17795=DIRECTION('',(0.,0.,1.));
#17796=FACE_OUTER_BOUND('',#17797,.T.);
#17797=EDGE_LOOP('',(#17798,#17808,#17818,#17828));
#17801=CARTESIAN_POINT('',(1.587,1.27,9.493));
#17800=VERTEX_POINT('',#17801);
#17799=EDGE_CURVE('',#17800,#17751,#17804,.T.);
#17804=LINE('',#17801,#17806);
#17806=VECTOR('',#17807,0.634999991500525);
#17807=DIRECTION('',(-1.0,0.0,0.0));
#17798=ORIENTED_EDGE('',*,*,#17799,.F.);
#17809=EDGE_CURVE('',#17655,#17800,#17814,.T.);
#17814=LINE('',#17656,#17816);
#17816=VECTOR('',#17817,0.274963065701559);
#17817=DIRECTION('',(0.577,-0.577,-0.577));
#17808=ORIENTED_EDGE('',*,*,#17809,.F.);
#17818=ORIENTED_EDGE('',*,*,#17682,.T.);
#17828=ORIENTED_EDGE('',*,*,#17760,.T.);
#17838=STYLED_ITEM('',(#34),#17839);
#17839=ADVANCED_FACE('',(#17845),#17840,.T.);
#17840=PLANE('',#17841);
#17841=AXIS2_PLACEMENT_3D('',#17842,#17843,#17844);
#17842=CARTESIAN_POINT('',(1.587,1.27,9.493));
#17843=DIRECTION('',(0.707,0.0,0.707));
#17844=DIRECTION('',(0.,0.,1.));
#17845=FACE_OUTER_BOUND('',#17846,.T.);
#17846=EDGE_LOOP('',(#17847,#17857,#17867,#17877));
#17848=EDGE_CURVE('',#17704,#17800,#17853,.T.);
#17853=LINE('',#17705,#17855);
#17855=VECTOR('',#17856,0.634999991484716);
#17856=DIRECTION('',(0.0,-1.0,0.0));
#17847=ORIENTED_EDGE('',*,*,#17848,.F.);
#17857=ORIENTED_EDGE('',*,*,#17731,.T.);
#17867=ORIENTED_EDGE('',*,*,#17652,.T.);
#17877=ORIENTED_EDGE('',*,*,#17809,.T.);
#17887=STYLED_ITEM('',(#34),#17888);
#17888=ADVANCED_FACE('',(#17894),#17889,.T.);
#17889=PLANE('',#17890);
#17890=AXIS2_PLACEMENT_3D('',#17891,#17892,#17893);
#17891=CARTESIAN_POINT('',(1.588,1.905,3.924));
#17892=DIRECTION('',(0.0,1.0,0.0));
#17893=DIRECTION('',(0.,0.,1.));
#17894=FACE_OUTER_BOUND('',#17895,.T.);
#17895=EDGE_LOOP('',(#17896,#17906,#17916,#17926));
#17899=CARTESIAN_POINT('',(0.953,1.905,3.924));
#17898=VERTEX_POINT('',#17899);
#17901=CARTESIAN_POINT('',(1.588,1.905,3.924));
#17900=VERTEX_POINT('',#17901);
#17897=EDGE_CURVE('',#17898,#17900,#17902,.T.);
#17902=LINE('',#17899,#17904);
#17904=VECTOR('',#17905,0.635000025530043);
#17905=DIRECTION('',(1.0,0.0,0.0));
#17896=ORIENTED_EDGE('',*,*,#17897,.F.);
#17907=EDGE_CURVE('',#17702,#17898,#17912,.T.);
#17912=LINE('',#17703,#17914);
#17914=VECTOR('',#17915,5.5689754);
#17915=DIRECTION('',(0.0,0.0,-1.0));
#17906=ORIENTED_EDGE('',*,*,#17907,.F.);
#17916=ORIENTED_EDGE('',*,*,#17701,.T.);
#17927=EDGE_CURVE('',#17900,#17704,#17932,.T.);
#17932=LINE('',#17901,#17934);
#17934=VECTOR('',#17935,5.5689754);
#17935=DIRECTION('',(0.0,0.0,1.0));
#17926=ORIENTED_EDGE('',*,*,#17927,.F.);
#17936=STYLED_ITEM('',(#34),#17937);
#17937=ADVANCED_FACE('',(#17943),#17938,.T.);
#17938=PLANE('',#17939);
#17939=AXIS2_PLACEMENT_3D('',#17940,#17941,#17942);
#17940=CARTESIAN_POINT('',(0.953,1.905,3.924));
#17941=DIRECTION('',(-1.0,0.0,0.0));
#17942=DIRECTION('',(0.,0.,1.));
#17943=FACE_OUTER_BOUND('',#17944,.T.);
#17944=EDGE_LOOP('',(#17945,#17955,#17965,#17975));
#17948=CARTESIAN_POINT('',(0.952,1.27,3.924));
#17947=VERTEX_POINT('',#17948);
#17946=EDGE_CURVE('',#17947,#17898,#17951,.T.);
#17951=LINE('',#17948,#17953);
#17953=VECTOR('',#17954,0.634999991484716);
#17954=DIRECTION('',(0.0,1.0,0.0));
#17945=ORIENTED_EDGE('',*,*,#17946,.F.);
#17956=EDGE_CURVE('',#17751,#17947,#17961,.T.);
#17961=LINE('',#17752,#17963);
#17963=VECTOR('',#17964,5.5689754);
#17964=DIRECTION('',(0.0,0.0,-1.0));
#17955=ORIENTED_EDGE('',*,*,#17956,.F.);
#17965=ORIENTED_EDGE('',*,*,#17750,.T.);
#17975=ORIENTED_EDGE('',*,*,#17907,.T.);
#17985=STYLED_ITEM('',(#34),#17986);
#17986=ADVANCED_FACE('',(#17992),#17987,.T.);
#17987=PLANE('',#17988);
#17988=AXIS2_PLACEMENT_3D('',#17989,#17990,#17991);
#17989=CARTESIAN_POINT('',(0.952,1.27,3.924));
#17990=DIRECTION('',(0.0,-1.0,0.0));
#17991=DIRECTION('',(0.,0.,1.));
#17992=FACE_OUTER_BOUND('',#17993,.T.);
#17993=EDGE_LOOP('',(#17994,#18004,#18014,#18024));
#17997=CARTESIAN_POINT('',(1.587,1.27,3.924));
#17996=VERTEX_POINT('',#17997);
#17995=EDGE_CURVE('',#17996,#17947,#18000,.T.);
#18000=LINE('',#17997,#18002);
#18002=VECTOR('',#18003,0.634999991500525);
#18003=DIRECTION('',(-1.0,0.0,0.0));
#17994=ORIENTED_EDGE('',*,*,#17995,.F.);
#18005=EDGE_CURVE('',#17800,#17996,#18010,.T.);
#18010=LINE('',#17801,#18012);
#18012=VECTOR('',#18013,5.5689754);
#18013=DIRECTION('',(0.0,0.0,-1.0));
#18004=ORIENTED_EDGE('',*,*,#18005,.F.);
#18014=ORIENTED_EDGE('',*,*,#17799,.T.);
#18024=ORIENTED_EDGE('',*,*,#17956,.T.);
#18034=STYLED_ITEM('',(#34),#18035);
#18035=ADVANCED_FACE('',(#18041),#18036,.T.);
#18036=PLANE('',#18037);
#18037=AXIS2_PLACEMENT_3D('',#18038,#18039,#18040);
#18038=CARTESIAN_POINT('',(1.587,1.27,3.924));
#18039=DIRECTION('',(1.0,0.0,0.0));
#18040=DIRECTION('',(0.,0.,1.));
#18041=FACE_OUTER_BOUND('',#18042,.T.);
#18042=EDGE_LOOP('',(#18043,#18053,#18063,#18073));
#18044=EDGE_CURVE('',#17900,#17996,#18049,.T.);
#18049=LINE('',#17901,#18051);
#18051=VECTOR('',#18052,0.634999991484716);
#18052=DIRECTION('',(0.0,-1.0,0.0));
#18043=ORIENTED_EDGE('',*,*,#18044,.F.);
#18053=ORIENTED_EDGE('',*,*,#17927,.T.);
#18063=ORIENTED_EDGE('',*,*,#17848,.T.);
#18073=ORIENTED_EDGE('',*,*,#18005,.T.);
#18083=STYLED_ITEM('',(#34),#18084);
#18084=ADVANCED_FACE('',(#18090),#18085,.T.);
#18085=PLANE('',#18086);
#18086=AXIS2_PLACEMENT_3D('',#18087,#18088,#18089);
#18087=CARTESIAN_POINT('',(0.952,1.27,3.924));
#18088=DIRECTION('',(0.0,0.0,-1.0));
#18089=DIRECTION('',(0.,1.,0.));
#18090=FACE_OUTER_BOUND('',#18091,.T.);
#18091=EDGE_LOOP('',(#18092,#18102,#18112,#18122));
#18092=ORIENTED_EDGE('',*,*,#17946,.T.);
#18102=ORIENTED_EDGE('',*,*,#17897,.T.);
#18112=ORIENTED_EDGE('',*,*,#18044,.T.);
#18122=ORIENTED_EDGE('',*,*,#17995,.T.);
#18132=STYLED_ITEM('',(#34),#18133);
#18133=ADVANCED_FACE('',(#18139),#18134,.T.);
#18134=PLANE('',#18135);
#18135=AXIS2_PLACEMENT_3D('',#18136,#18137,#18138);
#18136=CARTESIAN_POINT('',(1.587,1.27,0.952));
#18137=DIRECTION('',(0.0,0.0,1.0));
#18138=DIRECTION('',(0.,1.,0.));
#18139=FACE_OUTER_BOUND('',#18140,.T.);
#18140=EDGE_LOOP('',(#18141,#18151,#18161,#18171));
#18144=CARTESIAN_POINT('',(1.588,1.905,0.952));
#18143=VERTEX_POINT('',#18144);
#18146=CARTESIAN_POINT('',(1.587,1.27,0.952));
#18145=VERTEX_POINT('',#18146);
#18142=EDGE_CURVE('',#18143,#18145,#18147,.T.);
#18147=LINE('',#18144,#18149);
#18149=VECTOR('',#18150,0.634999991484716);
#18150=DIRECTION('',(0.0,-1.0,0.0));
#18141=ORIENTED_EDGE('',*,*,#18142,.F.);
#18154=CARTESIAN_POINT('',(0.953,1.905,0.952));
#18153=VERTEX_POINT('',#18154);
#18152=EDGE_CURVE('',#18153,#18143,#18157,.T.);
#18157=LINE('',#18154,#18159);
#18159=VECTOR('',#18160,0.635000025530043);
#18160=DIRECTION('',(1.0,0.0,0.0));
#18151=ORIENTED_EDGE('',*,*,#18152,.F.);
#18164=CARTESIAN_POINT('',(0.952,1.27,0.952));
#18163=VERTEX_POINT('',#18164);
#18162=EDGE_CURVE('',#18163,#18153,#18167,.T.);
#18167=LINE('',#18164,#18169);
#18169=VECTOR('',#18170,0.634999991484716);
#18170=DIRECTION('',(0.0,1.0,0.0));
#18161=ORIENTED_EDGE('',*,*,#18162,.F.);
#18172=EDGE_CURVE('',#18145,#18163,#18177,.T.);
#18177=LINE('',#18146,#18179);
#18179=VECTOR('',#18180,0.634999991500525);
#18180=DIRECTION('',(-1.0,0.0,0.0));
#18171=ORIENTED_EDGE('',*,*,#18172,.F.);
#18181=STYLED_ITEM('',(#34),#18182);
#18182=ADVANCED_FACE('',(#18188),#18183,.T.);
#18183=PLANE('',#18184);
#18184=AXIS2_PLACEMENT_3D('',#18185,#18186,#18187);
#18185=CARTESIAN_POINT('',(1.588,1.905,0.794));
#18186=DIRECTION('',(0.0,1.0,0.0));
#18187=DIRECTION('',(0.,0.,1.));
#18188=FACE_OUTER_BOUND('',#18189,.T.);
#18189=EDGE_LOOP('',(#18190,#18200,#18210,#18220));
#18193=CARTESIAN_POINT('',(0.953,1.905,0.794));
#18192=VERTEX_POINT('',#18193);
#18195=CARTESIAN_POINT('',(1.588,1.905,0.794));
#18194=VERTEX_POINT('',#18195);
#18191=EDGE_CURVE('',#18192,#18194,#18196,.T.);
#18196=LINE('',#18193,#18198);
#18198=VECTOR('',#18199,0.635000025530043);
#18199=DIRECTION('',(1.0,0.0,0.0));
#18190=ORIENTED_EDGE('',*,*,#18191,.F.);
#18201=EDGE_CURVE('',#18153,#18192,#18206,.T.);
#18206=LINE('',#18154,#18208);
#18208=VECTOR('',#18209,0.15874365);
#18209=DIRECTION('',(0.0,0.0,-1.0));
#18200=ORIENTED_EDGE('',*,*,#18201,.F.);
#18210=ORIENTED_EDGE('',*,*,#18152,.T.);
#18221=EDGE_CURVE('',#18194,#18143,#18226,.T.);
#18226=LINE('',#18195,#18228);
#18228=VECTOR('',#18229,0.15874365);
#18229=DIRECTION('',(0.0,0.0,1.0));
#18220=ORIENTED_EDGE('',*,*,#18221,.F.);
#18230=STYLED_ITEM('',(#34),#18231);
#18231=ADVANCED_FACE('',(#18237),#18232,.T.);
#18232=PLANE('',#18233);
#18233=AXIS2_PLACEMENT_3D('',#18234,#18235,#18236);
#18234=CARTESIAN_POINT('',(0.952,1.27,0.794));
#18235=DIRECTION('',(0.0,-1.0,0.0));
#18236=DIRECTION('',(0.,0.,1.));
#18237=FACE_OUTER_BOUND('',#18238,.T.);
#18238=EDGE_LOOP('',(#18239,#18249,#18259,#18269));
#18242=CARTESIAN_POINT('',(1.587,1.27,0.794));
#18241=VERTEX_POINT('',#18242);
#18244=CARTESIAN_POINT('',(0.952,1.27,0.794));
#18243=VERTEX_POINT('',#18244);
#18240=EDGE_CURVE('',#18241,#18243,#18245,.T.);
#18245=LINE('',#18242,#18247);
#18247=VECTOR('',#18248,0.634999991500525);
#18248=DIRECTION('',(-1.0,0.0,0.0));
#18239=ORIENTED_EDGE('',*,*,#18240,.F.);
#18250=EDGE_CURVE('',#18145,#18241,#18255,.T.);
#18255=LINE('',#18146,#18257);
#18257=VECTOR('',#18258,0.15874365);
#18258=DIRECTION('',(0.0,0.0,-1.0));
#18249=ORIENTED_EDGE('',*,*,#18250,.F.);
#18259=ORIENTED_EDGE('',*,*,#18172,.T.);
#18270=EDGE_CURVE('',#18243,#18163,#18275,.T.);
#18275=LINE('',#18244,#18277);
#18277=VECTOR('',#18278,0.15874365);
#18278=DIRECTION('',(0.0,0.0,1.0));
#18269=ORIENTED_EDGE('',*,*,#18270,.F.);
#18279=STYLED_ITEM('',(#34),#18280);
#18280=ADVANCED_FACE('',(#18286),#18281,.T.);
#18281=PLANE('',#18282);
#18282=AXIS2_PLACEMENT_3D('',#18283,#18284,#18285);
#18283=CARTESIAN_POINT('',(1.588,2.064,0.635));
#18284=DIRECTION('',(0.0,0.0,1.0));
#18285=DIRECTION('',(0.,1.,0.));
#18286=FACE_OUTER_BOUND('',#18287,.T.);
#18287=EDGE_LOOP('',(#18288,#18298,#18308,#18318));
#18291=CARTESIAN_POINT('',(1.588,3.842,0.635));
#18290=VERTEX_POINT('',#18291);
#18293=CARTESIAN_POINT('',(1.588,2.064,0.635));
#18292=VERTEX_POINT('',#18293);
#18289=EDGE_CURVE('',#18290,#18292,#18294,.T.);
#18294=LINE('',#18291,#18296);
#18296=VECTOR('',#18297,1.77800634757545);
#18297=DIRECTION('',(0.0,-1.0,0.0));
#18288=ORIENTED_EDGE('',*,*,#18289,.F.);
#18301=CARTESIAN_POINT('',(0.953,3.842,0.635));
#18300=VERTEX_POINT('',#18301);
#18299=EDGE_CURVE('',#18300,#18290,#18304,.T.);
#18304=LINE('',#18301,#18306);
#18306=VECTOR('',#18307,0.635000230858433);
#18307=DIRECTION('',(1.0,0.0,0.0));
#18298=ORIENTED_EDGE('',*,*,#18299,.F.);
#18311=CARTESIAN_POINT('',(0.953,2.064,0.635));
#18310=VERTEX_POINT('',#18311);
#18309=EDGE_CURVE('',#18310,#18300,#18314,.T.);
#18314=LINE('',#18311,#18316);
#18316=VECTOR('',#18317,1.77800634757545);
#18317=DIRECTION('',(0.0,1.0,0.0));
#18308=ORIENTED_EDGE('',*,*,#18309,.F.);
#18319=EDGE_CURVE('',#18292,#18310,#18324,.T.);
#18324=LINE('',#18293,#18326);
#18326=VECTOR('',#18327,0.635000041498695);
#18327=DIRECTION('',(-1.0,0.0,0.0));
#18318=ORIENTED_EDGE('',*,*,#18319,.F.);
#18377=STYLED_ITEM('',(#34),#18378);
#18378=ADVANCED_FACE('',(#18384),#18379,.T.);
#18379=PLANE('',#18380);
#18380=AXIS2_PLACEMENT_3D('',#18381,#18382,#18383);
#18381=CARTESIAN_POINT('',(0.953,2.064,0.0));
#18382=DIRECTION('',(0.0,0.0,-1.0));
#18383=DIRECTION('',(0.,1.,0.));
#18384=FACE_OUTER_BOUND('',#18385,.T.);
#18385=EDGE_LOOP('',(#18386,#18396,#18406,#18416));
#18389=CARTESIAN_POINT('',(0.953,3.842,0.0));
#18388=VERTEX_POINT('',#18389);
#18391=CARTESIAN_POINT('',(0.953,2.064,0.0));
#18390=VERTEX_POINT('',#18391);
#18387=EDGE_CURVE('',#18388,#18390,#18392,.T.);
#18392=LINE('',#18389,#18394);
#18394=VECTOR('',#18395,1.77800634757545);
#18395=DIRECTION('',(0.0,-1.0,0.0));
#18386=ORIENTED_EDGE('',*,*,#18387,.F.);
#18399=CARTESIAN_POINT('',(1.588,3.842,0.0));
#18398=VERTEX_POINT('',#18399);
#18397=EDGE_CURVE('',#18398,#18388,#18402,.T.);
#18402=LINE('',#18399,#18404);
#18404=VECTOR('',#18405,0.635000230858433);
#18405=DIRECTION('',(-1.0,0.0,0.0));
#18396=ORIENTED_EDGE('',*,*,#18397,.F.);
#18409=CARTESIAN_POINT('',(1.588,2.064,0.0));
#18408=VERTEX_POINT('',#18409);
#18407=EDGE_CURVE('',#18408,#18398,#18412,.T.);
#18412=LINE('',#18409,#18414);
#18414=VECTOR('',#18415,1.77800634757545);
#18415=DIRECTION('',(0.0,1.0,0.0));
#18406=ORIENTED_EDGE('',*,*,#18407,.F.);
#18417=EDGE_CURVE('',#18390,#18408,#18422,.T.);
#18422=LINE('',#18391,#18424);
#18424=VECTOR('',#18425,0.635000041498695);
#18425=DIRECTION('',(1.0,0.0,0.0));
#18416=ORIENTED_EDGE('',*,*,#18417,.F.);
#18475=STYLED_ITEM('',(#34),#18476);
#18476=ADVANCED_FACE('',(#18482),#18477,.T.);
#18477=PLANE('',#18478);
#18478=AXIS2_PLACEMENT_3D('',#18479,#18480,#18481);
#18479=CARTESIAN_POINT('',(1.429,4.0,0.476));
#18480=DIRECTION('',(0.0,0.707,0.707));
#18481=DIRECTION('',(0.,0.,1.));
#18482=FACE_OUTER_BOUND('',#18483,.T.);
#18483=EDGE_LOOP('',(#18484,#18494,#18504,#18514));
#18487=CARTESIAN_POINT('',(1.111,4.001,0.476));
#18486=VERTEX_POINT('',#18487);
#18489=CARTESIAN_POINT('',(1.429,4.0,0.476));
#18488=VERTEX_POINT('',#18489);
#18485=EDGE_CURVE('',#18486,#18488,#18490,.T.);
#18490=LINE('',#18487,#18492);
#18492=VECTOR('',#18493,0.317500253221195);
#18493=DIRECTION('',(1.0,0.0,0.0));
#18484=ORIENTED_EDGE('',*,*,#18485,.F.);
#18495=EDGE_CURVE('',#18300,#18486,#18500,.T.);
#18500=LINE('',#18301,#18502);
#18502=VECTOR('',#18503,0.274963063823214);
#18503=DIRECTION('',(0.577,0.577,-0.577));
#18494=ORIENTED_EDGE('',*,*,#18495,.F.);
#18504=ORIENTED_EDGE('',*,*,#18299,.T.);
#18515=EDGE_CURVE('',#18488,#18290,#18520,.T.);
#18520=LINE('',#18489,#18522);
#18522=VECTOR('',#18523,0.274963063823214);
#18523=DIRECTION('',(0.577,-0.577,0.577));
#18514=ORIENTED_EDGE('',*,*,#18515,.F.);
#18524=STYLED_ITEM('',(#34),#18525);
#18525=ADVANCED_FACE('',(#18531),#18526,.T.);
#18526=PLANE('',#18527);
#18527=AXIS2_PLACEMENT_3D('',#18528,#18529,#18530);
#18528=CARTESIAN_POINT('',(1.588,3.842,0.0));
#18529=DIRECTION('',(0.707,0.707,0.0));
#18530=DIRECTION('',(0.,0.,1.));
#18531=FACE_OUTER_BOUND('',#18532,.T.);
#18532=EDGE_LOOP('',(#18533,#18543,#18553,#18563));
#18536=CARTESIAN_POINT('',(1.429,4.0,0.159));
#18535=VERTEX_POINT('',#18536);
#18534=EDGE_CURVE('',#18535,#18398,#18539,.T.);
#18539=LINE('',#18536,#18541);
#18541=VECTOR('',#18542,0.274963063823214);
#18542=DIRECTION('',(0.577,-0.577,-0.577));
#18533=ORIENTED_EDGE('',*,*,#18534,.F.);
#18544=EDGE_CURVE('',#18488,#18535,#18549,.T.);
#18549=LINE('',#18489,#18551);
#18551=VECTOR('',#18552,0.3175);
#18552=DIRECTION('',(0.0,0.0,-1.0));
#18543=ORIENTED_EDGE('',*,*,#18544,.F.);
#18553=ORIENTED_EDGE('',*,*,#18515,.T.);
#18564=EDGE_CURVE('',#18398,#18290,#18569,.T.);
#18569=LINE('',#18399,#18571);
#18571=VECTOR('',#18572,0.635);
#18572=DIRECTION('',(0.0,0.0,1.0));
#18563=ORIENTED_EDGE('',*,*,#18564,.F.);
#18573=STYLED_ITEM('',(#34),#18574);
#18574=ADVANCED_FACE('',(#18580),#18575,.T.);
#18575=PLANE('',#18576);
#18576=AXIS2_PLACEMENT_3D('',#18577,#18578,#18579);
#18577=CARTESIAN_POINT('',(1.588,3.842,0.0));
#18578=DIRECTION('',(0.0,0.707,-0.707));
#18579=DIRECTION('',(0.,0.,1.));
#18580=FACE_OUTER_BOUND('',#18581,.T.);
#18581=EDGE_LOOP('',(#18582,#18592,#18602,#18612));
#18582=ORIENTED_EDGE('',*,*,#18397,.T.);
#18595=CARTESIAN_POINT('',(1.111,4.001,0.159));
#18594=VERTEX_POINT('',#18595);
#18593=EDGE_CURVE('',#18594,#18388,#18598,.T.);
#18598=LINE('',#18595,#18600);
#18600=VECTOR('',#18601,0.274963063823214);
#18601=DIRECTION('',(-0.577,-0.577,-0.577));
#18592=ORIENTED_EDGE('',*,*,#18593,.F.);
#18603=EDGE_CURVE('',#18535,#18594,#18608,.T.);
#18608=LINE('',#18536,#18610);
#18610=VECTOR('',#18611,0.317500253221195);
#18611=DIRECTION('',(-1.0,0.0,0.0));
#18602=ORIENTED_EDGE('',*,*,#18603,.F.);
#18612=ORIENTED_EDGE('',*,*,#18534,.T.);
#18622=STYLED_ITEM('',(#34),#18623);
#18623=ADVANCED_FACE('',(#18629),#18624,.T.);
#18624=PLANE('',#18625);
#18625=AXIS2_PLACEMENT_3D('',#18626,#18627,#18628);
#18626=CARTESIAN_POINT('',(1.111,4.001,0.159));
#18627=DIRECTION('',(-0.707,0.707,0.0));
#18628=DIRECTION('',(0.,0.,1.));
#18629=FACE_OUTER_BOUND('',#18630,.T.);
#18630=EDGE_LOOP('',(#18631,#18641,#18651,#18661));
#18631=ORIENTED_EDGE('',*,*,#18593,.T.);
#18642=EDGE_CURVE('',#18300,#18388,#18647,.T.);
#18647=LINE('',#18301,#18649);
#18649=VECTOR('',#18650,0.635);
#18650=DIRECTION('',(0.0,0.0,-1.0));
#18641=ORIENTED_EDGE('',*,*,#18642,.F.);
#18651=ORIENTED_EDGE('',*,*,#18495,.T.);
#18662=EDGE_CURVE('',#18594,#18486,#18667,.T.);
#18667=LINE('',#18595,#18669);
#18669=VECTOR('',#18670,0.3175);
#18670=DIRECTION('',(0.0,0.0,1.0));
#18661=ORIENTED_EDGE('',*,*,#18662,.F.);
#18671=STYLED_ITEM('',(#34),#18672);
#18672=ADVANCED_FACE('',(#18678),#18673,.T.);
#18673=PLANE('',#18674);
#18674=AXIS2_PLACEMENT_3D('',#18675,#18676,#18677);
#18675=CARTESIAN_POINT('',(1.429,4.0,0.159));
#18676=DIRECTION('',(0.0,1.0,0.0));
#18677=DIRECTION('',(0.,0.,1.));
#18678=FACE_OUTER_BOUND('',#18679,.T.);
#18679=EDGE_LOOP('',(#18680,#18690,#18700,#18710));
#18680=ORIENTED_EDGE('',*,*,#18603,.T.);
#18690=ORIENTED_EDGE('',*,*,#18662,.T.);
#18700=ORIENTED_EDGE('',*,*,#18485,.T.);
#18710=ORIENTED_EDGE('',*,*,#18544,.T.);
#18720=STYLED_ITEM($,(#34),#18721);
#18721=ADVANCED_FACE($,(#18727),#18722,.F.);
#18722=CYLINDRICAL_SURFACE($,#18723,0.15874365);
#18723=AXIS2_PLACEMENT_3D($,#18724,#18725,#18726);
#18724=CARTESIAN_POINT('',(1.588,2.064,0.794));
#18725=DIRECTION('',(1.0,0.0,0.0));
#18726=DIRECTION('',(0.,0.,1.));
#18727=FACE_OUTER_BOUND($,#18728,.T.);
#18728=EDGE_LOOP($,(#18740,#18750,#18761,#18729));
#18740=ORIENTED_EDGE('',*,*,#18319,.T.);
#18751=EDGE_CURVE($,#18192,#18310,#18756,.T.);
#18756=CIRCLE($,#18757,0.15874365);
#18758=CARTESIAN_POINT('',(0.953,2.064,0.794));
#18757=AXIS2_PLACEMENT_3D($,#18758,#18759,#18760);
#18759=DIRECTION('',(1.0,0.0,0.0));
#18760=DIRECTION('',(0.0,0.707,-0.707));
#18750=ORIENTED_EDGE('',*,*,#18751,.F.);
#18761=ORIENTED_EDGE('',*,*,#18191,.T.);
#18730=EDGE_CURVE($,#18292,#18194,#18735,.T.);
#18735=CIRCLE($,#18736,0.15874365);
#18737=CARTESIAN_POINT('',(1.588,2.064,0.794));
#18736=AXIS2_PLACEMENT_3D($,#18737,#18738,#18739);
#18738=DIRECTION('',(-1.0,0.0,0.0));
#18739=DIRECTION('',(0.0,-0.707,0.707));
#18729=ORIENTED_EDGE('',*,*,#18730,.F.);
#18771=STYLED_ITEM($,(#34),#18772);
#18772=ADVANCED_FACE($,(#18778),#18773,.T.);
#18773=CYLINDRICAL_SURFACE($,#18774,0.79374365);
#18774=AXIS2_PLACEMENT_3D($,#18775,#18776,#18777);
#18775=CARTESIAN_POINT('',(1.588,2.064,0.794));
#18776=DIRECTION('',(-1.0,0.0,0.0));
#18777=DIRECTION('',(0.,0.,1.));
#18778=FACE_OUTER_BOUND($,#18779,.T.);
#18779=EDGE_LOOP($,(#18791,#18801,#18812,#18780));
#18791=ORIENTED_EDGE('',*,*,#18417,.T.);
#18802=EDGE_CURVE($,#18241,#18408,#18807,.T.);
#18807=CIRCLE($,#18808,0.79374365);
#18808=AXIS2_PLACEMENT_3D($,#18737,#18810,#18811);
#18810=DIRECTION('',(1.0,0.0,0.0));
#18811=DIRECTION('',(0.0,0.707,-0.707));
#18801=ORIENTED_EDGE('',*,*,#18802,.F.);
#18812=ORIENTED_EDGE('',*,*,#18240,.T.);
#18781=EDGE_CURVE($,#18390,#18243,#18786,.T.);
#18786=CIRCLE($,#18787,0.79374365);
#18787=AXIS2_PLACEMENT_3D($,#18758,#18789,#18790);
#18789=DIRECTION('',(-1.0,0.0,0.0));
#18790=DIRECTION('',(0.0,-0.707,0.707));
#18780=ORIENTED_EDGE('',*,*,#18781,.F.);
#18822=STYLED_ITEM('color',(#34),#18823);
#18823=ADVANCED_FACE($,(#18829),#18824,.T.);
#18824=PLANE($,#18825);
#18825=AXIS2_PLACEMENT_3D($,#18826,#18827,#18828);
#18826=CARTESIAN_POINT('',(1.587,1.27,0.794));
#18827=DIRECTION('',(1.0,0.0,0.0));
#18828=DIRECTION('',(1.,0.,0.));
#18829=FACE_OUTER_BOUND($,#18830,.T.);
#18830=EDGE_LOOP($,(#18833, #18843, #18853, #18863, #18874, #18884, #18894, #18904));
#18833=ORIENTED_EDGE('',*,*,#18221,.T.);
#18843=ORIENTED_EDGE('',*,*,#18142,.T.);
#18853=ORIENTED_EDGE('',*,*,#18250,.T.);
#18863=ORIENTED_EDGE('',*,*,#18802,.T.);
#18874=ORIENTED_EDGE('',*,*,#18407,.T.);
#18884=ORIENTED_EDGE('',*,*,#18564,.T.);
#18894=ORIENTED_EDGE('',*,*,#18289,.T.);
#18904=ORIENTED_EDGE('',*,*,#18730,.T.);
#18915=STYLED_ITEM('color',(#34),#18916);
#18916=ADVANCED_FACE($,(#18922),#18917,.T.);
#18917=PLANE($,#18918);
#18918=AXIS2_PLACEMENT_3D($,#18919,#18920,#18921);
#18919=CARTESIAN_POINT('',(0.952,1.27,0.794));
#18920=DIRECTION('',(-1.0,0.0,0.0));
#18921=DIRECTION('',(-1.,0.,0.));
#18922=FACE_OUTER_BOUND($,#18923,.T.);
#18923=EDGE_LOOP($,(#18926, #18936, #18946, #18956, #18967, #18977, #18987, #18997));
#18926=ORIENTED_EDGE('',*,*,#18270,.T.);
#18936=ORIENTED_EDGE('',*,*,#18162,.T.);
#18946=ORIENTED_EDGE('',*,*,#18201,.T.);
#18956=ORIENTED_EDGE('',*,*,#18751,.T.);
#18967=ORIENTED_EDGE('',*,*,#18309,.T.);
#18977=ORIENTED_EDGE('',*,*,#18642,.T.);
#18987=ORIENTED_EDGE('',*,*,#18387,.T.);
#18997=ORIENTED_EDGE('',*,*,#18781,.T.);
#19008=MANIFOLD_SOLID_BREP($,#19009);
#19009=CLOSED_SHELL('',(#19013,#19062,#19111,#19160,#19209,#19258,#19307,#19356,#19405,#19454));
#19010=MANIFOLD_SOLID_BREP($,#19011);
#19011=CLOSED_SHELL('',(#19503,#19552,#19601,#19650,#19748,#19846,#19895,#19944,#19993,#20042,#20091,#20142,#20193,#20286));
#19012=STYLED_ITEM('',(#34),#19013);
#19013=ADVANCED_FACE('',(#19019),#19014,.T.);
#19014=PLANE('',#19015);
#19015=AXIS2_PLACEMENT_3D('',#19016,#19017,#19018);
#19016=CARTESIAN_POINT('',(-1.111,1.429,9.652));
#19017=DIRECTION('',(0.0,0.0,1.0));
#19018=DIRECTION('',(0.,1.,0.));
#19019=FACE_OUTER_BOUND('',#19020,.T.);
#19020=EDGE_LOOP('',(#19021,#19031,#19041,#19051));
#19024=CARTESIAN_POINT('',(-1.111,1.746,9.652));
#19023=VERTEX_POINT('',#19024);
#19026=CARTESIAN_POINT('',(-1.111,1.429,9.652));
#19025=VERTEX_POINT('',#19026);
#19022=EDGE_CURVE('',#19023,#19025,#19027,.T.);
#19027=LINE('',#19024,#19029);
#19029=VECTOR('',#19030,0.317499995742358);
#19030=DIRECTION('',(0.0,-1.0,0.0));
#19021=ORIENTED_EDGE('',*,*,#19022,.F.);
#19034=CARTESIAN_POINT('',(-1.429,1.746,9.652));
#19033=VERTEX_POINT('',#19034);
#19032=EDGE_CURVE('',#19033,#19023,#19037,.T.);
#19037=LINE('',#19034,#19039);
#19039=VECTOR('',#19040,0.317500012765022);
#19040=DIRECTION('',(1.0,0.0,0.0));
#19031=ORIENTED_EDGE('',*,*,#19032,.F.);
#19044=CARTESIAN_POINT('',(-1.429,1.429,9.652));
#19043=VERTEX_POINT('',#19044);
#19042=EDGE_CURVE('',#19043,#19033,#19047,.T.);
#19047=LINE('',#19044,#19049);
#19049=VECTOR('',#19050,0.317499995742358);
#19050=DIRECTION('',(0.0,1.0,0.0));
#19041=ORIENTED_EDGE('',*,*,#19042,.F.);
#19052=EDGE_CURVE('',#19025,#19043,#19057,.T.);
#19057=LINE('',#19026,#19059);
#19059=VECTOR('',#19060,0.317499995750263);
#19060=DIRECTION('',(-1.0,0.0,0.0));
#19051=ORIENTED_EDGE('',*,*,#19052,.F.);
#19061=STYLED_ITEM('',(#34),#19062);
#19062=ADVANCED_FACE('',(#19068),#19063,.T.);
#19063=PLANE('',#19064);
#19064=AXIS2_PLACEMENT_3D('',#19065,#19066,#19067);
#19065=CARTESIAN_POINT('',(-0.952,1.905,9.493));
#19066=DIRECTION('',(0.0,0.707,0.707));
#19067=DIRECTION('',(0.,0.,1.));
#19068=FACE_OUTER_BOUND('',#19069,.T.);
#19069=EDGE_LOOP('',(#19070,#19080,#19090,#19100));
#19073=CARTESIAN_POINT('',(-1.587,1.905,9.493));
#19072=VERTEX_POINT('',#19073);
#19075=CARTESIAN_POINT('',(-0.952,1.905,9.493));
#19074=VERTEX_POINT('',#19075);
#19071=EDGE_CURVE('',#19072,#19074,#19076,.T.);
#19076=LINE('',#19073,#19078);
#19078=VECTOR('',#19079,0.635000025530043);
#19079=DIRECTION('',(1.0,0.0,0.0));
#19070=ORIENTED_EDGE('',*,*,#19071,.F.);
#19081=EDGE_CURVE('',#19033,#19072,#19086,.T.);
#19086=LINE('',#19034,#19088);
#19088=VECTOR('',#19089,0.274963065701559);
#19089=DIRECTION('',(-0.577,0.577,-0.577));
#19080=ORIENTED_EDGE('',*,*,#19081,.F.);
#19090=ORIENTED_EDGE('',*,*,#19032,.T.);
#19101=EDGE_CURVE('',#19074,#19023,#19106,.T.);
#19106=LINE('',#19075,#19108);
#19108=VECTOR('',#19109,0.274963065701559);
#19109=DIRECTION('',(-0.577,-0.577,0.577));
#19100=ORIENTED_EDGE('',*,*,#19101,.F.);
#19110=STYLED_ITEM('',(#34),#19111);
#19111=ADVANCED_FACE('',(#19117),#19112,.T.);
#19112=PLANE('',#19113);
#19113=AXIS2_PLACEMENT_3D('',#19114,#19115,#19116);
#19114=CARTESIAN_POINT('',(-1.587,1.905,9.493));
#19115=DIRECTION('',(-0.707,0.0,0.707));
#19116=DIRECTION('',(0.,0.,1.));
#19117=FACE_OUTER_BOUND('',#19118,.T.);
#19118=EDGE_LOOP('',(#19119,#19129,#19139,#19149));
#19122=CARTESIAN_POINT('',(-1.588,1.27,9.493));
#19121=VERTEX_POINT('',#19122);
#19120=EDGE_CURVE('',#19121,#19072,#19125,.T.);
#19125=LINE('',#19122,#19127);
#19127=VECTOR('',#19128,0.634999991484716);
#19128=DIRECTION('',(0.0,1.0,0.0));
#19119=ORIENTED_EDGE('',*,*,#19120,.F.);
#19130=EDGE_CURVE('',#19043,#19121,#19135,.T.);
#19135=LINE('',#19044,#19137);
#19137=VECTOR('',#19138,0.274963065701559);
#19138=DIRECTION('',(-0.577,-0.577,-0.577));
#19129=ORIENTED_EDGE('',*,*,#19130,.F.);
#19139=ORIENTED_EDGE('',*,*,#19042,.T.);
#19149=ORIENTED_EDGE('',*,*,#19081,.T.);
#19159=STYLED_ITEM('',(#34),#19160);
#19160=ADVANCED_FACE('',(#19166),#19161,.T.);
#19161=PLANE('',#19162);
#19162=AXIS2_PLACEMENT_3D('',#19163,#19164,#19165);
#19163=CARTESIAN_POINT('',(-1.588,1.27,9.493));
#19164=DIRECTION('',(0.0,-0.707,0.707));
#19165=DIRECTION('',(0.,0.,1.));
#19166=FACE_OUTER_BOUND('',#19167,.T.);
#19167=EDGE_LOOP('',(#19168,#19178,#19188,#19198));
#19171=CARTESIAN_POINT('',(-0.953,1.27,9.493));
#19170=VERTEX_POINT('',#19171);
#19169=EDGE_CURVE('',#19170,#19121,#19174,.T.);
#19174=LINE('',#19171,#19176);
#19176=VECTOR('',#19177,0.634999991500525);
#19177=DIRECTION('',(-1.0,0.0,0.0));
#19168=ORIENTED_EDGE('',*,*,#19169,.F.);
#19179=EDGE_CURVE('',#19025,#19170,#19184,.T.);
#19184=LINE('',#19026,#19186);
#19186=VECTOR('',#19187,0.274963065701559);
#19187=DIRECTION('',(0.577,-0.577,-0.577));
#19178=ORIENTED_EDGE('',*,*,#19179,.F.);
#19188=ORIENTED_EDGE('',*,*,#19052,.T.);
#19198=ORIENTED_EDGE('',*,*,#19130,.T.);
#19208=STYLED_ITEM('',(#34),#19209);
#19209=ADVANCED_FACE('',(#19215),#19210,.T.);
#19210=PLANE('',#19211);
#19211=AXIS2_PLACEMENT_3D('',#19212,#19213,#19214);
#19212=CARTESIAN_POINT('',(-0.953,1.27,9.493));
#19213=DIRECTION('',(0.707,0.0,0.707));
#19214=DIRECTION('',(0.,0.,1.));
#19215=FACE_OUTER_BOUND('',#19216,.T.);
#19216=EDGE_LOOP('',(#19217,#19227,#19237,#19247));
#19218=EDGE_CURVE('',#19074,#19170,#19223,.T.);
#19223=LINE('',#19075,#19225);
#19225=VECTOR('',#19226,0.634999991484716);
#19226=DIRECTION('',(0.0,-1.0,0.0));
#19217=ORIENTED_EDGE('',*,*,#19218,.F.);
#19227=ORIENTED_EDGE('',*,*,#19101,.T.);
#19237=ORIENTED_EDGE('',*,*,#19022,.T.);
#19247=ORIENTED_EDGE('',*,*,#19179,.T.);
#19257=STYLED_ITEM('',(#34),#19258);
#19258=ADVANCED_FACE('',(#19264),#19259,.T.);
#19259=PLANE('',#19260);
#19260=AXIS2_PLACEMENT_3D('',#19261,#19262,#19263);
#19261=CARTESIAN_POINT('',(-0.952,1.905,3.924));
#19262=DIRECTION('',(0.0,1.0,0.0));
#19263=DIRECTION('',(0.,0.,1.));
#19264=FACE_OUTER_BOUND('',#19265,.T.);
#19265=EDGE_LOOP('',(#19266,#19276,#19286,#19296));
#19269=CARTESIAN_POINT('',(-1.587,1.905,3.924));
#19268=VERTEX_POINT('',#19269);
#19271=CARTESIAN_POINT('',(-0.952,1.905,3.924));
#19270=VERTEX_POINT('',#19271);
#19267=EDGE_CURVE('',#19268,#19270,#19272,.T.);
#19272=LINE('',#19269,#19274);
#19274=VECTOR('',#19275,0.635000025530043);
#19275=DIRECTION('',(1.0,0.0,0.0));
#19266=ORIENTED_EDGE('',*,*,#19267,.F.);
#19277=EDGE_CURVE('',#19072,#19268,#19282,.T.);
#19282=LINE('',#19073,#19284);
#19284=VECTOR('',#19285,5.5689754);
#19285=DIRECTION('',(0.0,0.0,-1.0));
#19276=ORIENTED_EDGE('',*,*,#19277,.F.);
#19286=ORIENTED_EDGE('',*,*,#19071,.T.);
#19297=EDGE_CURVE('',#19270,#19074,#19302,.T.);
#19302=LINE('',#19271,#19304);
#19304=VECTOR('',#19305,5.5689754);
#19305=DIRECTION('',(0.0,0.0,1.0));
#19296=ORIENTED_EDGE('',*,*,#19297,.F.);
#19306=STYLED_ITEM('',(#34),#19307);
#19307=ADVANCED_FACE('',(#19313),#19308,.T.);
#19308=PLANE('',#19309);
#19309=AXIS2_PLACEMENT_3D('',#19310,#19311,#19312);
#19310=CARTESIAN_POINT('',(-1.587,1.905,3.924));
#19311=DIRECTION('',(-1.0,0.0,0.0));
#19312=DIRECTION('',(0.,0.,1.));
#19313=FACE_OUTER_BOUND('',#19314,.T.);
#19314=EDGE_LOOP('',(#19315,#19325,#19335,#19345));
#19318=CARTESIAN_POINT('',(-1.588,1.27,3.924));
#19317=VERTEX_POINT('',#19318);
#19316=EDGE_CURVE('',#19317,#19268,#19321,.T.);
#19321=LINE('',#19318,#19323);
#19323=VECTOR('',#19324,0.634999991484716);
#19324=DIRECTION('',(0.0,1.0,0.0));
#19315=ORIENTED_EDGE('',*,*,#19316,.F.);
#19326=EDGE_CURVE('',#19121,#19317,#19331,.T.);
#19331=LINE('',#19122,#19333);
#19333=VECTOR('',#19334,5.5689754);
#19334=DIRECTION('',(0.0,0.0,-1.0));
#19325=ORIENTED_EDGE('',*,*,#19326,.F.);
#19335=ORIENTED_EDGE('',*,*,#19120,.T.);
#19345=ORIENTED_EDGE('',*,*,#19277,.T.);
#19355=STYLED_ITEM('',(#34),#19356);
#19356=ADVANCED_FACE('',(#19362),#19357,.T.);
#19357=PLANE('',#19358);
#19358=AXIS2_PLACEMENT_3D('',#19359,#19360,#19361);
#19359=CARTESIAN_POINT('',(-1.588,1.27,3.924));
#19360=DIRECTION('',(0.0,-1.0,0.0));
#19361=DIRECTION('',(0.,0.,1.));
#19362=FACE_OUTER_BOUND('',#19363,.T.);
#19363=EDGE_LOOP('',(#19364,#19374,#19384,#19394));
#19367=CARTESIAN_POINT('',(-0.953,1.27,3.924));
#19366=VERTEX_POINT('',#19367);
#19365=EDGE_CURVE('',#19366,#19317,#19370,.T.);
#19370=LINE('',#19367,#19372);
#19372=VECTOR('',#19373,0.634999991500525);
#19373=DIRECTION('',(-1.0,0.0,0.0));
#19364=ORIENTED_EDGE('',*,*,#19365,.F.);
#19375=EDGE_CURVE('',#19170,#19366,#19380,.T.);
#19380=LINE('',#19171,#19382);
#19382=VECTOR('',#19383,5.5689754);
#19383=DIRECTION('',(0.0,0.0,-1.0));
#19374=ORIENTED_EDGE('',*,*,#19375,.F.);
#19384=ORIENTED_EDGE('',*,*,#19169,.T.);
#19394=ORIENTED_EDGE('',*,*,#19326,.T.);
#19404=STYLED_ITEM('',(#34),#19405);
#19405=ADVANCED_FACE('',(#19411),#19406,.T.);
#19406=PLANE('',#19407);
#19407=AXIS2_PLACEMENT_3D('',#19408,#19409,#19410);
#19408=CARTESIAN_POINT('',(-0.953,1.27,3.924));
#19409=DIRECTION('',(1.0,0.0,0.0));
#19410=DIRECTION('',(0.,0.,1.));
#19411=FACE_OUTER_BOUND('',#19412,.T.);
#19412=EDGE_LOOP('',(#19413,#19423,#19433,#19443));
#19414=EDGE_CURVE('',#19270,#19366,#19419,.T.);
#19419=LINE('',#19271,#19421);
#19421=VECTOR('',#19422,0.634999991484716);
#19422=DIRECTION('',(0.0,-1.0,0.0));
#19413=ORIENTED_EDGE('',*,*,#19414,.F.);
#19423=ORIENTED_EDGE('',*,*,#19297,.T.);
#19433=ORIENTED_EDGE('',*,*,#19218,.T.);
#19443=ORIENTED_EDGE('',*,*,#19375,.T.);
#19453=STYLED_ITEM('',(#34),#19454);
#19454=ADVANCED_FACE('',(#19460),#19455,.T.);
#19455=PLANE('',#19456);
#19456=AXIS2_PLACEMENT_3D('',#19457,#19458,#19459);
#19457=CARTESIAN_POINT('',(-1.588,1.27,3.924));
#19458=DIRECTION('',(0.0,0.0,-1.0));
#19459=DIRECTION('',(0.,1.,0.));
#19460=FACE_OUTER_BOUND('',#19461,.T.);
#19461=EDGE_LOOP('',(#19462,#19472,#19482,#19492));
#19462=ORIENTED_EDGE('',*,*,#19316,.T.);
#19472=ORIENTED_EDGE('',*,*,#19267,.T.);
#19482=ORIENTED_EDGE('',*,*,#19414,.T.);
#19492=ORIENTED_EDGE('',*,*,#19365,.T.);
#19502=STYLED_ITEM('',(#34),#19503);
#19503=ADVANCED_FACE('',(#19509),#19504,.T.);
#19504=PLANE('',#19505);
#19505=AXIS2_PLACEMENT_3D('',#19506,#19507,#19508);
#19506=CARTESIAN_POINT('',(-0.953,1.27,0.952));
#19507=DIRECTION('',(0.0,0.0,1.0));
#19508=DIRECTION('',(0.,1.,0.));
#19509=FACE_OUTER_BOUND('',#19510,.T.);
#19510=EDGE_LOOP('',(#19511,#19521,#19531,#19541));
#19514=CARTESIAN_POINT('',(-0.952,1.905,0.952));
#19513=VERTEX_POINT('',#19514);
#19516=CARTESIAN_POINT('',(-0.953,1.27,0.952));
#19515=VERTEX_POINT('',#19516);
#19512=EDGE_CURVE('',#19513,#19515,#19517,.T.);
#19517=LINE('',#19514,#19519);
#19519=VECTOR('',#19520,0.634999991484716);
#19520=DIRECTION('',(0.0,-1.0,0.0));
#19511=ORIENTED_EDGE('',*,*,#19512,.F.);
#19524=CARTESIAN_POINT('',(-1.587,1.905,0.952));
#19523=VERTEX_POINT('',#19524);
#19522=EDGE_CURVE('',#19523,#19513,#19527,.T.);
#19527=LINE('',#19524,#19529);
#19529=VECTOR('',#19530,0.635000025530043);
#19530=DIRECTION('',(1.0,0.0,0.0));
#19521=ORIENTED_EDGE('',*,*,#19522,.F.);
#19534=CARTESIAN_POINT('',(-1.588,1.27,0.952));
#19533=VERTEX_POINT('',#19534);
#19532=EDGE_CURVE('',#19533,#19523,#19537,.T.);
#19537=LINE('',#19534,#19539);
#19539=VECTOR('',#19540,0.634999991484716);
#19540=DIRECTION('',(0.0,1.0,0.0));
#19531=ORIENTED_EDGE('',*,*,#19532,.F.);
#19542=EDGE_CURVE('',#19515,#19533,#19547,.T.);
#19547=LINE('',#19516,#19549);
#19549=VECTOR('',#19550,0.634999991500525);
#19550=DIRECTION('',(-1.0,0.0,0.0));
#19541=ORIENTED_EDGE('',*,*,#19542,.F.);
#19551=STYLED_ITEM('',(#34),#19552);
#19552=ADVANCED_FACE('',(#19558),#19553,.T.);
#19553=PLANE('',#19554);
#19554=AXIS2_PLACEMENT_3D('',#19555,#19556,#19557);
#19555=CARTESIAN_POINT('',(-0.952,1.905,0.794));
#19556=DIRECTION('',(0.0,1.0,0.0));
#19557=DIRECTION('',(0.,0.,1.));
#19558=FACE_OUTER_BOUND('',#19559,.T.);
#19559=EDGE_LOOP('',(#19560,#19570,#19580,#19590));
#19563=CARTESIAN_POINT('',(-1.587,1.905,0.794));
#19562=VERTEX_POINT('',#19563);
#19565=CARTESIAN_POINT('',(-0.952,1.905,0.794));
#19564=VERTEX_POINT('',#19565);
#19561=EDGE_CURVE('',#19562,#19564,#19566,.T.);
#19566=LINE('',#19563,#19568);
#19568=VECTOR('',#19569,0.635000025530043);
#19569=DIRECTION('',(1.0,0.0,0.0));
#19560=ORIENTED_EDGE('',*,*,#19561,.F.);
#19571=EDGE_CURVE('',#19523,#19562,#19576,.T.);
#19576=LINE('',#19524,#19578);
#19578=VECTOR('',#19579,0.15874365);
#19579=DIRECTION('',(0.0,0.0,-1.0));
#19570=ORIENTED_EDGE('',*,*,#19571,.F.);
#19580=ORIENTED_EDGE('',*,*,#19522,.T.);
#19591=EDGE_CURVE('',#19564,#19513,#19596,.T.);
#19596=LINE('',#19565,#19598);
#19598=VECTOR('',#19599,0.15874365);
#19599=DIRECTION('',(0.0,0.0,1.0));
#19590=ORIENTED_EDGE('',*,*,#19591,.F.);
#19600=STYLED_ITEM('',(#34),#19601);
#19601=ADVANCED_FACE('',(#19607),#19602,.T.);
#19602=PLANE('',#19603);
#19603=AXIS2_PLACEMENT_3D('',#19604,#19605,#19606);
#19604=CARTESIAN_POINT('',(-1.588,1.27,0.794));
#19605=DIRECTION('',(0.0,-1.0,0.0));
#19606=DIRECTION('',(0.,0.,1.));
#19607=FACE_OUTER_BOUND('',#19608,.T.);
#19608=EDGE_LOOP('',(#19609,#19619,#19629,#19639));
#19612=CARTESIAN_POINT('',(-0.953,1.27,0.794));
#19611=VERTEX_POINT('',#19612);
#19614=CARTESIAN_POINT('',(-1.588,1.27,0.794));
#19613=VERTEX_POINT('',#19614);
#19610=EDGE_CURVE('',#19611,#19613,#19615,.T.);
#19615=LINE('',#19612,#19617);
#19617=VECTOR('',#19618,0.634999991500525);
#19618=DIRECTION('',(-1.0,0.0,0.0));
#19609=ORIENTED_EDGE('',*,*,#19610,.F.);
#19620=EDGE_CURVE('',#19515,#19611,#19625,.T.);
#19625=LINE('',#19516,#19627);
#19627=VECTOR('',#19628,0.15874365);
#19628=DIRECTION('',(0.0,0.0,-1.0));
#19619=ORIENTED_EDGE('',*,*,#19620,.F.);
#19629=ORIENTED_EDGE('',*,*,#19542,.T.);
#19640=EDGE_CURVE('',#19613,#19533,#19645,.T.);
#19645=LINE('',#19614,#19647);
#19647=VECTOR('',#19648,0.15874365);
#19648=DIRECTION('',(0.0,0.0,1.0));
#19639=ORIENTED_EDGE('',*,*,#19640,.F.);
#19649=STYLED_ITEM('',(#34),#19650);
#19650=ADVANCED_FACE('',(#19656),#19651,.T.);
#19651=PLANE('',#19652);
#19652=AXIS2_PLACEMENT_3D('',#19653,#19654,#19655);
#19653=CARTESIAN_POINT('',(-0.952,2.064,0.635));
#19654=DIRECTION('',(0.0,0.0,1.0));
#19655=DIRECTION('',(0.,1.,0.));
#19656=FACE_OUTER_BOUND('',#19657,.T.);
#19657=EDGE_LOOP('',(#19658,#19668,#19678,#19688));
#19661=CARTESIAN_POINT('',(-0.952,3.842,0.635));
#19660=VERTEX_POINT('',#19661);
#19663=CARTESIAN_POINT('',(-0.952,2.064,0.635));
#19662=VERTEX_POINT('',#19663);
#19659=EDGE_CURVE('',#19660,#19662,#19664,.T.);
#19664=LINE('',#19661,#19666);
#19666=VECTOR('',#19667,1.77800634757545);
#19667=DIRECTION('',(0.0,-1.0,0.0));
#19658=ORIENTED_EDGE('',*,*,#19659,.F.);
#19671=CARTESIAN_POINT('',(-1.587,3.842,0.635));
#19670=VERTEX_POINT('',#19671);
#19669=EDGE_CURVE('',#19670,#19660,#19674,.T.);
#19674=LINE('',#19671,#19676);
#19676=VECTOR('',#19677,0.635000230858433);
#19677=DIRECTION('',(1.0,0.0,0.0));
#19668=ORIENTED_EDGE('',*,*,#19669,.F.);
#19681=CARTESIAN_POINT('',(-1.587,2.064,0.635));
#19680=VERTEX_POINT('',#19681);
#19679=EDGE_CURVE('',#19680,#19670,#19684,.T.);
#19684=LINE('',#19681,#19686);
#19686=VECTOR('',#19687,1.77800634757545);
#19687=DIRECTION('',(0.0,1.0,0.0));
#19678=ORIENTED_EDGE('',*,*,#19679,.F.);
#19689=EDGE_CURVE('',#19662,#19680,#19694,.T.);
#19694=LINE('',#19663,#19696);
#19696=VECTOR('',#19697,0.635000041498695);
#19697=DIRECTION('',(-1.0,0.0,0.0));
#19688=ORIENTED_EDGE('',*,*,#19689,.F.);
#19747=STYLED_ITEM('',(#34),#19748);
#19748=ADVANCED_FACE('',(#19754),#19749,.T.);
#19749=PLANE('',#19750);
#19750=AXIS2_PLACEMENT_3D('',#19751,#19752,#19753);
#19751=CARTESIAN_POINT('',(-1.587,2.064,0.0));
#19752=DIRECTION('',(0.0,0.0,-1.0));
#19753=DIRECTION('',(0.,1.,0.));
#19754=FACE_OUTER_BOUND('',#19755,.T.);
#19755=EDGE_LOOP('',(#19756,#19766,#19776,#19786));
#19759=CARTESIAN_POINT('',(-1.587,3.842,0.0));
#19758=VERTEX_POINT('',#19759);
#19761=CARTESIAN_POINT('',(-1.587,2.064,0.0));
#19760=VERTEX_POINT('',#19761);
#19757=EDGE_CURVE('',#19758,#19760,#19762,.T.);
#19762=LINE('',#19759,#19764);
#19764=VECTOR('',#19765,1.77800634757545);
#19765=DIRECTION('',(0.0,-1.0,0.0));
#19756=ORIENTED_EDGE('',*,*,#19757,.F.);
#19769=CARTESIAN_POINT('',(-0.952,3.842,0.0));
#19768=VERTEX_POINT('',#19769);
#19767=EDGE_CURVE('',#19768,#19758,#19772,.T.);
#19772=LINE('',#19769,#19774);
#19774=VECTOR('',#19775,0.635000230858433);
#19775=DIRECTION('',(-1.0,0.0,0.0));
#19766=ORIENTED_EDGE('',*,*,#19767,.F.);
#19779=CARTESIAN_POINT('',(-0.952,2.064,0.0));
#19778=VERTEX_POINT('',#19779);
#19777=EDGE_CURVE('',#19778,#19768,#19782,.T.);
#19782=LINE('',#19779,#19784);
#19784=VECTOR('',#19785,1.77800634757545);
#19785=DIRECTION('',(0.0,1.0,0.0));
#19776=ORIENTED_EDGE('',*,*,#19777,.F.);
#19787=EDGE_CURVE('',#19760,#19778,#19792,.T.);
#19792=LINE('',#19761,#19794);
#19794=VECTOR('',#19795,0.635000041498695);
#19795=DIRECTION('',(1.0,0.0,0.0));
#19786=ORIENTED_EDGE('',*,*,#19787,.F.);
#19845=STYLED_ITEM('',(#34),#19846);
#19846=ADVANCED_FACE('',(#19852),#19847,.T.);
#19847=PLANE('',#19848);
#19848=AXIS2_PLACEMENT_3D('',#19849,#19850,#19851);
#19849=CARTESIAN_POINT('',(-1.111,4.0,0.476));
#19850=DIRECTION('',(0.0,0.707,0.707));
#19851=DIRECTION('',(0.,0.,1.));
#19852=FACE_OUTER_BOUND('',#19853,.T.);
#19853=EDGE_LOOP('',(#19854,#19864,#19874,#19884));
#19857=CARTESIAN_POINT('',(-1.429,4.001,0.476));
#19856=VERTEX_POINT('',#19857);
#19859=CARTESIAN_POINT('',(-1.111,4.0,0.476));
#19858=VERTEX_POINT('',#19859);
#19855=EDGE_CURVE('',#19856,#19858,#19860,.T.);
#19860=LINE('',#19857,#19862);
#19862=VECTOR('',#19863,0.317500253221195);
#19863=DIRECTION('',(1.0,0.0,0.0));
#19854=ORIENTED_EDGE('',*,*,#19855,.F.);
#19865=EDGE_CURVE('',#19670,#19856,#19870,.T.);
#19870=LINE('',#19671,#19872);
#19872=VECTOR('',#19873,0.274963063823214);
#19873=DIRECTION('',(0.577,0.577,-0.577));
#19864=ORIENTED_EDGE('',*,*,#19865,.F.);
#19874=ORIENTED_EDGE('',*,*,#19669,.T.);
#19885=EDGE_CURVE('',#19858,#19660,#19890,.T.);
#19890=LINE('',#19859,#19892);
#19892=VECTOR('',#19893,0.274963063823214);
#19893=DIRECTION('',(0.577,-0.577,0.577));
#19884=ORIENTED_EDGE('',*,*,#19885,.F.);
#19894=STYLED_ITEM('',(#34),#19895);
#19895=ADVANCED_FACE('',(#19901),#19896,.T.);
#19896=PLANE('',#19897);
#19897=AXIS2_PLACEMENT_3D('',#19898,#19899,#19900);
#19898=CARTESIAN_POINT('',(-0.952,3.842,0.0));
#19899=DIRECTION('',(0.707,0.707,0.0));
#19900=DIRECTION('',(0.,0.,1.));
#19901=FACE_OUTER_BOUND('',#19902,.T.);
#19902=EDGE_LOOP('',(#19903,#19913,#19923,#19933));
#19906=CARTESIAN_POINT('',(-1.111,4.0,0.159));
#19905=VERTEX_POINT('',#19906);
#19904=EDGE_CURVE('',#19905,#19768,#19909,.T.);
#19909=LINE('',#19906,#19911);
#19911=VECTOR('',#19912,0.274963063823214);
#19912=DIRECTION('',(0.577,-0.577,-0.577));
#19903=ORIENTED_EDGE('',*,*,#19904,.F.);
#19914=EDGE_CURVE('',#19858,#19905,#19919,.T.);
#19919=LINE('',#19859,#19921);
#19921=VECTOR('',#19922,0.3175);
#19922=DIRECTION('',(0.0,0.0,-1.0));
#19913=ORIENTED_EDGE('',*,*,#19914,.F.);
#19923=ORIENTED_EDGE('',*,*,#19885,.T.);
#19934=EDGE_CURVE('',#19768,#19660,#19939,.T.);
#19939=LINE('',#19769,#19941);
#19941=VECTOR('',#19942,0.635);
#19942=DIRECTION('',(0.0,0.0,1.0));
#19933=ORIENTED_EDGE('',*,*,#19934,.F.);
#19943=STYLED_ITEM('',(#34),#19944);
#19944=ADVANCED_FACE('',(#19950),#19945,.T.);
#19945=PLANE('',#19946);
#19946=AXIS2_PLACEMENT_3D('',#19947,#19948,#19949);
#19947=CARTESIAN_POINT('',(-0.952,3.842,0.0));
#19948=DIRECTION('',(0.0,0.707,-0.707));
#19949=DIRECTION('',(0.,0.,1.));
#19950=FACE_OUTER_BOUND('',#19951,.T.);
#19951=EDGE_LOOP('',(#19952,#19962,#19972,#19982));
#19952=ORIENTED_EDGE('',*,*,#19767,.T.);
#19965=CARTESIAN_POINT('',(-1.429,4.001,0.159));
#19964=VERTEX_POINT('',#19965);
#19963=EDGE_CURVE('',#19964,#19758,#19968,.T.);
#19968=LINE('',#19965,#19970);
#19970=VECTOR('',#19971,0.274963063823214);
#19971=DIRECTION('',(-0.577,-0.577,-0.577));
#19962=ORIENTED_EDGE('',*,*,#19963,.F.);
#19973=EDGE_CURVE('',#19905,#19964,#19978,.T.);
#19978=LINE('',#19906,#19980);
#19980=VECTOR('',#19981,0.317500253221195);
#19981=DIRECTION('',(-1.0,0.0,0.0));
#19972=ORIENTED_EDGE('',*,*,#19973,.F.);
#19982=ORIENTED_EDGE('',*,*,#19904,.T.);
#19992=STYLED_ITEM('',(#34),#19993);
#19993=ADVANCED_FACE('',(#19999),#19994,.T.);
#19994=PLANE('',#19995);
#19995=AXIS2_PLACEMENT_3D('',#19996,#19997,#19998);
#19996=CARTESIAN_POINT('',(-1.429,4.001,0.159));
#19997=DIRECTION('',(-0.707,0.707,0.0));
#19998=DIRECTION('',(0.,0.,1.));
#19999=FACE_OUTER_BOUND('',#20000,.T.);
#20000=EDGE_LOOP('',(#20001,#20011,#20021,#20031));
#20001=ORIENTED_EDGE('',*,*,#19963,.T.);
#20012=EDGE_CURVE('',#19670,#19758,#20017,.T.);
#20017=LINE('',#19671,#20019);
#20019=VECTOR('',#20020,0.635);
#20020=DIRECTION('',(0.0,0.0,-1.0));
#20011=ORIENTED_EDGE('',*,*,#20012,.F.);
#20021=ORIENTED_EDGE('',*,*,#19865,.T.);
#20032=EDGE_CURVE('',#19964,#19856,#20037,.T.);
#20037=LINE('',#19965,#20039);
#20039=VECTOR('',#20040,0.3175);
#20040=DIRECTION('',(0.0,0.0,1.0));
#20031=ORIENTED_EDGE('',*,*,#20032,.F.);
#20041=STYLED_ITEM('',(#34),#20042);
#20042=ADVANCED_FACE('',(#20048),#20043,.T.);
#20043=PLANE('',#20044);
#20044=AXIS2_PLACEMENT_3D('',#20045,#20046,#20047);
#20045=CARTESIAN_POINT('',(-1.111,4.0,0.159));
#20046=DIRECTION('',(0.0,1.0,0.0));
#20047=DIRECTION('',(0.,0.,1.));
#20048=FACE_OUTER_BOUND('',#20049,.T.);
#20049=EDGE_LOOP('',(#20050,#20060,#20070,#20080));
#20050=ORIENTED_EDGE('',*,*,#19973,.T.);
#20060=ORIENTED_EDGE('',*,*,#20032,.T.);
#20070=ORIENTED_EDGE('',*,*,#19855,.T.);
#20080=ORIENTED_EDGE('',*,*,#19914,.T.);
#20090=STYLED_ITEM($,(#34),#20091);
#20091=ADVANCED_FACE($,(#20097),#20092,.F.);
#20092=CYLINDRICAL_SURFACE($,#20093,0.15874365);
#20093=AXIS2_PLACEMENT_3D($,#20094,#20095,#20096);
#20094=CARTESIAN_POINT('',(-0.952,2.064,0.794));
#20095=DIRECTION('',(1.0,0.0,0.0));
#20096=DIRECTION('',(0.,0.,1.));
#20097=FACE_OUTER_BOUND($,#20098,.T.);
#20098=EDGE_LOOP($,(#20110,#20120,#20131,#20099));
#20110=ORIENTED_EDGE('',*,*,#19689,.T.);
#20121=EDGE_CURVE($,#19562,#19680,#20126,.T.);
#20126=CIRCLE($,#20127,0.15874365);
#20128=CARTESIAN_POINT('',(-1.587,2.064,0.794));
#20127=AXIS2_PLACEMENT_3D($,#20128,#20129,#20130);
#20129=DIRECTION('',(1.0,0.0,0.0));
#20130=DIRECTION('',(0.0,0.707,-0.707));
#20120=ORIENTED_EDGE('',*,*,#20121,.F.);
#20131=ORIENTED_EDGE('',*,*,#19561,.T.);
#20100=EDGE_CURVE($,#19662,#19564,#20105,.T.);
#20105=CIRCLE($,#20106,0.15874365);
#20107=CARTESIAN_POINT('',(-0.952,2.064,0.794));
#20106=AXIS2_PLACEMENT_3D($,#20107,#20108,#20109);
#20108=DIRECTION('',(-1.0,0.0,0.0));
#20109=DIRECTION('',(0.0,-0.707,0.707));
#20099=ORIENTED_EDGE('',*,*,#20100,.F.);
#20141=STYLED_ITEM($,(#34),#20142);
#20142=ADVANCED_FACE($,(#20148),#20143,.T.);
#20143=CYLINDRICAL_SURFACE($,#20144,0.79374365);
#20144=AXIS2_PLACEMENT_3D($,#20145,#20146,#20147);
#20145=CARTESIAN_POINT('',(-0.952,2.064,0.794));
#20146=DIRECTION('',(-1.0,0.0,0.0));
#20147=DIRECTION('',(0.,0.,1.));
#20148=FACE_OUTER_BOUND($,#20149,.T.);
#20149=EDGE_LOOP($,(#20161,#20171,#20182,#20150));
#20161=ORIENTED_EDGE('',*,*,#19787,.T.);
#20172=EDGE_CURVE($,#19611,#19778,#20177,.T.);
#20177=CIRCLE($,#20178,0.79374365);
#20178=AXIS2_PLACEMENT_3D($,#20107,#20180,#20181);
#20180=DIRECTION('',(1.0,0.0,0.0));
#20181=DIRECTION('',(0.0,0.707,-0.707));
#20171=ORIENTED_EDGE('',*,*,#20172,.F.);
#20182=ORIENTED_EDGE('',*,*,#19610,.T.);
#20151=EDGE_CURVE($,#19760,#19613,#20156,.T.);
#20156=CIRCLE($,#20157,0.79374365);
#20157=AXIS2_PLACEMENT_3D($,#20128,#20159,#20160);
#20159=DIRECTION('',(-1.0,0.0,0.0));
#20160=DIRECTION('',(0.0,-0.707,0.707));
#20150=ORIENTED_EDGE('',*,*,#20151,.F.);
#20192=STYLED_ITEM('color',(#34),#20193);
#20193=ADVANCED_FACE($,(#20199),#20194,.T.);
#20194=PLANE($,#20195);
#20195=AXIS2_PLACEMENT_3D($,#20196,#20197,#20198);
#20196=CARTESIAN_POINT('',(-0.953,1.27,0.794));
#20197=DIRECTION('',(1.0,0.0,0.0));
#20198=DIRECTION('',(1.,0.,0.));
#20199=FACE_OUTER_BOUND($,#20200,.T.);
#20200=EDGE_LOOP($,(#20203, #20213, #20223, #20233, #20244, #20254, #20264, #20274));
#20203=ORIENTED_EDGE('',*,*,#19591,.T.);
#20213=ORIENTED_EDGE('',*,*,#19512,.T.);
#20223=ORIENTED_EDGE('',*,*,#19620,.T.);
#20233=ORIENTED_EDGE('',*,*,#20172,.T.);
#20244=ORIENTED_EDGE('',*,*,#19777,.T.);
#20254=ORIENTED_EDGE('',*,*,#19934,.T.);
#20264=ORIENTED_EDGE('',*,*,#19659,.T.);
#20274=ORIENTED_EDGE('',*,*,#20100,.T.);
#20285=STYLED_ITEM('color',(#34),#20286);
#20286=ADVANCED_FACE($,(#20292),#20287,.T.);
#20287=PLANE($,#20288);
#20288=AXIS2_PLACEMENT_3D($,#20289,#20290,#20291);
#20289=CARTESIAN_POINT('',(-1.588,1.27,0.794));
#20290=DIRECTION('',(-1.0,0.0,0.0));
#20291=DIRECTION('',(-1.,0.,0.));
#20292=FACE_OUTER_BOUND($,#20293,.T.);
#20293=EDGE_LOOP($,(#20296, #20306, #20316, #20326, #20337, #20347, #20357, #20367));
#20296=ORIENTED_EDGE('',*,*,#19640,.T.);
#20306=ORIENTED_EDGE('',*,*,#19532,.T.);
#20316=ORIENTED_EDGE('',*,*,#19571,.T.);
#20326=ORIENTED_EDGE('',*,*,#20121,.T.);
#20337=ORIENTED_EDGE('',*,*,#19679,.T.);
#20347=ORIENTED_EDGE('',*,*,#20012,.T.);
#20357=ORIENTED_EDGE('',*,*,#19757,.T.);
#20367=ORIENTED_EDGE('',*,*,#20151,.T.);
#20378=MANIFOLD_SOLID_BREP($,#20379);
#20379=CLOSED_SHELL('',(#20383,#20432,#20481,#20530,#20579,#20628,#20677,#20726,#20775,#20824));
#20380=MANIFOLD_SOLID_BREP($,#20381);
#20381=CLOSED_SHELL('',(#20873,#20922,#20971,#21020,#21118,#21216,#21265,#21314,#21363,#21412,#21461,#21512,#21563,#21656));
#20382=STYLED_ITEM('',(#34),#20383);
#20383=ADVANCED_FACE('',(#20389),#20384,.T.);
#20384=PLANE('',#20385);
#20385=AXIS2_PLACEMENT_3D('',#20386,#20387,#20388);
#20386=CARTESIAN_POINT('',(-3.651,1.429,9.652));
#20387=DIRECTION('',(0.0,0.0,1.0));
#20388=DIRECTION('',(0.,1.,0.));
#20389=FACE_OUTER_BOUND('',#20390,.T.);
#20390=EDGE_LOOP('',(#20391,#20401,#20411,#20421));
#20394=CARTESIAN_POINT('',(-3.651,1.746,9.652));
#20393=VERTEX_POINT('',#20394);
#20396=CARTESIAN_POINT('',(-3.651,1.429,9.652));
#20395=VERTEX_POINT('',#20396);
#20392=EDGE_CURVE('',#20393,#20395,#20397,.T.);
#20397=LINE('',#20394,#20399);
#20399=VECTOR('',#20400,0.317499995742358);
#20400=DIRECTION('',(0.0,-1.0,0.0));
#20391=ORIENTED_EDGE('',*,*,#20392,.F.);
#20404=CARTESIAN_POINT('',(-3.969,1.746,9.652));
#20403=VERTEX_POINT('',#20404);
#20402=EDGE_CURVE('',#20403,#20393,#20407,.T.);
#20407=LINE('',#20404,#20409);
#20409=VECTOR('',#20410,0.317500012765021);
#20410=DIRECTION('',(1.0,0.0,0.0));
#20401=ORIENTED_EDGE('',*,*,#20402,.F.);
#20414=CARTESIAN_POINT('',(-3.969,1.429,9.652));
#20413=VERTEX_POINT('',#20414);
#20412=EDGE_CURVE('',#20413,#20403,#20417,.T.);
#20417=LINE('',#20414,#20419);
#20419=VECTOR('',#20420,0.317499995742358);
#20420=DIRECTION('',(0.0,1.0,0.0));
#20411=ORIENTED_EDGE('',*,*,#20412,.F.);
#20422=EDGE_CURVE('',#20395,#20413,#20427,.T.);
#20427=LINE('',#20396,#20429);
#20429=VECTOR('',#20430,0.317499995750262);
#20430=DIRECTION('',(-1.0,0.0,0.0));
#20421=ORIENTED_EDGE('',*,*,#20422,.F.);
#20431=STYLED_ITEM('',(#34),#20432);
#20432=ADVANCED_FACE('',(#20438),#20433,.T.);
#20433=PLANE('',#20434);
#20434=AXIS2_PLACEMENT_3D('',#20435,#20436,#20437);
#20435=CARTESIAN_POINT('',(-3.492,1.905,9.493));
#20436=DIRECTION('',(0.0,0.707,0.707));
#20437=DIRECTION('',(0.,0.,1.));
#20438=FACE_OUTER_BOUND('',#20439,.T.);
#20439=EDGE_LOOP('',(#20440,#20450,#20460,#20470));
#20443=CARTESIAN_POINT('',(-4.127,1.905,9.493));
#20442=VERTEX_POINT('',#20443);
#20445=CARTESIAN_POINT('',(-3.492,1.905,9.493));
#20444=VERTEX_POINT('',#20445);
#20441=EDGE_CURVE('',#20442,#20444,#20446,.T.);
#20446=LINE('',#20443,#20448);
#20448=VECTOR('',#20449,0.635000025530043);
#20449=DIRECTION('',(1.0,0.0,0.0));
#20440=ORIENTED_EDGE('',*,*,#20441,.F.);
#20451=EDGE_CURVE('',#20403,#20442,#20456,.T.);
#20456=LINE('',#20404,#20458);
#20458=VECTOR('',#20459,0.274963065701559);
#20459=DIRECTION('',(-0.577,0.577,-0.577));
#20450=ORIENTED_EDGE('',*,*,#20451,.F.);
#20460=ORIENTED_EDGE('',*,*,#20402,.T.);
#20471=EDGE_CURVE('',#20444,#20393,#20476,.T.);
#20476=LINE('',#20445,#20478);
#20478=VECTOR('',#20479,0.274963065701559);
#20479=DIRECTION('',(-0.577,-0.577,0.577));
#20470=ORIENTED_EDGE('',*,*,#20471,.F.);
#20480=STYLED_ITEM('',(#34),#20481);
#20481=ADVANCED_FACE('',(#20487),#20482,.T.);
#20482=PLANE('',#20483);
#20483=AXIS2_PLACEMENT_3D('',#20484,#20485,#20486);
#20484=CARTESIAN_POINT('',(-4.127,1.905,9.493));
#20485=DIRECTION('',(-0.707,0.0,0.707));
#20486=DIRECTION('',(0.,0.,1.));
#20487=FACE_OUTER_BOUND('',#20488,.T.);
#20488=EDGE_LOOP('',(#20489,#20499,#20509,#20519));
#20492=CARTESIAN_POINT('',(-4.128,1.27,9.493));
#20491=VERTEX_POINT('',#20492);
#20490=EDGE_CURVE('',#20491,#20442,#20495,.T.);
#20495=LINE('',#20492,#20497);
#20497=VECTOR('',#20498,0.634999991484716);
#20498=DIRECTION('',(0.0,1.0,0.0));
#20489=ORIENTED_EDGE('',*,*,#20490,.F.);
#20500=EDGE_CURVE('',#20413,#20491,#20505,.T.);
#20505=LINE('',#20414,#20507);
#20507=VECTOR('',#20508,0.274963065701559);
#20508=DIRECTION('',(-0.577,-0.577,-0.577));
#20499=ORIENTED_EDGE('',*,*,#20500,.F.);
#20509=ORIENTED_EDGE('',*,*,#20412,.T.);
#20519=ORIENTED_EDGE('',*,*,#20451,.T.);
#20529=STYLED_ITEM('',(#34),#20530);
#20530=ADVANCED_FACE('',(#20536),#20531,.T.);
#20531=PLANE('',#20532);
#20532=AXIS2_PLACEMENT_3D('',#20533,#20534,#20535);
#20533=CARTESIAN_POINT('',(-4.128,1.27,9.493));
#20534=DIRECTION('',(0.0,-0.707,0.707));
#20535=DIRECTION('',(0.,0.,1.));
#20536=FACE_OUTER_BOUND('',#20537,.T.);
#20537=EDGE_LOOP('',(#20538,#20548,#20558,#20568));
#20541=CARTESIAN_POINT('',(-3.493,1.27,9.493));
#20540=VERTEX_POINT('',#20541);
#20539=EDGE_CURVE('',#20540,#20491,#20544,.T.);
#20544=LINE('',#20541,#20546);
#20546=VECTOR('',#20547,0.634999991500525);
#20547=DIRECTION('',(-1.0,0.0,0.0));
#20538=ORIENTED_EDGE('',*,*,#20539,.F.);
#20549=EDGE_CURVE('',#20395,#20540,#20554,.T.);
#20554=LINE('',#20396,#20556);
#20556=VECTOR('',#20557,0.27496306570156);
#20557=DIRECTION('',(0.577,-0.577,-0.577));
#20548=ORIENTED_EDGE('',*,*,#20549,.F.);
#20558=ORIENTED_EDGE('',*,*,#20422,.T.);
#20568=ORIENTED_EDGE('',*,*,#20500,.T.);
#20578=STYLED_ITEM('',(#34),#20579);
#20579=ADVANCED_FACE('',(#20585),#20580,.T.);
#20580=PLANE('',#20581);
#20581=AXIS2_PLACEMENT_3D('',#20582,#20583,#20584);
#20582=CARTESIAN_POINT('',(-3.493,1.27,9.493));
#20583=DIRECTION('',(0.707,0.0,0.707));
#20584=DIRECTION('',(0.,0.,1.));
#20585=FACE_OUTER_BOUND('',#20586,.T.);
#20586=EDGE_LOOP('',(#20587,#20597,#20607,#20617));
#20588=EDGE_CURVE('',#20444,#20540,#20593,.T.);
#20593=LINE('',#20445,#20595);
#20595=VECTOR('',#20596,0.634999991484716);
#20596=DIRECTION('',(0.0,-1.0,0.0));
#20587=ORIENTED_EDGE('',*,*,#20588,.F.);
#20597=ORIENTED_EDGE('',*,*,#20471,.T.);
#20607=ORIENTED_EDGE('',*,*,#20392,.T.);
#20617=ORIENTED_EDGE('',*,*,#20549,.T.);
#20627=STYLED_ITEM('',(#34),#20628);
#20628=ADVANCED_FACE('',(#20634),#20629,.T.);
#20629=PLANE('',#20630);
#20630=AXIS2_PLACEMENT_3D('',#20631,#20632,#20633);
#20631=CARTESIAN_POINT('',(-3.492,1.905,3.924));
#20632=DIRECTION('',(0.0,1.0,0.0));
#20633=DIRECTION('',(0.,0.,1.));
#20634=FACE_OUTER_BOUND('',#20635,.T.);
#20635=EDGE_LOOP('',(#20636,#20646,#20656,#20666));
#20639=CARTESIAN_POINT('',(-4.127,1.905,3.924));
#20638=VERTEX_POINT('',#20639);
#20641=CARTESIAN_POINT('',(-3.492,1.905,3.924));
#20640=VERTEX_POINT('',#20641);
#20637=EDGE_CURVE('',#20638,#20640,#20642,.T.);
#20642=LINE('',#20639,#20644);
#20644=VECTOR('',#20645,0.635000025530043);
#20645=DIRECTION('',(1.0,0.0,0.0));
#20636=ORIENTED_EDGE('',*,*,#20637,.F.);
#20647=EDGE_CURVE('',#20442,#20638,#20652,.T.);
#20652=LINE('',#20443,#20654);
#20654=VECTOR('',#20655,5.5689754);
#20655=DIRECTION('',(0.0,0.0,-1.0));
#20646=ORIENTED_EDGE('',*,*,#20647,.F.);
#20656=ORIENTED_EDGE('',*,*,#20441,.T.);
#20667=EDGE_CURVE('',#20640,#20444,#20672,.T.);
#20672=LINE('',#20641,#20674);
#20674=VECTOR('',#20675,5.5689754);
#20675=DIRECTION('',(0.0,0.0,1.0));
#20666=ORIENTED_EDGE('',*,*,#20667,.F.);
#20676=STYLED_ITEM('',(#34),#20677);
#20677=ADVANCED_FACE('',(#20683),#20678,.T.);
#20678=PLANE('',#20679);
#20679=AXIS2_PLACEMENT_3D('',#20680,#20681,#20682);
#20680=CARTESIAN_POINT('',(-4.127,1.905,3.924));
#20681=DIRECTION('',(-1.0,0.0,0.0));
#20682=DIRECTION('',(0.,0.,1.));
#20683=FACE_OUTER_BOUND('',#20684,.T.);
#20684=EDGE_LOOP('',(#20685,#20695,#20705,#20715));
#20688=CARTESIAN_POINT('',(-4.128,1.27,3.924));
#20687=VERTEX_POINT('',#20688);
#20686=EDGE_CURVE('',#20687,#20638,#20691,.T.);
#20691=LINE('',#20688,#20693);
#20693=VECTOR('',#20694,0.634999991484716);
#20694=DIRECTION('',(0.0,1.0,0.0));
#20685=ORIENTED_EDGE('',*,*,#20686,.F.);
#20696=EDGE_CURVE('',#20491,#20687,#20701,.T.);
#20701=LINE('',#20492,#20703);
#20703=VECTOR('',#20704,5.5689754);
#20704=DIRECTION('',(0.0,0.0,-1.0));
#20695=ORIENTED_EDGE('',*,*,#20696,.F.);
#20705=ORIENTED_EDGE('',*,*,#20490,.T.);
#20715=ORIENTED_EDGE('',*,*,#20647,.T.);
#20725=STYLED_ITEM('',(#34),#20726);
#20726=ADVANCED_FACE('',(#20732),#20727,.T.);
#20727=PLANE('',#20728);
#20728=AXIS2_PLACEMENT_3D('',#20729,#20730,#20731);
#20729=CARTESIAN_POINT('',(-4.128,1.27,3.924));
#20730=DIRECTION('',(0.0,-1.0,0.0));
#20731=DIRECTION('',(0.,0.,1.));
#20732=FACE_OUTER_BOUND('',#20733,.T.);
#20733=EDGE_LOOP('',(#20734,#20744,#20754,#20764));
#20737=CARTESIAN_POINT('',(-3.493,1.27,3.924));
#20736=VERTEX_POINT('',#20737);
#20735=EDGE_CURVE('',#20736,#20687,#20740,.T.);
#20740=LINE('',#20737,#20742);
#20742=VECTOR('',#20743,0.634999991500525);
#20743=DIRECTION('',(-1.0,0.0,0.0));
#20734=ORIENTED_EDGE('',*,*,#20735,.F.);
#20745=EDGE_CURVE('',#20540,#20736,#20750,.T.);
#20750=LINE('',#20541,#20752);
#20752=VECTOR('',#20753,5.5689754);
#20753=DIRECTION('',(0.0,0.0,-1.0));
#20744=ORIENTED_EDGE('',*,*,#20745,.F.);
#20754=ORIENTED_EDGE('',*,*,#20539,.T.);
#20764=ORIENTED_EDGE('',*,*,#20696,.T.);
#20774=STYLED_ITEM('',(#34),#20775);
#20775=ADVANCED_FACE('',(#20781),#20776,.T.);
#20776=PLANE('',#20777);
#20777=AXIS2_PLACEMENT_3D('',#20778,#20779,#20780);
#20778=CARTESIAN_POINT('',(-3.493,1.27,3.924));
#20779=DIRECTION('',(1.0,0.0,0.0));
#20780=DIRECTION('',(0.,0.,1.));
#20781=FACE_OUTER_BOUND('',#20782,.T.);
#20782=EDGE_LOOP('',(#20783,#20793,#20803,#20813));
#20784=EDGE_CURVE('',#20640,#20736,#20789,.T.);
#20789=LINE('',#20641,#20791);
#20791=VECTOR('',#20792,0.634999991484716);
#20792=DIRECTION('',(0.0,-1.0,0.0));
#20783=ORIENTED_EDGE('',*,*,#20784,.F.);
#20793=ORIENTED_EDGE('',*,*,#20667,.T.);
#20803=ORIENTED_EDGE('',*,*,#20588,.T.);
#20813=ORIENTED_EDGE('',*,*,#20745,.T.);
#20823=STYLED_ITEM('',(#34),#20824);
#20824=ADVANCED_FACE('',(#20830),#20825,.T.);
#20825=PLANE('',#20826);
#20826=AXIS2_PLACEMENT_3D('',#20827,#20828,#20829);
#20827=CARTESIAN_POINT('',(-4.128,1.27,3.924));
#20828=DIRECTION('',(0.0,0.0,-1.0));
#20829=DIRECTION('',(0.,1.,0.));
#20830=FACE_OUTER_BOUND('',#20831,.T.);
#20831=EDGE_LOOP('',(#20832,#20842,#20852,#20862));
#20832=ORIENTED_EDGE('',*,*,#20686,.T.);
#20842=ORIENTED_EDGE('',*,*,#20637,.T.);
#20852=ORIENTED_EDGE('',*,*,#20784,.T.);
#20862=ORIENTED_EDGE('',*,*,#20735,.T.);
#20872=STYLED_ITEM('',(#34),#20873);
#20873=ADVANCED_FACE('',(#20879),#20874,.T.);
#20874=PLANE('',#20875);
#20875=AXIS2_PLACEMENT_3D('',#20876,#20877,#20878);
#20876=CARTESIAN_POINT('',(-3.493,1.27,0.952));
#20877=DIRECTION('',(0.0,0.0,1.0));
#20878=DIRECTION('',(0.,1.,0.));
#20879=FACE_OUTER_BOUND('',#20880,.T.);
#20880=EDGE_LOOP('',(#20881,#20891,#20901,#20911));
#20884=CARTESIAN_POINT('',(-3.492,1.905,0.952));
#20883=VERTEX_POINT('',#20884);
#20886=CARTESIAN_POINT('',(-3.493,1.27,0.952));
#20885=VERTEX_POINT('',#20886);
#20882=EDGE_CURVE('',#20883,#20885,#20887,.T.);
#20887=LINE('',#20884,#20889);
#20889=VECTOR('',#20890,0.634999991484716);
#20890=DIRECTION('',(0.0,-1.0,0.0));
#20881=ORIENTED_EDGE('',*,*,#20882,.F.);
#20894=CARTESIAN_POINT('',(-4.127,1.905,0.952));
#20893=VERTEX_POINT('',#20894);
#20892=EDGE_CURVE('',#20893,#20883,#20897,.T.);
#20897=LINE('',#20894,#20899);
#20899=VECTOR('',#20900,0.635000025530043);
#20900=DIRECTION('',(1.0,0.0,0.0));
#20891=ORIENTED_EDGE('',*,*,#20892,.F.);
#20904=CARTESIAN_POINT('',(-4.128,1.27,0.952));
#20903=VERTEX_POINT('',#20904);
#20902=EDGE_CURVE('',#20903,#20893,#20907,.T.);
#20907=LINE('',#20904,#20909);
#20909=VECTOR('',#20910,0.634999991484716);
#20910=DIRECTION('',(0.0,1.0,0.0));
#20901=ORIENTED_EDGE('',*,*,#20902,.F.);
#20912=EDGE_CURVE('',#20885,#20903,#20917,.T.);
#20917=LINE('',#20886,#20919);
#20919=VECTOR('',#20920,0.634999991500525);
#20920=DIRECTION('',(-1.0,0.0,0.0));
#20911=ORIENTED_EDGE('',*,*,#20912,.F.);
#20921=STYLED_ITEM('',(#34),#20922);
#20922=ADVANCED_FACE('',(#20928),#20923,.T.);
#20923=PLANE('',#20924);
#20924=AXIS2_PLACEMENT_3D('',#20925,#20926,#20927);
#20925=CARTESIAN_POINT('',(-3.492,1.905,0.794));
#20926=DIRECTION('',(0.0,1.0,0.0));
#20927=DIRECTION('',(0.,0.,1.));
#20928=FACE_OUTER_BOUND('',#20929,.T.);
#20929=EDGE_LOOP('',(#20930,#20940,#20950,#20960));
#20933=CARTESIAN_POINT('',(-4.127,1.905,0.794));
#20932=VERTEX_POINT('',#20933);
#20935=CARTESIAN_POINT('',(-3.492,1.905,0.794));
#20934=VERTEX_POINT('',#20935);
#20931=EDGE_CURVE('',#20932,#20934,#20936,.T.);
#20936=LINE('',#20933,#20938);
#20938=VECTOR('',#20939,0.635000025530043);
#20939=DIRECTION('',(1.0,0.0,0.0));
#20930=ORIENTED_EDGE('',*,*,#20931,.F.);
#20941=EDGE_CURVE('',#20893,#20932,#20946,.T.);
#20946=LINE('',#20894,#20948);
#20948=VECTOR('',#20949,0.15874365);
#20949=DIRECTION('',(0.0,0.0,-1.0));
#20940=ORIENTED_EDGE('',*,*,#20941,.F.);
#20950=ORIENTED_EDGE('',*,*,#20892,.T.);
#20961=EDGE_CURVE('',#20934,#20883,#20966,.T.);
#20966=LINE('',#20935,#20968);
#20968=VECTOR('',#20969,0.15874365);
#20969=DIRECTION('',(0.0,0.0,1.0));
#20960=ORIENTED_EDGE('',*,*,#20961,.F.);
#20970=STYLED_ITEM('',(#34),#20971);
#20971=ADVANCED_FACE('',(#20977),#20972,.T.);
#20972=PLANE('',#20973);
#20973=AXIS2_PLACEMENT_3D('',#20974,#20975,#20976);
#20974=CARTESIAN_POINT('',(-4.128,1.27,0.794));
#20975=DIRECTION('',(0.0,-1.0,0.0));
#20976=DIRECTION('',(0.,0.,1.));
#20977=FACE_OUTER_BOUND('',#20978,.T.);
#20978=EDGE_LOOP('',(#20979,#20989,#20999,#21009));
#20982=CARTESIAN_POINT('',(-3.493,1.27,0.794));
#20981=VERTEX_POINT('',#20982);
#20984=CARTESIAN_POINT('',(-4.128,1.27,0.794));
#20983=VERTEX_POINT('',#20984);
#20980=EDGE_CURVE('',#20981,#20983,#20985,.T.);
#20985=LINE('',#20982,#20987);
#20987=VECTOR('',#20988,0.634999991500525);
#20988=DIRECTION('',(-1.0,0.0,0.0));
#20979=ORIENTED_EDGE('',*,*,#20980,.F.);
#20990=EDGE_CURVE('',#20885,#20981,#20995,.T.);
#20995=LINE('',#20886,#20997);
#20997=VECTOR('',#20998,0.15874365);
#20998=DIRECTION('',(0.0,0.0,-1.0));
#20989=ORIENTED_EDGE('',*,*,#20990,.F.);
#20999=ORIENTED_EDGE('',*,*,#20912,.T.);
#21010=EDGE_CURVE('',#20983,#20903,#21015,.T.);
#21015=LINE('',#20984,#21017);
#21017=VECTOR('',#21018,0.15874365);
#21018=DIRECTION('',(0.0,0.0,1.0));
#21009=ORIENTED_EDGE('',*,*,#21010,.F.);
#21019=STYLED_ITEM('',(#34),#21020);
#21020=ADVANCED_FACE('',(#21026),#21021,.T.);
#21021=PLANE('',#21022);
#21022=AXIS2_PLACEMENT_3D('',#21023,#21024,#21025);
#21023=CARTESIAN_POINT('',(-3.492,2.064,0.635));
#21024=DIRECTION('',(0.0,0.0,1.0));
#21025=DIRECTION('',(0.,1.,0.));
#21026=FACE_OUTER_BOUND('',#21027,.T.);
#21027=EDGE_LOOP('',(#21028,#21038,#21048,#21058));
#21031=CARTESIAN_POINT('',(-3.492,3.842,0.635));
#21030=VERTEX_POINT('',#21031);
#21033=CARTESIAN_POINT('',(-3.492,2.064,0.635));
#21032=VERTEX_POINT('',#21033);
#21029=EDGE_CURVE('',#21030,#21032,#21034,.T.);
#21034=LINE('',#21031,#21036);
#21036=VECTOR('',#21037,1.77800634757545);
#21037=DIRECTION('',(0.0,-1.0,0.0));
#21028=ORIENTED_EDGE('',*,*,#21029,.F.);
#21041=CARTESIAN_POINT('',(-4.127,3.842,0.635));
#21040=VERTEX_POINT('',#21041);
#21039=EDGE_CURVE('',#21040,#21030,#21044,.T.);
#21044=LINE('',#21041,#21046);
#21046=VECTOR('',#21047,0.635000230858433);
#21047=DIRECTION('',(1.0,0.0,0.0));
#21038=ORIENTED_EDGE('',*,*,#21039,.F.);
#21051=CARTESIAN_POINT('',(-4.127,2.064,0.635));
#21050=VERTEX_POINT('',#21051);
#21049=EDGE_CURVE('',#21050,#21040,#21054,.T.);
#21054=LINE('',#21051,#21056);
#21056=VECTOR('',#21057,1.77800634757545);
#21057=DIRECTION('',(0.0,1.0,0.0));
#21048=ORIENTED_EDGE('',*,*,#21049,.F.);
#21059=EDGE_CURVE('',#21032,#21050,#21064,.T.);
#21064=LINE('',#21033,#21066);
#21066=VECTOR('',#21067,0.635000041498695);
#21067=DIRECTION('',(-1.0,0.0,0.0));
#21058=ORIENTED_EDGE('',*,*,#21059,.F.);
#21117=STYLED_ITEM('',(#34),#21118);
#21118=ADVANCED_FACE('',(#21124),#21119,.T.);
#21119=PLANE('',#21120);
#21120=AXIS2_PLACEMENT_3D('',#21121,#21122,#21123);
#21121=CARTESIAN_POINT('',(-4.127,2.064,0.0));
#21122=DIRECTION('',(0.0,0.0,-1.0));
#21123=DIRECTION('',(0.,1.,0.));
#21124=FACE_OUTER_BOUND('',#21125,.T.);
#21125=EDGE_LOOP('',(#21126,#21136,#21146,#21156));
#21129=CARTESIAN_POINT('',(-4.127,3.842,0.0));
#21128=VERTEX_POINT('',#21129);
#21131=CARTESIAN_POINT('',(-4.127,2.064,0.0));
#21130=VERTEX_POINT('',#21131);
#21127=EDGE_CURVE('',#21128,#21130,#21132,.T.);
#21132=LINE('',#21129,#21134);
#21134=VECTOR('',#21135,1.77800634757545);
#21135=DIRECTION('',(0.0,-1.0,0.0));
#21126=ORIENTED_EDGE('',*,*,#21127,.F.);
#21139=CARTESIAN_POINT('',(-3.492,3.842,0.0));
#21138=VERTEX_POINT('',#21139);
#21137=EDGE_CURVE('',#21138,#21128,#21142,.T.);
#21142=LINE('',#21139,#21144);
#21144=VECTOR('',#21145,0.635000230858433);
#21145=DIRECTION('',(-1.0,0.0,0.0));
#21136=ORIENTED_EDGE('',*,*,#21137,.F.);
#21149=CARTESIAN_POINT('',(-3.492,2.064,0.0));
#21148=VERTEX_POINT('',#21149);
#21147=EDGE_CURVE('',#21148,#21138,#21152,.T.);
#21152=LINE('',#21149,#21154);
#21154=VECTOR('',#21155,1.77800634757545);
#21155=DIRECTION('',(0.0,1.0,0.0));
#21146=ORIENTED_EDGE('',*,*,#21147,.F.);
#21157=EDGE_CURVE('',#21130,#21148,#21162,.T.);
#21162=LINE('',#21131,#21164);
#21164=VECTOR('',#21165,0.635000041498695);
#21165=DIRECTION('',(1.0,0.0,0.0));
#21156=ORIENTED_EDGE('',*,*,#21157,.F.);
#21215=STYLED_ITEM('',(#34),#21216);
#21216=ADVANCED_FACE('',(#21222),#21217,.T.);
#21217=PLANE('',#21218);
#21218=AXIS2_PLACEMENT_3D('',#21219,#21220,#21221);
#21219=CARTESIAN_POINT('',(-3.651,4.0,0.476));
#21220=DIRECTION('',(0.0,0.707,0.707));
#21221=DIRECTION('',(0.,0.,1.));
#21222=FACE_OUTER_BOUND('',#21223,.T.);
#21223=EDGE_LOOP('',(#21224,#21234,#21244,#21254));
#21227=CARTESIAN_POINT('',(-3.969,4.001,0.476));
#21226=VERTEX_POINT('',#21227);
#21229=CARTESIAN_POINT('',(-3.651,4.0,0.476));
#21228=VERTEX_POINT('',#21229);
#21225=EDGE_CURVE('',#21226,#21228,#21230,.T.);
#21230=LINE('',#21227,#21232);
#21232=VECTOR('',#21233,0.317500253221195);
#21233=DIRECTION('',(1.0,0.0,0.0));
#21224=ORIENTED_EDGE('',*,*,#21225,.F.);
#21235=EDGE_CURVE('',#21040,#21226,#21240,.T.);
#21240=LINE('',#21041,#21242);
#21242=VECTOR('',#21243,0.274963063823214);
#21243=DIRECTION('',(0.577,0.577,-0.577));
#21234=ORIENTED_EDGE('',*,*,#21235,.F.);
#21244=ORIENTED_EDGE('',*,*,#21039,.T.);
#21255=EDGE_CURVE('',#21228,#21030,#21260,.T.);
#21260=LINE('',#21229,#21262);
#21262=VECTOR('',#21263,0.274963063823214);
#21263=DIRECTION('',(0.577,-0.577,0.577));
#21254=ORIENTED_EDGE('',*,*,#21255,.F.);
#21264=STYLED_ITEM('',(#34),#21265);
#21265=ADVANCED_FACE('',(#21271),#21266,.T.);
#21266=PLANE('',#21267);
#21267=AXIS2_PLACEMENT_3D('',#21268,#21269,#21270);
#21268=CARTESIAN_POINT('',(-3.492,3.842,0.0));
#21269=DIRECTION('',(0.707,0.707,0.0));
#21270=DIRECTION('',(0.,0.,1.));
#21271=FACE_OUTER_BOUND('',#21272,.T.);
#21272=EDGE_LOOP('',(#21273,#21283,#21293,#21303));
#21276=CARTESIAN_POINT('',(-3.651,4.0,0.159));
#21275=VERTEX_POINT('',#21276);
#21274=EDGE_CURVE('',#21275,#21138,#21279,.T.);
#21279=LINE('',#21276,#21281);
#21281=VECTOR('',#21282,0.274963063823214);
#21282=DIRECTION('',(0.577,-0.577,-0.577));
#21273=ORIENTED_EDGE('',*,*,#21274,.F.);
#21284=EDGE_CURVE('',#21228,#21275,#21289,.T.);
#21289=LINE('',#21229,#21291);
#21291=VECTOR('',#21292,0.3175);
#21292=DIRECTION('',(0.0,0.0,-1.0));
#21283=ORIENTED_EDGE('',*,*,#21284,.F.);
#21293=ORIENTED_EDGE('',*,*,#21255,.T.);
#21304=EDGE_CURVE('',#21138,#21030,#21309,.T.);
#21309=LINE('',#21139,#21311);
#21311=VECTOR('',#21312,0.635);
#21312=DIRECTION('',(0.0,0.0,1.0));
#21303=ORIENTED_EDGE('',*,*,#21304,.F.);
#21313=STYLED_ITEM('',(#34),#21314);
#21314=ADVANCED_FACE('',(#21320),#21315,.T.);
#21315=PLANE('',#21316);
#21316=AXIS2_PLACEMENT_3D('',#21317,#21318,#21319);
#21317=CARTESIAN_POINT('',(-3.492,3.842,0.0));
#21318=DIRECTION('',(0.0,0.707,-0.707));
#21319=DIRECTION('',(0.,0.,1.));
#21320=FACE_OUTER_BOUND('',#21321,.T.);
#21321=EDGE_LOOP('',(#21322,#21332,#21342,#21352));
#21322=ORIENTED_EDGE('',*,*,#21137,.T.);
#21335=CARTESIAN_POINT('',(-3.969,4.001,0.159));
#21334=VERTEX_POINT('',#21335);
#21333=EDGE_CURVE('',#21334,#21128,#21338,.T.);
#21338=LINE('',#21335,#21340);
#21340=VECTOR('',#21341,0.274963063823214);
#21341=DIRECTION('',(-0.577,-0.577,-0.577));
#21332=ORIENTED_EDGE('',*,*,#21333,.F.);
#21343=EDGE_CURVE('',#21275,#21334,#21348,.T.);
#21348=LINE('',#21276,#21350);
#21350=VECTOR('',#21351,0.317500253221195);
#21351=DIRECTION('',(-1.0,0.0,0.0));
#21342=ORIENTED_EDGE('',*,*,#21343,.F.);
#21352=ORIENTED_EDGE('',*,*,#21274,.T.);
#21362=STYLED_ITEM('',(#34),#21363);
#21363=ADVANCED_FACE('',(#21369),#21364,.T.);
#21364=PLANE('',#21365);
#21365=AXIS2_PLACEMENT_3D('',#21366,#21367,#21368);
#21366=CARTESIAN_POINT('',(-3.969,4.001,0.159));
#21367=DIRECTION('',(-0.707,0.707,0.0));
#21368=DIRECTION('',(0.,0.,1.));
#21369=FACE_OUTER_BOUND('',#21370,.T.);
#21370=EDGE_LOOP('',(#21371,#21381,#21391,#21401));
#21371=ORIENTED_EDGE('',*,*,#21333,.T.);
#21382=EDGE_CURVE('',#21040,#21128,#21387,.T.);
#21387=LINE('',#21041,#21389);
#21389=VECTOR('',#21390,0.635);
#21390=DIRECTION('',(0.0,0.0,-1.0));
#21381=ORIENTED_EDGE('',*,*,#21382,.F.);
#21391=ORIENTED_EDGE('',*,*,#21235,.T.);
#21402=EDGE_CURVE('',#21334,#21226,#21407,.T.);
#21407=LINE('',#21335,#21409);
#21409=VECTOR('',#21410,0.3175);
#21410=DIRECTION('',(0.0,0.0,1.0));
#21401=ORIENTED_EDGE('',*,*,#21402,.F.);
#21411=STYLED_ITEM('',(#34),#21412);
#21412=ADVANCED_FACE('',(#21418),#21413,.T.);
#21413=PLANE('',#21414);
#21414=AXIS2_PLACEMENT_3D('',#21415,#21416,#21417);
#21415=CARTESIAN_POINT('',(-3.651,4.0,0.159));
#21416=DIRECTION('',(0.0,1.0,0.0));
#21417=DIRECTION('',(0.,0.,1.));
#21418=FACE_OUTER_BOUND('',#21419,.T.);
#21419=EDGE_LOOP('',(#21420,#21430,#21440,#21450));
#21420=ORIENTED_EDGE('',*,*,#21343,.T.);
#21430=ORIENTED_EDGE('',*,*,#21402,.T.);
#21440=ORIENTED_EDGE('',*,*,#21225,.T.);
#21450=ORIENTED_EDGE('',*,*,#21284,.T.);
#21460=STYLED_ITEM($,(#34),#21461);
#21461=ADVANCED_FACE($,(#21467),#21462,.F.);
#21462=CYLINDRICAL_SURFACE($,#21463,0.15874365);
#21463=AXIS2_PLACEMENT_3D($,#21464,#21465,#21466);
#21464=CARTESIAN_POINT('',(-3.492,2.064,0.794));
#21465=DIRECTION('',(1.0,0.0,0.0));
#21466=DIRECTION('',(0.,0.,1.));
#21467=FACE_OUTER_BOUND($,#21468,.T.);
#21468=EDGE_LOOP($,(#21480,#21490,#21501,#21469));
#21480=ORIENTED_EDGE('',*,*,#21059,.T.);
#21491=EDGE_CURVE($,#20932,#21050,#21496,.T.);
#21496=CIRCLE($,#21497,0.15874365);
#21498=CARTESIAN_POINT('',(-4.127,2.064,0.794));
#21497=AXIS2_PLACEMENT_3D($,#21498,#21499,#21500);
#21499=DIRECTION('',(1.0,0.0,0.0));
#21500=DIRECTION('',(0.0,0.707,-0.707));
#21490=ORIENTED_EDGE('',*,*,#21491,.F.);
#21501=ORIENTED_EDGE('',*,*,#20931,.T.);
#21470=EDGE_CURVE($,#21032,#20934,#21475,.T.);
#21475=CIRCLE($,#21476,0.15874365);
#21477=CARTESIAN_POINT('',(-3.492,2.064,0.794));
#21476=AXIS2_PLACEMENT_3D($,#21477,#21478,#21479);
#21478=DIRECTION('',(-1.0,0.0,0.0));
#21479=DIRECTION('',(0.0,-0.707,0.707));
#21469=ORIENTED_EDGE('',*,*,#21470,.F.);
#21511=STYLED_ITEM($,(#34),#21512);
#21512=ADVANCED_FACE($,(#21518),#21513,.T.);
#21513=CYLINDRICAL_SURFACE($,#21514,0.79374365);
#21514=AXIS2_PLACEMENT_3D($,#21515,#21516,#21517);
#21515=CARTESIAN_POINT('',(-3.492,2.064,0.794));
#21516=DIRECTION('',(-1.0,0.0,0.0));
#21517=DIRECTION('',(0.,0.,1.));
#21518=FACE_OUTER_BOUND($,#21519,.T.);
#21519=EDGE_LOOP($,(#21531,#21541,#21552,#21520));
#21531=ORIENTED_EDGE('',*,*,#21157,.T.);
#21542=EDGE_CURVE($,#20981,#21148,#21547,.T.);
#21547=CIRCLE($,#21548,0.79374365);
#21548=AXIS2_PLACEMENT_3D($,#21477,#21550,#21551);
#21550=DIRECTION('',(1.0,0.0,0.0));
#21551=DIRECTION('',(0.0,0.707,-0.707));
#21541=ORIENTED_EDGE('',*,*,#21542,.F.);
#21552=ORIENTED_EDGE('',*,*,#20980,.T.);
#21521=EDGE_CURVE($,#21130,#20983,#21526,.T.);
#21526=CIRCLE($,#21527,0.79374365);
#21527=AXIS2_PLACEMENT_3D($,#21498,#21529,#21530);
#21529=DIRECTION('',(-1.0,0.0,0.0));
#21530=DIRECTION('',(0.0,-0.707,0.707));
#21520=ORIENTED_EDGE('',*,*,#21521,.F.);
#21562=STYLED_ITEM('color',(#34),#21563);
#21563=ADVANCED_FACE($,(#21569),#21564,.T.);
#21564=PLANE($,#21565);
#21565=AXIS2_PLACEMENT_3D($,#21566,#21567,#21568);
#21566=CARTESIAN_POINT('',(-3.493,1.27,0.794));
#21567=DIRECTION('',(1.0,0.0,0.0));
#21568=DIRECTION('',(1.,0.,0.));
#21569=FACE_OUTER_BOUND($,#21570,.T.);
#21570=EDGE_LOOP($,(#21573, #21583, #21593, #21603, #21614, #21624, #21634, #21644));
#21573=ORIENTED_EDGE('',*,*,#20961,.T.);
#21583=ORIENTED_EDGE('',*,*,#20882,.T.);
#21593=ORIENTED_EDGE('',*,*,#20990,.T.);
#21603=ORIENTED_EDGE('',*,*,#21542,.T.);
#21614=ORIENTED_EDGE('',*,*,#21147,.T.);
#21624=ORIENTED_EDGE('',*,*,#21304,.T.);
#21634=ORIENTED_EDGE('',*,*,#21029,.T.);
#21644=ORIENTED_EDGE('',*,*,#21470,.T.);
#21655=STYLED_ITEM('color',(#34),#21656);
#21656=ADVANCED_FACE($,(#21662),#21657,.T.);
#21657=PLANE($,#21658);
#21658=AXIS2_PLACEMENT_3D($,#21659,#21660,#21661);
#21659=CARTESIAN_POINT('',(-4.128,1.27,0.794));
#21660=DIRECTION('',(-1.0,0.0,0.0));
#21661=DIRECTION('',(-1.,0.,0.));
#21662=FACE_OUTER_BOUND($,#21663,.T.);
#21663=EDGE_LOOP($,(#21666, #21676, #21686, #21696, #21707, #21717, #21727, #21737));
#21666=ORIENTED_EDGE('',*,*,#21010,.T.);
#21676=ORIENTED_EDGE('',*,*,#20902,.T.);
#21686=ORIENTED_EDGE('',*,*,#20941,.T.);
#21696=ORIENTED_EDGE('',*,*,#21491,.T.);
#21707=ORIENTED_EDGE('',*,*,#21049,.T.);
#21717=ORIENTED_EDGE('',*,*,#21382,.T.);
#21727=ORIENTED_EDGE('',*,*,#21127,.T.);
#21737=ORIENTED_EDGE('',*,*,#21521,.T.);
#21748=MANIFOLD_SOLID_BREP($,#21749);
#21749=CLOSED_SHELL('',(#21753,#21802,#21851,#21900,#21949,#21998,#22047,#22096,#22145,#22194));
#21750=MANIFOLD_SOLID_BREP($,#21751);
#21751=CLOSED_SHELL('',(#22243,#22292,#22341,#22390,#22488,#22586,#22635,#22684,#22733,#22782,#22831,#22882,#22933,#23026));
#21752=STYLED_ITEM('',(#34),#21753);
#21753=ADVANCED_FACE('',(#21759),#21754,.T.);
#21754=PLANE('',#21755);
#21755=AXIS2_PLACEMENT_3D('',#21756,#21757,#21758);
#21756=CARTESIAN_POINT('',(-6.191,1.429,9.652));
#21757=DIRECTION('',(0.0,0.0,1.0));
#21758=DIRECTION('',(0.,1.,0.));
#21759=FACE_OUTER_BOUND('',#21760,.T.);
#21760=EDGE_LOOP('',(#21761,#21771,#21781,#21791));
#21764=CARTESIAN_POINT('',(-6.191,1.746,9.652));
#21763=VERTEX_POINT('',#21764);
#21766=CARTESIAN_POINT('',(-6.191,1.429,9.652));
#21765=VERTEX_POINT('',#21766);
#21762=EDGE_CURVE('',#21763,#21765,#21767,.T.);
#21767=LINE('',#21764,#21769);
#21769=VECTOR('',#21770,0.317499995742358);
#21770=DIRECTION('',(0.0,-1.0,0.0));
#21761=ORIENTED_EDGE('',*,*,#21762,.F.);
#21774=CARTESIAN_POINT('',(-6.509,1.746,9.652));
#21773=VERTEX_POINT('',#21774);
#21772=EDGE_CURVE('',#21773,#21763,#21777,.T.);
#21777=LINE('',#21774,#21779);
#21779=VECTOR('',#21780,0.317500012765022);
#21780=DIRECTION('',(1.0,0.0,0.0));
#21771=ORIENTED_EDGE('',*,*,#21772,.F.);
#21784=CARTESIAN_POINT('',(-6.509,1.429,9.652));
#21783=VERTEX_POINT('',#21784);
#21782=EDGE_CURVE('',#21783,#21773,#21787,.T.);
#21787=LINE('',#21784,#21789);
#21789=VECTOR('',#21790,0.317499995742358);
#21790=DIRECTION('',(0.0,1.0,0.0));
#21781=ORIENTED_EDGE('',*,*,#21782,.F.);
#21792=EDGE_CURVE('',#21765,#21783,#21797,.T.);
#21797=LINE('',#21766,#21799);
#21799=VECTOR('',#21800,0.317499995750263);
#21800=DIRECTION('',(-1.0,0.0,0.0));
#21791=ORIENTED_EDGE('',*,*,#21792,.F.);
#21801=STYLED_ITEM('',(#34),#21802);
#21802=ADVANCED_FACE('',(#21808),#21803,.T.);
#21803=PLANE('',#21804);
#21804=AXIS2_PLACEMENT_3D('',#21805,#21806,#21807);
#21805=CARTESIAN_POINT('',(-6.032,1.905,9.493));
#21806=DIRECTION('',(0.0,0.707,0.707));
#21807=DIRECTION('',(0.,0.,1.));
#21808=FACE_OUTER_BOUND('',#21809,.T.);
#21809=EDGE_LOOP('',(#21810,#21820,#21830,#21840));
#21813=CARTESIAN_POINT('',(-6.667,1.905,9.493));
#21812=VERTEX_POINT('',#21813);
#21815=CARTESIAN_POINT('',(-6.032,1.905,9.493));
#21814=VERTEX_POINT('',#21815);
#21811=EDGE_CURVE('',#21812,#21814,#21816,.T.);
#21816=LINE('',#21813,#21818);
#21818=VECTOR('',#21819,0.635000025530043);
#21819=DIRECTION('',(1.0,0.0,0.0));
#21810=ORIENTED_EDGE('',*,*,#21811,.F.);
#21821=EDGE_CURVE('',#21773,#21812,#21826,.T.);
#21826=LINE('',#21774,#21828);
#21828=VECTOR('',#21829,0.274963065701559);
#21829=DIRECTION('',(-0.577,0.577,-0.577));
#21820=ORIENTED_EDGE('',*,*,#21821,.F.);
#21830=ORIENTED_EDGE('',*,*,#21772,.T.);
#21841=EDGE_CURVE('',#21814,#21763,#21846,.T.);
#21846=LINE('',#21815,#21848);
#21848=VECTOR('',#21849,0.274963065701559);
#21849=DIRECTION('',(-0.577,-0.577,0.577));
#21840=ORIENTED_EDGE('',*,*,#21841,.F.);
#21850=STYLED_ITEM('',(#34),#21851);
#21851=ADVANCED_FACE('',(#21857),#21852,.T.);
#21852=PLANE('',#21853);
#21853=AXIS2_PLACEMENT_3D('',#21854,#21855,#21856);
#21854=CARTESIAN_POINT('',(-6.667,1.905,9.493));
#21855=DIRECTION('',(-0.707,0.0,0.707));
#21856=DIRECTION('',(0.,0.,1.));
#21857=FACE_OUTER_BOUND('',#21858,.T.);
#21858=EDGE_LOOP('',(#21859,#21869,#21879,#21889));
#21862=CARTESIAN_POINT('',(-6.668,1.27,9.493));
#21861=VERTEX_POINT('',#21862);
#21860=EDGE_CURVE('',#21861,#21812,#21865,.T.);
#21865=LINE('',#21862,#21867);
#21867=VECTOR('',#21868,0.634999991484716);
#21868=DIRECTION('',(0.0,1.0,0.0));
#21859=ORIENTED_EDGE('',*,*,#21860,.F.);
#21870=EDGE_CURVE('',#21783,#21861,#21875,.T.);
#21875=LINE('',#21784,#21877);
#21877=VECTOR('',#21878,0.274963065701559);
#21878=DIRECTION('',(-0.577,-0.577,-0.577));
#21869=ORIENTED_EDGE('',*,*,#21870,.F.);
#21879=ORIENTED_EDGE('',*,*,#21782,.T.);
#21889=ORIENTED_EDGE('',*,*,#21821,.T.);
#21899=STYLED_ITEM('',(#34),#21900);
#21900=ADVANCED_FACE('',(#21906),#21901,.T.);
#21901=PLANE('',#21902);
#21902=AXIS2_PLACEMENT_3D('',#21903,#21904,#21905);
#21903=CARTESIAN_POINT('',(-6.668,1.27,9.493));
#21904=DIRECTION('',(0.0,-0.707,0.707));
#21905=DIRECTION('',(0.,0.,1.));
#21906=FACE_OUTER_BOUND('',#21907,.T.);
#21907=EDGE_LOOP('',(#21908,#21918,#21928,#21938));
#21911=CARTESIAN_POINT('',(-6.033,1.27,9.493));
#21910=VERTEX_POINT('',#21911);
#21909=EDGE_CURVE('',#21910,#21861,#21914,.T.);
#21914=LINE('',#21911,#21916);
#21916=VECTOR('',#21917,0.634999991500525);
#21917=DIRECTION('',(-1.0,0.0,0.0));
#21908=ORIENTED_EDGE('',*,*,#21909,.F.);
#21919=EDGE_CURVE('',#21765,#21910,#21924,.T.);
#21924=LINE('',#21766,#21926);
#21926=VECTOR('',#21927,0.27496306570156);
#21927=DIRECTION('',(0.577,-0.577,-0.577));
#21918=ORIENTED_EDGE('',*,*,#21919,.F.);
#21928=ORIENTED_EDGE('',*,*,#21792,.T.);
#21938=ORIENTED_EDGE('',*,*,#21870,.T.);
#21948=STYLED_ITEM('',(#34),#21949);
#21949=ADVANCED_FACE('',(#21955),#21950,.T.);
#21950=PLANE('',#21951);
#21951=AXIS2_PLACEMENT_3D('',#21952,#21953,#21954);
#21952=CARTESIAN_POINT('',(-6.033,1.27,9.493));
#21953=DIRECTION('',(0.707,0.0,0.707));
#21954=DIRECTION('',(0.,0.,1.));
#21955=FACE_OUTER_BOUND('',#21956,.T.);
#21956=EDGE_LOOP('',(#21957,#21967,#21977,#21987));
#21958=EDGE_CURVE('',#21814,#21910,#21963,.T.);
#21963=LINE('',#21815,#21965);
#21965=VECTOR('',#21966,0.634999991484716);
#21966=DIRECTION('',(0.0,-1.0,0.0));
#21957=ORIENTED_EDGE('',*,*,#21958,.F.);
#21967=ORIENTED_EDGE('',*,*,#21841,.T.);
#21977=ORIENTED_EDGE('',*,*,#21762,.T.);
#21987=ORIENTED_EDGE('',*,*,#21919,.T.);
#21997=STYLED_ITEM('',(#34),#21998);
#21998=ADVANCED_FACE('',(#22004),#21999,.T.);
#21999=PLANE('',#22000);
#22000=AXIS2_PLACEMENT_3D('',#22001,#22002,#22003);
#22001=CARTESIAN_POINT('',(-6.032,1.905,3.924));
#22002=DIRECTION('',(0.0,1.0,0.0));
#22003=DIRECTION('',(0.,0.,1.));
#22004=FACE_OUTER_BOUND('',#22005,.T.);
#22005=EDGE_LOOP('',(#22006,#22016,#22026,#22036));
#22009=CARTESIAN_POINT('',(-6.667,1.905,3.924));
#22008=VERTEX_POINT('',#22009);
#22011=CARTESIAN_POINT('',(-6.032,1.905,3.924));
#22010=VERTEX_POINT('',#22011);
#22007=EDGE_CURVE('',#22008,#22010,#22012,.T.);
#22012=LINE('',#22009,#22014);
#22014=VECTOR('',#22015,0.635000025530043);
#22015=DIRECTION('',(1.0,0.0,0.0));
#22006=ORIENTED_EDGE('',*,*,#22007,.F.);
#22017=EDGE_CURVE('',#21812,#22008,#22022,.T.);
#22022=LINE('',#21813,#22024);
#22024=VECTOR('',#22025,5.5689754);
#22025=DIRECTION('',(0.0,0.0,-1.0));
#22016=ORIENTED_EDGE('',*,*,#22017,.F.);
#22026=ORIENTED_EDGE('',*,*,#21811,.T.);
#22037=EDGE_CURVE('',#22010,#21814,#22042,.T.);
#22042=LINE('',#22011,#22044);
#22044=VECTOR('',#22045,5.5689754);
#22045=DIRECTION('',(0.0,0.0,1.0));
#22036=ORIENTED_EDGE('',*,*,#22037,.F.);
#22046=STYLED_ITEM('',(#34),#22047);
#22047=ADVANCED_FACE('',(#22053),#22048,.T.);
#22048=PLANE('',#22049);
#22049=AXIS2_PLACEMENT_3D('',#22050,#22051,#22052);
#22050=CARTESIAN_POINT('',(-6.667,1.905,3.924));
#22051=DIRECTION('',(-1.0,0.0,0.0));
#22052=DIRECTION('',(0.,0.,1.));
#22053=FACE_OUTER_BOUND('',#22054,.T.);
#22054=EDGE_LOOP('',(#22055,#22065,#22075,#22085));
#22058=CARTESIAN_POINT('',(-6.668,1.27,3.924));
#22057=VERTEX_POINT('',#22058);
#22056=EDGE_CURVE('',#22057,#22008,#22061,.T.);
#22061=LINE('',#22058,#22063);
#22063=VECTOR('',#22064,0.634999991484716);
#22064=DIRECTION('',(0.0,1.0,0.0));
#22055=ORIENTED_EDGE('',*,*,#22056,.F.);
#22066=EDGE_CURVE('',#21861,#22057,#22071,.T.);
#22071=LINE('',#21862,#22073);
#22073=VECTOR('',#22074,5.5689754);
#22074=DIRECTION('',(0.0,0.0,-1.0));
#22065=ORIENTED_EDGE('',*,*,#22066,.F.);
#22075=ORIENTED_EDGE('',*,*,#21860,.T.);
#22085=ORIENTED_EDGE('',*,*,#22017,.T.);
#22095=STYLED_ITEM('',(#34),#22096);
#22096=ADVANCED_FACE('',(#22102),#22097,.T.);
#22097=PLANE('',#22098);
#22098=AXIS2_PLACEMENT_3D('',#22099,#22100,#22101);
#22099=CARTESIAN_POINT('',(-6.668,1.27,3.924));
#22100=DIRECTION('',(0.0,-1.0,0.0));
#22101=DIRECTION('',(0.,0.,1.));
#22102=FACE_OUTER_BOUND('',#22103,.T.);
#22103=EDGE_LOOP('',(#22104,#22114,#22124,#22134));
#22107=CARTESIAN_POINT('',(-6.033,1.27,3.924));
#22106=VERTEX_POINT('',#22107);
#22105=EDGE_CURVE('',#22106,#22057,#22110,.T.);
#22110=LINE('',#22107,#22112);
#22112=VECTOR('',#22113,0.634999991500525);
#22113=DIRECTION('',(-1.0,0.0,0.0));
#22104=ORIENTED_EDGE('',*,*,#22105,.F.);
#22115=EDGE_CURVE('',#21910,#22106,#22120,.T.);
#22120=LINE('',#21911,#22122);
#22122=VECTOR('',#22123,5.5689754);
#22123=DIRECTION('',(0.0,0.0,-1.0));
#22114=ORIENTED_EDGE('',*,*,#22115,.F.);
#22124=ORIENTED_EDGE('',*,*,#21909,.T.);
#22134=ORIENTED_EDGE('',*,*,#22066,.T.);
#22144=STYLED_ITEM('',(#34),#22145);
#22145=ADVANCED_FACE('',(#22151),#22146,.T.);
#22146=PLANE('',#22147);
#22147=AXIS2_PLACEMENT_3D('',#22148,#22149,#22150);
#22148=CARTESIAN_POINT('',(-6.033,1.27,3.924));
#22149=DIRECTION('',(1.0,0.0,0.0));
#22150=DIRECTION('',(0.,0.,1.));
#22151=FACE_OUTER_BOUND('',#22152,.T.);
#22152=EDGE_LOOP('',(#22153,#22163,#22173,#22183));
#22154=EDGE_CURVE('',#22010,#22106,#22159,.T.);
#22159=LINE('',#22011,#22161);
#22161=VECTOR('',#22162,0.634999991484716);
#22162=DIRECTION('',(0.0,-1.0,0.0));
#22153=ORIENTED_EDGE('',*,*,#22154,.F.);
#22163=ORIENTED_EDGE('',*,*,#22037,.T.);
#22173=ORIENTED_EDGE('',*,*,#21958,.T.);
#22183=ORIENTED_EDGE('',*,*,#22115,.T.);
#22193=STYLED_ITEM('',(#34),#22194);
#22194=ADVANCED_FACE('',(#22200),#22195,.T.);
#22195=PLANE('',#22196);
#22196=AXIS2_PLACEMENT_3D('',#22197,#22198,#22199);
#22197=CARTESIAN_POINT('',(-6.668,1.27,3.924));
#22198=DIRECTION('',(0.0,0.0,-1.0));
#22199=DIRECTION('',(0.,1.,0.));
#22200=FACE_OUTER_BOUND('',#22201,.T.);
#22201=EDGE_LOOP('',(#22202,#22212,#22222,#22232));
#22202=ORIENTED_EDGE('',*,*,#22056,.T.);
#22212=ORIENTED_EDGE('',*,*,#22007,.T.);
#22222=ORIENTED_EDGE('',*,*,#22154,.T.);
#22232=ORIENTED_EDGE('',*,*,#22105,.T.);
#22242=STYLED_ITEM('',(#34),#22243);
#22243=ADVANCED_FACE('',(#22249),#22244,.T.);
#22244=PLANE('',#22245);
#22245=AXIS2_PLACEMENT_3D('',#22246,#22247,#22248);
#22246=CARTESIAN_POINT('',(-6.033,1.27,0.952));
#22247=DIRECTION('',(0.0,0.0,1.0));
#22248=DIRECTION('',(0.,1.,0.));
#22249=FACE_OUTER_BOUND('',#22250,.T.);
#22250=EDGE_LOOP('',(#22251,#22261,#22271,#22281));
#22254=CARTESIAN_POINT('',(-6.032,1.905,0.952));
#22253=VERTEX_POINT('',#22254);
#22256=CARTESIAN_POINT('',(-6.033,1.27,0.952));
#22255=VERTEX_POINT('',#22256);
#22252=EDGE_CURVE('',#22253,#22255,#22257,.T.);
#22257=LINE('',#22254,#22259);
#22259=VECTOR('',#22260,0.634999991484716);
#22260=DIRECTION('',(0.0,-1.0,0.0));
#22251=ORIENTED_EDGE('',*,*,#22252,.F.);
#22264=CARTESIAN_POINT('',(-6.667,1.905,0.952));
#22263=VERTEX_POINT('',#22264);
#22262=EDGE_CURVE('',#22263,#22253,#22267,.T.);
#22267=LINE('',#22264,#22269);
#22269=VECTOR('',#22270,0.635000025530043);
#22270=DIRECTION('',(1.0,0.0,0.0));
#22261=ORIENTED_EDGE('',*,*,#22262,.F.);
#22274=CARTESIAN_POINT('',(-6.668,1.27,0.952));
#22273=VERTEX_POINT('',#22274);
#22272=EDGE_CURVE('',#22273,#22263,#22277,.T.);
#22277=LINE('',#22274,#22279);
#22279=VECTOR('',#22280,0.634999991484716);
#22280=DIRECTION('',(0.0,1.0,0.0));
#22271=ORIENTED_EDGE('',*,*,#22272,.F.);
#22282=EDGE_CURVE('',#22255,#22273,#22287,.T.);
#22287=LINE('',#22256,#22289);
#22289=VECTOR('',#22290,0.634999991500525);
#22290=DIRECTION('',(-1.0,0.0,0.0));
#22281=ORIENTED_EDGE('',*,*,#22282,.F.);
#22291=STYLED_ITEM('',(#34),#22292);
#22292=ADVANCED_FACE('',(#22298),#22293,.T.);
#22293=PLANE('',#22294);
#22294=AXIS2_PLACEMENT_3D('',#22295,#22296,#22297);
#22295=CARTESIAN_POINT('',(-6.032,1.905,0.794));
#22296=DIRECTION('',(0.0,1.0,0.0));
#22297=DIRECTION('',(0.,0.,1.));
#22298=FACE_OUTER_BOUND('',#22299,.T.);
#22299=EDGE_LOOP('',(#22300,#22310,#22320,#22330));
#22303=CARTESIAN_POINT('',(-6.667,1.905,0.794));
#22302=VERTEX_POINT('',#22303);
#22305=CARTESIAN_POINT('',(-6.032,1.905,0.794));
#22304=VERTEX_POINT('',#22305);
#22301=EDGE_CURVE('',#22302,#22304,#22306,.T.);
#22306=LINE('',#22303,#22308);
#22308=VECTOR('',#22309,0.635000025530043);
#22309=DIRECTION('',(1.0,0.0,0.0));
#22300=ORIENTED_EDGE('',*,*,#22301,.F.);
#22311=EDGE_CURVE('',#22263,#22302,#22316,.T.);
#22316=LINE('',#22264,#22318);
#22318=VECTOR('',#22319,0.15874365);
#22319=DIRECTION('',(0.0,0.0,-1.0));
#22310=ORIENTED_EDGE('',*,*,#22311,.F.);
#22320=ORIENTED_EDGE('',*,*,#22262,.T.);
#22331=EDGE_CURVE('',#22304,#22253,#22336,.T.);
#22336=LINE('',#22305,#22338);
#22338=VECTOR('',#22339,0.15874365);
#22339=DIRECTION('',(0.0,0.0,1.0));
#22330=ORIENTED_EDGE('',*,*,#22331,.F.);
#22340=STYLED_ITEM('',(#34),#22341);
#22341=ADVANCED_FACE('',(#22347),#22342,.T.);
#22342=PLANE('',#22343);
#22343=AXIS2_PLACEMENT_3D('',#22344,#22345,#22346);
#22344=CARTESIAN_POINT('',(-6.668,1.27,0.794));
#22345=DIRECTION('',(0.0,-1.0,0.0));
#22346=DIRECTION('',(0.,0.,1.));
#22347=FACE_OUTER_BOUND('',#22348,.T.);
#22348=EDGE_LOOP('',(#22349,#22359,#22369,#22379));
#22352=CARTESIAN_POINT('',(-6.033,1.27,0.794));
#22351=VERTEX_POINT('',#22352);
#22354=CARTESIAN_POINT('',(-6.668,1.27,0.794));
#22353=VERTEX_POINT('',#22354);
#22350=EDGE_CURVE('',#22351,#22353,#22355,.T.);
#22355=LINE('',#22352,#22357);
#22357=VECTOR('',#22358,0.634999991500525);
#22358=DIRECTION('',(-1.0,0.0,0.0));
#22349=ORIENTED_EDGE('',*,*,#22350,.F.);
#22360=EDGE_CURVE('',#22255,#22351,#22365,.T.);
#22365=LINE('',#22256,#22367);
#22367=VECTOR('',#22368,0.15874365);
#22368=DIRECTION('',(0.0,0.0,-1.0));
#22359=ORIENTED_EDGE('',*,*,#22360,.F.);
#22369=ORIENTED_EDGE('',*,*,#22282,.T.);
#22380=EDGE_CURVE('',#22353,#22273,#22385,.T.);
#22385=LINE('',#22354,#22387);
#22387=VECTOR('',#22388,0.15874365);
#22388=DIRECTION('',(0.0,0.0,1.0));
#22379=ORIENTED_EDGE('',*,*,#22380,.F.);
#22389=STYLED_ITEM('',(#34),#22390);
#22390=ADVANCED_FACE('',(#22396),#22391,.T.);
#22391=PLANE('',#22392);
#22392=AXIS2_PLACEMENT_3D('',#22393,#22394,#22395);
#22393=CARTESIAN_POINT('',(-6.032,2.064,0.635));
#22394=DIRECTION('',(0.0,0.0,1.0));
#22395=DIRECTION('',(0.,1.,0.));
#22396=FACE_OUTER_BOUND('',#22397,.T.);
#22397=EDGE_LOOP('',(#22398,#22408,#22418,#22428));
#22401=CARTESIAN_POINT('',(-6.032,3.842,0.635));
#22400=VERTEX_POINT('',#22401);
#22403=CARTESIAN_POINT('',(-6.032,2.064,0.635));
#22402=VERTEX_POINT('',#22403);
#22399=EDGE_CURVE('',#22400,#22402,#22404,.T.);
#22404=LINE('',#22401,#22406);
#22406=VECTOR('',#22407,1.77800634757545);
#22407=DIRECTION('',(0.0,-1.0,0.0));
#22398=ORIENTED_EDGE('',*,*,#22399,.F.);
#22411=CARTESIAN_POINT('',(-6.667,3.842,0.635));
#22410=VERTEX_POINT('',#22411);
#22409=EDGE_CURVE('',#22410,#22400,#22414,.T.);
#22414=LINE('',#22411,#22416);
#22416=VECTOR('',#22417,0.635000230858433);
#22417=DIRECTION('',(1.0,0.0,0.0));
#22408=ORIENTED_EDGE('',*,*,#22409,.F.);
#22421=CARTESIAN_POINT('',(-6.667,2.064,0.635));
#22420=VERTEX_POINT('',#22421);
#22419=EDGE_CURVE('',#22420,#22410,#22424,.T.);
#22424=LINE('',#22421,#22426);
#22426=VECTOR('',#22427,1.77800634757545);
#22427=DIRECTION('',(0.0,1.0,0.0));
#22418=ORIENTED_EDGE('',*,*,#22419,.F.);
#22429=EDGE_CURVE('',#22402,#22420,#22434,.T.);
#22434=LINE('',#22403,#22436);
#22436=VECTOR('',#22437,0.635000041498694);
#22437=DIRECTION('',(-1.0,0.0,0.0));
#22428=ORIENTED_EDGE('',*,*,#22429,.F.);
#22487=STYLED_ITEM('',(#34),#22488);
#22488=ADVANCED_FACE('',(#22494),#22489,.T.);
#22489=PLANE('',#22490);
#22490=AXIS2_PLACEMENT_3D('',#22491,#22492,#22493);
#22491=CARTESIAN_POINT('',(-6.667,2.064,0.0));
#22492=DIRECTION('',(0.0,0.0,-1.0));
#22493=DIRECTION('',(0.,1.,0.));
#22494=FACE_OUTER_BOUND('',#22495,.T.);
#22495=EDGE_LOOP('',(#22496,#22506,#22516,#22526));
#22499=CARTESIAN_POINT('',(-6.667,3.842,0.0));
#22498=VERTEX_POINT('',#22499);
#22501=CARTESIAN_POINT('',(-6.667,2.064,0.0));
#22500=VERTEX_POINT('',#22501);
#22497=EDGE_CURVE('',#22498,#22500,#22502,.T.);
#22502=LINE('',#22499,#22504);
#22504=VECTOR('',#22505,1.77800634757545);
#22505=DIRECTION('',(0.0,-1.0,0.0));
#22496=ORIENTED_EDGE('',*,*,#22497,.F.);
#22509=CARTESIAN_POINT('',(-6.032,3.842,0.0));
#22508=VERTEX_POINT('',#22509);
#22507=EDGE_CURVE('',#22508,#22498,#22512,.T.);
#22512=LINE('',#22509,#22514);
#22514=VECTOR('',#22515,0.635000230858433);
#22515=DIRECTION('',(-1.0,0.0,0.0));
#22506=ORIENTED_EDGE('',*,*,#22507,.F.);
#22519=CARTESIAN_POINT('',(-6.032,2.064,0.0));
#22518=VERTEX_POINT('',#22519);
#22517=EDGE_CURVE('',#22518,#22508,#22522,.T.);
#22522=LINE('',#22519,#22524);
#22524=VECTOR('',#22525,1.77800634757545);
#22525=DIRECTION('',(0.0,1.0,0.0));
#22516=ORIENTED_EDGE('',*,*,#22517,.F.);
#22527=EDGE_CURVE('',#22500,#22518,#22532,.T.);
#22532=LINE('',#22501,#22534);
#22534=VECTOR('',#22535,0.635000041498694);
#22535=DIRECTION('',(1.0,0.0,0.0));
#22526=ORIENTED_EDGE('',*,*,#22527,.F.);
#22585=STYLED_ITEM('',(#34),#22586);
#22586=ADVANCED_FACE('',(#22592),#22587,.T.);
#22587=PLANE('',#22588);
#22588=AXIS2_PLACEMENT_3D('',#22589,#22590,#22591);
#22589=CARTESIAN_POINT('',(-6.191,4.0,0.476));
#22590=DIRECTION('',(0.0,0.707,0.707));
#22591=DIRECTION('',(0.,0.,1.));
#22592=FACE_OUTER_BOUND('',#22593,.T.);
#22593=EDGE_LOOP('',(#22594,#22604,#22614,#22624));
#22597=CARTESIAN_POINT('',(-6.509,4.001,0.476));
#22596=VERTEX_POINT('',#22597);
#22599=CARTESIAN_POINT('',(-6.191,4.0,0.476));
#22598=VERTEX_POINT('',#22599);
#22595=EDGE_CURVE('',#22596,#22598,#22600,.T.);
#22600=LINE('',#22597,#22602);
#22602=VECTOR('',#22603,0.317500253221195);
#22603=DIRECTION('',(1.0,0.0,0.0));
#22594=ORIENTED_EDGE('',*,*,#22595,.F.);
#22605=EDGE_CURVE('',#22410,#22596,#22610,.T.);
#22610=LINE('',#22411,#22612);
#22612=VECTOR('',#22613,0.274963063823214);
#22613=DIRECTION('',(0.577,0.577,-0.577));
#22604=ORIENTED_EDGE('',*,*,#22605,.F.);
#22614=ORIENTED_EDGE('',*,*,#22409,.T.);
#22625=EDGE_CURVE('',#22598,#22400,#22630,.T.);
#22630=LINE('',#22599,#22632);
#22632=VECTOR('',#22633,0.274963063823214);
#22633=DIRECTION('',(0.577,-0.577,0.577));
#22624=ORIENTED_EDGE('',*,*,#22625,.F.);
#22634=STYLED_ITEM('',(#34),#22635);
#22635=ADVANCED_FACE('',(#22641),#22636,.T.);
#22636=PLANE('',#22637);
#22637=AXIS2_PLACEMENT_3D('',#22638,#22639,#22640);
#22638=CARTESIAN_POINT('',(-6.032,3.842,0.0));
#22639=DIRECTION('',(0.707,0.707,0.0));
#22640=DIRECTION('',(0.,0.,1.));
#22641=FACE_OUTER_BOUND('',#22642,.T.);
#22642=EDGE_LOOP('',(#22643,#22653,#22663,#22673));
#22646=CARTESIAN_POINT('',(-6.191,4.0,0.159));
#22645=VERTEX_POINT('',#22646);
#22644=EDGE_CURVE('',#22645,#22508,#22649,.T.);
#22649=LINE('',#22646,#22651);
#22651=VECTOR('',#22652,0.274963063823214);
#22652=DIRECTION('',(0.577,-0.577,-0.577));
#22643=ORIENTED_EDGE('',*,*,#22644,.F.);
#22654=EDGE_CURVE('',#22598,#22645,#22659,.T.);
#22659=LINE('',#22599,#22661);
#22661=VECTOR('',#22662,0.3175);
#22662=DIRECTION('',(0.0,0.0,-1.0));
#22653=ORIENTED_EDGE('',*,*,#22654,.F.);
#22663=ORIENTED_EDGE('',*,*,#22625,.T.);
#22674=EDGE_CURVE('',#22508,#22400,#22679,.T.);
#22679=LINE('',#22509,#22681);
#22681=VECTOR('',#22682,0.635);
#22682=DIRECTION('',(0.0,0.0,1.0));
#22673=ORIENTED_EDGE('',*,*,#22674,.F.);
#22683=STYLED_ITEM('',(#34),#22684);
#22684=ADVANCED_FACE('',(#22690),#22685,.T.);
#22685=PLANE('',#22686);
#22686=AXIS2_PLACEMENT_3D('',#22687,#22688,#22689);
#22687=CARTESIAN_POINT('',(-6.032,3.842,0.0));
#22688=DIRECTION('',(0.0,0.707,-0.707));
#22689=DIRECTION('',(0.,0.,1.));
#22690=FACE_OUTER_BOUND('',#22691,.T.);
#22691=EDGE_LOOP('',(#22692,#22702,#22712,#22722));
#22692=ORIENTED_EDGE('',*,*,#22507,.T.);
#22705=CARTESIAN_POINT('',(-6.509,4.001,0.159));
#22704=VERTEX_POINT('',#22705);
#22703=EDGE_CURVE('',#22704,#22498,#22708,.T.);
#22708=LINE('',#22705,#22710);
#22710=VECTOR('',#22711,0.274963063823214);
#22711=DIRECTION('',(-0.577,-0.577,-0.577));
#22702=ORIENTED_EDGE('',*,*,#22703,.F.);
#22713=EDGE_CURVE('',#22645,#22704,#22718,.T.);
#22718=LINE('',#22646,#22720);
#22720=VECTOR('',#22721,0.317500253221195);
#22721=DIRECTION('',(-1.0,0.0,0.0));
#22712=ORIENTED_EDGE('',*,*,#22713,.F.);
#22722=ORIENTED_EDGE('',*,*,#22644,.T.);
#22732=STYLED_ITEM('',(#34),#22733);
#22733=ADVANCED_FACE('',(#22739),#22734,.T.);
#22734=PLANE('',#22735);
#22735=AXIS2_PLACEMENT_3D('',#22736,#22737,#22738);
#22736=CARTESIAN_POINT('',(-6.509,4.001,0.159));
#22737=DIRECTION('',(-0.707,0.707,0.0));
#22738=DIRECTION('',(0.,0.,1.));
#22739=FACE_OUTER_BOUND('',#22740,.T.);
#22740=EDGE_LOOP('',(#22741,#22751,#22761,#22771));
#22741=ORIENTED_EDGE('',*,*,#22703,.T.);
#22752=EDGE_CURVE('',#22410,#22498,#22757,.T.);
#22757=LINE('',#22411,#22759);
#22759=VECTOR('',#22760,0.635);
#22760=DIRECTION('',(0.0,0.0,-1.0));
#22751=ORIENTED_EDGE('',*,*,#22752,.F.);
#22761=ORIENTED_EDGE('',*,*,#22605,.T.);
#22772=EDGE_CURVE('',#22704,#22596,#22777,.T.);
#22777=LINE('',#22705,#22779);
#22779=VECTOR('',#22780,0.3175);
#22780=DIRECTION('',(0.0,0.0,1.0));
#22771=ORIENTED_EDGE('',*,*,#22772,.F.);
#22781=STYLED_ITEM('',(#34),#22782);
#22782=ADVANCED_FACE('',(#22788),#22783,.T.);
#22783=PLANE('',#22784);
#22784=AXIS2_PLACEMENT_3D('',#22785,#22786,#22787);
#22785=CARTESIAN_POINT('',(-6.191,4.0,0.159));
#22786=DIRECTION('',(0.0,1.0,0.0));
#22787=DIRECTION('',(0.,0.,1.));
#22788=FACE_OUTER_BOUND('',#22789,.T.);
#22789=EDGE_LOOP('',(#22790,#22800,#22810,#22820));
#22790=ORIENTED_EDGE('',*,*,#22713,.T.);
#22800=ORIENTED_EDGE('',*,*,#22772,.T.);
#22810=ORIENTED_EDGE('',*,*,#22595,.T.);
#22820=ORIENTED_EDGE('',*,*,#22654,.T.);
#22830=STYLED_ITEM($,(#34),#22831);
#22831=ADVANCED_FACE($,(#22837),#22832,.F.);
#22832=CYLINDRICAL_SURFACE($,#22833,0.15874365);
#22833=AXIS2_PLACEMENT_3D($,#22834,#22835,#22836);
#22834=CARTESIAN_POINT('',(-6.032,2.064,0.794));
#22835=DIRECTION('',(1.0,0.0,0.0));
#22836=DIRECTION('',(0.,0.,1.));
#22837=FACE_OUTER_BOUND($,#22838,.T.);
#22838=EDGE_LOOP($,(#22850,#22860,#22871,#22839));
#22850=ORIENTED_EDGE('',*,*,#22429,.T.);
#22861=EDGE_CURVE($,#22302,#22420,#22866,.T.);
#22866=CIRCLE($,#22867,0.15874365);
#22868=CARTESIAN_POINT('',(-6.667,2.064,0.794));
#22867=AXIS2_PLACEMENT_3D($,#22868,#22869,#22870);
#22869=DIRECTION('',(1.0,0.0,0.0));
#22870=DIRECTION('',(0.0,0.707,-0.707));
#22860=ORIENTED_EDGE('',*,*,#22861,.F.);
#22871=ORIENTED_EDGE('',*,*,#22301,.T.);
#22840=EDGE_CURVE($,#22402,#22304,#22845,.T.);
#22845=CIRCLE($,#22846,0.15874365);
#22847=CARTESIAN_POINT('',(-6.032,2.064,0.794));
#22846=AXIS2_PLACEMENT_3D($,#22847,#22848,#22849);
#22848=DIRECTION('',(-1.0,0.0,0.0));
#22849=DIRECTION('',(0.0,-0.707,0.707));
#22839=ORIENTED_EDGE('',*,*,#22840,.F.);
#22881=STYLED_ITEM($,(#34),#22882);
#22882=ADVANCED_FACE($,(#22888),#22883,.T.);
#22883=CYLINDRICAL_SURFACE($,#22884,0.79374365);
#22884=AXIS2_PLACEMENT_3D($,#22885,#22886,#22887);
#22885=CARTESIAN_POINT('',(-6.032,2.064,0.794));
#22886=DIRECTION('',(-1.0,0.0,0.0));
#22887=DIRECTION('',(0.,0.,1.));
#22888=FACE_OUTER_BOUND($,#22889,.T.);
#22889=EDGE_LOOP($,(#22901,#22911,#22922,#22890));
#22901=ORIENTED_EDGE('',*,*,#22527,.T.);
#22912=EDGE_CURVE($,#22351,#22518,#22917,.T.);
#22917=CIRCLE($,#22918,0.79374365);
#22918=AXIS2_PLACEMENT_3D($,#22847,#22920,#22921);
#22920=DIRECTION('',(1.0,0.0,0.0));
#22921=DIRECTION('',(0.0,0.707,-0.707));
#22911=ORIENTED_EDGE('',*,*,#22912,.F.);
#22922=ORIENTED_EDGE('',*,*,#22350,.T.);
#22891=EDGE_CURVE($,#22500,#22353,#22896,.T.);
#22896=CIRCLE($,#22897,0.79374365);
#22897=AXIS2_PLACEMENT_3D($,#22868,#22899,#22900);
#22899=DIRECTION('',(-1.0,0.0,0.0));
#22900=DIRECTION('',(0.0,-0.707,0.707));
#22890=ORIENTED_EDGE('',*,*,#22891,.F.);
#22932=STYLED_ITEM('color',(#34),#22933);
#22933=ADVANCED_FACE($,(#22939),#22934,.T.);
#22934=PLANE($,#22935);
#22935=AXIS2_PLACEMENT_3D($,#22936,#22937,#22938);
#22936=CARTESIAN_POINT('',(-6.033,1.27,0.794));
#22937=DIRECTION('',(1.0,0.0,0.0));
#22938=DIRECTION('',(1.,0.,0.));
#22939=FACE_OUTER_BOUND($,#22940,.T.);
#22940=EDGE_LOOP($,(#22943, #22953, #22963, #22973, #22984, #22994, #23004, #23014));
#22943=ORIENTED_EDGE('',*,*,#22331,.T.);
#22953=ORIENTED_EDGE('',*,*,#22252,.T.);
#22963=ORIENTED_EDGE('',*,*,#22360,.T.);
#22973=ORIENTED_EDGE('',*,*,#22912,.T.);
#22984=ORIENTED_EDGE('',*,*,#22517,.T.);
#22994=ORIENTED_EDGE('',*,*,#22674,.T.);
#23004=ORIENTED_EDGE('',*,*,#22399,.T.);
#23014=ORIENTED_EDGE('',*,*,#22840,.T.);
#23025=STYLED_ITEM('color',(#34),#23026);
#23026=ADVANCED_FACE($,(#23032),#23027,.T.);
#23027=PLANE($,#23028);
#23028=AXIS2_PLACEMENT_3D($,#23029,#23030,#23031);
#23029=CARTESIAN_POINT('',(-6.668,1.27,0.794));
#23030=DIRECTION('',(-1.0,0.0,0.0));
#23031=DIRECTION('',(-1.,0.,0.));
#23032=FACE_OUTER_BOUND($,#23033,.T.);
#23033=EDGE_LOOP($,(#23036, #23046, #23056, #23066, #23077, #23087, #23097, #23107));
#23036=ORIENTED_EDGE('',*,*,#22380,.T.);
#23046=ORIENTED_EDGE('',*,*,#22272,.T.);
#23056=ORIENTED_EDGE('',*,*,#22311,.T.);
#23066=ORIENTED_EDGE('',*,*,#22861,.T.);
#23077=ORIENTED_EDGE('',*,*,#22419,.T.);
#23087=ORIENTED_EDGE('',*,*,#22752,.T.);
#23097=ORIENTED_EDGE('',*,*,#22497,.T.);
#23107=ORIENTED_EDGE('',*,*,#22891,.T.);
#23118=MANIFOLD_SOLID_BREP($,#23119);
#23119=CLOSED_SHELL('',(#23123,#23172,#23221,#23270,#23319,#23368,#23417,#23466,#23515,#23564));
#23120=MANIFOLD_SOLID_BREP($,#23121);
#23121=CLOSED_SHELL('',(#23613,#23662,#23711,#23760,#23858,#23956,#24005,#24054,#24103,#24152,#24201,#24252,#24303,#24396));
#23122=STYLED_ITEM('',(#34),#23123);
#23123=ADVANCED_FACE('',(#23129),#23124,.T.);
#23124=PLANE('',#23125);
#23125=AXIS2_PLACEMENT_3D('',#23126,#23127,#23128);
#23126=CARTESIAN_POINT('',(-8.731,1.429,9.652));
#23127=DIRECTION('',(0.0,0.0,1.0));
#23128=DIRECTION('',(0.,1.,0.));
#23129=FACE_OUTER_BOUND('',#23130,.T.);
#23130=EDGE_LOOP('',(#23131,#23141,#23151,#23161));
#23134=CARTESIAN_POINT('',(-8.731,1.746,9.652));
#23133=VERTEX_POINT('',#23134);
#23136=CARTESIAN_POINT('',(-8.731,1.429,9.652));
#23135=VERTEX_POINT('',#23136);
#23132=EDGE_CURVE('',#23133,#23135,#23137,.T.);
#23137=LINE('',#23134,#23139);
#23139=VECTOR('',#23140,0.317499995742358);
#23140=DIRECTION('',(0.0,-1.0,0.0));
#23131=ORIENTED_EDGE('',*,*,#23132,.F.);
#23144=CARTESIAN_POINT('',(-9.049,1.746,9.652));
#23143=VERTEX_POINT('',#23144);
#23142=EDGE_CURVE('',#23143,#23133,#23147,.T.);
#23147=LINE('',#23144,#23149);
#23149=VECTOR('',#23150,0.317500012765022);
#23150=DIRECTION('',(1.0,0.0,0.0));
#23141=ORIENTED_EDGE('',*,*,#23142,.F.);
#23154=CARTESIAN_POINT('',(-9.049,1.429,9.652));
#23153=VERTEX_POINT('',#23154);
#23152=EDGE_CURVE('',#23153,#23143,#23157,.T.);
#23157=LINE('',#23154,#23159);
#23159=VECTOR('',#23160,0.317499995742358);
#23160=DIRECTION('',(0.0,1.0,0.0));
#23151=ORIENTED_EDGE('',*,*,#23152,.F.);
#23162=EDGE_CURVE('',#23135,#23153,#23167,.T.);
#23167=LINE('',#23136,#23169);
#23169=VECTOR('',#23170,0.317499995750263);
#23170=DIRECTION('',(-1.0,0.0,0.0));
#23161=ORIENTED_EDGE('',*,*,#23162,.F.);
#23171=STYLED_ITEM('',(#34),#23172);
#23172=ADVANCED_FACE('',(#23178),#23173,.T.);
#23173=PLANE('',#23174);
#23174=AXIS2_PLACEMENT_3D('',#23175,#23176,#23177);
#23175=CARTESIAN_POINT('',(-8.572,1.905,9.493));
#23176=DIRECTION('',(0.0,0.707,0.707));
#23177=DIRECTION('',(0.,0.,1.));
#23178=FACE_OUTER_BOUND('',#23179,.T.);
#23179=EDGE_LOOP('',(#23180,#23190,#23200,#23210));
#23183=CARTESIAN_POINT('',(-9.207,1.905,9.493));
#23182=VERTEX_POINT('',#23183);
#23185=CARTESIAN_POINT('',(-8.572,1.905,9.493));
#23184=VERTEX_POINT('',#23185);
#23181=EDGE_CURVE('',#23182,#23184,#23186,.T.);
#23186=LINE('',#23183,#23188);
#23188=VECTOR('',#23189,0.635000025530043);
#23189=DIRECTION('',(1.0,0.0,0.0));
#23180=ORIENTED_EDGE('',*,*,#23181,.F.);
#23191=EDGE_CURVE('',#23143,#23182,#23196,.T.);
#23196=LINE('',#23144,#23198);
#23198=VECTOR('',#23199,0.274963065701559);
#23199=DIRECTION('',(-0.577,0.577,-0.577));
#23190=ORIENTED_EDGE('',*,*,#23191,.F.);
#23200=ORIENTED_EDGE('',*,*,#23142,.T.);
#23211=EDGE_CURVE('',#23184,#23133,#23216,.T.);
#23216=LINE('',#23185,#23218);
#23218=VECTOR('',#23219,0.274963065701559);
#23219=DIRECTION('',(-0.577,-0.577,0.577));
#23210=ORIENTED_EDGE('',*,*,#23211,.F.);
#23220=STYLED_ITEM('',(#34),#23221);
#23221=ADVANCED_FACE('',(#23227),#23222,.T.);
#23222=PLANE('',#23223);
#23223=AXIS2_PLACEMENT_3D('',#23224,#23225,#23226);
#23224=CARTESIAN_POINT('',(-9.207,1.905,9.493));
#23225=DIRECTION('',(-0.707,0.0,0.707));
#23226=DIRECTION('',(0.,0.,1.));
#23227=FACE_OUTER_BOUND('',#23228,.T.);
#23228=EDGE_LOOP('',(#23229,#23239,#23249,#23259));
#23232=CARTESIAN_POINT('',(-9.208,1.27,9.493));
#23231=VERTEX_POINT('',#23232);
#23230=EDGE_CURVE('',#23231,#23182,#23235,.T.);
#23235=LINE('',#23232,#23237);
#23237=VECTOR('',#23238,0.634999991484716);
#23238=DIRECTION('',(0.0,1.0,0.0));
#23229=ORIENTED_EDGE('',*,*,#23230,.F.);
#23240=EDGE_CURVE('',#23153,#23231,#23245,.T.);
#23245=LINE('',#23154,#23247);
#23247=VECTOR('',#23248,0.274963065701559);
#23248=DIRECTION('',(-0.577,-0.577,-0.577));
#23239=ORIENTED_EDGE('',*,*,#23240,.F.);
#23249=ORIENTED_EDGE('',*,*,#23152,.T.);
#23259=ORIENTED_EDGE('',*,*,#23191,.T.);
#23269=STYLED_ITEM('',(#34),#23270);
#23270=ADVANCED_FACE('',(#23276),#23271,.T.);
#23271=PLANE('',#23272);
#23272=AXIS2_PLACEMENT_3D('',#23273,#23274,#23275);
#23273=CARTESIAN_POINT('',(-9.208,1.27,9.493));
#23274=DIRECTION('',(0.0,-0.707,0.707));
#23275=DIRECTION('',(0.,0.,1.));
#23276=FACE_OUTER_BOUND('',#23277,.T.);
#23277=EDGE_LOOP('',(#23278,#23288,#23298,#23308));
#23281=CARTESIAN_POINT('',(-8.573,1.27,9.493));
#23280=VERTEX_POINT('',#23281);
#23279=EDGE_CURVE('',#23280,#23231,#23284,.T.);
#23284=LINE('',#23281,#23286);
#23286=VECTOR('',#23287,0.634999991500525);
#23287=DIRECTION('',(-1.0,0.0,0.0));
#23278=ORIENTED_EDGE('',*,*,#23279,.F.);
#23289=EDGE_CURVE('',#23135,#23280,#23294,.T.);
#23294=LINE('',#23136,#23296);
#23296=VECTOR('',#23297,0.274963065701559);
#23297=DIRECTION('',(0.577,-0.577,-0.577));
#23288=ORIENTED_EDGE('',*,*,#23289,.F.);
#23298=ORIENTED_EDGE('',*,*,#23162,.T.);
#23308=ORIENTED_EDGE('',*,*,#23240,.T.);
#23318=STYLED_ITEM('',(#34),#23319);
#23319=ADVANCED_FACE('',(#23325),#23320,.T.);
#23320=PLANE('',#23321);
#23321=AXIS2_PLACEMENT_3D('',#23322,#23323,#23324);
#23322=CARTESIAN_POINT('',(-8.573,1.27,9.493));
#23323=DIRECTION('',(0.707,0.0,0.707));
#23324=DIRECTION('',(0.,0.,1.));
#23325=FACE_OUTER_BOUND('',#23326,.T.);
#23326=EDGE_LOOP('',(#23327,#23337,#23347,#23357));
#23328=EDGE_CURVE('',#23184,#23280,#23333,.T.);
#23333=LINE('',#23185,#23335);
#23335=VECTOR('',#23336,0.634999991484716);
#23336=DIRECTION('',(0.0,-1.0,0.0));
#23327=ORIENTED_EDGE('',*,*,#23328,.F.);
#23337=ORIENTED_EDGE('',*,*,#23211,.T.);
#23347=ORIENTED_EDGE('',*,*,#23132,.T.);
#23357=ORIENTED_EDGE('',*,*,#23289,.T.);
#23367=STYLED_ITEM('',(#34),#23368);
#23368=ADVANCED_FACE('',(#23374),#23369,.T.);
#23369=PLANE('',#23370);
#23370=AXIS2_PLACEMENT_3D('',#23371,#23372,#23373);
#23371=CARTESIAN_POINT('',(-8.572,1.905,3.924));
#23372=DIRECTION('',(0.0,1.0,0.0));
#23373=DIRECTION('',(0.,0.,1.));
#23374=FACE_OUTER_BOUND('',#23375,.T.);
#23375=EDGE_LOOP('',(#23376,#23386,#23396,#23406));
#23379=CARTESIAN_POINT('',(-9.207,1.905,3.924));
#23378=VERTEX_POINT('',#23379);
#23381=CARTESIAN_POINT('',(-8.572,1.905,3.924));
#23380=VERTEX_POINT('',#23381);
#23377=EDGE_CURVE('',#23378,#23380,#23382,.T.);
#23382=LINE('',#23379,#23384);
#23384=VECTOR('',#23385,0.635000025530043);
#23385=DIRECTION('',(1.0,0.0,0.0));
#23376=ORIENTED_EDGE('',*,*,#23377,.F.);
#23387=EDGE_CURVE('',#23182,#23378,#23392,.T.);
#23392=LINE('',#23183,#23394);
#23394=VECTOR('',#23395,5.5689754);
#23395=DIRECTION('',(0.0,0.0,-1.0));
#23386=ORIENTED_EDGE('',*,*,#23387,.F.);
#23396=ORIENTED_EDGE('',*,*,#23181,.T.);
#23407=EDGE_CURVE('',#23380,#23184,#23412,.T.);
#23412=LINE('',#23381,#23414);
#23414=VECTOR('',#23415,5.5689754);
#23415=DIRECTION('',(0.0,0.0,1.0));
#23406=ORIENTED_EDGE('',*,*,#23407,.F.);
#23416=STYLED_ITEM('',(#34),#23417);
#23417=ADVANCED_FACE('',(#23423),#23418,.T.);
#23418=PLANE('',#23419);
#23419=AXIS2_PLACEMENT_3D('',#23420,#23421,#23422);
#23420=CARTESIAN_POINT('',(-9.207,1.905,3.924));
#23421=DIRECTION('',(-1.0,0.0,0.0));
#23422=DIRECTION('',(0.,0.,1.));
#23423=FACE_OUTER_BOUND('',#23424,.T.);
#23424=EDGE_LOOP('',(#23425,#23435,#23445,#23455));
#23428=CARTESIAN_POINT('',(-9.208,1.27,3.924));
#23427=VERTEX_POINT('',#23428);
#23426=EDGE_CURVE('',#23427,#23378,#23431,.T.);
#23431=LINE('',#23428,#23433);
#23433=VECTOR('',#23434,0.634999991484716);
#23434=DIRECTION('',(0.0,1.0,0.0));
#23425=ORIENTED_EDGE('',*,*,#23426,.F.);
#23436=EDGE_CURVE('',#23231,#23427,#23441,.T.);
#23441=LINE('',#23232,#23443);
#23443=VECTOR('',#23444,5.5689754);
#23444=DIRECTION('',(0.0,0.0,-1.0));
#23435=ORIENTED_EDGE('',*,*,#23436,.F.);
#23445=ORIENTED_EDGE('',*,*,#23230,.T.);
#23455=ORIENTED_EDGE('',*,*,#23387,.T.);
#23465=STYLED_ITEM('',(#34),#23466);
#23466=ADVANCED_FACE('',(#23472),#23467,.T.);
#23467=PLANE('',#23468);
#23468=AXIS2_PLACEMENT_3D('',#23469,#23470,#23471);
#23469=CARTESIAN_POINT('',(-9.208,1.27,3.924));
#23470=DIRECTION('',(0.0,-1.0,0.0));
#23471=DIRECTION('',(0.,0.,1.));
#23472=FACE_OUTER_BOUND('',#23473,.T.);
#23473=EDGE_LOOP('',(#23474,#23484,#23494,#23504));
#23477=CARTESIAN_POINT('',(-8.573,1.27,3.924));
#23476=VERTEX_POINT('',#23477);
#23475=EDGE_CURVE('',#23476,#23427,#23480,.T.);
#23480=LINE('',#23477,#23482);
#23482=VECTOR('',#23483,0.634999991500525);
#23483=DIRECTION('',(-1.0,0.0,0.0));
#23474=ORIENTED_EDGE('',*,*,#23475,.F.);
#23485=EDGE_CURVE('',#23280,#23476,#23490,.T.);
#23490=LINE('',#23281,#23492);
#23492=VECTOR('',#23493,5.5689754);
#23493=DIRECTION('',(0.0,0.0,-1.0));
#23484=ORIENTED_EDGE('',*,*,#23485,.F.);
#23494=ORIENTED_EDGE('',*,*,#23279,.T.);
#23504=ORIENTED_EDGE('',*,*,#23436,.T.);
#23514=STYLED_ITEM('',(#34),#23515);
#23515=ADVANCED_FACE('',(#23521),#23516,.T.);
#23516=PLANE('',#23517);
#23517=AXIS2_PLACEMENT_3D('',#23518,#23519,#23520);
#23518=CARTESIAN_POINT('',(-8.573,1.27,3.924));
#23519=DIRECTION('',(1.0,0.0,0.0));
#23520=DIRECTION('',(0.,0.,1.));
#23521=FACE_OUTER_BOUND('',#23522,.T.);
#23522=EDGE_LOOP('',(#23523,#23533,#23543,#23553));
#23524=EDGE_CURVE('',#23380,#23476,#23529,.T.);
#23529=LINE('',#23381,#23531);
#23531=VECTOR('',#23532,0.634999991484716);
#23532=DIRECTION('',(0.0,-1.0,0.0));
#23523=ORIENTED_EDGE('',*,*,#23524,.F.);
#23533=ORIENTED_EDGE('',*,*,#23407,.T.);
#23543=ORIENTED_EDGE('',*,*,#23328,.T.);
#23553=ORIENTED_EDGE('',*,*,#23485,.T.);
#23563=STYLED_ITEM('',(#34),#23564);
#23564=ADVANCED_FACE('',(#23570),#23565,.T.);
#23565=PLANE('',#23566);
#23566=AXIS2_PLACEMENT_3D('',#23567,#23568,#23569);
#23567=CARTESIAN_POINT('',(-9.208,1.27,3.924));
#23568=DIRECTION('',(0.0,0.0,-1.0));
#23569=DIRECTION('',(0.,1.,0.));
#23570=FACE_OUTER_BOUND('',#23571,.T.);
#23571=EDGE_LOOP('',(#23572,#23582,#23592,#23602));
#23572=ORIENTED_EDGE('',*,*,#23426,.T.);
#23582=ORIENTED_EDGE('',*,*,#23377,.T.);
#23592=ORIENTED_EDGE('',*,*,#23524,.T.);
#23602=ORIENTED_EDGE('',*,*,#23475,.T.);
#23612=STYLED_ITEM('',(#34),#23613);
#23613=ADVANCED_FACE('',(#23619),#23614,.T.);
#23614=PLANE('',#23615);
#23615=AXIS2_PLACEMENT_3D('',#23616,#23617,#23618);
#23616=CARTESIAN_POINT('',(-8.573,1.27,0.952));
#23617=DIRECTION('',(0.0,0.0,1.0));
#23618=DIRECTION('',(0.,1.,0.));
#23619=FACE_OUTER_BOUND('',#23620,.T.);
#23620=EDGE_LOOP('',(#23621,#23631,#23641,#23651));
#23624=CARTESIAN_POINT('',(-8.572,1.905,0.952));
#23623=VERTEX_POINT('',#23624);
#23626=CARTESIAN_POINT('',(-8.573,1.27,0.952));
#23625=VERTEX_POINT('',#23626);
#23622=EDGE_CURVE('',#23623,#23625,#23627,.T.);
#23627=LINE('',#23624,#23629);
#23629=VECTOR('',#23630,0.634999991484716);
#23630=DIRECTION('',(0.0,-1.0,0.0));
#23621=ORIENTED_EDGE('',*,*,#23622,.F.);
#23634=CARTESIAN_POINT('',(-9.207,1.905,0.952));
#23633=VERTEX_POINT('',#23634);
#23632=EDGE_CURVE('',#23633,#23623,#23637,.T.);
#23637=LINE('',#23634,#23639);
#23639=VECTOR('',#23640,0.635000025530043);
#23640=DIRECTION('',(1.0,0.0,0.0));
#23631=ORIENTED_EDGE('',*,*,#23632,.F.);
#23644=CARTESIAN_POINT('',(-9.208,1.27,0.952));
#23643=VERTEX_POINT('',#23644);
#23642=EDGE_CURVE('',#23643,#23633,#23647,.T.);
#23647=LINE('',#23644,#23649);
#23649=VECTOR('',#23650,0.634999991484716);
#23650=DIRECTION('',(0.0,1.0,0.0));
#23641=ORIENTED_EDGE('',*,*,#23642,.F.);
#23652=EDGE_CURVE('',#23625,#23643,#23657,.T.);
#23657=LINE('',#23626,#23659);
#23659=VECTOR('',#23660,0.634999991500525);
#23660=DIRECTION('',(-1.0,0.0,0.0));
#23651=ORIENTED_EDGE('',*,*,#23652,.F.);
#23661=STYLED_ITEM('',(#34),#23662);
#23662=ADVANCED_FACE('',(#23668),#23663,.T.);
#23663=PLANE('',#23664);
#23664=AXIS2_PLACEMENT_3D('',#23665,#23666,#23667);
#23665=CARTESIAN_POINT('',(-8.572,1.905,0.794));
#23666=DIRECTION('',(0.0,1.0,0.0));
#23667=DIRECTION('',(0.,0.,1.));
#23668=FACE_OUTER_BOUND('',#23669,.T.);
#23669=EDGE_LOOP('',(#23670,#23680,#23690,#23700));
#23673=CARTESIAN_POINT('',(-9.207,1.905,0.794));
#23672=VERTEX_POINT('',#23673);
#23675=CARTESIAN_POINT('',(-8.572,1.905,0.794));
#23674=VERTEX_POINT('',#23675);
#23671=EDGE_CURVE('',#23672,#23674,#23676,.T.);
#23676=LINE('',#23673,#23678);
#23678=VECTOR('',#23679,0.635000025530043);
#23679=DIRECTION('',(1.0,0.0,0.0));
#23670=ORIENTED_EDGE('',*,*,#23671,.F.);
#23681=EDGE_CURVE('',#23633,#23672,#23686,.T.);
#23686=LINE('',#23634,#23688);
#23688=VECTOR('',#23689,0.15874365);
#23689=DIRECTION('',(0.0,0.0,-1.0));
#23680=ORIENTED_EDGE('',*,*,#23681,.F.);
#23690=ORIENTED_EDGE('',*,*,#23632,.T.);
#23701=EDGE_CURVE('',#23674,#23623,#23706,.T.);
#23706=LINE('',#23675,#23708);
#23708=VECTOR('',#23709,0.15874365);
#23709=DIRECTION('',(0.0,0.0,1.0));
#23700=ORIENTED_EDGE('',*,*,#23701,.F.);
#23710=STYLED_ITEM('',(#34),#23711);
#23711=ADVANCED_FACE('',(#23717),#23712,.T.);
#23712=PLANE('',#23713);
#23713=AXIS2_PLACEMENT_3D('',#23714,#23715,#23716);
#23714=CARTESIAN_POINT('',(-9.208,1.27,0.794));
#23715=DIRECTION('',(0.0,-1.0,0.0));
#23716=DIRECTION('',(0.,0.,1.));
#23717=FACE_OUTER_BOUND('',#23718,.T.);
#23718=EDGE_LOOP('',(#23719,#23729,#23739,#23749));
#23722=CARTESIAN_POINT('',(-8.573,1.27,0.794));
#23721=VERTEX_POINT('',#23722);
#23724=CARTESIAN_POINT('',(-9.208,1.27,0.794));
#23723=VERTEX_POINT('',#23724);
#23720=EDGE_CURVE('',#23721,#23723,#23725,.T.);
#23725=LINE('',#23722,#23727);
#23727=VECTOR('',#23728,0.634999991500525);
#23728=DIRECTION('',(-1.0,0.0,0.0));
#23719=ORIENTED_EDGE('',*,*,#23720,.F.);
#23730=EDGE_CURVE('',#23625,#23721,#23735,.T.);
#23735=LINE('',#23626,#23737);
#23737=VECTOR('',#23738,0.15874365);
#23738=DIRECTION('',(0.0,0.0,-1.0));
#23729=ORIENTED_EDGE('',*,*,#23730,.F.);
#23739=ORIENTED_EDGE('',*,*,#23652,.T.);
#23750=EDGE_CURVE('',#23723,#23643,#23755,.T.);
#23755=LINE('',#23724,#23757);
#23757=VECTOR('',#23758,0.15874365);
#23758=DIRECTION('',(0.0,0.0,1.0));
#23749=ORIENTED_EDGE('',*,*,#23750,.F.);
#23759=STYLED_ITEM('',(#34),#23760);
#23760=ADVANCED_FACE('',(#23766),#23761,.T.);
#23761=PLANE('',#23762);
#23762=AXIS2_PLACEMENT_3D('',#23763,#23764,#23765);
#23763=CARTESIAN_POINT('',(-8.572,2.064,0.635));
#23764=DIRECTION('',(0.0,0.0,1.0));
#23765=DIRECTION('',(0.,1.,0.));
#23766=FACE_OUTER_BOUND('',#23767,.T.);
#23767=EDGE_LOOP('',(#23768,#23778,#23788,#23798));
#23771=CARTESIAN_POINT('',(-8.572,3.842,0.635));
#23770=VERTEX_POINT('',#23771);
#23773=CARTESIAN_POINT('',(-8.572,2.064,0.635));
#23772=VERTEX_POINT('',#23773);
#23769=EDGE_CURVE('',#23770,#23772,#23774,.T.);
#23774=LINE('',#23771,#23776);
#23776=VECTOR('',#23777,1.77800634757545);
#23777=DIRECTION('',(0.0,-1.0,0.0));
#23768=ORIENTED_EDGE('',*,*,#23769,.F.);
#23781=CARTESIAN_POINT('',(-9.207,3.842,0.635));
#23780=VERTEX_POINT('',#23781);
#23779=EDGE_CURVE('',#23780,#23770,#23784,.T.);
#23784=LINE('',#23781,#23786);
#23786=VECTOR('',#23787,0.635000230858432);
#23787=DIRECTION('',(1.0,0.0,0.0));
#23778=ORIENTED_EDGE('',*,*,#23779,.F.);
#23791=CARTESIAN_POINT('',(-9.207,2.064,0.635));
#23790=VERTEX_POINT('',#23791);
#23789=EDGE_CURVE('',#23790,#23780,#23794,.T.);
#23794=LINE('',#23791,#23796);
#23796=VECTOR('',#23797,1.77800634757545);
#23797=DIRECTION('',(0.0,1.0,0.0));
#23788=ORIENTED_EDGE('',*,*,#23789,.F.);
#23799=EDGE_CURVE('',#23772,#23790,#23804,.T.);
#23804=LINE('',#23773,#23806);
#23806=VECTOR('',#23807,0.635000041498694);
#23807=DIRECTION('',(-1.0,0.0,0.0));
#23798=ORIENTED_EDGE('',*,*,#23799,.F.);
#23857=STYLED_ITEM('',(#34),#23858);
#23858=ADVANCED_FACE('',(#23864),#23859,.T.);
#23859=PLANE('',#23860);
#23860=AXIS2_PLACEMENT_3D('',#23861,#23862,#23863);
#23861=CARTESIAN_POINT('',(-9.207,2.064,0.0));
#23862=DIRECTION('',(0.0,0.0,-1.0));
#23863=DIRECTION('',(0.,1.,0.));
#23864=FACE_OUTER_BOUND('',#23865,.T.);
#23865=EDGE_LOOP('',(#23866,#23876,#23886,#23896));
#23869=CARTESIAN_POINT('',(-9.207,3.842,0.0));
#23868=VERTEX_POINT('',#23869);
#23871=CARTESIAN_POINT('',(-9.207,2.064,0.0));
#23870=VERTEX_POINT('',#23871);
#23867=EDGE_CURVE('',#23868,#23870,#23872,.T.);
#23872=LINE('',#23869,#23874);
#23874=VECTOR('',#23875,1.77800634757545);
#23875=DIRECTION('',(0.0,-1.0,0.0));
#23866=ORIENTED_EDGE('',*,*,#23867,.F.);
#23879=CARTESIAN_POINT('',(-8.572,3.842,0.0));
#23878=VERTEX_POINT('',#23879);
#23877=EDGE_CURVE('',#23878,#23868,#23882,.T.);
#23882=LINE('',#23879,#23884);
#23884=VECTOR('',#23885,0.635000230858432);
#23885=DIRECTION('',(-1.0,0.0,0.0));
#23876=ORIENTED_EDGE('',*,*,#23877,.F.);
#23889=CARTESIAN_POINT('',(-8.572,2.064,0.0));
#23888=VERTEX_POINT('',#23889);
#23887=EDGE_CURVE('',#23888,#23878,#23892,.T.);
#23892=LINE('',#23889,#23894);
#23894=VECTOR('',#23895,1.77800634757545);
#23895=DIRECTION('',(0.0,1.0,0.0));
#23886=ORIENTED_EDGE('',*,*,#23887,.F.);
#23897=EDGE_CURVE('',#23870,#23888,#23902,.T.);
#23902=LINE('',#23871,#23904);
#23904=VECTOR('',#23905,0.635000041498694);
#23905=DIRECTION('',(1.0,0.0,0.0));
#23896=ORIENTED_EDGE('',*,*,#23897,.F.);
#23955=STYLED_ITEM('',(#34),#23956);
#23956=ADVANCED_FACE('',(#23962),#23957,.T.);
#23957=PLANE('',#23958);
#23958=AXIS2_PLACEMENT_3D('',#23959,#23960,#23961);
#23959=CARTESIAN_POINT('',(-8.731,4.0,0.476));
#23960=DIRECTION('',(0.0,0.707,0.707));
#23961=DIRECTION('',(0.,0.,1.));
#23962=FACE_OUTER_BOUND('',#23963,.T.);
#23963=EDGE_LOOP('',(#23964,#23974,#23984,#23994));
#23967=CARTESIAN_POINT('',(-9.049,4.001,0.476));
#23966=VERTEX_POINT('',#23967);
#23969=CARTESIAN_POINT('',(-8.731,4.0,0.476));
#23968=VERTEX_POINT('',#23969);
#23965=EDGE_CURVE('',#23966,#23968,#23970,.T.);
#23970=LINE('',#23967,#23972);
#23972=VECTOR('',#23973,0.317500253221195);
#23973=DIRECTION('',(1.0,0.0,0.0));
#23964=ORIENTED_EDGE('',*,*,#23965,.F.);
#23975=EDGE_CURVE('',#23780,#23966,#23980,.T.);
#23980=LINE('',#23781,#23982);
#23982=VECTOR('',#23983,0.274963063823214);
#23983=DIRECTION('',(0.577,0.577,-0.577));
#23974=ORIENTED_EDGE('',*,*,#23975,.F.);
#23984=ORIENTED_EDGE('',*,*,#23779,.T.);
#23995=EDGE_CURVE('',#23968,#23770,#24000,.T.);
#24000=LINE('',#23969,#24002);
#24002=VECTOR('',#24003,0.274963063823214);
#24003=DIRECTION('',(0.577,-0.577,0.577));
#23994=ORIENTED_EDGE('',*,*,#23995,.F.);
#24004=STYLED_ITEM('',(#34),#24005);
#24005=ADVANCED_FACE('',(#24011),#24006,.T.);
#24006=PLANE('',#24007);
#24007=AXIS2_PLACEMENT_3D('',#24008,#24009,#24010);
#24008=CARTESIAN_POINT('',(-8.572,3.842,0.0));
#24009=DIRECTION('',(0.707,0.707,0.0));
#24010=DIRECTION('',(0.,0.,1.));
#24011=FACE_OUTER_BOUND('',#24012,.T.);
#24012=EDGE_LOOP('',(#24013,#24023,#24033,#24043));
#24016=CARTESIAN_POINT('',(-8.731,4.0,0.159));
#24015=VERTEX_POINT('',#24016);
#24014=EDGE_CURVE('',#24015,#23878,#24019,.T.);
#24019=LINE('',#24016,#24021);
#24021=VECTOR('',#24022,0.274963063823214);
#24022=DIRECTION('',(0.577,-0.577,-0.577));
#24013=ORIENTED_EDGE('',*,*,#24014,.F.);
#24024=EDGE_CURVE('',#23968,#24015,#24029,.T.);
#24029=LINE('',#23969,#24031);
#24031=VECTOR('',#24032,0.3175);
#24032=DIRECTION('',(0.0,0.0,-1.0));
#24023=ORIENTED_EDGE('',*,*,#24024,.F.);
#24033=ORIENTED_EDGE('',*,*,#23995,.T.);
#24044=EDGE_CURVE('',#23878,#23770,#24049,.T.);
#24049=LINE('',#23879,#24051);
#24051=VECTOR('',#24052,0.635);
#24052=DIRECTION('',(0.0,0.0,1.0));
#24043=ORIENTED_EDGE('',*,*,#24044,.F.);
#24053=STYLED_ITEM('',(#34),#24054);
#24054=ADVANCED_FACE('',(#24060),#24055,.T.);
#24055=PLANE('',#24056);
#24056=AXIS2_PLACEMENT_3D('',#24057,#24058,#24059);
#24057=CARTESIAN_POINT('',(-8.572,3.842,0.0));
#24058=DIRECTION('',(0.0,0.707,-0.707));
#24059=DIRECTION('',(0.,0.,1.));
#24060=FACE_OUTER_BOUND('',#24061,.T.);
#24061=EDGE_LOOP('',(#24062,#24072,#24082,#24092));
#24062=ORIENTED_EDGE('',*,*,#23877,.T.);
#24075=CARTESIAN_POINT('',(-9.049,4.001,0.159));
#24074=VERTEX_POINT('',#24075);
#24073=EDGE_CURVE('',#24074,#23868,#24078,.T.);
#24078=LINE('',#24075,#24080);
#24080=VECTOR('',#24081,0.274963063823214);
#24081=DIRECTION('',(-0.577,-0.577,-0.577));
#24072=ORIENTED_EDGE('',*,*,#24073,.F.);
#24083=EDGE_CURVE('',#24015,#24074,#24088,.T.);
#24088=LINE('',#24016,#24090);
#24090=VECTOR('',#24091,0.317500253221195);
#24091=DIRECTION('',(-1.0,0.0,0.0));
#24082=ORIENTED_EDGE('',*,*,#24083,.F.);
#24092=ORIENTED_EDGE('',*,*,#24014,.T.);
#24102=STYLED_ITEM('',(#34),#24103);
#24103=ADVANCED_FACE('',(#24109),#24104,.T.);
#24104=PLANE('',#24105);
#24105=AXIS2_PLACEMENT_3D('',#24106,#24107,#24108);
#24106=CARTESIAN_POINT('',(-9.049,4.001,0.159));
#24107=DIRECTION('',(-0.707,0.707,0.0));
#24108=DIRECTION('',(0.,0.,1.));
#24109=FACE_OUTER_BOUND('',#24110,.T.);
#24110=EDGE_LOOP('',(#24111,#24121,#24131,#24141));
#24111=ORIENTED_EDGE('',*,*,#24073,.T.);
#24122=EDGE_CURVE('',#23780,#23868,#24127,.T.);
#24127=LINE('',#23781,#24129);
#24129=VECTOR('',#24130,0.635);
#24130=DIRECTION('',(0.0,0.0,-1.0));
#24121=ORIENTED_EDGE('',*,*,#24122,.F.);
#24131=ORIENTED_EDGE('',*,*,#23975,.T.);
#24142=EDGE_CURVE('',#24074,#23966,#24147,.T.);
#24147=LINE('',#24075,#24149);
#24149=VECTOR('',#24150,0.3175);
#24150=DIRECTION('',(0.0,0.0,1.0));
#24141=ORIENTED_EDGE('',*,*,#24142,.F.);
#24151=STYLED_ITEM('',(#34),#24152);
#24152=ADVANCED_FACE('',(#24158),#24153,.T.);
#24153=PLANE('',#24154);
#24154=AXIS2_PLACEMENT_3D('',#24155,#24156,#24157);
#24155=CARTESIAN_POINT('',(-8.731,4.0,0.159));
#24156=DIRECTION('',(0.0,1.0,0.0));
#24157=DIRECTION('',(0.,0.,1.));
#24158=FACE_OUTER_BOUND('',#24159,.T.);
#24159=EDGE_LOOP('',(#24160,#24170,#24180,#24190));
#24160=ORIENTED_EDGE('',*,*,#24083,.T.);
#24170=ORIENTED_EDGE('',*,*,#24142,.T.);
#24180=ORIENTED_EDGE('',*,*,#23965,.T.);
#24190=ORIENTED_EDGE('',*,*,#24024,.T.);
#24200=STYLED_ITEM($,(#34),#24201);
#24201=ADVANCED_FACE($,(#24207),#24202,.F.);
#24202=CYLINDRICAL_SURFACE($,#24203,0.15874365);
#24203=AXIS2_PLACEMENT_3D($,#24204,#24205,#24206);
#24204=CARTESIAN_POINT('',(-8.572,2.064,0.794));
#24205=DIRECTION('',(1.0,0.0,0.0));
#24206=DIRECTION('',(0.,0.,1.));
#24207=FACE_OUTER_BOUND($,#24208,.T.);
#24208=EDGE_LOOP($,(#24220,#24230,#24241,#24209));
#24220=ORIENTED_EDGE('',*,*,#23799,.T.);
#24231=EDGE_CURVE($,#23672,#23790,#24236,.T.);
#24236=CIRCLE($,#24237,0.15874365);
#24238=CARTESIAN_POINT('',(-9.207,2.064,0.794));
#24237=AXIS2_PLACEMENT_3D($,#24238,#24239,#24240);
#24239=DIRECTION('',(1.0,0.0,0.0));
#24240=DIRECTION('',(0.0,0.707,-0.707));
#24230=ORIENTED_EDGE('',*,*,#24231,.F.);
#24241=ORIENTED_EDGE('',*,*,#23671,.T.);
#24210=EDGE_CURVE($,#23772,#23674,#24215,.T.);
#24215=CIRCLE($,#24216,0.15874365);
#24217=CARTESIAN_POINT('',(-8.572,2.064,0.794));
#24216=AXIS2_PLACEMENT_3D($,#24217,#24218,#24219);
#24218=DIRECTION('',(-1.0,0.0,0.0));
#24219=DIRECTION('',(0.0,-0.707,0.707));
#24209=ORIENTED_EDGE('',*,*,#24210,.F.);
#24251=STYLED_ITEM($,(#34),#24252);
#24252=ADVANCED_FACE($,(#24258),#24253,.T.);
#24253=CYLINDRICAL_SURFACE($,#24254,0.79374365);
#24254=AXIS2_PLACEMENT_3D($,#24255,#24256,#24257);
#24255=CARTESIAN_POINT('',(-8.572,2.064,0.794));
#24256=DIRECTION('',(-1.0,0.0,0.0));
#24257=DIRECTION('',(0.,0.,1.));
#24258=FACE_OUTER_BOUND($,#24259,.T.);
#24259=EDGE_LOOP($,(#24271,#24281,#24292,#24260));
#24271=ORIENTED_EDGE('',*,*,#23897,.T.);
#24282=EDGE_CURVE($,#23721,#23888,#24287,.T.);
#24287=CIRCLE($,#24288,0.79374365);
#24288=AXIS2_PLACEMENT_3D($,#24217,#24290,#24291);
#24290=DIRECTION('',(1.0,0.0,0.0));
#24291=DIRECTION('',(0.0,0.707,-0.707));
#24281=ORIENTED_EDGE('',*,*,#24282,.F.);
#24292=ORIENTED_EDGE('',*,*,#23720,.T.);
#24261=EDGE_CURVE($,#23870,#23723,#24266,.T.);
#24266=CIRCLE($,#24267,0.79374365);
#24267=AXIS2_PLACEMENT_3D($,#24238,#24269,#24270);
#24269=DIRECTION('',(-1.0,0.0,0.0));
#24270=DIRECTION('',(0.0,-0.707,0.707));
#24260=ORIENTED_EDGE('',*,*,#24261,.F.);
#24302=STYLED_ITEM('color',(#34),#24303);
#24303=ADVANCED_FACE($,(#24309),#24304,.T.);
#24304=PLANE($,#24305);
#24305=AXIS2_PLACEMENT_3D($,#24306,#24307,#24308);
#24306=CARTESIAN_POINT('',(-8.573,1.27,0.794));
#24307=DIRECTION('',(1.0,0.0,0.0));
#24308=DIRECTION('',(1.,0.,0.));
#24309=FACE_OUTER_BOUND($,#24310,.T.);
#24310=EDGE_LOOP($,(#24313, #24323, #24333, #24343, #24354, #24364, #24374, #24384));
#24313=ORIENTED_EDGE('',*,*,#23701,.T.);
#24323=ORIENTED_EDGE('',*,*,#23622,.T.);
#24333=ORIENTED_EDGE('',*,*,#23730,.T.);
#24343=ORIENTED_EDGE('',*,*,#24282,.T.);
#24354=ORIENTED_EDGE('',*,*,#23887,.T.);
#24364=ORIENTED_EDGE('',*,*,#24044,.T.);
#24374=ORIENTED_EDGE('',*,*,#23769,.T.);
#24384=ORIENTED_EDGE('',*,*,#24210,.T.);
#24395=STYLED_ITEM('color',(#34),#24396);
#24396=ADVANCED_FACE($,(#24402),#24397,.T.);
#24397=PLANE($,#24398);
#24398=AXIS2_PLACEMENT_3D($,#24399,#24400,#24401);
#24399=CARTESIAN_POINT('',(-9.208,1.27,0.794));
#24400=DIRECTION('',(-1.0,0.0,0.0));
#24401=DIRECTION('',(-1.,0.,0.));
#24402=FACE_OUTER_BOUND($,#24403,.T.);
#24403=EDGE_LOOP($,(#24406, #24416, #24426, #24436, #24447, #24457, #24467, #24477));
#24406=ORIENTED_EDGE('',*,*,#23750,.T.);
#24416=ORIENTED_EDGE('',*,*,#23642,.T.);
#24426=ORIENTED_EDGE('',*,*,#23681,.T.);
#24436=ORIENTED_EDGE('',*,*,#24231,.T.);
#24447=ORIENTED_EDGE('',*,*,#23789,.T.);
#24457=ORIENTED_EDGE('',*,*,#24122,.T.);
#24467=ORIENTED_EDGE('',*,*,#23867,.T.);
#24477=ORIENTED_EDGE('',*,*,#24261,.T.);
#24488=MANIFOLD_SOLID_BREP($,#24489);
#24489=CLOSED_SHELL('',(#24493,#24542,#24591,#24640,#24689,#24738,#24787,#24836,#24885,#24934));
#24490=MANIFOLD_SOLID_BREP($,#24491);
#24491=CLOSED_SHELL('',(#24983,#25032,#25081,#25130,#25228,#25326,#25375,#25424,#25473,#25522,#25571,#25622,#25673,#25766));
#24492=STYLED_ITEM('',(#34),#24493);
#24493=ADVANCED_FACE('',(#24499),#24494,.T.);
#24494=PLANE('',#24495);
#24495=AXIS2_PLACEMENT_3D('',#24496,#24497,#24498);
#24496=CARTESIAN_POINT('',(-11.271,1.429,9.652));
#24497=DIRECTION('',(0.0,0.0,1.0));
#24498=DIRECTION('',(0.,1.,0.));
#24499=FACE_OUTER_BOUND('',#24500,.T.);
#24500=EDGE_LOOP('',(#24501,#24511,#24521,#24531));
#24504=CARTESIAN_POINT('',(-11.271,1.746,9.652));
#24503=VERTEX_POINT('',#24504);
#24506=CARTESIAN_POINT('',(-11.271,1.429,9.652));
#24505=VERTEX_POINT('',#24506);
#24502=EDGE_CURVE('',#24503,#24505,#24507,.T.);
#24507=LINE('',#24504,#24509);
#24509=VECTOR('',#24510,0.317499995742358);
#24510=DIRECTION('',(0.0,-1.0,0.0));
#24501=ORIENTED_EDGE('',*,*,#24502,.F.);
#24514=CARTESIAN_POINT('',(-11.589,1.746,9.652));
#24513=VERTEX_POINT('',#24514);
#24512=EDGE_CURVE('',#24513,#24503,#24517,.T.);
#24517=LINE('',#24514,#24519);
#24519=VECTOR('',#24520,0.317500012765022);
#24520=DIRECTION('',(1.0,0.0,0.0));
#24511=ORIENTED_EDGE('',*,*,#24512,.F.);
#24524=CARTESIAN_POINT('',(-11.589,1.429,9.652));
#24523=VERTEX_POINT('',#24524);
#24522=EDGE_CURVE('',#24523,#24513,#24527,.T.);
#24527=LINE('',#24524,#24529);
#24529=VECTOR('',#24530,0.317499995742358);
#24530=DIRECTION('',(0.0,1.0,0.0));
#24521=ORIENTED_EDGE('',*,*,#24522,.F.);
#24532=EDGE_CURVE('',#24505,#24523,#24537,.T.);
#24537=LINE('',#24506,#24539);
#24539=VECTOR('',#24540,0.317499995750263);
#24540=DIRECTION('',(-1.0,0.0,0.0));
#24531=ORIENTED_EDGE('',*,*,#24532,.F.);
#24541=STYLED_ITEM('',(#34),#24542);
#24542=ADVANCED_FACE('',(#24548),#24543,.T.);
#24543=PLANE('',#24544);
#24544=AXIS2_PLACEMENT_3D('',#24545,#24546,#24547);
#24545=CARTESIAN_POINT('',(-11.112,1.905,9.493));
#24546=DIRECTION('',(0.0,0.707,0.707));
#24547=DIRECTION('',(0.,0.,1.));
#24548=FACE_OUTER_BOUND('',#24549,.T.);
#24549=EDGE_LOOP('',(#24550,#24560,#24570,#24580));
#24553=CARTESIAN_POINT('',(-11.747,1.905,9.493));
#24552=VERTEX_POINT('',#24553);
#24555=CARTESIAN_POINT('',(-11.112,1.905,9.493));
#24554=VERTEX_POINT('',#24555);
#24551=EDGE_CURVE('',#24552,#24554,#24556,.T.);
#24556=LINE('',#24553,#24558);
#24558=VECTOR('',#24559,0.635000025530043);
#24559=DIRECTION('',(1.0,0.0,0.0));
#24550=ORIENTED_EDGE('',*,*,#24551,.F.);
#24561=EDGE_CURVE('',#24513,#24552,#24566,.T.);
#24566=LINE('',#24514,#24568);
#24568=VECTOR('',#24569,0.274963065701559);
#24569=DIRECTION('',(-0.577,0.577,-0.577));
#24560=ORIENTED_EDGE('',*,*,#24561,.F.);
#24570=ORIENTED_EDGE('',*,*,#24512,.T.);
#24581=EDGE_CURVE('',#24554,#24503,#24586,.T.);
#24586=LINE('',#24555,#24588);
#24588=VECTOR('',#24589,0.274963065701559);
#24589=DIRECTION('',(-0.577,-0.577,0.577));
#24580=ORIENTED_EDGE('',*,*,#24581,.F.);
#24590=STYLED_ITEM('',(#34),#24591);
#24591=ADVANCED_FACE('',(#24597),#24592,.T.);
#24592=PLANE('',#24593);
#24593=AXIS2_PLACEMENT_3D('',#24594,#24595,#24596);
#24594=CARTESIAN_POINT('',(-11.747,1.905,9.493));
#24595=DIRECTION('',(-0.707,0.0,0.707));
#24596=DIRECTION('',(0.,0.,1.));
#24597=FACE_OUTER_BOUND('',#24598,.T.);
#24598=EDGE_LOOP('',(#24599,#24609,#24619,#24629));
#24602=CARTESIAN_POINT('',(-11.748,1.27,9.493));
#24601=VERTEX_POINT('',#24602);
#24600=EDGE_CURVE('',#24601,#24552,#24605,.T.);
#24605=LINE('',#24602,#24607);
#24607=VECTOR('',#24608,0.634999991484716);
#24608=DIRECTION('',(0.0,1.0,0.0));
#24599=ORIENTED_EDGE('',*,*,#24600,.F.);
#24610=EDGE_CURVE('',#24523,#24601,#24615,.T.);
#24615=LINE('',#24524,#24617);
#24617=VECTOR('',#24618,0.274963065701559);
#24618=DIRECTION('',(-0.577,-0.577,-0.577));
#24609=ORIENTED_EDGE('',*,*,#24610,.F.);
#24619=ORIENTED_EDGE('',*,*,#24522,.T.);
#24629=ORIENTED_EDGE('',*,*,#24561,.T.);
#24639=STYLED_ITEM('',(#34),#24640);
#24640=ADVANCED_FACE('',(#24646),#24641,.T.);
#24641=PLANE('',#24642);
#24642=AXIS2_PLACEMENT_3D('',#24643,#24644,#24645);
#24643=CARTESIAN_POINT('',(-11.748,1.27,9.493));
#24644=DIRECTION('',(0.0,-0.707,0.707));
#24645=DIRECTION('',(0.,0.,1.));
#24646=FACE_OUTER_BOUND('',#24647,.T.);
#24647=EDGE_LOOP('',(#24648,#24658,#24668,#24678));
#24651=CARTESIAN_POINT('',(-11.113,1.27,9.493));
#24650=VERTEX_POINT('',#24651);
#24649=EDGE_CURVE('',#24650,#24601,#24654,.T.);
#24654=LINE('',#24651,#24656);
#24656=VECTOR('',#24657,0.634999991500525);
#24657=DIRECTION('',(-1.0,0.0,0.0));
#24648=ORIENTED_EDGE('',*,*,#24649,.F.);
#24659=EDGE_CURVE('',#24505,#24650,#24664,.T.);
#24664=LINE('',#24506,#24666);
#24666=VECTOR('',#24667,0.274963065701559);
#24667=DIRECTION('',(0.577,-0.577,-0.577));
#24658=ORIENTED_EDGE('',*,*,#24659,.F.);
#24668=ORIENTED_EDGE('',*,*,#24532,.T.);
#24678=ORIENTED_EDGE('',*,*,#24610,.T.);
#24688=STYLED_ITEM('',(#34),#24689);
#24689=ADVANCED_FACE('',(#24695),#24690,.T.);
#24690=PLANE('',#24691);
#24691=AXIS2_PLACEMENT_3D('',#24692,#24693,#24694);
#24692=CARTESIAN_POINT('',(-11.113,1.27,9.493));
#24693=DIRECTION('',(0.707,0.0,0.707));
#24694=DIRECTION('',(0.,0.,1.));
#24695=FACE_OUTER_BOUND('',#24696,.T.);
#24696=EDGE_LOOP('',(#24697,#24707,#24717,#24727));
#24698=EDGE_CURVE('',#24554,#24650,#24703,.T.);
#24703=LINE('',#24555,#24705);
#24705=VECTOR('',#24706,0.634999991484716);
#24706=DIRECTION('',(0.0,-1.0,0.0));
#24697=ORIENTED_EDGE('',*,*,#24698,.F.);
#24707=ORIENTED_EDGE('',*,*,#24581,.T.);
#24717=ORIENTED_EDGE('',*,*,#24502,.T.);
#24727=ORIENTED_EDGE('',*,*,#24659,.T.);
#24737=STYLED_ITEM('',(#34),#24738);
#24738=ADVANCED_FACE('',(#24744),#24739,.T.);
#24739=PLANE('',#24740);
#24740=AXIS2_PLACEMENT_3D('',#24741,#24742,#24743);
#24741=CARTESIAN_POINT('',(-11.112,1.905,3.924));
#24742=DIRECTION('',(0.0,1.0,0.0));
#24743=DIRECTION('',(0.,0.,1.));
#24744=FACE_OUTER_BOUND('',#24745,.T.);
#24745=EDGE_LOOP('',(#24746,#24756,#24766,#24776));
#24749=CARTESIAN_POINT('',(-11.747,1.905,3.924));
#24748=VERTEX_POINT('',#24749);
#24751=CARTESIAN_POINT('',(-11.112,1.905,3.924));
#24750=VERTEX_POINT('',#24751);
#24747=EDGE_CURVE('',#24748,#24750,#24752,.T.);
#24752=LINE('',#24749,#24754);
#24754=VECTOR('',#24755,0.635000025530043);
#24755=DIRECTION('',(1.0,0.0,0.0));
#24746=ORIENTED_EDGE('',*,*,#24747,.F.);
#24757=EDGE_CURVE('',#24552,#24748,#24762,.T.);
#24762=LINE('',#24553,#24764);
#24764=VECTOR('',#24765,5.5689754);
#24765=DIRECTION('',(0.0,0.0,-1.0));
#24756=ORIENTED_EDGE('',*,*,#24757,.F.);
#24766=ORIENTED_EDGE('',*,*,#24551,.T.);
#24777=EDGE_CURVE('',#24750,#24554,#24782,.T.);
#24782=LINE('',#24751,#24784);
#24784=VECTOR('',#24785,5.5689754);
#24785=DIRECTION('',(0.0,0.0,1.0));
#24776=ORIENTED_EDGE('',*,*,#24777,.F.);
#24786=STYLED_ITEM('',(#34),#24787);
#24787=ADVANCED_FACE('',(#24793),#24788,.T.);
#24788=PLANE('',#24789);
#24789=AXIS2_PLACEMENT_3D('',#24790,#24791,#24792);
#24790=CARTESIAN_POINT('',(-11.747,1.905,3.924));
#24791=DIRECTION('',(-1.0,0.0,0.0));
#24792=DIRECTION('',(0.,0.,1.));
#24793=FACE_OUTER_BOUND('',#24794,.T.);
#24794=EDGE_LOOP('',(#24795,#24805,#24815,#24825));
#24798=CARTESIAN_POINT('',(-11.748,1.27,3.924));
#24797=VERTEX_POINT('',#24798);
#24796=EDGE_CURVE('',#24797,#24748,#24801,.T.);
#24801=LINE('',#24798,#24803);
#24803=VECTOR('',#24804,0.634999991484716);
#24804=DIRECTION('',(0.0,1.0,0.0));
#24795=ORIENTED_EDGE('',*,*,#24796,.F.);
#24806=EDGE_CURVE('',#24601,#24797,#24811,.T.);
#24811=LINE('',#24602,#24813);
#24813=VECTOR('',#24814,5.5689754);
#24814=DIRECTION('',(0.0,0.0,-1.0));
#24805=ORIENTED_EDGE('',*,*,#24806,.F.);
#24815=ORIENTED_EDGE('',*,*,#24600,.T.);
#24825=ORIENTED_EDGE('',*,*,#24757,.T.);
#24835=STYLED_ITEM('',(#34),#24836);
#24836=ADVANCED_FACE('',(#24842),#24837,.T.);
#24837=PLANE('',#24838);
#24838=AXIS2_PLACEMENT_3D('',#24839,#24840,#24841);
#24839=CARTESIAN_POINT('',(-11.748,1.27,3.924));
#24840=DIRECTION('',(0.0,-1.0,0.0));
#24841=DIRECTION('',(0.,0.,1.));
#24842=FACE_OUTER_BOUND('',#24843,.T.);
#24843=EDGE_LOOP('',(#24844,#24854,#24864,#24874));
#24847=CARTESIAN_POINT('',(-11.113,1.27,3.924));
#24846=VERTEX_POINT('',#24847);
#24845=EDGE_CURVE('',#24846,#24797,#24850,.T.);
#24850=LINE('',#24847,#24852);
#24852=VECTOR('',#24853,0.634999991500525);
#24853=DIRECTION('',(-1.0,0.0,0.0));
#24844=ORIENTED_EDGE('',*,*,#24845,.F.);
#24855=EDGE_CURVE('',#24650,#24846,#24860,.T.);
#24860=LINE('',#24651,#24862);
#24862=VECTOR('',#24863,5.5689754);
#24863=DIRECTION('',(0.0,0.0,-1.0));
#24854=ORIENTED_EDGE('',*,*,#24855,.F.);
#24864=ORIENTED_EDGE('',*,*,#24649,.T.);
#24874=ORIENTED_EDGE('',*,*,#24806,.T.);
#24884=STYLED_ITEM('',(#34),#24885);
#24885=ADVANCED_FACE('',(#24891),#24886,.T.);
#24886=PLANE('',#24887);
#24887=AXIS2_PLACEMENT_3D('',#24888,#24889,#24890);
#24888=CARTESIAN_POINT('',(-11.113,1.27,3.924));
#24889=DIRECTION('',(1.0,0.0,0.0));
#24890=DIRECTION('',(0.,0.,1.));
#24891=FACE_OUTER_BOUND('',#24892,.T.);
#24892=EDGE_LOOP('',(#24893,#24903,#24913,#24923));
#24894=EDGE_CURVE('',#24750,#24846,#24899,.T.);
#24899=LINE('',#24751,#24901);
#24901=VECTOR('',#24902,0.634999991484716);
#24902=DIRECTION('',(0.0,-1.0,0.0));
#24893=ORIENTED_EDGE('',*,*,#24894,.F.);
#24903=ORIENTED_EDGE('',*,*,#24777,.T.);
#24913=ORIENTED_EDGE('',*,*,#24698,.T.);
#24923=ORIENTED_EDGE('',*,*,#24855,.T.);
#24933=STYLED_ITEM('',(#34),#24934);
#24934=ADVANCED_FACE('',(#24940),#24935,.T.);
#24935=PLANE('',#24936);
#24936=AXIS2_PLACEMENT_3D('',#24937,#24938,#24939);
#24937=CARTESIAN_POINT('',(-11.748,1.27,3.924));
#24938=DIRECTION('',(0.0,0.0,-1.0));
#24939=DIRECTION('',(0.,1.,0.));
#24940=FACE_OUTER_BOUND('',#24941,.T.);
#24941=EDGE_LOOP('',(#24942,#24952,#24962,#24972));
#24942=ORIENTED_EDGE('',*,*,#24796,.T.);
#24952=ORIENTED_EDGE('',*,*,#24747,.T.);
#24962=ORIENTED_EDGE('',*,*,#24894,.T.);
#24972=ORIENTED_EDGE('',*,*,#24845,.T.);
#24982=STYLED_ITEM('',(#34),#24983);
#24983=ADVANCED_FACE('',(#24989),#24984,.T.);
#24984=PLANE('',#24985);
#24985=AXIS2_PLACEMENT_3D('',#24986,#24987,#24988);
#24986=CARTESIAN_POINT('',(-11.113,1.27,0.952));
#24987=DIRECTION('',(0.0,0.0,1.0));
#24988=DIRECTION('',(0.,1.,0.));
#24989=FACE_OUTER_BOUND('',#24990,.T.);
#24990=EDGE_LOOP('',(#24991,#25001,#25011,#25021));
#24994=CARTESIAN_POINT('',(-11.112,1.905,0.952));
#24993=VERTEX_POINT('',#24994);
#24996=CARTESIAN_POINT('',(-11.113,1.27,0.952));
#24995=VERTEX_POINT('',#24996);
#24992=EDGE_CURVE('',#24993,#24995,#24997,.T.);
#24997=LINE('',#24994,#24999);
#24999=VECTOR('',#25000,0.634999991484716);
#25000=DIRECTION('',(0.0,-1.0,0.0));
#24991=ORIENTED_EDGE('',*,*,#24992,.F.);
#25004=CARTESIAN_POINT('',(-11.747,1.905,0.952));
#25003=VERTEX_POINT('',#25004);
#25002=EDGE_CURVE('',#25003,#24993,#25007,.T.);
#25007=LINE('',#25004,#25009);
#25009=VECTOR('',#25010,0.635000025530043);
#25010=DIRECTION('',(1.0,0.0,0.0));
#25001=ORIENTED_EDGE('',*,*,#25002,.F.);
#25014=CARTESIAN_POINT('',(-11.748,1.27,0.952));
#25013=VERTEX_POINT('',#25014);
#25012=EDGE_CURVE('',#25013,#25003,#25017,.T.);
#25017=LINE('',#25014,#25019);
#25019=VECTOR('',#25020,0.634999991484716);
#25020=DIRECTION('',(0.0,1.0,0.0));
#25011=ORIENTED_EDGE('',*,*,#25012,.F.);
#25022=EDGE_CURVE('',#24995,#25013,#25027,.T.);
#25027=LINE('',#24996,#25029);
#25029=VECTOR('',#25030,0.634999991500525);
#25030=DIRECTION('',(-1.0,0.0,0.0));
#25021=ORIENTED_EDGE('',*,*,#25022,.F.);
#25031=STYLED_ITEM('',(#34),#25032);
#25032=ADVANCED_FACE('',(#25038),#25033,.T.);
#25033=PLANE('',#25034);
#25034=AXIS2_PLACEMENT_3D('',#25035,#25036,#25037);
#25035=CARTESIAN_POINT('',(-11.112,1.905,0.794));
#25036=DIRECTION('',(0.0,1.0,0.0));
#25037=DIRECTION('',(0.,0.,1.));
#25038=FACE_OUTER_BOUND('',#25039,.T.);
#25039=EDGE_LOOP('',(#25040,#25050,#25060,#25070));
#25043=CARTESIAN_POINT('',(-11.747,1.905,0.794));
#25042=VERTEX_POINT('',#25043);
#25045=CARTESIAN_POINT('',(-11.112,1.905,0.794));
#25044=VERTEX_POINT('',#25045);
#25041=EDGE_CURVE('',#25042,#25044,#25046,.T.);
#25046=LINE('',#25043,#25048);
#25048=VECTOR('',#25049,0.635000025530043);
#25049=DIRECTION('',(1.0,0.0,0.0));
#25040=ORIENTED_EDGE('',*,*,#25041,.F.);
#25051=EDGE_CURVE('',#25003,#25042,#25056,.T.);
#25056=LINE('',#25004,#25058);
#25058=VECTOR('',#25059,0.15874365);
#25059=DIRECTION('',(0.0,0.0,-1.0));
#25050=ORIENTED_EDGE('',*,*,#25051,.F.);
#25060=ORIENTED_EDGE('',*,*,#25002,.T.);
#25071=EDGE_CURVE('',#25044,#24993,#25076,.T.);
#25076=LINE('',#25045,#25078);
#25078=VECTOR('',#25079,0.15874365);
#25079=DIRECTION('',(0.0,0.0,1.0));
#25070=ORIENTED_EDGE('',*,*,#25071,.F.);
#25080=STYLED_ITEM('',(#34),#25081);
#25081=ADVANCED_FACE('',(#25087),#25082,.T.);
#25082=PLANE('',#25083);
#25083=AXIS2_PLACEMENT_3D('',#25084,#25085,#25086);
#25084=CARTESIAN_POINT('',(-11.748,1.27,0.794));
#25085=DIRECTION('',(0.0,-1.0,0.0));
#25086=DIRECTION('',(0.,0.,1.));
#25087=FACE_OUTER_BOUND('',#25088,.T.);
#25088=EDGE_LOOP('',(#25089,#25099,#25109,#25119));
#25092=CARTESIAN_POINT('',(-11.113,1.27,0.794));
#25091=VERTEX_POINT('',#25092);
#25094=CARTESIAN_POINT('',(-11.748,1.27,0.794));
#25093=VERTEX_POINT('',#25094);
#25090=EDGE_CURVE('',#25091,#25093,#25095,.T.);
#25095=LINE('',#25092,#25097);
#25097=VECTOR('',#25098,0.634999991500525);
#25098=DIRECTION('',(-1.0,0.0,0.0));
#25089=ORIENTED_EDGE('',*,*,#25090,.F.);
#25100=EDGE_CURVE('',#24995,#25091,#25105,.T.);
#25105=LINE('',#24996,#25107);
#25107=VECTOR('',#25108,0.15874365);
#25108=DIRECTION('',(0.0,0.0,-1.0));
#25099=ORIENTED_EDGE('',*,*,#25100,.F.);
#25109=ORIENTED_EDGE('',*,*,#25022,.T.);
#25120=EDGE_CURVE('',#25093,#25013,#25125,.T.);
#25125=LINE('',#25094,#25127);
#25127=VECTOR('',#25128,0.15874365);
#25128=DIRECTION('',(0.0,0.0,1.0));
#25119=ORIENTED_EDGE('',*,*,#25120,.F.);
#25129=STYLED_ITEM('',(#34),#25130);
#25130=ADVANCED_FACE('',(#25136),#25131,.T.);
#25131=PLANE('',#25132);
#25132=AXIS2_PLACEMENT_3D('',#25133,#25134,#25135);
#25133=CARTESIAN_POINT('',(-11.112,2.064,0.635));
#25134=DIRECTION('',(0.0,0.0,1.0));
#25135=DIRECTION('',(0.,1.,0.));
#25136=FACE_OUTER_BOUND('',#25137,.T.);
#25137=EDGE_LOOP('',(#25138,#25148,#25158,#25168));
#25141=CARTESIAN_POINT('',(-11.112,3.842,0.635));
#25140=VERTEX_POINT('',#25141);
#25143=CARTESIAN_POINT('',(-11.112,2.064,0.635));
#25142=VERTEX_POINT('',#25143);
#25139=EDGE_CURVE('',#25140,#25142,#25144,.T.);
#25144=LINE('',#25141,#25146);
#25146=VECTOR('',#25147,1.77800634757545);
#25147=DIRECTION('',(0.0,-1.0,0.0));
#25138=ORIENTED_EDGE('',*,*,#25139,.F.);
#25151=CARTESIAN_POINT('',(-11.747,3.842,0.635));
#25150=VERTEX_POINT('',#25151);
#25149=EDGE_CURVE('',#25150,#25140,#25154,.T.);
#25154=LINE('',#25151,#25156);
#25156=VECTOR('',#25157,0.635000230858432);
#25157=DIRECTION('',(1.0,0.0,0.0));
#25148=ORIENTED_EDGE('',*,*,#25149,.F.);
#25161=CARTESIAN_POINT('',(-11.747,2.064,0.635));
#25160=VERTEX_POINT('',#25161);
#25159=EDGE_CURVE('',#25160,#25150,#25164,.T.);
#25164=LINE('',#25161,#25166);
#25166=VECTOR('',#25167,1.77800634757545);
#25167=DIRECTION('',(0.0,1.0,0.0));
#25158=ORIENTED_EDGE('',*,*,#25159,.F.);
#25169=EDGE_CURVE('',#25142,#25160,#25174,.T.);
#25174=LINE('',#25143,#25176);
#25176=VECTOR('',#25177,0.635000041498694);
#25177=DIRECTION('',(-1.0,0.0,0.0));
#25168=ORIENTED_EDGE('',*,*,#25169,.F.);
#25227=STYLED_ITEM('',(#34),#25228);
#25228=ADVANCED_FACE('',(#25234),#25229,.T.);
#25229=PLANE('',#25230);
#25230=AXIS2_PLACEMENT_3D('',#25231,#25232,#25233);
#25231=CARTESIAN_POINT('',(-11.747,2.064,0.0));
#25232=DIRECTION('',(0.0,0.0,-1.0));
#25233=DIRECTION('',(0.,1.,0.));
#25234=FACE_OUTER_BOUND('',#25235,.T.);
#25235=EDGE_LOOP('',(#25236,#25246,#25256,#25266));
#25239=CARTESIAN_POINT('',(-11.747,3.842,0.0));
#25238=VERTEX_POINT('',#25239);
#25241=CARTESIAN_POINT('',(-11.747,2.064,0.0));
#25240=VERTEX_POINT('',#25241);
#25237=EDGE_CURVE('',#25238,#25240,#25242,.T.);
#25242=LINE('',#25239,#25244);
#25244=VECTOR('',#25245,1.77800634757545);
#25245=DIRECTION('',(0.0,-1.0,0.0));
#25236=ORIENTED_EDGE('',*,*,#25237,.F.);
#25249=CARTESIAN_POINT('',(-11.112,3.842,0.0));
#25248=VERTEX_POINT('',#25249);
#25247=EDGE_CURVE('',#25248,#25238,#25252,.T.);
#25252=LINE('',#25249,#25254);
#25254=VECTOR('',#25255,0.635000230858432);
#25255=DIRECTION('',(-1.0,0.0,0.0));
#25246=ORIENTED_EDGE('',*,*,#25247,.F.);
#25259=CARTESIAN_POINT('',(-11.112,2.064,0.0));
#25258=VERTEX_POINT('',#25259);
#25257=EDGE_CURVE('',#25258,#25248,#25262,.T.);
#25262=LINE('',#25259,#25264);
#25264=VECTOR('',#25265,1.77800634757545);
#25265=DIRECTION('',(0.0,1.0,0.0));
#25256=ORIENTED_EDGE('',*,*,#25257,.F.);
#25267=EDGE_CURVE('',#25240,#25258,#25272,.T.);
#25272=LINE('',#25241,#25274);
#25274=VECTOR('',#25275,0.635000041498694);
#25275=DIRECTION('',(1.0,0.0,0.0));
#25266=ORIENTED_EDGE('',*,*,#25267,.F.);
#25325=STYLED_ITEM('',(#34),#25326);
#25326=ADVANCED_FACE('',(#25332),#25327,.T.);
#25327=PLANE('',#25328);
#25328=AXIS2_PLACEMENT_3D('',#25329,#25330,#25331);
#25329=CARTESIAN_POINT('',(-11.271,4.0,0.476));
#25330=DIRECTION('',(0.0,0.707,0.707));
#25331=DIRECTION('',(0.,0.,1.));
#25332=FACE_OUTER_BOUND('',#25333,.T.);
#25333=EDGE_LOOP('',(#25334,#25344,#25354,#25364));
#25337=CARTESIAN_POINT('',(-11.589,4.001,0.476));
#25336=VERTEX_POINT('',#25337);
#25339=CARTESIAN_POINT('',(-11.271,4.0,0.476));
#25338=VERTEX_POINT('',#25339);
#25335=EDGE_CURVE('',#25336,#25338,#25340,.T.);
#25340=LINE('',#25337,#25342);
#25342=VECTOR('',#25343,0.317500253221195);
#25343=DIRECTION('',(1.0,0.0,0.0));
#25334=ORIENTED_EDGE('',*,*,#25335,.F.);
#25345=EDGE_CURVE('',#25150,#25336,#25350,.T.);
#25350=LINE('',#25151,#25352);
#25352=VECTOR('',#25353,0.274963063823214);
#25353=DIRECTION('',(0.577,0.577,-0.577));
#25344=ORIENTED_EDGE('',*,*,#25345,.F.);
#25354=ORIENTED_EDGE('',*,*,#25149,.T.);
#25365=EDGE_CURVE('',#25338,#25140,#25370,.T.);
#25370=LINE('',#25339,#25372);
#25372=VECTOR('',#25373,0.274963063823214);
#25373=DIRECTION('',(0.577,-0.577,0.577));
#25364=ORIENTED_EDGE('',*,*,#25365,.F.);
#25374=STYLED_ITEM('',(#34),#25375);
#25375=ADVANCED_FACE('',(#25381),#25376,.T.);
#25376=PLANE('',#25377);
#25377=AXIS2_PLACEMENT_3D('',#25378,#25379,#25380);
#25378=CARTESIAN_POINT('',(-11.112,3.842,0.0));
#25379=DIRECTION('',(0.707,0.707,0.0));
#25380=DIRECTION('',(0.,0.,1.));
#25381=FACE_OUTER_BOUND('',#25382,.T.);
#25382=EDGE_LOOP('',(#25383,#25393,#25403,#25413));
#25386=CARTESIAN_POINT('',(-11.271,4.0,0.159));
#25385=VERTEX_POINT('',#25386);
#25384=EDGE_CURVE('',#25385,#25248,#25389,.T.);
#25389=LINE('',#25386,#25391);
#25391=VECTOR('',#25392,0.274963063823214);
#25392=DIRECTION('',(0.577,-0.577,-0.577));
#25383=ORIENTED_EDGE('',*,*,#25384,.F.);
#25394=EDGE_CURVE('',#25338,#25385,#25399,.T.);
#25399=LINE('',#25339,#25401);
#25401=VECTOR('',#25402,0.3175);
#25402=DIRECTION('',(0.0,0.0,-1.0));
#25393=ORIENTED_EDGE('',*,*,#25394,.F.);
#25403=ORIENTED_EDGE('',*,*,#25365,.T.);
#25414=EDGE_CURVE('',#25248,#25140,#25419,.T.);
#25419=LINE('',#25249,#25421);
#25421=VECTOR('',#25422,0.635);
#25422=DIRECTION('',(0.0,0.0,1.0));
#25413=ORIENTED_EDGE('',*,*,#25414,.F.);
#25423=STYLED_ITEM('',(#34),#25424);
#25424=ADVANCED_FACE('',(#25430),#25425,.T.);
#25425=PLANE('',#25426);
#25426=AXIS2_PLACEMENT_3D('',#25427,#25428,#25429);
#25427=CARTESIAN_POINT('',(-11.112,3.842,0.0));
#25428=DIRECTION('',(0.0,0.707,-0.707));
#25429=DIRECTION('',(0.,0.,1.));
#25430=FACE_OUTER_BOUND('',#25431,.T.);
#25431=EDGE_LOOP('',(#25432,#25442,#25452,#25462));
#25432=ORIENTED_EDGE('',*,*,#25247,.T.);
#25445=CARTESIAN_POINT('',(-11.589,4.001,0.159));
#25444=VERTEX_POINT('',#25445);
#25443=EDGE_CURVE('',#25444,#25238,#25448,.T.);
#25448=LINE('',#25445,#25450);
#25450=VECTOR('',#25451,0.274963063823214);
#25451=DIRECTION('',(-0.577,-0.577,-0.577));
#25442=ORIENTED_EDGE('',*,*,#25443,.F.);
#25453=EDGE_CURVE('',#25385,#25444,#25458,.T.);
#25458=LINE('',#25386,#25460);
#25460=VECTOR('',#25461,0.317500253221195);
#25461=DIRECTION('',(-1.0,0.0,0.0));
#25452=ORIENTED_EDGE('',*,*,#25453,.F.);
#25462=ORIENTED_EDGE('',*,*,#25384,.T.);
#25472=STYLED_ITEM('',(#34),#25473);
#25473=ADVANCED_FACE('',(#25479),#25474,.T.);
#25474=PLANE('',#25475);
#25475=AXIS2_PLACEMENT_3D('',#25476,#25477,#25478);
#25476=CARTESIAN_POINT('',(-11.589,4.001,0.159));
#25477=DIRECTION('',(-0.707,0.707,0.0));
#25478=DIRECTION('',(0.,0.,1.));
#25479=FACE_OUTER_BOUND('',#25480,.T.);
#25480=EDGE_LOOP('',(#25481,#25491,#25501,#25511));
#25481=ORIENTED_EDGE('',*,*,#25443,.T.);
#25492=EDGE_CURVE('',#25150,#25238,#25497,.T.);
#25497=LINE('',#25151,#25499);
#25499=VECTOR('',#25500,0.635);
#25500=DIRECTION('',(0.0,0.0,-1.0));
#25491=ORIENTED_EDGE('',*,*,#25492,.F.);
#25501=ORIENTED_EDGE('',*,*,#25345,.T.);
#25512=EDGE_CURVE('',#25444,#25336,#25517,.T.);
#25517=LINE('',#25445,#25519);
#25519=VECTOR('',#25520,0.3175);
#25520=DIRECTION('',(0.0,0.0,1.0));
#25511=ORIENTED_EDGE('',*,*,#25512,.F.);
#25521=STYLED_ITEM('',(#34),#25522);
#25522=ADVANCED_FACE('',(#25528),#25523,.T.);
#25523=PLANE('',#25524);
#25524=AXIS2_PLACEMENT_3D('',#25525,#25526,#25527);
#25525=CARTESIAN_POINT('',(-11.271,4.0,0.159));
#25526=DIRECTION('',(0.0,1.0,0.0));
#25527=DIRECTION('',(0.,0.,1.));
#25528=FACE_OUTER_BOUND('',#25529,.T.);
#25529=EDGE_LOOP('',(#25530,#25540,#25550,#25560));
#25530=ORIENTED_EDGE('',*,*,#25453,.T.);
#25540=ORIENTED_EDGE('',*,*,#25512,.T.);
#25550=ORIENTED_EDGE('',*,*,#25335,.T.);
#25560=ORIENTED_EDGE('',*,*,#25394,.T.);
#25570=STYLED_ITEM($,(#34),#25571);
#25571=ADVANCED_FACE($,(#25577),#25572,.F.);
#25572=CYLINDRICAL_SURFACE($,#25573,0.15874365);
#25573=AXIS2_PLACEMENT_3D($,#25574,#25575,#25576);
#25574=CARTESIAN_POINT('',(-11.112,2.064,0.794));
#25575=DIRECTION('',(1.0,0.0,0.0));
#25576=DIRECTION('',(0.,0.,1.));
#25577=FACE_OUTER_BOUND($,#25578,.T.);
#25578=EDGE_LOOP($,(#25590,#25600,#25611,#25579));
#25590=ORIENTED_EDGE('',*,*,#25169,.T.);
#25601=EDGE_CURVE($,#25042,#25160,#25606,.T.);
#25606=CIRCLE($,#25607,0.15874365);
#25608=CARTESIAN_POINT('',(-11.747,2.064,0.794));
#25607=AXIS2_PLACEMENT_3D($,#25608,#25609,#25610);
#25609=DIRECTION('',(1.0,0.0,0.0));
#25610=DIRECTION('',(0.0,0.707,-0.707));
#25600=ORIENTED_EDGE('',*,*,#25601,.F.);
#25611=ORIENTED_EDGE('',*,*,#25041,.T.);
#25580=EDGE_CURVE($,#25142,#25044,#25585,.T.);
#25585=CIRCLE($,#25586,0.15874365);
#25587=CARTESIAN_POINT('',(-11.112,2.064,0.794));
#25586=AXIS2_PLACEMENT_3D($,#25587,#25588,#25589);
#25588=DIRECTION('',(-1.0,0.0,0.0));
#25589=DIRECTION('',(0.0,-0.707,0.707));
#25579=ORIENTED_EDGE('',*,*,#25580,.F.);
#25621=STYLED_ITEM($,(#34),#25622);
#25622=ADVANCED_FACE($,(#25628),#25623,.T.);
#25623=CYLINDRICAL_SURFACE($,#25624,0.79374365);
#25624=AXIS2_PLACEMENT_3D($,#25625,#25626,#25627);
#25625=CARTESIAN_POINT('',(-11.112,2.064,0.794));
#25626=DIRECTION('',(-1.0,0.0,0.0));
#25627=DIRECTION('',(0.,0.,1.));
#25628=FACE_OUTER_BOUND($,#25629,.T.);
#25629=EDGE_LOOP($,(#25641,#25651,#25662,#25630));
#25641=ORIENTED_EDGE('',*,*,#25267,.T.);
#25652=EDGE_CURVE($,#25091,#25258,#25657,.T.);
#25657=CIRCLE($,#25658,0.79374365);
#25658=AXIS2_PLACEMENT_3D($,#25587,#25660,#25661);
#25660=DIRECTION('',(1.0,0.0,0.0));
#25661=DIRECTION('',(0.0,0.707,-0.707));
#25651=ORIENTED_EDGE('',*,*,#25652,.F.);
#25662=ORIENTED_EDGE('',*,*,#25090,.T.);
#25631=EDGE_CURVE($,#25240,#25093,#25636,.T.);
#25636=CIRCLE($,#25637,0.79374365);
#25637=AXIS2_PLACEMENT_3D($,#25608,#25639,#25640);
#25639=DIRECTION('',(-1.0,0.0,0.0));
#25640=DIRECTION('',(0.0,-0.707,0.707));
#25630=ORIENTED_EDGE('',*,*,#25631,.F.);
#25672=STYLED_ITEM('color',(#34),#25673);
#25673=ADVANCED_FACE($,(#25679),#25674,.T.);
#25674=PLANE($,#25675);
#25675=AXIS2_PLACEMENT_3D($,#25676,#25677,#25678);
#25676=CARTESIAN_POINT('',(-11.113,1.27,0.794));
#25677=DIRECTION('',(1.0,0.0,0.0));
#25678=DIRECTION('',(1.,0.,0.));
#25679=FACE_OUTER_BOUND($,#25680,.T.);
#25680=EDGE_LOOP($,(#25683, #25693, #25703, #25713, #25724, #25734, #25744, #25754));
#25683=ORIENTED_EDGE('',*,*,#25071,.T.);
#25693=ORIENTED_EDGE('',*,*,#24992,.T.);
#25703=ORIENTED_EDGE('',*,*,#25100,.T.);
#25713=ORIENTED_EDGE('',*,*,#25652,.T.);
#25724=ORIENTED_EDGE('',*,*,#25257,.T.);
#25734=ORIENTED_EDGE('',*,*,#25414,.T.);
#25744=ORIENTED_EDGE('',*,*,#25139,.T.);
#25754=ORIENTED_EDGE('',*,*,#25580,.T.);
#25765=STYLED_ITEM('color',(#34),#25766);
#25766=ADVANCED_FACE($,(#25772),#25767,.T.);
#25767=PLANE($,#25768);
#25768=AXIS2_PLACEMENT_3D($,#25769,#25770,#25771);
#25769=CARTESIAN_POINT('',(-11.748,1.27,0.794));
#25770=DIRECTION('',(-1.0,0.0,0.0));
#25771=DIRECTION('',(-1.,0.,0.));
#25772=FACE_OUTER_BOUND($,#25773,.T.);
#25773=EDGE_LOOP($,(#25776, #25786, #25796, #25806, #25817, #25827, #25837, #25847));
#25776=ORIENTED_EDGE('',*,*,#25120,.T.);
#25786=ORIENTED_EDGE('',*,*,#25012,.T.);
#25796=ORIENTED_EDGE('',*,*,#25051,.T.);
#25806=ORIENTED_EDGE('',*,*,#25601,.T.);
#25817=ORIENTED_EDGE('',*,*,#25159,.T.);
#25827=ORIENTED_EDGE('',*,*,#25492,.T.);
#25837=ORIENTED_EDGE('',*,*,#25237,.T.);
#25847=ORIENTED_EDGE('',*,*,#25631,.T.);
#25858=MANIFOLD_SOLID_BREP($,#25859);
#25859=CLOSED_SHELL('',(#25863,#25912,#25961,#26010,#26059,#26108,#26157,#26206,#26255,#26304));
#25860=MANIFOLD_SOLID_BREP($,#25861);
#25861=CLOSED_SHELL('',(#26353,#26402,#26451,#26500,#26598,#26696,#26745,#26794,#26843,#26892,#26941,#26992,#27043,#27136));
#25862=STYLED_ITEM('',(#34),#25863);
#25863=ADVANCED_FACE('',(#25869),#25864,.T.);
#25864=PLANE('',#25865);
#25865=AXIS2_PLACEMENT_3D('',#25866,#25867,#25868);
#25866=CARTESIAN_POINT('',(11.271,-1.429,9.652));
#25867=DIRECTION('',(0.0,0.0,1.0));
#25868=DIRECTION('',(0.,1.,0.));
#25869=FACE_OUTER_BOUND('',#25870,.T.);
#25870=EDGE_LOOP('',(#25871,#25881,#25891,#25901));
#25874=CARTESIAN_POINT('',(11.271,-1.746,9.652));
#25873=VERTEX_POINT('',#25874);
#25876=CARTESIAN_POINT('',(11.271,-1.429,9.652));
#25875=VERTEX_POINT('',#25876);
#25872=EDGE_CURVE('',#25873,#25875,#25877,.T.);
#25877=LINE('',#25874,#25879);
#25879=VECTOR('',#25880,0.317499995742357);
#25880=DIRECTION('',(0.0,1.0,0.0));
#25871=ORIENTED_EDGE('',*,*,#25872,.F.);
#25884=CARTESIAN_POINT('',(11.589,-1.746,9.652));
#25883=VERTEX_POINT('',#25884);
#25882=EDGE_CURVE('',#25883,#25873,#25887,.T.);
#25887=LINE('',#25884,#25889);
#25889=VECTOR('',#25890,0.317500012765021);
#25890=DIRECTION('',(-1.0,0.0,0.0));
#25881=ORIENTED_EDGE('',*,*,#25882,.F.);
#25894=CARTESIAN_POINT('',(11.589,-1.429,9.652));
#25893=VERTEX_POINT('',#25894);
#25892=EDGE_CURVE('',#25893,#25883,#25897,.T.);
#25897=LINE('',#25894,#25899);
#25899=VECTOR('',#25900,0.317499995742358);
#25900=DIRECTION('',(0.0,-1.0,0.0));
#25891=ORIENTED_EDGE('',*,*,#25892,.F.);
#25902=EDGE_CURVE('',#25875,#25893,#25907,.T.);
#25907=LINE('',#25876,#25909);
#25909=VECTOR('',#25910,0.317499995750262);
#25910=DIRECTION('',(1.0,0.0,0.0));
#25901=ORIENTED_EDGE('',*,*,#25902,.F.);
#25911=STYLED_ITEM('',(#34),#25912);
#25912=ADVANCED_FACE('',(#25918),#25913,.T.);
#25913=PLANE('',#25914);
#25914=AXIS2_PLACEMENT_3D('',#25915,#25916,#25917);
#25915=CARTESIAN_POINT('',(11.112,-1.905,9.493));
#25916=DIRECTION('',(0.0,-0.707,0.707));
#25917=DIRECTION('',(0.,0.,1.));
#25918=FACE_OUTER_BOUND('',#25919,.T.);
#25919=EDGE_LOOP('',(#25920,#25930,#25940,#25950));
#25923=CARTESIAN_POINT('',(11.747,-1.905,9.493));
#25922=VERTEX_POINT('',#25923);
#25925=CARTESIAN_POINT('',(11.112,-1.905,9.493));
#25924=VERTEX_POINT('',#25925);
#25921=EDGE_CURVE('',#25922,#25924,#25926,.T.);
#25926=LINE('',#25923,#25928);
#25928=VECTOR('',#25929,0.635000025530044);
#25929=DIRECTION('',(-1.0,0.0,0.0));
#25920=ORIENTED_EDGE('',*,*,#25921,.F.);
#25931=EDGE_CURVE('',#25883,#25922,#25936,.T.);
#25936=LINE('',#25884,#25938);
#25938=VECTOR('',#25939,0.274963065701559);
#25939=DIRECTION('',(0.577,-0.577,-0.577));
#25930=ORIENTED_EDGE('',*,*,#25931,.F.);
#25940=ORIENTED_EDGE('',*,*,#25882,.T.);
#25951=EDGE_CURVE('',#25924,#25873,#25956,.T.);
#25956=LINE('',#25925,#25958);
#25958=VECTOR('',#25959,0.27496306570156);
#25959=DIRECTION('',(0.577,0.577,0.577));
#25950=ORIENTED_EDGE('',*,*,#25951,.F.);
#25960=STYLED_ITEM('',(#34),#25961);
#25961=ADVANCED_FACE('',(#25967),#25962,.T.);
#25962=PLANE('',#25963);
#25963=AXIS2_PLACEMENT_3D('',#25964,#25965,#25966);
#25964=CARTESIAN_POINT('',(11.747,-1.905,9.493));
#25965=DIRECTION('',(0.707,0.0,0.707));
#25966=DIRECTION('',(0.,0.,1.));
#25967=FACE_OUTER_BOUND('',#25968,.T.);
#25968=EDGE_LOOP('',(#25969,#25979,#25989,#25999));
#25972=CARTESIAN_POINT('',(11.748,-1.27,9.493));
#25971=VERTEX_POINT('',#25972);
#25970=EDGE_CURVE('',#25971,#25922,#25975,.T.);
#25975=LINE('',#25972,#25977);
#25977=VECTOR('',#25978,0.634999991484716);
#25978=DIRECTION('',(0.0,-1.0,0.0));
#25969=ORIENTED_EDGE('',*,*,#25970,.F.);
#25980=EDGE_CURVE('',#25893,#25971,#25985,.T.);
#25985=LINE('',#25894,#25987);
#25987=VECTOR('',#25988,0.274963065701559);
#25988=DIRECTION('',(0.577,0.577,-0.577));
#25979=ORIENTED_EDGE('',*,*,#25980,.F.);
#25989=ORIENTED_EDGE('',*,*,#25892,.T.);
#25999=ORIENTED_EDGE('',*,*,#25931,.T.);
#26009=STYLED_ITEM('',(#34),#26010);
#26010=ADVANCED_FACE('',(#26016),#26011,.T.);
#26011=PLANE('',#26012);
#26012=AXIS2_PLACEMENT_3D('',#26013,#26014,#26015);
#26013=CARTESIAN_POINT('',(11.748,-1.27,9.493));
#26014=DIRECTION('',(0.0,0.707,0.707));
#26015=DIRECTION('',(0.,0.,1.));
#26016=FACE_OUTER_BOUND('',#26017,.T.);
#26017=EDGE_LOOP('',(#26018,#26028,#26038,#26048));
#26021=CARTESIAN_POINT('',(11.113,-1.27,9.493));
#26020=VERTEX_POINT('',#26021);
#26019=EDGE_CURVE('',#26020,#25971,#26024,.T.);
#26024=LINE('',#26021,#26026);
#26026=VECTOR('',#26027,0.634999991500525);
#26027=DIRECTION('',(1.0,0.0,0.0));
#26018=ORIENTED_EDGE('',*,*,#26019,.F.);
#26029=EDGE_CURVE('',#25875,#26020,#26034,.T.);
#26034=LINE('',#25876,#26036);
#26036=VECTOR('',#26037,0.27496306570156);
#26037=DIRECTION('',(-0.577,0.577,-0.577));
#26028=ORIENTED_EDGE('',*,*,#26029,.F.);
#26038=ORIENTED_EDGE('',*,*,#25902,.T.);
#26048=ORIENTED_EDGE('',*,*,#25980,.T.);
#26058=STYLED_ITEM('',(#34),#26059);
#26059=ADVANCED_FACE('',(#26065),#26060,.T.);
#26060=PLANE('',#26061);
#26061=AXIS2_PLACEMENT_3D('',#26062,#26063,#26064);
#26062=CARTESIAN_POINT('',(11.113,-1.27,9.493));
#26063=DIRECTION('',(-0.707,0.0,0.707));
#26064=DIRECTION('',(0.,0.,1.));
#26065=FACE_OUTER_BOUND('',#26066,.T.);
#26066=EDGE_LOOP('',(#26067,#26077,#26087,#26097));
#26068=EDGE_CURVE('',#25924,#26020,#26073,.T.);
#26073=LINE('',#25925,#26075);
#26075=VECTOR('',#26076,0.634999991484715);
#26076=DIRECTION('',(0.0,1.0,0.0));
#26067=ORIENTED_EDGE('',*,*,#26068,.F.);
#26077=ORIENTED_EDGE('',*,*,#25951,.T.);
#26087=ORIENTED_EDGE('',*,*,#25872,.T.);
#26097=ORIENTED_EDGE('',*,*,#26029,.T.);
#26107=STYLED_ITEM('',(#34),#26108);
#26108=ADVANCED_FACE('',(#26114),#26109,.T.);
#26109=PLANE('',#26110);
#26110=AXIS2_PLACEMENT_3D('',#26111,#26112,#26113);
#26111=CARTESIAN_POINT('',(11.112,-1.905,3.924));
#26112=DIRECTION('',(0.0,-1.0,0.0));
#26113=DIRECTION('',(0.,0.,1.));
#26114=FACE_OUTER_BOUND('',#26115,.T.);
#26115=EDGE_LOOP('',(#26116,#26126,#26136,#26146));
#26119=CARTESIAN_POINT('',(11.747,-1.905,3.924));
#26118=VERTEX_POINT('',#26119);
#26121=CARTESIAN_POINT('',(11.112,-1.905,3.924));
#26120=VERTEX_POINT('',#26121);
#26117=EDGE_CURVE('',#26118,#26120,#26122,.T.);
#26122=LINE('',#26119,#26124);
#26124=VECTOR('',#26125,0.635000025530044);
#26125=DIRECTION('',(-1.0,0.0,0.0));
#26116=ORIENTED_EDGE('',*,*,#26117,.F.);
#26127=EDGE_CURVE('',#25922,#26118,#26132,.T.);
#26132=LINE('',#25923,#26134);
#26134=VECTOR('',#26135,5.5689754);
#26135=DIRECTION('',(0.0,0.0,-1.0));
#26126=ORIENTED_EDGE('',*,*,#26127,.F.);
#26136=ORIENTED_EDGE('',*,*,#25921,.T.);
#26147=EDGE_CURVE('',#26120,#25924,#26152,.T.);
#26152=LINE('',#26121,#26154);
#26154=VECTOR('',#26155,5.5689754);
#26155=DIRECTION('',(0.0,0.0,1.0));
#26146=ORIENTED_EDGE('',*,*,#26147,.F.);
#26156=STYLED_ITEM('',(#34),#26157);
#26157=ADVANCED_FACE('',(#26163),#26158,.T.);
#26158=PLANE('',#26159);
#26159=AXIS2_PLACEMENT_3D('',#26160,#26161,#26162);
#26160=CARTESIAN_POINT('',(11.747,-1.905,3.924));
#26161=DIRECTION('',(1.0,0.0,0.0));
#26162=DIRECTION('',(0.,0.,1.));
#26163=FACE_OUTER_BOUND('',#26164,.T.);
#26164=EDGE_LOOP('',(#26165,#26175,#26185,#26195));
#26168=CARTESIAN_POINT('',(11.748,-1.27,3.924));
#26167=VERTEX_POINT('',#26168);
#26166=EDGE_CURVE('',#26167,#26118,#26171,.T.);
#26171=LINE('',#26168,#26173);
#26173=VECTOR('',#26174,0.634999991484716);
#26174=DIRECTION('',(0.0,-1.0,0.0));
#26165=ORIENTED_EDGE('',*,*,#26166,.F.);
#26176=EDGE_CURVE('',#25971,#26167,#26181,.T.);
#26181=LINE('',#25972,#26183);
#26183=VECTOR('',#26184,5.5689754);
#26184=DIRECTION('',(0.0,0.0,-1.0));
#26175=ORIENTED_EDGE('',*,*,#26176,.F.);
#26185=ORIENTED_EDGE('',*,*,#25970,.T.);
#26195=ORIENTED_EDGE('',*,*,#26127,.T.);
#26205=STYLED_ITEM('',(#34),#26206);
#26206=ADVANCED_FACE('',(#26212),#26207,.T.);
#26207=PLANE('',#26208);
#26208=AXIS2_PLACEMENT_3D('',#26209,#26210,#26211);
#26209=CARTESIAN_POINT('',(11.748,-1.27,3.924));
#26210=DIRECTION('',(0.0,1.0,0.0));
#26211=DIRECTION('',(0.,0.,1.));
#26212=FACE_OUTER_BOUND('',#26213,.T.);
#26213=EDGE_LOOP('',(#26214,#26224,#26234,#26244));
#26217=CARTESIAN_POINT('',(11.113,-1.27,3.924));
#26216=VERTEX_POINT('',#26217);
#26215=EDGE_CURVE('',#26216,#26167,#26220,.T.);
#26220=LINE('',#26217,#26222);
#26222=VECTOR('',#26223,0.634999991500525);
#26223=DIRECTION('',(1.0,0.0,0.0));
#26214=ORIENTED_EDGE('',*,*,#26215,.F.);
#26225=EDGE_CURVE('',#26020,#26216,#26230,.T.);
#26230=LINE('',#26021,#26232);
#26232=VECTOR('',#26233,5.5689754);
#26233=DIRECTION('',(0.0,0.0,-1.0));
#26224=ORIENTED_EDGE('',*,*,#26225,.F.);
#26234=ORIENTED_EDGE('',*,*,#26019,.T.);
#26244=ORIENTED_EDGE('',*,*,#26176,.T.);
#26254=STYLED_ITEM('',(#34),#26255);
#26255=ADVANCED_FACE('',(#26261),#26256,.T.);
#26256=PLANE('',#26257);
#26257=AXIS2_PLACEMENT_3D('',#26258,#26259,#26260);
#26258=CARTESIAN_POINT('',(11.113,-1.27,3.924));
#26259=DIRECTION('',(-1.0,0.0,0.0));
#26260=DIRECTION('',(0.,0.,1.));
#26261=FACE_OUTER_BOUND('',#26262,.T.);
#26262=EDGE_LOOP('',(#26263,#26273,#26283,#26293));
#26264=EDGE_CURVE('',#26120,#26216,#26269,.T.);
#26269=LINE('',#26121,#26271);
#26271=VECTOR('',#26272,0.634999991484715);
#26272=DIRECTION('',(0.0,1.0,0.0));
#26263=ORIENTED_EDGE('',*,*,#26264,.F.);
#26273=ORIENTED_EDGE('',*,*,#26147,.T.);
#26283=ORIENTED_EDGE('',*,*,#26068,.T.);
#26293=ORIENTED_EDGE('',*,*,#26225,.T.);
#26303=STYLED_ITEM('',(#34),#26304);
#26304=ADVANCED_FACE('',(#26310),#26305,.T.);
#26305=PLANE('',#26306);
#26306=AXIS2_PLACEMENT_3D('',#26307,#26308,#26309);
#26307=CARTESIAN_POINT('',(11.748,-1.27,3.924));
#26308=DIRECTION('',(0.0,0.0,-1.0));
#26309=DIRECTION('',(0.,1.,0.));
#26310=FACE_OUTER_BOUND('',#26311,.T.);
#26311=EDGE_LOOP('',(#26312,#26322,#26332,#26342));
#26312=ORIENTED_EDGE('',*,*,#26166,.T.);
#26322=ORIENTED_EDGE('',*,*,#26117,.T.);
#26332=ORIENTED_EDGE('',*,*,#26264,.T.);
#26342=ORIENTED_EDGE('',*,*,#26215,.T.);
#26352=STYLED_ITEM('',(#34),#26353);
#26353=ADVANCED_FACE('',(#26359),#26354,.T.);
#26354=PLANE('',#26355);
#26355=AXIS2_PLACEMENT_3D('',#26356,#26357,#26358);
#26356=CARTESIAN_POINT('',(11.113,-1.27,0.952));
#26357=DIRECTION('',(0.0,0.0,1.0));
#26358=DIRECTION('',(0.,1.,0.));
#26359=FACE_OUTER_BOUND('',#26360,.T.);
#26360=EDGE_LOOP('',(#26361,#26371,#26381,#26391));
#26364=CARTESIAN_POINT('',(11.112,-1.905,0.952));
#26363=VERTEX_POINT('',#26364);
#26366=CARTESIAN_POINT('',(11.113,-1.27,0.952));
#26365=VERTEX_POINT('',#26366);
#26362=EDGE_CURVE('',#26363,#26365,#26367,.T.);
#26367=LINE('',#26364,#26369);
#26369=VECTOR('',#26370,0.634999991484715);
#26370=DIRECTION('',(0.0,1.0,0.0));
#26361=ORIENTED_EDGE('',*,*,#26362,.F.);
#26374=CARTESIAN_POINT('',(11.747,-1.905,0.952));
#26373=VERTEX_POINT('',#26374);
#26372=EDGE_CURVE('',#26373,#26363,#26377,.T.);
#26377=LINE('',#26374,#26379);
#26379=VECTOR('',#26380,0.635000025530044);
#26380=DIRECTION('',(-1.0,0.0,0.0));
#26371=ORIENTED_EDGE('',*,*,#26372,.F.);
#26384=CARTESIAN_POINT('',(11.748,-1.27,0.952));
#26383=VERTEX_POINT('',#26384);
#26382=EDGE_CURVE('',#26383,#26373,#26387,.T.);
#26387=LINE('',#26384,#26389);
#26389=VECTOR('',#26390,0.634999991484716);
#26390=DIRECTION('',(0.0,-1.0,0.0));
#26381=ORIENTED_EDGE('',*,*,#26382,.F.);
#26392=EDGE_CURVE('',#26365,#26383,#26397,.T.);
#26397=LINE('',#26366,#26399);
#26399=VECTOR('',#26400,0.634999991500525);
#26400=DIRECTION('',(1.0,0.0,0.0));
#26391=ORIENTED_EDGE('',*,*,#26392,.F.);
#26401=STYLED_ITEM('',(#34),#26402);
#26402=ADVANCED_FACE('',(#26408),#26403,.T.);
#26403=PLANE('',#26404);
#26404=AXIS2_PLACEMENT_3D('',#26405,#26406,#26407);
#26405=CARTESIAN_POINT('',(11.112,-1.905,0.794));
#26406=DIRECTION('',(0.0,-1.0,0.0));
#26407=DIRECTION('',(0.,0.,1.));
#26408=FACE_OUTER_BOUND('',#26409,.T.);
#26409=EDGE_LOOP('',(#26410,#26420,#26430,#26440));
#26413=CARTESIAN_POINT('',(11.747,-1.905,0.794));
#26412=VERTEX_POINT('',#26413);
#26415=CARTESIAN_POINT('',(11.112,-1.905,0.794));
#26414=VERTEX_POINT('',#26415);
#26411=EDGE_CURVE('',#26412,#26414,#26416,.T.);
#26416=LINE('',#26413,#26418);
#26418=VECTOR('',#26419,0.635000025530044);
#26419=DIRECTION('',(-1.0,0.0,0.0));
#26410=ORIENTED_EDGE('',*,*,#26411,.F.);
#26421=EDGE_CURVE('',#26373,#26412,#26426,.T.);
#26426=LINE('',#26374,#26428);
#26428=VECTOR('',#26429,0.15874365);
#26429=DIRECTION('',(0.0,0.0,-1.0));
#26420=ORIENTED_EDGE('',*,*,#26421,.F.);
#26430=ORIENTED_EDGE('',*,*,#26372,.T.);
#26441=EDGE_CURVE('',#26414,#26363,#26446,.T.);
#26446=LINE('',#26415,#26448);
#26448=VECTOR('',#26449,0.15874365);
#26449=DIRECTION('',(0.0,0.0,1.0));
#26440=ORIENTED_EDGE('',*,*,#26441,.F.);
#26450=STYLED_ITEM('',(#34),#26451);
#26451=ADVANCED_FACE('',(#26457),#26452,.T.);
#26452=PLANE('',#26453);
#26453=AXIS2_PLACEMENT_3D('',#26454,#26455,#26456);
#26454=CARTESIAN_POINT('',(11.748,-1.27,0.794));
#26455=DIRECTION('',(0.0,1.0,0.0));
#26456=DIRECTION('',(0.,0.,1.));
#26457=FACE_OUTER_BOUND('',#26458,.T.);
#26458=EDGE_LOOP('',(#26459,#26469,#26479,#26489));
#26462=CARTESIAN_POINT('',(11.113,-1.27,0.794));
#26461=VERTEX_POINT('',#26462);
#26464=CARTESIAN_POINT('',(11.748,-1.27,0.794));
#26463=VERTEX_POINT('',#26464);
#26460=EDGE_CURVE('',#26461,#26463,#26465,.T.);
#26465=LINE('',#26462,#26467);
#26467=VECTOR('',#26468,0.634999991500525);
#26468=DIRECTION('',(1.0,0.0,0.0));
#26459=ORIENTED_EDGE('',*,*,#26460,.F.);
#26470=EDGE_CURVE('',#26365,#26461,#26475,.T.);
#26475=LINE('',#26366,#26477);
#26477=VECTOR('',#26478,0.15874365);
#26478=DIRECTION('',(0.0,0.0,-1.0));
#26469=ORIENTED_EDGE('',*,*,#26470,.F.);
#26479=ORIENTED_EDGE('',*,*,#26392,.T.);
#26490=EDGE_CURVE('',#26463,#26383,#26495,.T.);
#26495=LINE('',#26464,#26497);
#26497=VECTOR('',#26498,0.15874365);
#26498=DIRECTION('',(0.0,0.0,1.0));
#26489=ORIENTED_EDGE('',*,*,#26490,.F.);
#26499=STYLED_ITEM('',(#34),#26500);
#26500=ADVANCED_FACE('',(#26506),#26501,.T.);
#26501=PLANE('',#26502);
#26502=AXIS2_PLACEMENT_3D('',#26503,#26504,#26505);
#26503=CARTESIAN_POINT('',(11.112,-2.064,0.635));
#26504=DIRECTION('',(0.0,0.0,1.0));
#26505=DIRECTION('',(0.,1.,0.));
#26506=FACE_OUTER_BOUND('',#26507,.T.);
#26507=EDGE_LOOP('',(#26508,#26518,#26528,#26538));
#26511=CARTESIAN_POINT('',(11.112,-3.842,0.635));
#26510=VERTEX_POINT('',#26511);
#26513=CARTESIAN_POINT('',(11.112,-2.064,0.635));
#26512=VERTEX_POINT('',#26513);
#26509=EDGE_CURVE('',#26510,#26512,#26514,.T.);
#26514=LINE('',#26511,#26516);
#26516=VECTOR('',#26517,1.77800634757545);
#26517=DIRECTION('',(0.0,1.0,0.0));
#26508=ORIENTED_EDGE('',*,*,#26509,.F.);
#26521=CARTESIAN_POINT('',(11.747,-3.842,0.635));
#26520=VERTEX_POINT('',#26521);
#26519=EDGE_CURVE('',#26520,#26510,#26524,.T.);
#26524=LINE('',#26521,#26526);
#26526=VECTOR('',#26527,0.635000230858436);
#26527=DIRECTION('',(-1.0,0.0,0.0));
#26518=ORIENTED_EDGE('',*,*,#26519,.F.);
#26531=CARTESIAN_POINT('',(11.747,-2.064,0.635));
#26530=VERTEX_POINT('',#26531);
#26529=EDGE_CURVE('',#26530,#26520,#26534,.T.);
#26534=LINE('',#26531,#26536);
#26536=VECTOR('',#26537,1.77800634757545);
#26537=DIRECTION('',(0.0,-1.0,0.0));
#26528=ORIENTED_EDGE('',*,*,#26529,.F.);
#26539=EDGE_CURVE('',#26512,#26530,#26544,.T.);
#26544=LINE('',#26513,#26546);
#26546=VECTOR('',#26547,0.635000041498695);
#26547=DIRECTION('',(1.0,0.0,0.0));
#26538=ORIENTED_EDGE('',*,*,#26539,.F.);
#26597=STYLED_ITEM('',(#34),#26598);
#26598=ADVANCED_FACE('',(#26604),#26599,.T.);
#26599=PLANE('',#26600);
#26600=AXIS2_PLACEMENT_3D('',#26601,#26602,#26603);
#26601=CARTESIAN_POINT('',(11.747,-2.064,0.0));
#26602=DIRECTION('',(0.0,0.0,-1.0));
#26603=DIRECTION('',(0.,1.,0.));
#26604=FACE_OUTER_BOUND('',#26605,.T.);
#26605=EDGE_LOOP('',(#26606,#26616,#26626,#26636));
#26609=CARTESIAN_POINT('',(11.747,-3.842,0.0));
#26608=VERTEX_POINT('',#26609);
#26611=CARTESIAN_POINT('',(11.747,-2.064,0.0));
#26610=VERTEX_POINT('',#26611);
#26607=EDGE_CURVE('',#26608,#26610,#26612,.T.);
#26612=LINE('',#26609,#26614);
#26614=VECTOR('',#26615,1.77800634757545);
#26615=DIRECTION('',(0.0,1.0,0.0));
#26606=ORIENTED_EDGE('',*,*,#26607,.F.);
#26619=CARTESIAN_POINT('',(11.112,-3.842,0.0));
#26618=VERTEX_POINT('',#26619);
#26617=EDGE_CURVE('',#26618,#26608,#26622,.T.);
#26622=LINE('',#26619,#26624);
#26624=VECTOR('',#26625,0.635000230858436);
#26625=DIRECTION('',(1.0,0.0,0.0));
#26616=ORIENTED_EDGE('',*,*,#26617,.F.);
#26629=CARTESIAN_POINT('',(11.112,-2.064,0.0));
#26628=VERTEX_POINT('',#26629);
#26627=EDGE_CURVE('',#26628,#26618,#26632,.T.);
#26632=LINE('',#26629,#26634);
#26634=VECTOR('',#26635,1.77800634757545);
#26635=DIRECTION('',(0.0,-1.0,0.0));
#26626=ORIENTED_EDGE('',*,*,#26627,.F.);
#26637=EDGE_CURVE('',#26610,#26628,#26642,.T.);
#26642=LINE('',#26611,#26644);
#26644=VECTOR('',#26645,0.635000041498695);
#26645=DIRECTION('',(-1.0,0.0,0.0));
#26636=ORIENTED_EDGE('',*,*,#26637,.F.);
#26695=STYLED_ITEM('',(#34),#26696);
#26696=ADVANCED_FACE('',(#26702),#26697,.T.);
#26697=PLANE('',#26698);
#26698=AXIS2_PLACEMENT_3D('',#26699,#26700,#26701);
#26699=CARTESIAN_POINT('',(11.271,-4.0,0.476));
#26700=DIRECTION('',(0.0,-0.707,0.707));
#26701=DIRECTION('',(0.,0.,1.));
#26702=FACE_OUTER_BOUND('',#26703,.T.);
#26703=EDGE_LOOP('',(#26704,#26714,#26724,#26734));
#26707=CARTESIAN_POINT('',(11.589,-4.001,0.476));
#26706=VERTEX_POINT('',#26707);
#26709=CARTESIAN_POINT('',(11.271,-4.0,0.476));
#26708=VERTEX_POINT('',#26709);
#26705=EDGE_CURVE('',#26706,#26708,#26710,.T.);
#26710=LINE('',#26707,#26712);
#26712=VECTOR('',#26713,0.317500253221194);
#26713=DIRECTION('',(-1.0,0.0,0.0));
#26704=ORIENTED_EDGE('',*,*,#26705,.F.);
#26715=EDGE_CURVE('',#26520,#26706,#26720,.T.);
#26720=LINE('',#26521,#26722);
#26722=VECTOR('',#26723,0.274963063823215);
#26723=DIRECTION('',(-0.577,-0.577,-0.577));
#26714=ORIENTED_EDGE('',*,*,#26715,.F.);
#26724=ORIENTED_EDGE('',*,*,#26519,.T.);
#26735=EDGE_CURVE('',#26708,#26510,#26740,.T.);
#26740=LINE('',#26709,#26742);
#26742=VECTOR('',#26743,0.274963063823216);
#26743=DIRECTION('',(-0.577,0.577,0.577));
#26734=ORIENTED_EDGE('',*,*,#26735,.F.);
#26744=STYLED_ITEM('',(#34),#26745);
#26745=ADVANCED_FACE('',(#26751),#26746,.T.);
#26746=PLANE('',#26747);
#26747=AXIS2_PLACEMENT_3D('',#26748,#26749,#26750);
#26748=CARTESIAN_POINT('',(11.112,-3.842,0.0));
#26749=DIRECTION('',(-0.707,-0.707,0.0));
#26750=DIRECTION('',(0.,0.,1.));
#26751=FACE_OUTER_BOUND('',#26752,.T.);
#26752=EDGE_LOOP('',(#26753,#26763,#26773,#26783));
#26756=CARTESIAN_POINT('',(11.271,-4.0,0.159));
#26755=VERTEX_POINT('',#26756);
#26754=EDGE_CURVE('',#26755,#26618,#26759,.T.);
#26759=LINE('',#26756,#26761);
#26761=VECTOR('',#26762,0.274963063823216);
#26762=DIRECTION('',(-0.577,0.577,-0.577));
#26753=ORIENTED_EDGE('',*,*,#26754,.F.);
#26764=EDGE_CURVE('',#26708,#26755,#26769,.T.);
#26769=LINE('',#26709,#26771);
#26771=VECTOR('',#26772,0.3175);
#26772=DIRECTION('',(0.0,0.0,-1.0));
#26763=ORIENTED_EDGE('',*,*,#26764,.F.);
#26773=ORIENTED_EDGE('',*,*,#26735,.T.);
#26784=EDGE_CURVE('',#26618,#26510,#26789,.T.);
#26789=LINE('',#26619,#26791);
#26791=VECTOR('',#26792,0.635);
#26792=DIRECTION('',(0.0,0.0,1.0));
#26783=ORIENTED_EDGE('',*,*,#26784,.F.);
#26793=STYLED_ITEM('',(#34),#26794);
#26794=ADVANCED_FACE('',(#26800),#26795,.T.);
#26795=PLANE('',#26796);
#26796=AXIS2_PLACEMENT_3D('',#26797,#26798,#26799);
#26797=CARTESIAN_POINT('',(11.112,-3.842,0.0));
#26798=DIRECTION('',(0.0,-0.707,-0.707));
#26799=DIRECTION('',(0.,0.,1.));
#26800=FACE_OUTER_BOUND('',#26801,.T.);
#26801=EDGE_LOOP('',(#26802,#26812,#26822,#26832));
#26802=ORIENTED_EDGE('',*,*,#26617,.T.);
#26815=CARTESIAN_POINT('',(11.589,-4.001,0.159));
#26814=VERTEX_POINT('',#26815);
#26813=EDGE_CURVE('',#26814,#26608,#26818,.T.);
#26818=LINE('',#26815,#26820);
#26820=VECTOR('',#26821,0.274963063823215);
#26821=DIRECTION('',(0.577,0.577,-0.577));
#26812=ORIENTED_EDGE('',*,*,#26813,.F.);
#26823=EDGE_CURVE('',#26755,#26814,#26828,.T.);
#26828=LINE('',#26756,#26830);
#26830=VECTOR('',#26831,0.317500253221194);
#26831=DIRECTION('',(1.0,0.0,0.0));
#26822=ORIENTED_EDGE('',*,*,#26823,.F.);
#26832=ORIENTED_EDGE('',*,*,#26754,.T.);
#26842=STYLED_ITEM('',(#34),#26843);
#26843=ADVANCED_FACE('',(#26849),#26844,.T.);
#26844=PLANE('',#26845);
#26845=AXIS2_PLACEMENT_3D('',#26846,#26847,#26848);
#26846=CARTESIAN_POINT('',(11.589,-4.001,0.159));
#26847=DIRECTION('',(0.707,-0.707,0.0));
#26848=DIRECTION('',(0.,0.,1.));
#26849=FACE_OUTER_BOUND('',#26850,.T.);
#26850=EDGE_LOOP('',(#26851,#26861,#26871,#26881));
#26851=ORIENTED_EDGE('',*,*,#26813,.T.);
#26862=EDGE_CURVE('',#26520,#26608,#26867,.T.);
#26867=LINE('',#26521,#26869);
#26869=VECTOR('',#26870,0.635);
#26870=DIRECTION('',(0.0,0.0,-1.0));
#26861=ORIENTED_EDGE('',*,*,#26862,.F.);
#26871=ORIENTED_EDGE('',*,*,#26715,.T.);
#26882=EDGE_CURVE('',#26814,#26706,#26887,.T.);
#26887=LINE('',#26815,#26889);
#26889=VECTOR('',#26890,0.3175);
#26890=DIRECTION('',(0.0,0.0,1.0));
#26881=ORIENTED_EDGE('',*,*,#26882,.F.);
#26891=STYLED_ITEM('',(#34),#26892);
#26892=ADVANCED_FACE('',(#26898),#26893,.T.);
#26893=PLANE('',#26894);
#26894=AXIS2_PLACEMENT_3D('',#26895,#26896,#26897);
#26895=CARTESIAN_POINT('',(11.271,-4.0,0.159));
#26896=DIRECTION('',(0.0,-1.0,0.0));
#26897=DIRECTION('',(0.,0.,1.));
#26898=FACE_OUTER_BOUND('',#26899,.T.);
#26899=EDGE_LOOP('',(#26900,#26910,#26920,#26930));
#26900=ORIENTED_EDGE('',*,*,#26823,.T.);
#26910=ORIENTED_EDGE('',*,*,#26882,.T.);
#26920=ORIENTED_EDGE('',*,*,#26705,.T.);
#26930=ORIENTED_EDGE('',*,*,#26764,.T.);
#26940=STYLED_ITEM($,(#34),#26941);
#26941=ADVANCED_FACE($,(#26947),#26942,.F.);
#26942=CYLINDRICAL_SURFACE($,#26943,0.15874365);
#26943=AXIS2_PLACEMENT_3D($,#26944,#26945,#26946);
#26944=CARTESIAN_POINT('',(11.112,-2.064,0.794));
#26945=DIRECTION('',(-1.0,0.0,0.0));
#26946=DIRECTION('',(0.,0.,1.));
#26947=FACE_OUTER_BOUND($,#26948,.T.);
#26948=EDGE_LOOP($,(#26960,#26970,#26981,#26949));
#26960=ORIENTED_EDGE('',*,*,#26539,.T.);
#26971=EDGE_CURVE($,#26412,#26530,#26976,.T.);
#26976=CIRCLE($,#26977,0.15874365);
#26978=CARTESIAN_POINT('',(11.747,-2.064,0.794));
#26977=AXIS2_PLACEMENT_3D($,#26978,#26979,#26980);
#26979=DIRECTION('',(-1.0,0.0,0.0));
#26980=DIRECTION('',(0.0,-0.707,-0.707));
#26970=ORIENTED_EDGE('',*,*,#26971,.F.);
#26981=ORIENTED_EDGE('',*,*,#26411,.T.);
#26950=EDGE_CURVE($,#26512,#26414,#26955,.T.);
#26955=CIRCLE($,#26956,0.15874365);
#26957=CARTESIAN_POINT('',(11.112,-2.064,0.794));
#26956=AXIS2_PLACEMENT_3D($,#26957,#26958,#26959);
#26958=DIRECTION('',(1.0,0.0,0.0));
#26959=DIRECTION('',(0.0,0.707,0.707));
#26949=ORIENTED_EDGE('',*,*,#26950,.F.);
#26991=STYLED_ITEM($,(#34),#26992);
#26992=ADVANCED_FACE($,(#26998),#26993,.T.);
#26993=CYLINDRICAL_SURFACE($,#26994,0.79374365);
#26994=AXIS2_PLACEMENT_3D($,#26995,#26996,#26997);
#26995=CARTESIAN_POINT('',(11.112,-2.064,0.794));
#26996=DIRECTION('',(1.0,0.0,0.0));
#26997=DIRECTION('',(0.,0.,1.));
#26998=FACE_OUTER_BOUND($,#26999,.T.);
#26999=EDGE_LOOP($,(#27011,#27021,#27032,#27000));
#27011=ORIENTED_EDGE('',*,*,#26637,.T.);
#27022=EDGE_CURVE($,#26461,#26628,#27027,.T.);
#27027=CIRCLE($,#27028,0.79374365);
#27028=AXIS2_PLACEMENT_3D($,#26957,#27030,#27031);
#27030=DIRECTION('',(-1.0,0.0,0.0));
#27031=DIRECTION('',(0.0,-0.707,-0.707));
#27021=ORIENTED_EDGE('',*,*,#27022,.F.);
#27032=ORIENTED_EDGE('',*,*,#26460,.T.);
#27001=EDGE_CURVE($,#26610,#26463,#27006,.T.);
#27006=CIRCLE($,#27007,0.79374365);
#27007=AXIS2_PLACEMENT_3D($,#26978,#27009,#27010);
#27009=DIRECTION('',(1.0,0.0,0.0));
#27010=DIRECTION('',(0.0,0.707,0.707));
#27000=ORIENTED_EDGE('',*,*,#27001,.F.);
#27042=STYLED_ITEM('color',(#34),#27043);
#27043=ADVANCED_FACE($,(#27049),#27044,.T.);
#27044=PLANE($,#27045);
#27045=AXIS2_PLACEMENT_3D($,#27046,#27047,#27048);
#27046=CARTESIAN_POINT('',(11.113,-1.27,0.794));
#27047=DIRECTION('',(-1.0,0.0,0.0));
#27048=DIRECTION('',(1.,0.,0.));
#27049=FACE_OUTER_BOUND($,#27050,.T.);
#27050=EDGE_LOOP($,(#27053, #27063, #27073, #27083, #27094, #27104, #27114, #27124));
#27053=ORIENTED_EDGE('',*,*,#26441,.T.);
#27063=ORIENTED_EDGE('',*,*,#26362,.T.);
#27073=ORIENTED_EDGE('',*,*,#26470,.T.);
#27083=ORIENTED_EDGE('',*,*,#27022,.T.);
#27094=ORIENTED_EDGE('',*,*,#26627,.T.);
#27104=ORIENTED_EDGE('',*,*,#26784,.T.);
#27114=ORIENTED_EDGE('',*,*,#26509,.T.);
#27124=ORIENTED_EDGE('',*,*,#26950,.T.);
#27135=STYLED_ITEM('color',(#34),#27136);
#27136=ADVANCED_FACE($,(#27142),#27137,.T.);
#27137=PLANE($,#27138);
#27138=AXIS2_PLACEMENT_3D($,#27139,#27140,#27141);
#27139=CARTESIAN_POINT('',(11.748,-1.27,0.794));
#27140=DIRECTION('',(1.0,0.0,0.0));
#27141=DIRECTION('',(-1.,0.,0.));
#27142=FACE_OUTER_BOUND($,#27143,.T.);
#27143=EDGE_LOOP($,(#27146, #27156, #27166, #27176, #27187, #27197, #27207, #27217));
#27146=ORIENTED_EDGE('',*,*,#26490,.T.);
#27156=ORIENTED_EDGE('',*,*,#26382,.T.);
#27166=ORIENTED_EDGE('',*,*,#26421,.T.);
#27176=ORIENTED_EDGE('',*,*,#26971,.T.);
#27187=ORIENTED_EDGE('',*,*,#26529,.T.);
#27197=ORIENTED_EDGE('',*,*,#26862,.T.);
#27207=ORIENTED_EDGE('',*,*,#26607,.T.);
#27217=ORIENTED_EDGE('',*,*,#27001,.T.);
#27228=MANIFOLD_SOLID_BREP($,#27229);
#27229=CLOSED_SHELL('',(#27233,#27282,#27331,#27380,#27429,#27478,#27527,#27576,#27625,#27674));
#27230=MANIFOLD_SOLID_BREP($,#27231);
#27231=CLOSED_SHELL('',(#27723,#27772,#27821,#27870,#27968,#28066,#28115,#28164,#28213,#28262,#28311,#28362,#28413,#28506));
#27232=STYLED_ITEM('',(#34),#27233);
#27233=ADVANCED_FACE('',(#27239),#27234,.T.);
#27234=PLANE('',#27235);
#27235=AXIS2_PLACEMENT_3D('',#27236,#27237,#27238);
#27236=CARTESIAN_POINT('',(8.731,-1.429,9.652));
#27237=DIRECTION('',(0.0,0.0,1.0));
#27238=DIRECTION('',(0.,1.,0.));
#27239=FACE_OUTER_BOUND('',#27240,.T.);
#27240=EDGE_LOOP('',(#27241,#27251,#27261,#27271));
#27244=CARTESIAN_POINT('',(8.731,-1.746,9.652));
#27243=VERTEX_POINT('',#27244);
#27246=CARTESIAN_POINT('',(8.731,-1.429,9.652));
#27245=VERTEX_POINT('',#27246);
#27242=EDGE_CURVE('',#27243,#27245,#27247,.T.);
#27247=LINE('',#27244,#27249);
#27249=VECTOR('',#27250,0.317499995742357);
#27250=DIRECTION('',(0.0,1.0,0.0));
#27241=ORIENTED_EDGE('',*,*,#27242,.F.);
#27254=CARTESIAN_POINT('',(9.049,-1.746,9.652));
#27253=VERTEX_POINT('',#27254);
#27252=EDGE_CURVE('',#27253,#27243,#27257,.T.);
#27257=LINE('',#27254,#27259);
#27259=VECTOR('',#27260,0.317500012765021);
#27260=DIRECTION('',(-1.0,0.0,0.0));
#27251=ORIENTED_EDGE('',*,*,#27252,.F.);
#27264=CARTESIAN_POINT('',(9.049,-1.429,9.652));
#27263=VERTEX_POINT('',#27264);
#27262=EDGE_CURVE('',#27263,#27253,#27267,.T.);
#27267=LINE('',#27264,#27269);
#27269=VECTOR('',#27270,0.317499995742358);
#27270=DIRECTION('',(0.0,-1.0,0.0));
#27261=ORIENTED_EDGE('',*,*,#27262,.F.);
#27272=EDGE_CURVE('',#27245,#27263,#27277,.T.);
#27277=LINE('',#27246,#27279);
#27279=VECTOR('',#27280,0.317499995750262);
#27280=DIRECTION('',(1.0,0.0,0.0));
#27271=ORIENTED_EDGE('',*,*,#27272,.F.);
#27281=STYLED_ITEM('',(#34),#27282);
#27282=ADVANCED_FACE('',(#27288),#27283,.T.);
#27283=PLANE('',#27284);
#27284=AXIS2_PLACEMENT_3D('',#27285,#27286,#27287);
#27285=CARTESIAN_POINT('',(8.572,-1.905,9.493));
#27286=DIRECTION('',(0.0,-0.707,0.707));
#27287=DIRECTION('',(0.,0.,1.));
#27288=FACE_OUTER_BOUND('',#27289,.T.);
#27289=EDGE_LOOP('',(#27290,#27300,#27310,#27320));
#27293=CARTESIAN_POINT('',(9.207,-1.905,9.493));
#27292=VERTEX_POINT('',#27293);
#27295=CARTESIAN_POINT('',(8.572,-1.905,9.493));
#27294=VERTEX_POINT('',#27295);
#27291=EDGE_CURVE('',#27292,#27294,#27296,.T.);
#27296=LINE('',#27293,#27298);
#27298=VECTOR('',#27299,0.635000025530044);
#27299=DIRECTION('',(-1.0,0.0,0.0));
#27290=ORIENTED_EDGE('',*,*,#27291,.F.);
#27301=EDGE_CURVE('',#27253,#27292,#27306,.T.);
#27306=LINE('',#27254,#27308);
#27308=VECTOR('',#27309,0.274963065701559);
#27309=DIRECTION('',(0.577,-0.577,-0.577));
#27300=ORIENTED_EDGE('',*,*,#27301,.F.);
#27310=ORIENTED_EDGE('',*,*,#27252,.T.);
#27321=EDGE_CURVE('',#27294,#27243,#27326,.T.);
#27326=LINE('',#27295,#27328);
#27328=VECTOR('',#27329,0.27496306570156);
#27329=DIRECTION('',(0.577,0.577,0.577));
#27320=ORIENTED_EDGE('',*,*,#27321,.F.);
#27330=STYLED_ITEM('',(#34),#27331);
#27331=ADVANCED_FACE('',(#27337),#27332,.T.);
#27332=PLANE('',#27333);
#27333=AXIS2_PLACEMENT_3D('',#27334,#27335,#27336);
#27334=CARTESIAN_POINT('',(9.207,-1.905,9.493));
#27335=DIRECTION('',(0.707,0.0,0.707));
#27336=DIRECTION('',(0.,0.,1.));
#27337=FACE_OUTER_BOUND('',#27338,.T.);
#27338=EDGE_LOOP('',(#27339,#27349,#27359,#27369));
#27342=CARTESIAN_POINT('',(9.208,-1.27,9.493));
#27341=VERTEX_POINT('',#27342);
#27340=EDGE_CURVE('',#27341,#27292,#27345,.T.);
#27345=LINE('',#27342,#27347);
#27347=VECTOR('',#27348,0.634999991484716);
#27348=DIRECTION('',(0.0,-1.0,0.0));
#27339=ORIENTED_EDGE('',*,*,#27340,.F.);
#27350=EDGE_CURVE('',#27263,#27341,#27355,.T.);
#27355=LINE('',#27264,#27357);
#27357=VECTOR('',#27358,0.274963065701559);
#27358=DIRECTION('',(0.577,0.577,-0.577));
#27349=ORIENTED_EDGE('',*,*,#27350,.F.);
#27359=ORIENTED_EDGE('',*,*,#27262,.T.);
#27369=ORIENTED_EDGE('',*,*,#27301,.T.);
#27379=STYLED_ITEM('',(#34),#27380);
#27380=ADVANCED_FACE('',(#27386),#27381,.T.);
#27381=PLANE('',#27382);
#27382=AXIS2_PLACEMENT_3D('',#27383,#27384,#27385);
#27383=CARTESIAN_POINT('',(9.208,-1.27,9.493));
#27384=DIRECTION('',(0.0,0.707,0.707));
#27385=DIRECTION('',(0.,0.,1.));
#27386=FACE_OUTER_BOUND('',#27387,.T.);
#27387=EDGE_LOOP('',(#27388,#27398,#27408,#27418));
#27391=CARTESIAN_POINT('',(8.573,-1.27,9.493));
#27390=VERTEX_POINT('',#27391);
#27389=EDGE_CURVE('',#27390,#27341,#27394,.T.);
#27394=LINE('',#27391,#27396);
#27396=VECTOR('',#27397,0.634999991500525);
#27397=DIRECTION('',(1.0,0.0,0.0));
#27388=ORIENTED_EDGE('',*,*,#27389,.F.);
#27399=EDGE_CURVE('',#27245,#27390,#27404,.T.);
#27404=LINE('',#27246,#27406);
#27406=VECTOR('',#27407,0.27496306570156);
#27407=DIRECTION('',(-0.577,0.577,-0.577));
#27398=ORIENTED_EDGE('',*,*,#27399,.F.);
#27408=ORIENTED_EDGE('',*,*,#27272,.T.);
#27418=ORIENTED_EDGE('',*,*,#27350,.T.);
#27428=STYLED_ITEM('',(#34),#27429);
#27429=ADVANCED_FACE('',(#27435),#27430,.T.);
#27430=PLANE('',#27431);
#27431=AXIS2_PLACEMENT_3D('',#27432,#27433,#27434);
#27432=CARTESIAN_POINT('',(8.573,-1.27,9.493));
#27433=DIRECTION('',(-0.707,0.0,0.707));
#27434=DIRECTION('',(0.,0.,1.));
#27435=FACE_OUTER_BOUND('',#27436,.T.);
#27436=EDGE_LOOP('',(#27437,#27447,#27457,#27467));
#27438=EDGE_CURVE('',#27294,#27390,#27443,.T.);
#27443=LINE('',#27295,#27445);
#27445=VECTOR('',#27446,0.634999991484715);
#27446=DIRECTION('',(0.0,1.0,0.0));
#27437=ORIENTED_EDGE('',*,*,#27438,.F.);
#27447=ORIENTED_EDGE('',*,*,#27321,.T.);
#27457=ORIENTED_EDGE('',*,*,#27242,.T.);
#27467=ORIENTED_EDGE('',*,*,#27399,.T.);
#27477=STYLED_ITEM('',(#34),#27478);
#27478=ADVANCED_FACE('',(#27484),#27479,.T.);
#27479=PLANE('',#27480);
#27480=AXIS2_PLACEMENT_3D('',#27481,#27482,#27483);
#27481=CARTESIAN_POINT('',(8.572,-1.905,3.924));
#27482=DIRECTION('',(0.0,-1.0,0.0));
#27483=DIRECTION('',(0.,0.,1.));
#27484=FACE_OUTER_BOUND('',#27485,.T.);
#27485=EDGE_LOOP('',(#27486,#27496,#27506,#27516));
#27489=CARTESIAN_POINT('',(9.207,-1.905,3.924));
#27488=VERTEX_POINT('',#27489);
#27491=CARTESIAN_POINT('',(8.572,-1.905,3.924));
#27490=VERTEX_POINT('',#27491);
#27487=EDGE_CURVE('',#27488,#27490,#27492,.T.);
#27492=LINE('',#27489,#27494);
#27494=VECTOR('',#27495,0.635000025530044);
#27495=DIRECTION('',(-1.0,0.0,0.0));
#27486=ORIENTED_EDGE('',*,*,#27487,.F.);
#27497=EDGE_CURVE('',#27292,#27488,#27502,.T.);
#27502=LINE('',#27293,#27504);
#27504=VECTOR('',#27505,5.5689754);
#27505=DIRECTION('',(0.0,0.0,-1.0));
#27496=ORIENTED_EDGE('',*,*,#27497,.F.);
#27506=ORIENTED_EDGE('',*,*,#27291,.T.);
#27517=EDGE_CURVE('',#27490,#27294,#27522,.T.);
#27522=LINE('',#27491,#27524);
#27524=VECTOR('',#27525,5.5689754);
#27525=DIRECTION('',(0.0,0.0,1.0));
#27516=ORIENTED_EDGE('',*,*,#27517,.F.);
#27526=STYLED_ITEM('',(#34),#27527);
#27527=ADVANCED_FACE('',(#27533),#27528,.T.);
#27528=PLANE('',#27529);
#27529=AXIS2_PLACEMENT_3D('',#27530,#27531,#27532);
#27530=CARTESIAN_POINT('',(9.207,-1.905,3.924));
#27531=DIRECTION('',(1.0,0.0,0.0));
#27532=DIRECTION('',(0.,0.,1.));
#27533=FACE_OUTER_BOUND('',#27534,.T.);
#27534=EDGE_LOOP('',(#27535,#27545,#27555,#27565));
#27538=CARTESIAN_POINT('',(9.208,-1.27,3.924));
#27537=VERTEX_POINT('',#27538);
#27536=EDGE_CURVE('',#27537,#27488,#27541,.T.);
#27541=LINE('',#27538,#27543);
#27543=VECTOR('',#27544,0.634999991484716);
#27544=DIRECTION('',(0.0,-1.0,0.0));
#27535=ORIENTED_EDGE('',*,*,#27536,.F.);
#27546=EDGE_CURVE('',#27341,#27537,#27551,.T.);
#27551=LINE('',#27342,#27553);
#27553=VECTOR('',#27554,5.5689754);
#27554=DIRECTION('',(0.0,0.0,-1.0));
#27545=ORIENTED_EDGE('',*,*,#27546,.F.);
#27555=ORIENTED_EDGE('',*,*,#27340,.T.);
#27565=ORIENTED_EDGE('',*,*,#27497,.T.);
#27575=STYLED_ITEM('',(#34),#27576);
#27576=ADVANCED_FACE('',(#27582),#27577,.T.);
#27577=PLANE('',#27578);
#27578=AXIS2_PLACEMENT_3D('',#27579,#27580,#27581);
#27579=CARTESIAN_POINT('',(9.208,-1.27,3.924));
#27580=DIRECTION('',(0.0,1.0,0.0));
#27581=DIRECTION('',(0.,0.,1.));
#27582=FACE_OUTER_BOUND('',#27583,.T.);
#27583=EDGE_LOOP('',(#27584,#27594,#27604,#27614));
#27587=CARTESIAN_POINT('',(8.573,-1.27,3.924));
#27586=VERTEX_POINT('',#27587);
#27585=EDGE_CURVE('',#27586,#27537,#27590,.T.);
#27590=LINE('',#27587,#27592);
#27592=VECTOR('',#27593,0.634999991500525);
#27593=DIRECTION('',(1.0,0.0,0.0));
#27584=ORIENTED_EDGE('',*,*,#27585,.F.);
#27595=EDGE_CURVE('',#27390,#27586,#27600,.T.);
#27600=LINE('',#27391,#27602);
#27602=VECTOR('',#27603,5.5689754);
#27603=DIRECTION('',(0.0,0.0,-1.0));
#27594=ORIENTED_EDGE('',*,*,#27595,.F.);
#27604=ORIENTED_EDGE('',*,*,#27389,.T.);
#27614=ORIENTED_EDGE('',*,*,#27546,.T.);
#27624=STYLED_ITEM('',(#34),#27625);
#27625=ADVANCED_FACE('',(#27631),#27626,.T.);
#27626=PLANE('',#27627);
#27627=AXIS2_PLACEMENT_3D('',#27628,#27629,#27630);
#27628=CARTESIAN_POINT('',(8.573,-1.27,3.924));
#27629=DIRECTION('',(-1.0,0.0,0.0));
#27630=DIRECTION('',(0.,0.,1.));
#27631=FACE_OUTER_BOUND('',#27632,.T.);
#27632=EDGE_LOOP('',(#27633,#27643,#27653,#27663));
#27634=EDGE_CURVE('',#27490,#27586,#27639,.T.);
#27639=LINE('',#27491,#27641);
#27641=VECTOR('',#27642,0.634999991484715);
#27642=DIRECTION('',(0.0,1.0,0.0));
#27633=ORIENTED_EDGE('',*,*,#27634,.F.);
#27643=ORIENTED_EDGE('',*,*,#27517,.T.);
#27653=ORIENTED_EDGE('',*,*,#27438,.T.);
#27663=ORIENTED_EDGE('',*,*,#27595,.T.);
#27673=STYLED_ITEM('',(#34),#27674);
#27674=ADVANCED_FACE('',(#27680),#27675,.T.);
#27675=PLANE('',#27676);
#27676=AXIS2_PLACEMENT_3D('',#27677,#27678,#27679);
#27677=CARTESIAN_POINT('',(9.208,-1.27,3.924));
#27678=DIRECTION('',(0.0,0.0,-1.0));
#27679=DIRECTION('',(0.,1.,0.));
#27680=FACE_OUTER_BOUND('',#27681,.T.);
#27681=EDGE_LOOP('',(#27682,#27692,#27702,#27712));
#27682=ORIENTED_EDGE('',*,*,#27536,.T.);
#27692=ORIENTED_EDGE('',*,*,#27487,.T.);
#27702=ORIENTED_EDGE('',*,*,#27634,.T.);
#27712=ORIENTED_EDGE('',*,*,#27585,.T.);
#27722=STYLED_ITEM('',(#34),#27723);
#27723=ADVANCED_FACE('',(#27729),#27724,.T.);
#27724=PLANE('',#27725);
#27725=AXIS2_PLACEMENT_3D('',#27726,#27727,#27728);
#27726=CARTESIAN_POINT('',(8.573,-1.27,0.952));
#27727=DIRECTION('',(0.0,0.0,1.0));
#27728=DIRECTION('',(0.,1.,0.));
#27729=FACE_OUTER_BOUND('',#27730,.T.);
#27730=EDGE_LOOP('',(#27731,#27741,#27751,#27761));
#27734=CARTESIAN_POINT('',(8.572,-1.905,0.952));
#27733=VERTEX_POINT('',#27734);
#27736=CARTESIAN_POINT('',(8.573,-1.27,0.952));
#27735=VERTEX_POINT('',#27736);
#27732=EDGE_CURVE('',#27733,#27735,#27737,.T.);
#27737=LINE('',#27734,#27739);
#27739=VECTOR('',#27740,0.634999991484715);
#27740=DIRECTION('',(0.0,1.0,0.0));
#27731=ORIENTED_EDGE('',*,*,#27732,.F.);
#27744=CARTESIAN_POINT('',(9.207,-1.905,0.952));
#27743=VERTEX_POINT('',#27744);
#27742=EDGE_CURVE('',#27743,#27733,#27747,.T.);
#27747=LINE('',#27744,#27749);
#27749=VECTOR('',#27750,0.635000025530044);
#27750=DIRECTION('',(-1.0,0.0,0.0));
#27741=ORIENTED_EDGE('',*,*,#27742,.F.);
#27754=CARTESIAN_POINT('',(9.208,-1.27,0.952));
#27753=VERTEX_POINT('',#27754);
#27752=EDGE_CURVE('',#27753,#27743,#27757,.T.);
#27757=LINE('',#27754,#27759);
#27759=VECTOR('',#27760,0.634999991484716);
#27760=DIRECTION('',(0.0,-1.0,0.0));
#27751=ORIENTED_EDGE('',*,*,#27752,.F.);
#27762=EDGE_CURVE('',#27735,#27753,#27767,.T.);
#27767=LINE('',#27736,#27769);
#27769=VECTOR('',#27770,0.634999991500525);
#27770=DIRECTION('',(1.0,0.0,0.0));
#27761=ORIENTED_EDGE('',*,*,#27762,.F.);
#27771=STYLED_ITEM('',(#34),#27772);
#27772=ADVANCED_FACE('',(#27778),#27773,.T.);
#27773=PLANE('',#27774);
#27774=AXIS2_PLACEMENT_3D('',#27775,#27776,#27777);
#27775=CARTESIAN_POINT('',(8.572,-1.905,0.794));
#27776=DIRECTION('',(0.0,-1.0,0.0));
#27777=DIRECTION('',(0.,0.,1.));
#27778=FACE_OUTER_BOUND('',#27779,.T.);
#27779=EDGE_LOOP('',(#27780,#27790,#27800,#27810));
#27783=CARTESIAN_POINT('',(9.207,-1.905,0.794));
#27782=VERTEX_POINT('',#27783);
#27785=CARTESIAN_POINT('',(8.572,-1.905,0.794));
#27784=VERTEX_POINT('',#27785);
#27781=EDGE_CURVE('',#27782,#27784,#27786,.T.);
#27786=LINE('',#27783,#27788);
#27788=VECTOR('',#27789,0.635000025530044);
#27789=DIRECTION('',(-1.0,0.0,0.0));
#27780=ORIENTED_EDGE('',*,*,#27781,.F.);
#27791=EDGE_CURVE('',#27743,#27782,#27796,.T.);
#27796=LINE('',#27744,#27798);
#27798=VECTOR('',#27799,0.15874365);
#27799=DIRECTION('',(0.0,0.0,-1.0));
#27790=ORIENTED_EDGE('',*,*,#27791,.F.);
#27800=ORIENTED_EDGE('',*,*,#27742,.T.);
#27811=EDGE_CURVE('',#27784,#27733,#27816,.T.);
#27816=LINE('',#27785,#27818);
#27818=VECTOR('',#27819,0.15874365);
#27819=DIRECTION('',(0.0,0.0,1.0));
#27810=ORIENTED_EDGE('',*,*,#27811,.F.);
#27820=STYLED_ITEM('',(#34),#27821);
#27821=ADVANCED_FACE('',(#27827),#27822,.T.);
#27822=PLANE('',#27823);
#27823=AXIS2_PLACEMENT_3D('',#27824,#27825,#27826);
#27824=CARTESIAN_POINT('',(9.208,-1.27,0.794));
#27825=DIRECTION('',(0.0,1.0,0.0));
#27826=DIRECTION('',(0.,0.,1.));
#27827=FACE_OUTER_BOUND('',#27828,.T.);
#27828=EDGE_LOOP('',(#27829,#27839,#27849,#27859));
#27832=CARTESIAN_POINT('',(8.573,-1.27,0.794));
#27831=VERTEX_POINT('',#27832);
#27834=CARTESIAN_POINT('',(9.208,-1.27,0.794));
#27833=VERTEX_POINT('',#27834);
#27830=EDGE_CURVE('',#27831,#27833,#27835,.T.);
#27835=LINE('',#27832,#27837);
#27837=VECTOR('',#27838,0.634999991500525);
#27838=DIRECTION('',(1.0,0.0,0.0));
#27829=ORIENTED_EDGE('',*,*,#27830,.F.);
#27840=EDGE_CURVE('',#27735,#27831,#27845,.T.);
#27845=LINE('',#27736,#27847);
#27847=VECTOR('',#27848,0.15874365);
#27848=DIRECTION('',(0.0,0.0,-1.0));
#27839=ORIENTED_EDGE('',*,*,#27840,.F.);
#27849=ORIENTED_EDGE('',*,*,#27762,.T.);
#27860=EDGE_CURVE('',#27833,#27753,#27865,.T.);
#27865=LINE('',#27834,#27867);
#27867=VECTOR('',#27868,0.15874365);
#27868=DIRECTION('',(0.0,0.0,1.0));
#27859=ORIENTED_EDGE('',*,*,#27860,.F.);
#27869=STYLED_ITEM('',(#34),#27870);
#27870=ADVANCED_FACE('',(#27876),#27871,.T.);
#27871=PLANE('',#27872);
#27872=AXIS2_PLACEMENT_3D('',#27873,#27874,#27875);
#27873=CARTESIAN_POINT('',(8.572,-2.064,0.635));
#27874=DIRECTION('',(0.0,0.0,1.0));
#27875=DIRECTION('',(0.,1.,0.));
#27876=FACE_OUTER_BOUND('',#27877,.T.);
#27877=EDGE_LOOP('',(#27878,#27888,#27898,#27908));
#27881=CARTESIAN_POINT('',(8.572,-3.842,0.635));
#27880=VERTEX_POINT('',#27881);
#27883=CARTESIAN_POINT('',(8.572,-2.064,0.635));
#27882=VERTEX_POINT('',#27883);
#27879=EDGE_CURVE('',#27880,#27882,#27884,.T.);
#27884=LINE('',#27881,#27886);
#27886=VECTOR('',#27887,1.77800634757545);
#27887=DIRECTION('',(0.0,1.0,0.0));
#27878=ORIENTED_EDGE('',*,*,#27879,.F.);
#27891=CARTESIAN_POINT('',(9.207,-3.842,0.635));
#27890=VERTEX_POINT('',#27891);
#27889=EDGE_CURVE('',#27890,#27880,#27894,.T.);
#27894=LINE('',#27891,#27896);
#27896=VECTOR('',#27897,0.635000230858436);
#27897=DIRECTION('',(-1.0,0.0,0.0));
#27888=ORIENTED_EDGE('',*,*,#27889,.F.);
#27901=CARTESIAN_POINT('',(9.207,-2.064,0.635));
#27900=VERTEX_POINT('',#27901);
#27899=EDGE_CURVE('',#27900,#27890,#27904,.T.);
#27904=LINE('',#27901,#27906);
#27906=VECTOR('',#27907,1.77800634757545);
#27907=DIRECTION('',(0.0,-1.0,0.0));
#27898=ORIENTED_EDGE('',*,*,#27899,.F.);
#27909=EDGE_CURVE('',#27882,#27900,#27914,.T.);
#27914=LINE('',#27883,#27916);
#27916=VECTOR('',#27917,0.635000041498695);
#27917=DIRECTION('',(1.0,0.0,0.0));
#27908=ORIENTED_EDGE('',*,*,#27909,.F.);
#27967=STYLED_ITEM('',(#34),#27968);
#27968=ADVANCED_FACE('',(#27974),#27969,.T.);
#27969=PLANE('',#27970);
#27970=AXIS2_PLACEMENT_3D('',#27971,#27972,#27973);
#27971=CARTESIAN_POINT('',(9.207,-2.064,0.0));
#27972=DIRECTION('',(0.0,0.0,-1.0));
#27973=DIRECTION('',(0.,1.,0.));
#27974=FACE_OUTER_BOUND('',#27975,.T.);
#27975=EDGE_LOOP('',(#27976,#27986,#27996,#28006));
#27979=CARTESIAN_POINT('',(9.207,-3.842,0.0));
#27978=VERTEX_POINT('',#27979);
#27981=CARTESIAN_POINT('',(9.207,-2.064,0.0));
#27980=VERTEX_POINT('',#27981);
#27977=EDGE_CURVE('',#27978,#27980,#27982,.T.);
#27982=LINE('',#27979,#27984);
#27984=VECTOR('',#27985,1.77800634757545);
#27985=DIRECTION('',(0.0,1.0,0.0));
#27976=ORIENTED_EDGE('',*,*,#27977,.F.);
#27989=CARTESIAN_POINT('',(8.572,-3.842,0.0));
#27988=VERTEX_POINT('',#27989);
#27987=EDGE_CURVE('',#27988,#27978,#27992,.T.);
#27992=LINE('',#27989,#27994);
#27994=VECTOR('',#27995,0.635000230858436);
#27995=DIRECTION('',(1.0,0.0,0.0));
#27986=ORIENTED_EDGE('',*,*,#27987,.F.);
#27999=CARTESIAN_POINT('',(8.572,-2.064,0.0));
#27998=VERTEX_POINT('',#27999);
#27997=EDGE_CURVE('',#27998,#27988,#28002,.T.);
#28002=LINE('',#27999,#28004);
#28004=VECTOR('',#28005,1.77800634757545);
#28005=DIRECTION('',(0.0,-1.0,0.0));
#27996=ORIENTED_EDGE('',*,*,#27997,.F.);
#28007=EDGE_CURVE('',#27980,#27998,#28012,.T.);
#28012=LINE('',#27981,#28014);
#28014=VECTOR('',#28015,0.635000041498695);
#28015=DIRECTION('',(-1.0,0.0,0.0));
#28006=ORIENTED_EDGE('',*,*,#28007,.F.);
#28065=STYLED_ITEM('',(#34),#28066);
#28066=ADVANCED_FACE('',(#28072),#28067,.T.);
#28067=PLANE('',#28068);
#28068=AXIS2_PLACEMENT_3D('',#28069,#28070,#28071);
#28069=CARTESIAN_POINT('',(8.731,-4.0,0.476));
#28070=DIRECTION('',(0.0,-0.707,0.707));
#28071=DIRECTION('',(0.,0.,1.));
#28072=FACE_OUTER_BOUND('',#28073,.T.);
#28073=EDGE_LOOP('',(#28074,#28084,#28094,#28104));
#28077=CARTESIAN_POINT('',(9.049,-4.001,0.476));
#28076=VERTEX_POINT('',#28077);
#28079=CARTESIAN_POINT('',(8.731,-4.0,0.476));
#28078=VERTEX_POINT('',#28079);
#28075=EDGE_CURVE('',#28076,#28078,#28080,.T.);
#28080=LINE('',#28077,#28082);
#28082=VECTOR('',#28083,0.317500253221194);
#28083=DIRECTION('',(-1.0,0.0,0.0));
#28074=ORIENTED_EDGE('',*,*,#28075,.F.);
#28085=EDGE_CURVE('',#27890,#28076,#28090,.T.);
#28090=LINE('',#27891,#28092);
#28092=VECTOR('',#28093,0.274963063823215);
#28093=DIRECTION('',(-0.577,-0.577,-0.577));
#28084=ORIENTED_EDGE('',*,*,#28085,.F.);
#28094=ORIENTED_EDGE('',*,*,#27889,.T.);
#28105=EDGE_CURVE('',#28078,#27880,#28110,.T.);
#28110=LINE('',#28079,#28112);
#28112=VECTOR('',#28113,0.274963063823216);
#28113=DIRECTION('',(-0.577,0.577,0.577));
#28104=ORIENTED_EDGE('',*,*,#28105,.F.);
#28114=STYLED_ITEM('',(#34),#28115);
#28115=ADVANCED_FACE('',(#28121),#28116,.T.);
#28116=PLANE('',#28117);
#28117=AXIS2_PLACEMENT_3D('',#28118,#28119,#28120);
#28118=CARTESIAN_POINT('',(8.572,-3.842,0.0));
#28119=DIRECTION('',(-0.707,-0.707,0.0));
#28120=DIRECTION('',(0.,0.,1.));
#28121=FACE_OUTER_BOUND('',#28122,.T.);
#28122=EDGE_LOOP('',(#28123,#28133,#28143,#28153));
#28126=CARTESIAN_POINT('',(8.731,-4.0,0.159));
#28125=VERTEX_POINT('',#28126);
#28124=EDGE_CURVE('',#28125,#27988,#28129,.T.);
#28129=LINE('',#28126,#28131);
#28131=VECTOR('',#28132,0.274963063823216);
#28132=DIRECTION('',(-0.577,0.577,-0.577));
#28123=ORIENTED_EDGE('',*,*,#28124,.F.);
#28134=EDGE_CURVE('',#28078,#28125,#28139,.T.);
#28139=LINE('',#28079,#28141);
#28141=VECTOR('',#28142,0.3175);
#28142=DIRECTION('',(0.0,0.0,-1.0));
#28133=ORIENTED_EDGE('',*,*,#28134,.F.);
#28143=ORIENTED_EDGE('',*,*,#28105,.T.);
#28154=EDGE_CURVE('',#27988,#27880,#28159,.T.);
#28159=LINE('',#27989,#28161);
#28161=VECTOR('',#28162,0.635);
#28162=DIRECTION('',(0.0,0.0,1.0));
#28153=ORIENTED_EDGE('',*,*,#28154,.F.);
#28163=STYLED_ITEM('',(#34),#28164);
#28164=ADVANCED_FACE('',(#28170),#28165,.T.);
#28165=PLANE('',#28166);
#28166=AXIS2_PLACEMENT_3D('',#28167,#28168,#28169);
#28167=CARTESIAN_POINT('',(8.572,-3.842,0.0));
#28168=DIRECTION('',(0.0,-0.707,-0.707));
#28169=DIRECTION('',(0.,0.,1.));
#28170=FACE_OUTER_BOUND('',#28171,.T.);
#28171=EDGE_LOOP('',(#28172,#28182,#28192,#28202));
#28172=ORIENTED_EDGE('',*,*,#27987,.T.);
#28185=CARTESIAN_POINT('',(9.049,-4.001,0.159));
#28184=VERTEX_POINT('',#28185);
#28183=EDGE_CURVE('',#28184,#27978,#28188,.T.);
#28188=LINE('',#28185,#28190);
#28190=VECTOR('',#28191,0.274963063823215);
#28191=DIRECTION('',(0.577,0.577,-0.577));
#28182=ORIENTED_EDGE('',*,*,#28183,.F.);
#28193=EDGE_CURVE('',#28125,#28184,#28198,.T.);
#28198=LINE('',#28126,#28200);
#28200=VECTOR('',#28201,0.317500253221194);
#28201=DIRECTION('',(1.0,0.0,0.0));
#28192=ORIENTED_EDGE('',*,*,#28193,.F.);
#28202=ORIENTED_EDGE('',*,*,#28124,.T.);
#28212=STYLED_ITEM('',(#34),#28213);
#28213=ADVANCED_FACE('',(#28219),#28214,.T.);
#28214=PLANE('',#28215);
#28215=AXIS2_PLACEMENT_3D('',#28216,#28217,#28218);
#28216=CARTESIAN_POINT('',(9.049,-4.001,0.159));
#28217=DIRECTION('',(0.707,-0.707,0.0));
#28218=DIRECTION('',(0.,0.,1.));
#28219=FACE_OUTER_BOUND('',#28220,.T.);
#28220=EDGE_LOOP('',(#28221,#28231,#28241,#28251));
#28221=ORIENTED_EDGE('',*,*,#28183,.T.);
#28232=EDGE_CURVE('',#27890,#27978,#28237,.T.);
#28237=LINE('',#27891,#28239);
#28239=VECTOR('',#28240,0.635);
#28240=DIRECTION('',(0.0,0.0,-1.0));
#28231=ORIENTED_EDGE('',*,*,#28232,.F.);
#28241=ORIENTED_EDGE('',*,*,#28085,.T.);
#28252=EDGE_CURVE('',#28184,#28076,#28257,.T.);
#28257=LINE('',#28185,#28259);
#28259=VECTOR('',#28260,0.3175);
#28260=DIRECTION('',(0.0,0.0,1.0));
#28251=ORIENTED_EDGE('',*,*,#28252,.F.);
#28261=STYLED_ITEM('',(#34),#28262);
#28262=ADVANCED_FACE('',(#28268),#28263,.T.);
#28263=PLANE('',#28264);
#28264=AXIS2_PLACEMENT_3D('',#28265,#28266,#28267);
#28265=CARTESIAN_POINT('',(8.731,-4.0,0.159));
#28266=DIRECTION('',(0.0,-1.0,0.0));
#28267=DIRECTION('',(0.,0.,1.));
#28268=FACE_OUTER_BOUND('',#28269,.T.);
#28269=EDGE_LOOP('',(#28270,#28280,#28290,#28300));
#28270=ORIENTED_EDGE('',*,*,#28193,.T.);
#28280=ORIENTED_EDGE('',*,*,#28252,.T.);
#28290=ORIENTED_EDGE('',*,*,#28075,.T.);
#28300=ORIENTED_EDGE('',*,*,#28134,.T.);
#28310=STYLED_ITEM($,(#34),#28311);
#28311=ADVANCED_FACE($,(#28317),#28312,.F.);
#28312=CYLINDRICAL_SURFACE($,#28313,0.15874365);
#28313=AXIS2_PLACEMENT_3D($,#28314,#28315,#28316);
#28314=CARTESIAN_POINT('',(8.572,-2.064,0.794));
#28315=DIRECTION('',(-1.0,0.0,0.0));
#28316=DIRECTION('',(0.,0.,1.));
#28317=FACE_OUTER_BOUND($,#28318,.T.);
#28318=EDGE_LOOP($,(#28330,#28340,#28351,#28319));
#28330=ORIENTED_EDGE('',*,*,#27909,.T.);
#28341=EDGE_CURVE($,#27782,#27900,#28346,.T.);
#28346=CIRCLE($,#28347,0.15874365);
#28348=CARTESIAN_POINT('',(9.207,-2.064,0.794));
#28347=AXIS2_PLACEMENT_3D($,#28348,#28349,#28350);
#28349=DIRECTION('',(-1.0,0.0,0.0));
#28350=DIRECTION('',(0.0,-0.707,-0.707));
#28340=ORIENTED_EDGE('',*,*,#28341,.F.);
#28351=ORIENTED_EDGE('',*,*,#27781,.T.);
#28320=EDGE_CURVE($,#27882,#27784,#28325,.T.);
#28325=CIRCLE($,#28326,0.15874365);
#28327=CARTESIAN_POINT('',(8.572,-2.064,0.794));
#28326=AXIS2_PLACEMENT_3D($,#28327,#28328,#28329);
#28328=DIRECTION('',(1.0,0.0,0.0));
#28329=DIRECTION('',(0.0,0.707,0.707));
#28319=ORIENTED_EDGE('',*,*,#28320,.F.);
#28361=STYLED_ITEM($,(#34),#28362);
#28362=ADVANCED_FACE($,(#28368),#28363,.T.);
#28363=CYLINDRICAL_SURFACE($,#28364,0.79374365);
#28364=AXIS2_PLACEMENT_3D($,#28365,#28366,#28367);
#28365=CARTESIAN_POINT('',(8.572,-2.064,0.794));
#28366=DIRECTION('',(1.0,0.0,0.0));
#28367=DIRECTION('',(0.,0.,1.));
#28368=FACE_OUTER_BOUND($,#28369,.T.);
#28369=EDGE_LOOP($,(#28381,#28391,#28402,#28370));
#28381=ORIENTED_EDGE('',*,*,#28007,.T.);
#28392=EDGE_CURVE($,#27831,#27998,#28397,.T.);
#28397=CIRCLE($,#28398,0.79374365);
#28398=AXIS2_PLACEMENT_3D($,#28327,#28400,#28401);
#28400=DIRECTION('',(-1.0,0.0,0.0));
#28401=DIRECTION('',(0.0,-0.707,-0.707));
#28391=ORIENTED_EDGE('',*,*,#28392,.F.);
#28402=ORIENTED_EDGE('',*,*,#27830,.T.);
#28371=EDGE_CURVE($,#27980,#27833,#28376,.T.);
#28376=CIRCLE($,#28377,0.79374365);
#28377=AXIS2_PLACEMENT_3D($,#28348,#28379,#28380);
#28379=DIRECTION('',(1.0,0.0,0.0));
#28380=DIRECTION('',(0.0,0.707,0.707));
#28370=ORIENTED_EDGE('',*,*,#28371,.F.);
#28412=STYLED_ITEM('color',(#34),#28413);
#28413=ADVANCED_FACE($,(#28419),#28414,.T.);
#28414=PLANE($,#28415);
#28415=AXIS2_PLACEMENT_3D($,#28416,#28417,#28418);
#28416=CARTESIAN_POINT('',(8.573,-1.27,0.794));
#28417=DIRECTION('',(-1.0,0.0,0.0));
#28418=DIRECTION('',(1.,0.,0.));
#28419=FACE_OUTER_BOUND($,#28420,.T.);
#28420=EDGE_LOOP($,(#28423, #28433, #28443, #28453, #28464, #28474, #28484, #28494));
#28423=ORIENTED_EDGE('',*,*,#27811,.T.);
#28433=ORIENTED_EDGE('',*,*,#27732,.T.);
#28443=ORIENTED_EDGE('',*,*,#27840,.T.);
#28453=ORIENTED_EDGE('',*,*,#28392,.T.);
#28464=ORIENTED_EDGE('',*,*,#27997,.T.);
#28474=ORIENTED_EDGE('',*,*,#28154,.T.);
#28484=ORIENTED_EDGE('',*,*,#27879,.T.);
#28494=ORIENTED_EDGE('',*,*,#28320,.T.);
#28505=STYLED_ITEM('color',(#34),#28506);
#28506=ADVANCED_FACE($,(#28512),#28507,.T.);
#28507=PLANE($,#28508);
#28508=AXIS2_PLACEMENT_3D($,#28509,#28510,#28511);
#28509=CARTESIAN_POINT('',(9.208,-1.27,0.794));
#28510=DIRECTION('',(1.0,0.0,0.0));
#28511=DIRECTION('',(-1.,0.,0.));
#28512=FACE_OUTER_BOUND($,#28513,.T.);
#28513=EDGE_LOOP($,(#28516, #28526, #28536, #28546, #28557, #28567, #28577, #28587));
#28516=ORIENTED_EDGE('',*,*,#27860,.T.);
#28526=ORIENTED_EDGE('',*,*,#27752,.T.);
#28536=ORIENTED_EDGE('',*,*,#27791,.T.);
#28546=ORIENTED_EDGE('',*,*,#28341,.T.);
#28557=ORIENTED_EDGE('',*,*,#27899,.T.);
#28567=ORIENTED_EDGE('',*,*,#28232,.T.);
#28577=ORIENTED_EDGE('',*,*,#27977,.T.);
#28587=ORIENTED_EDGE('',*,*,#28371,.T.);
#28598=MANIFOLD_SOLID_BREP($,#28599);
#28599=CLOSED_SHELL('',(#28603,#28652,#28701,#28750,#28799,#28848,#28897,#28946,#28995,#29044));
#28600=MANIFOLD_SOLID_BREP($,#28601);
#28601=CLOSED_SHELL('',(#29093,#29142,#29191,#29240,#29338,#29436,#29485,#29534,#29583,#29632,#29681,#29732,#29783,#29876));
#28602=STYLED_ITEM('',(#34),#28603);
#28603=ADVANCED_FACE('',(#28609),#28604,.T.);
#28604=PLANE('',#28605);
#28605=AXIS2_PLACEMENT_3D('',#28606,#28607,#28608);
#28606=CARTESIAN_POINT('',(6.191,-1.429,9.652));
#28607=DIRECTION('',(0.0,0.0,1.0));
#28608=DIRECTION('',(0.,1.,0.));
#28609=FACE_OUTER_BOUND('',#28610,.T.);
#28610=EDGE_LOOP('',(#28611,#28621,#28631,#28641));
#28614=CARTESIAN_POINT('',(6.191,-1.746,9.652));
#28613=VERTEX_POINT('',#28614);
#28616=CARTESIAN_POINT('',(6.191,-1.429,9.652));
#28615=VERTEX_POINT('',#28616);
#28612=EDGE_CURVE('',#28613,#28615,#28617,.T.);
#28617=LINE('',#28614,#28619);
#28619=VECTOR('',#28620,0.317499995742357);
#28620=DIRECTION('',(0.0,1.0,0.0));
#28611=ORIENTED_EDGE('',*,*,#28612,.F.);
#28624=CARTESIAN_POINT('',(6.509,-1.746,9.652));
#28623=VERTEX_POINT('',#28624);
#28622=EDGE_CURVE('',#28623,#28613,#28627,.T.);
#28627=LINE('',#28624,#28629);
#28629=VECTOR('',#28630,0.317500012765022);
#28630=DIRECTION('',(-1.0,0.0,0.0));
#28621=ORIENTED_EDGE('',*,*,#28622,.F.);
#28634=CARTESIAN_POINT('',(6.509,-1.429,9.652));
#28633=VERTEX_POINT('',#28634);
#28632=EDGE_CURVE('',#28633,#28623,#28637,.T.);
#28637=LINE('',#28634,#28639);
#28639=VECTOR('',#28640,0.317499995742358);
#28640=DIRECTION('',(0.0,-1.0,0.0));
#28631=ORIENTED_EDGE('',*,*,#28632,.F.);
#28642=EDGE_CURVE('',#28615,#28633,#28647,.T.);
#28647=LINE('',#28616,#28649);
#28649=VECTOR('',#28650,0.317499995750263);
#28650=DIRECTION('',(1.0,0.0,0.0));
#28641=ORIENTED_EDGE('',*,*,#28642,.F.);
#28651=STYLED_ITEM('',(#34),#28652);
#28652=ADVANCED_FACE('',(#28658),#28653,.T.);
#28653=PLANE('',#28654);
#28654=AXIS2_PLACEMENT_3D('',#28655,#28656,#28657);
#28655=CARTESIAN_POINT('',(6.032,-1.905,9.493));
#28656=DIRECTION('',(0.0,-0.707,0.707));
#28657=DIRECTION('',(0.,0.,1.));
#28658=FACE_OUTER_BOUND('',#28659,.T.);
#28659=EDGE_LOOP('',(#28660,#28670,#28680,#28690));
#28663=CARTESIAN_POINT('',(6.667,-1.905,9.493));
#28662=VERTEX_POINT('',#28663);
#28665=CARTESIAN_POINT('',(6.032,-1.905,9.493));
#28664=VERTEX_POINT('',#28665);
#28661=EDGE_CURVE('',#28662,#28664,#28666,.T.);
#28666=LINE('',#28663,#28668);
#28668=VECTOR('',#28669,0.635000025530043);
#28669=DIRECTION('',(-1.0,0.0,0.0));
#28660=ORIENTED_EDGE('',*,*,#28661,.F.);
#28671=EDGE_CURVE('',#28623,#28662,#28676,.T.);
#28676=LINE('',#28624,#28678);
#28678=VECTOR('',#28679,0.274963065701559);
#28679=DIRECTION('',(0.577,-0.577,-0.577));
#28670=ORIENTED_EDGE('',*,*,#28671,.F.);
#28680=ORIENTED_EDGE('',*,*,#28622,.T.);
#28691=EDGE_CURVE('',#28664,#28613,#28696,.T.);
#28696=LINE('',#28665,#28698);
#28698=VECTOR('',#28699,0.274963065701559);
#28699=DIRECTION('',(0.577,0.577,0.577));
#28690=ORIENTED_EDGE('',*,*,#28691,.F.);
#28700=STYLED_ITEM('',(#34),#28701);
#28701=ADVANCED_FACE('',(#28707),#28702,.T.);
#28702=PLANE('',#28703);
#28703=AXIS2_PLACEMENT_3D('',#28704,#28705,#28706);
#28704=CARTESIAN_POINT('',(6.667,-1.905,9.493));
#28705=DIRECTION('',(0.707,0.0,0.707));
#28706=DIRECTION('',(0.,0.,1.));
#28707=FACE_OUTER_BOUND('',#28708,.T.);
#28708=EDGE_LOOP('',(#28709,#28719,#28729,#28739));
#28712=CARTESIAN_POINT('',(6.668,-1.27,9.493));
#28711=VERTEX_POINT('',#28712);
#28710=EDGE_CURVE('',#28711,#28662,#28715,.T.);
#28715=LINE('',#28712,#28717);
#28717=VECTOR('',#28718,0.634999991484716);
#28718=DIRECTION('',(0.0,-1.0,0.0));
#28709=ORIENTED_EDGE('',*,*,#28710,.F.);
#28720=EDGE_CURVE('',#28633,#28711,#28725,.T.);
#28725=LINE('',#28634,#28727);
#28727=VECTOR('',#28728,0.274963065701559);
#28728=DIRECTION('',(0.577,0.577,-0.577));
#28719=ORIENTED_EDGE('',*,*,#28720,.F.);
#28729=ORIENTED_EDGE('',*,*,#28632,.T.);
#28739=ORIENTED_EDGE('',*,*,#28671,.T.);
#28749=STYLED_ITEM('',(#34),#28750);
#28750=ADVANCED_FACE('',(#28756),#28751,.T.);
#28751=PLANE('',#28752);
#28752=AXIS2_PLACEMENT_3D('',#28753,#28754,#28755);
#28753=CARTESIAN_POINT('',(6.668,-1.27,9.493));
#28754=DIRECTION('',(0.0,0.707,0.707));
#28755=DIRECTION('',(0.,0.,1.));
#28756=FACE_OUTER_BOUND('',#28757,.T.);
#28757=EDGE_LOOP('',(#28758,#28768,#28778,#28788));
#28761=CARTESIAN_POINT('',(6.033,-1.27,9.493));
#28760=VERTEX_POINT('',#28761);
#28759=EDGE_CURVE('',#28760,#28711,#28764,.T.);
#28764=LINE('',#28761,#28766);
#28766=VECTOR('',#28767,0.634999991500525);
#28767=DIRECTION('',(1.0,0.0,0.0));
#28758=ORIENTED_EDGE('',*,*,#28759,.F.);
#28769=EDGE_CURVE('',#28615,#28760,#28774,.T.);
#28774=LINE('',#28616,#28776);
#28776=VECTOR('',#28777,0.274963065701559);
#28777=DIRECTION('',(-0.577,0.577,-0.577));
#28768=ORIENTED_EDGE('',*,*,#28769,.F.);
#28778=ORIENTED_EDGE('',*,*,#28642,.T.);
#28788=ORIENTED_EDGE('',*,*,#28720,.T.);
#28798=STYLED_ITEM('',(#34),#28799);
#28799=ADVANCED_FACE('',(#28805),#28800,.T.);
#28800=PLANE('',#28801);
#28801=AXIS2_PLACEMENT_3D('',#28802,#28803,#28804);
#28802=CARTESIAN_POINT('',(6.033,-1.27,9.493));
#28803=DIRECTION('',(-0.707,0.0,0.707));
#28804=DIRECTION('',(0.,0.,1.));
#28805=FACE_OUTER_BOUND('',#28806,.T.);
#28806=EDGE_LOOP('',(#28807,#28817,#28827,#28837));
#28808=EDGE_CURVE('',#28664,#28760,#28813,.T.);
#28813=LINE('',#28665,#28815);
#28815=VECTOR('',#28816,0.634999991484715);
#28816=DIRECTION('',(0.0,1.0,0.0));
#28807=ORIENTED_EDGE('',*,*,#28808,.F.);
#28817=ORIENTED_EDGE('',*,*,#28691,.T.);
#28827=ORIENTED_EDGE('',*,*,#28612,.T.);
#28837=ORIENTED_EDGE('',*,*,#28769,.T.);
#28847=STYLED_ITEM('',(#34),#28848);
#28848=ADVANCED_FACE('',(#28854),#28849,.T.);
#28849=PLANE('',#28850);
#28850=AXIS2_PLACEMENT_3D('',#28851,#28852,#28853);
#28851=CARTESIAN_POINT('',(6.032,-1.905,3.924));
#28852=DIRECTION('',(0.0,-1.0,0.0));
#28853=DIRECTION('',(0.,0.,1.));
#28854=FACE_OUTER_BOUND('',#28855,.T.);
#28855=EDGE_LOOP('',(#28856,#28866,#28876,#28886));
#28859=CARTESIAN_POINT('',(6.667,-1.905,3.924));
#28858=VERTEX_POINT('',#28859);
#28861=CARTESIAN_POINT('',(6.032,-1.905,3.924));
#28860=VERTEX_POINT('',#28861);
#28857=EDGE_CURVE('',#28858,#28860,#28862,.T.);
#28862=LINE('',#28859,#28864);
#28864=VECTOR('',#28865,0.635000025530043);
#28865=DIRECTION('',(-1.0,0.0,0.0));
#28856=ORIENTED_EDGE('',*,*,#28857,.F.);
#28867=EDGE_CURVE('',#28662,#28858,#28872,.T.);
#28872=LINE('',#28663,#28874);
#28874=VECTOR('',#28875,5.5689754);
#28875=DIRECTION('',(0.0,0.0,-1.0));
#28866=ORIENTED_EDGE('',*,*,#28867,.F.);
#28876=ORIENTED_EDGE('',*,*,#28661,.T.);
#28887=EDGE_CURVE('',#28860,#28664,#28892,.T.);
#28892=LINE('',#28861,#28894);
#28894=VECTOR('',#28895,5.5689754);
#28895=DIRECTION('',(0.0,0.0,1.0));
#28886=ORIENTED_EDGE('',*,*,#28887,.F.);
#28896=STYLED_ITEM('',(#34),#28897);
#28897=ADVANCED_FACE('',(#28903),#28898,.T.);
#28898=PLANE('',#28899);
#28899=AXIS2_PLACEMENT_3D('',#28900,#28901,#28902);
#28900=CARTESIAN_POINT('',(6.667,-1.905,3.924));
#28901=DIRECTION('',(1.0,0.0,0.0));
#28902=DIRECTION('',(0.,0.,1.));
#28903=FACE_OUTER_BOUND('',#28904,.T.);
#28904=EDGE_LOOP('',(#28905,#28915,#28925,#28935));
#28908=CARTESIAN_POINT('',(6.668,-1.27,3.924));
#28907=VERTEX_POINT('',#28908);
#28906=EDGE_CURVE('',#28907,#28858,#28911,.T.);
#28911=LINE('',#28908,#28913);
#28913=VECTOR('',#28914,0.634999991484716);
#28914=DIRECTION('',(0.0,-1.0,0.0));
#28905=ORIENTED_EDGE('',*,*,#28906,.F.);
#28916=EDGE_CURVE('',#28711,#28907,#28921,.T.);
#28921=LINE('',#28712,#28923);
#28923=VECTOR('',#28924,5.5689754);
#28924=DIRECTION('',(0.0,0.0,-1.0));
#28915=ORIENTED_EDGE('',*,*,#28916,.F.);
#28925=ORIENTED_EDGE('',*,*,#28710,.T.);
#28935=ORIENTED_EDGE('',*,*,#28867,.T.);
#28945=STYLED_ITEM('',(#34),#28946);
#28946=ADVANCED_FACE('',(#28952),#28947,.T.);
#28947=PLANE('',#28948);
#28948=AXIS2_PLACEMENT_3D('',#28949,#28950,#28951);
#28949=CARTESIAN_POINT('',(6.668,-1.27,3.924));
#28950=DIRECTION('',(0.0,1.0,0.0));
#28951=DIRECTION('',(0.,0.,1.));
#28952=FACE_OUTER_BOUND('',#28953,.T.);
#28953=EDGE_LOOP('',(#28954,#28964,#28974,#28984));
#28957=CARTESIAN_POINT('',(6.033,-1.27,3.924));
#28956=VERTEX_POINT('',#28957);
#28955=EDGE_CURVE('',#28956,#28907,#28960,.T.);
#28960=LINE('',#28957,#28962);
#28962=VECTOR('',#28963,0.634999991500525);
#28963=DIRECTION('',(1.0,0.0,0.0));
#28954=ORIENTED_EDGE('',*,*,#28955,.F.);
#28965=EDGE_CURVE('',#28760,#28956,#28970,.T.);
#28970=LINE('',#28761,#28972);
#28972=VECTOR('',#28973,5.5689754);
#28973=DIRECTION('',(0.0,0.0,-1.0));
#28964=ORIENTED_EDGE('',*,*,#28965,.F.);
#28974=ORIENTED_EDGE('',*,*,#28759,.T.);
#28984=ORIENTED_EDGE('',*,*,#28916,.T.);
#28994=STYLED_ITEM('',(#34),#28995);
#28995=ADVANCED_FACE('',(#29001),#28996,.T.);
#28996=PLANE('',#28997);
#28997=AXIS2_PLACEMENT_3D('',#28998,#28999,#29000);
#28998=CARTESIAN_POINT('',(6.033,-1.27,3.924));
#28999=DIRECTION('',(-1.0,0.0,0.0));
#29000=DIRECTION('',(0.,0.,1.));
#29001=FACE_OUTER_BOUND('',#29002,.T.);
#29002=EDGE_LOOP('',(#29003,#29013,#29023,#29033));
#29004=EDGE_CURVE('',#28860,#28956,#29009,.T.);
#29009=LINE('',#28861,#29011);
#29011=VECTOR('',#29012,0.634999991484715);
#29012=DIRECTION('',(0.0,1.0,0.0));
#29003=ORIENTED_EDGE('',*,*,#29004,.F.);
#29013=ORIENTED_EDGE('',*,*,#28887,.T.);
#29023=ORIENTED_EDGE('',*,*,#28808,.T.);
#29033=ORIENTED_EDGE('',*,*,#28965,.T.);
#29043=STYLED_ITEM('',(#34),#29044);
#29044=ADVANCED_FACE('',(#29050),#29045,.T.);
#29045=PLANE('',#29046);
#29046=AXIS2_PLACEMENT_3D('',#29047,#29048,#29049);
#29047=CARTESIAN_POINT('',(6.668,-1.27,3.924));
#29048=DIRECTION('',(0.0,0.0,-1.0));
#29049=DIRECTION('',(0.,1.,0.));
#29050=FACE_OUTER_BOUND('',#29051,.T.);
#29051=EDGE_LOOP('',(#29052,#29062,#29072,#29082));
#29052=ORIENTED_EDGE('',*,*,#28906,.T.);
#29062=ORIENTED_EDGE('',*,*,#28857,.T.);
#29072=ORIENTED_EDGE('',*,*,#29004,.T.);
#29082=ORIENTED_EDGE('',*,*,#28955,.T.);
#29092=STYLED_ITEM('',(#34),#29093);
#29093=ADVANCED_FACE('',(#29099),#29094,.T.);
#29094=PLANE('',#29095);
#29095=AXIS2_PLACEMENT_3D('',#29096,#29097,#29098);
#29096=CARTESIAN_POINT('',(6.033,-1.27,0.952));
#29097=DIRECTION('',(0.0,0.0,1.0));
#29098=DIRECTION('',(0.,1.,0.));
#29099=FACE_OUTER_BOUND('',#29100,.T.);
#29100=EDGE_LOOP('',(#29101,#29111,#29121,#29131));
#29104=CARTESIAN_POINT('',(6.032,-1.905,0.952));
#29103=VERTEX_POINT('',#29104);
#29106=CARTESIAN_POINT('',(6.033,-1.27,0.952));
#29105=VERTEX_POINT('',#29106);
#29102=EDGE_CURVE('',#29103,#29105,#29107,.T.);
#29107=LINE('',#29104,#29109);
#29109=VECTOR('',#29110,0.634999991484715);
#29110=DIRECTION('',(0.0,1.0,0.0));
#29101=ORIENTED_EDGE('',*,*,#29102,.F.);
#29114=CARTESIAN_POINT('',(6.667,-1.905,0.952));
#29113=VERTEX_POINT('',#29114);
#29112=EDGE_CURVE('',#29113,#29103,#29117,.T.);
#29117=LINE('',#29114,#29119);
#29119=VECTOR('',#29120,0.635000025530043);
#29120=DIRECTION('',(-1.0,0.0,0.0));
#29111=ORIENTED_EDGE('',*,*,#29112,.F.);
#29124=CARTESIAN_POINT('',(6.668,-1.27,0.952));
#29123=VERTEX_POINT('',#29124);
#29122=EDGE_CURVE('',#29123,#29113,#29127,.T.);
#29127=LINE('',#29124,#29129);
#29129=VECTOR('',#29130,0.634999991484716);
#29130=DIRECTION('',(0.0,-1.0,0.0));
#29121=ORIENTED_EDGE('',*,*,#29122,.F.);
#29132=EDGE_CURVE('',#29105,#29123,#29137,.T.);
#29137=LINE('',#29106,#29139);
#29139=VECTOR('',#29140,0.634999991500525);
#29140=DIRECTION('',(1.0,0.0,0.0));
#29131=ORIENTED_EDGE('',*,*,#29132,.F.);
#29141=STYLED_ITEM('',(#34),#29142);
#29142=ADVANCED_FACE('',(#29148),#29143,.T.);
#29143=PLANE('',#29144);
#29144=AXIS2_PLACEMENT_3D('',#29145,#29146,#29147);
#29145=CARTESIAN_POINT('',(6.032,-1.905,0.794));
#29146=DIRECTION('',(0.0,-1.0,0.0));
#29147=DIRECTION('',(0.,0.,1.));
#29148=FACE_OUTER_BOUND('',#29149,.T.);
#29149=EDGE_LOOP('',(#29150,#29160,#29170,#29180));
#29153=CARTESIAN_POINT('',(6.667,-1.905,0.794));
#29152=VERTEX_POINT('',#29153);
#29155=CARTESIAN_POINT('',(6.032,-1.905,0.794));
#29154=VERTEX_POINT('',#29155);
#29151=EDGE_CURVE('',#29152,#29154,#29156,.T.);
#29156=LINE('',#29153,#29158);
#29158=VECTOR('',#29159,0.635000025530043);
#29159=DIRECTION('',(-1.0,0.0,0.0));
#29150=ORIENTED_EDGE('',*,*,#29151,.F.);
#29161=EDGE_CURVE('',#29113,#29152,#29166,.T.);
#29166=LINE('',#29114,#29168);
#29168=VECTOR('',#29169,0.15874365);
#29169=DIRECTION('',(0.0,0.0,-1.0));
#29160=ORIENTED_EDGE('',*,*,#29161,.F.);
#29170=ORIENTED_EDGE('',*,*,#29112,.T.);
#29181=EDGE_CURVE('',#29154,#29103,#29186,.T.);
#29186=LINE('',#29155,#29188);
#29188=VECTOR('',#29189,0.15874365);
#29189=DIRECTION('',(0.0,0.0,1.0));
#29180=ORIENTED_EDGE('',*,*,#29181,.F.);
#29190=STYLED_ITEM('',(#34),#29191);
#29191=ADVANCED_FACE('',(#29197),#29192,.T.);
#29192=PLANE('',#29193);
#29193=AXIS2_PLACEMENT_3D('',#29194,#29195,#29196);
#29194=CARTESIAN_POINT('',(6.668,-1.27,0.794));
#29195=DIRECTION('',(0.0,1.0,0.0));
#29196=DIRECTION('',(0.,0.,1.));
#29197=FACE_OUTER_BOUND('',#29198,.T.);
#29198=EDGE_LOOP('',(#29199,#29209,#29219,#29229));
#29202=CARTESIAN_POINT('',(6.033,-1.27,0.794));
#29201=VERTEX_POINT('',#29202);
#29204=CARTESIAN_POINT('',(6.668,-1.27,0.794));
#29203=VERTEX_POINT('',#29204);
#29200=EDGE_CURVE('',#29201,#29203,#29205,.T.);
#29205=LINE('',#29202,#29207);
#29207=VECTOR('',#29208,0.634999991500525);
#29208=DIRECTION('',(1.0,0.0,0.0));
#29199=ORIENTED_EDGE('',*,*,#29200,.F.);
#29210=EDGE_CURVE('',#29105,#29201,#29215,.T.);
#29215=LINE('',#29106,#29217);
#29217=VECTOR('',#29218,0.15874365);
#29218=DIRECTION('',(0.0,0.0,-1.0));
#29209=ORIENTED_EDGE('',*,*,#29210,.F.);
#29219=ORIENTED_EDGE('',*,*,#29132,.T.);
#29230=EDGE_CURVE('',#29203,#29123,#29235,.T.);
#29235=LINE('',#29204,#29237);
#29237=VECTOR('',#29238,0.15874365);
#29238=DIRECTION('',(0.0,0.0,1.0));
#29229=ORIENTED_EDGE('',*,*,#29230,.F.);
#29239=STYLED_ITEM('',(#34),#29240);
#29240=ADVANCED_FACE('',(#29246),#29241,.T.);
#29241=PLANE('',#29242);
#29242=AXIS2_PLACEMENT_3D('',#29243,#29244,#29245);
#29243=CARTESIAN_POINT('',(6.032,-2.064,0.635));
#29244=DIRECTION('',(0.0,0.0,1.0));
#29245=DIRECTION('',(0.,1.,0.));
#29246=FACE_OUTER_BOUND('',#29247,.T.);
#29247=EDGE_LOOP('',(#29248,#29258,#29268,#29278));
#29251=CARTESIAN_POINT('',(6.032,-3.842,0.635));
#29250=VERTEX_POINT('',#29251);
#29253=CARTESIAN_POINT('',(6.032,-2.064,0.635));
#29252=VERTEX_POINT('',#29253);
#29249=EDGE_CURVE('',#29250,#29252,#29254,.T.);
#29254=LINE('',#29251,#29256);
#29256=VECTOR('',#29257,1.77800634757545);
#29257=DIRECTION('',(0.0,1.0,0.0));
#29248=ORIENTED_EDGE('',*,*,#29249,.F.);
#29261=CARTESIAN_POINT('',(6.667,-3.842,0.635));
#29260=VERTEX_POINT('',#29261);
#29259=EDGE_CURVE('',#29260,#29250,#29264,.T.);
#29264=LINE('',#29261,#29266);
#29266=VECTOR('',#29267,0.635000230858436);
#29267=DIRECTION('',(-1.0,0.0,0.0));
#29258=ORIENTED_EDGE('',*,*,#29259,.F.);
#29271=CARTESIAN_POINT('',(6.667,-2.064,0.635));
#29270=VERTEX_POINT('',#29271);
#29269=EDGE_CURVE('',#29270,#29260,#29274,.T.);
#29274=LINE('',#29271,#29276);
#29276=VECTOR('',#29277,1.77800634757545);
#29277=DIRECTION('',(0.0,-1.0,0.0));
#29268=ORIENTED_EDGE('',*,*,#29269,.F.);
#29279=EDGE_CURVE('',#29252,#29270,#29284,.T.);
#29284=LINE('',#29253,#29286);
#29286=VECTOR('',#29287,0.635000041498694);
#29287=DIRECTION('',(1.0,0.0,0.0));
#29278=ORIENTED_EDGE('',*,*,#29279,.F.);
#29337=STYLED_ITEM('',(#34),#29338);
#29338=ADVANCED_FACE('',(#29344),#29339,.T.);
#29339=PLANE('',#29340);
#29340=AXIS2_PLACEMENT_3D('',#29341,#29342,#29343);
#29341=CARTESIAN_POINT('',(6.667,-2.064,0.0));
#29342=DIRECTION('',(0.0,0.0,-1.0));
#29343=DIRECTION('',(0.,1.,0.));
#29344=FACE_OUTER_BOUND('',#29345,.T.);
#29345=EDGE_LOOP('',(#29346,#29356,#29366,#29376));
#29349=CARTESIAN_POINT('',(6.667,-3.842,0.0));
#29348=VERTEX_POINT('',#29349);
#29351=CARTESIAN_POINT('',(6.667,-2.064,0.0));
#29350=VERTEX_POINT('',#29351);
#29347=EDGE_CURVE('',#29348,#29350,#29352,.T.);
#29352=LINE('',#29349,#29354);
#29354=VECTOR('',#29355,1.77800634757545);
#29355=DIRECTION('',(0.0,1.0,0.0));
#29346=ORIENTED_EDGE('',*,*,#29347,.F.);
#29359=CARTESIAN_POINT('',(6.032,-3.842,0.0));
#29358=VERTEX_POINT('',#29359);
#29357=EDGE_CURVE('',#29358,#29348,#29362,.T.);
#29362=LINE('',#29359,#29364);
#29364=VECTOR('',#29365,0.635000230858436);
#29365=DIRECTION('',(1.0,0.0,0.0));
#29356=ORIENTED_EDGE('',*,*,#29357,.F.);
#29369=CARTESIAN_POINT('',(6.032,-2.064,0.0));
#29368=VERTEX_POINT('',#29369);
#29367=EDGE_CURVE('',#29368,#29358,#29372,.T.);
#29372=LINE('',#29369,#29374);
#29374=VECTOR('',#29375,1.77800634757545);
#29375=DIRECTION('',(0.0,-1.0,0.0));
#29366=ORIENTED_EDGE('',*,*,#29367,.F.);
#29377=EDGE_CURVE('',#29350,#29368,#29382,.T.);
#29382=LINE('',#29351,#29384);
#29384=VECTOR('',#29385,0.635000041498694);
#29385=DIRECTION('',(-1.0,0.0,0.0));
#29376=ORIENTED_EDGE('',*,*,#29377,.F.);
#29435=STYLED_ITEM('',(#34),#29436);
#29436=ADVANCED_FACE('',(#29442),#29437,.T.);
#29437=PLANE('',#29438);
#29438=AXIS2_PLACEMENT_3D('',#29439,#29440,#29441);
#29439=CARTESIAN_POINT('',(6.191,-4.0,0.476));
#29440=DIRECTION('',(0.0,-0.707,0.707));
#29441=DIRECTION('',(0.,0.,1.));
#29442=FACE_OUTER_BOUND('',#29443,.T.);
#29443=EDGE_LOOP('',(#29444,#29454,#29464,#29474));
#29447=CARTESIAN_POINT('',(6.509,-4.001,0.476));
#29446=VERTEX_POINT('',#29447);
#29449=CARTESIAN_POINT('',(6.191,-4.0,0.476));
#29448=VERTEX_POINT('',#29449);
#29445=EDGE_CURVE('',#29446,#29448,#29450,.T.);
#29450=LINE('',#29447,#29452);
#29452=VECTOR('',#29453,0.317500253221194);
#29453=DIRECTION('',(-1.0,0.0,0.0));
#29444=ORIENTED_EDGE('',*,*,#29445,.F.);
#29455=EDGE_CURVE('',#29260,#29446,#29460,.T.);
#29460=LINE('',#29261,#29462);
#29462=VECTOR('',#29463,0.274963063823215);
#29463=DIRECTION('',(-0.577,-0.577,-0.577));
#29454=ORIENTED_EDGE('',*,*,#29455,.F.);
#29464=ORIENTED_EDGE('',*,*,#29259,.T.);
#29475=EDGE_CURVE('',#29448,#29250,#29480,.T.);
#29480=LINE('',#29449,#29482);
#29482=VECTOR('',#29483,0.274963063823216);
#29483=DIRECTION('',(-0.577,0.577,0.577));
#29474=ORIENTED_EDGE('',*,*,#29475,.F.);
#29484=STYLED_ITEM('',(#34),#29485);
#29485=ADVANCED_FACE('',(#29491),#29486,.T.);
#29486=PLANE('',#29487);
#29487=AXIS2_PLACEMENT_3D('',#29488,#29489,#29490);
#29488=CARTESIAN_POINT('',(6.032,-3.842,0.0));
#29489=DIRECTION('',(-0.707,-0.707,0.0));
#29490=DIRECTION('',(0.,0.,1.));
#29491=FACE_OUTER_BOUND('',#29492,.T.);
#29492=EDGE_LOOP('',(#29493,#29503,#29513,#29523));
#29496=CARTESIAN_POINT('',(6.191,-4.0,0.159));
#29495=VERTEX_POINT('',#29496);
#29494=EDGE_CURVE('',#29495,#29358,#29499,.T.);
#29499=LINE('',#29496,#29501);
#29501=VECTOR('',#29502,0.274963063823216);
#29502=DIRECTION('',(-0.577,0.577,-0.577));
#29493=ORIENTED_EDGE('',*,*,#29494,.F.);
#29504=EDGE_CURVE('',#29448,#29495,#29509,.T.);
#29509=LINE('',#29449,#29511);
#29511=VECTOR('',#29512,0.3175);
#29512=DIRECTION('',(0.0,0.0,-1.0));
#29503=ORIENTED_EDGE('',*,*,#29504,.F.);
#29513=ORIENTED_EDGE('',*,*,#29475,.T.);
#29524=EDGE_CURVE('',#29358,#29250,#29529,.T.);
#29529=LINE('',#29359,#29531);
#29531=VECTOR('',#29532,0.635);
#29532=DIRECTION('',(0.0,0.0,1.0));
#29523=ORIENTED_EDGE('',*,*,#29524,.F.);
#29533=STYLED_ITEM('',(#34),#29534);
#29534=ADVANCED_FACE('',(#29540),#29535,.T.);
#29535=PLANE('',#29536);
#29536=AXIS2_PLACEMENT_3D('',#29537,#29538,#29539);
#29537=CARTESIAN_POINT('',(6.032,-3.842,0.0));
#29538=DIRECTION('',(0.0,-0.707,-0.707));
#29539=DIRECTION('',(0.,0.,1.));
#29540=FACE_OUTER_BOUND('',#29541,.T.);
#29541=EDGE_LOOP('',(#29542,#29552,#29562,#29572));
#29542=ORIENTED_EDGE('',*,*,#29357,.T.);
#29555=CARTESIAN_POINT('',(6.509,-4.001,0.159));
#29554=VERTEX_POINT('',#29555);
#29553=EDGE_CURVE('',#29554,#29348,#29558,.T.);
#29558=LINE('',#29555,#29560);
#29560=VECTOR('',#29561,0.274963063823215);
#29561=DIRECTION('',(0.577,0.577,-0.577));
#29552=ORIENTED_EDGE('',*,*,#29553,.F.);
#29563=EDGE_CURVE('',#29495,#29554,#29568,.T.);
#29568=LINE('',#29496,#29570);
#29570=VECTOR('',#29571,0.317500253221194);
#29571=DIRECTION('',(1.0,0.0,0.0));
#29562=ORIENTED_EDGE('',*,*,#29563,.F.);
#29572=ORIENTED_EDGE('',*,*,#29494,.T.);
#29582=STYLED_ITEM('',(#34),#29583);
#29583=ADVANCED_FACE('',(#29589),#29584,.T.);
#29584=PLANE('',#29585);
#29585=AXIS2_PLACEMENT_3D('',#29586,#29587,#29588);
#29586=CARTESIAN_POINT('',(6.509,-4.001,0.159));
#29587=DIRECTION('',(0.707,-0.707,0.0));
#29588=DIRECTION('',(0.,0.,1.));
#29589=FACE_OUTER_BOUND('',#29590,.T.);
#29590=EDGE_LOOP('',(#29591,#29601,#29611,#29621));
#29591=ORIENTED_EDGE('',*,*,#29553,.T.);
#29602=EDGE_CURVE('',#29260,#29348,#29607,.T.);
#29607=LINE('',#29261,#29609);
#29609=VECTOR('',#29610,0.635);
#29610=DIRECTION('',(0.0,0.0,-1.0));
#29601=ORIENTED_EDGE('',*,*,#29602,.F.);
#29611=ORIENTED_EDGE('',*,*,#29455,.T.);
#29622=EDGE_CURVE('',#29554,#29446,#29627,.T.);
#29627=LINE('',#29555,#29629);
#29629=VECTOR('',#29630,0.3175);
#29630=DIRECTION('',(0.0,0.0,1.0));
#29621=ORIENTED_EDGE('',*,*,#29622,.F.);
#29631=STYLED_ITEM('',(#34),#29632);
#29632=ADVANCED_FACE('',(#29638),#29633,.T.);
#29633=PLANE('',#29634);
#29634=AXIS2_PLACEMENT_3D('',#29635,#29636,#29637);
#29635=CARTESIAN_POINT('',(6.191,-4.0,0.159));
#29636=DIRECTION('',(0.0,-1.0,0.0));
#29637=DIRECTION('',(0.,0.,1.));
#29638=FACE_OUTER_BOUND('',#29639,.T.);
#29639=EDGE_LOOP('',(#29640,#29650,#29660,#29670));
#29640=ORIENTED_EDGE('',*,*,#29563,.T.);
#29650=ORIENTED_EDGE('',*,*,#29622,.T.);
#29660=ORIENTED_EDGE('',*,*,#29445,.T.);
#29670=ORIENTED_EDGE('',*,*,#29504,.T.);
#29680=STYLED_ITEM($,(#34),#29681);
#29681=ADVANCED_FACE($,(#29687),#29682,.F.);
#29682=CYLINDRICAL_SURFACE($,#29683,0.15874365);
#29683=AXIS2_PLACEMENT_3D($,#29684,#29685,#29686);
#29684=CARTESIAN_POINT('',(6.032,-2.064,0.794));
#29685=DIRECTION('',(-1.0,0.0,0.0));
#29686=DIRECTION('',(0.,0.,1.));
#29687=FACE_OUTER_BOUND($,#29688,.T.);
#29688=EDGE_LOOP($,(#29700,#29710,#29721,#29689));
#29700=ORIENTED_EDGE('',*,*,#29279,.T.);
#29711=EDGE_CURVE($,#29152,#29270,#29716,.T.);
#29716=CIRCLE($,#29717,0.15874365);
#29718=CARTESIAN_POINT('',(6.667,-2.064,0.794));
#29717=AXIS2_PLACEMENT_3D($,#29718,#29719,#29720);
#29719=DIRECTION('',(-1.0,0.0,0.0));
#29720=DIRECTION('',(0.0,-0.707,-0.707));
#29710=ORIENTED_EDGE('',*,*,#29711,.F.);
#29721=ORIENTED_EDGE('',*,*,#29151,.T.);
#29690=EDGE_CURVE($,#29252,#29154,#29695,.T.);
#29695=CIRCLE($,#29696,0.15874365);
#29697=CARTESIAN_POINT('',(6.032,-2.064,0.794));
#29696=AXIS2_PLACEMENT_3D($,#29697,#29698,#29699);
#29698=DIRECTION('',(1.0,0.0,0.0));
#29699=DIRECTION('',(0.0,0.707,0.707));
#29689=ORIENTED_EDGE('',*,*,#29690,.F.);
#29731=STYLED_ITEM($,(#34),#29732);
#29732=ADVANCED_FACE($,(#29738),#29733,.T.);
#29733=CYLINDRICAL_SURFACE($,#29734,0.79374365);
#29734=AXIS2_PLACEMENT_3D($,#29735,#29736,#29737);
#29735=CARTESIAN_POINT('',(6.032,-2.064,0.794));
#29736=DIRECTION('',(1.0,0.0,0.0));
#29737=DIRECTION('',(0.,0.,1.));
#29738=FACE_OUTER_BOUND($,#29739,.T.);
#29739=EDGE_LOOP($,(#29751,#29761,#29772,#29740));
#29751=ORIENTED_EDGE('',*,*,#29377,.T.);
#29762=EDGE_CURVE($,#29201,#29368,#29767,.T.);
#29767=CIRCLE($,#29768,0.79374365);
#29768=AXIS2_PLACEMENT_3D($,#29697,#29770,#29771);
#29770=DIRECTION('',(-1.0,0.0,0.0));
#29771=DIRECTION('',(0.0,-0.707,-0.707));
#29761=ORIENTED_EDGE('',*,*,#29762,.F.);
#29772=ORIENTED_EDGE('',*,*,#29200,.T.);
#29741=EDGE_CURVE($,#29350,#29203,#29746,.T.);
#29746=CIRCLE($,#29747,0.79374365);
#29747=AXIS2_PLACEMENT_3D($,#29718,#29749,#29750);
#29749=DIRECTION('',(1.0,0.0,0.0));
#29750=DIRECTION('',(0.0,0.707,0.707));
#29740=ORIENTED_EDGE('',*,*,#29741,.F.);
#29782=STYLED_ITEM('color',(#34),#29783);
#29783=ADVANCED_FACE($,(#29789),#29784,.T.);
#29784=PLANE($,#29785);
#29785=AXIS2_PLACEMENT_3D($,#29786,#29787,#29788);
#29786=CARTESIAN_POINT('',(6.033,-1.27,0.794));
#29787=DIRECTION('',(-1.0,0.0,0.0));
#29788=DIRECTION('',(1.,0.,0.));
#29789=FACE_OUTER_BOUND($,#29790,.T.);
#29790=EDGE_LOOP($,(#29793, #29803, #29813, #29823, #29834, #29844, #29854, #29864));
#29793=ORIENTED_EDGE('',*,*,#29181,.T.);
#29803=ORIENTED_EDGE('',*,*,#29102,.T.);
#29813=ORIENTED_EDGE('',*,*,#29210,.T.);
#29823=ORIENTED_EDGE('',*,*,#29762,.T.);
#29834=ORIENTED_EDGE('',*,*,#29367,.T.);
#29844=ORIENTED_EDGE('',*,*,#29524,.T.);
#29854=ORIENTED_EDGE('',*,*,#29249,.T.);
#29864=ORIENTED_EDGE('',*,*,#29690,.T.);
#29875=STYLED_ITEM('color',(#34),#29876);
#29876=ADVANCED_FACE($,(#29882),#29877,.T.);
#29877=PLANE($,#29878);
#29878=AXIS2_PLACEMENT_3D($,#29879,#29880,#29881);
#29879=CARTESIAN_POINT('',(6.668,-1.27,0.794));
#29880=DIRECTION('',(1.0,0.0,0.0));
#29881=DIRECTION('',(-1.,0.,0.));
#29882=FACE_OUTER_BOUND($,#29883,.T.);
#29883=EDGE_LOOP($,(#29886, #29896, #29906, #29916, #29927, #29937, #29947, #29957));
#29886=ORIENTED_EDGE('',*,*,#29230,.T.);
#29896=ORIENTED_EDGE('',*,*,#29122,.T.);
#29906=ORIENTED_EDGE('',*,*,#29161,.T.);
#29916=ORIENTED_EDGE('',*,*,#29711,.T.);
#29927=ORIENTED_EDGE('',*,*,#29269,.T.);
#29937=ORIENTED_EDGE('',*,*,#29602,.T.);
#29947=ORIENTED_EDGE('',*,*,#29347,.T.);
#29957=ORIENTED_EDGE('',*,*,#29741,.T.);
#29968=MANIFOLD_SOLID_BREP($,#29969);
#29969=CLOSED_SHELL('',(#29973,#30022,#30071,#30120,#30169,#30218,#30267,#30316,#30365,#30414));
#29970=MANIFOLD_SOLID_BREP($,#29971);
#29971=CLOSED_SHELL('',(#30463,#30512,#30561,#30610,#30708,#30806,#30855,#30904,#30953,#31002,#31051,#31102,#31153,#31246));
#29972=STYLED_ITEM('',(#34),#29973);
#29973=ADVANCED_FACE('',(#29979),#29974,.T.);
#29974=PLANE('',#29975);
#29975=AXIS2_PLACEMENT_3D('',#29976,#29977,#29978);
#29976=CARTESIAN_POINT('',(3.651,-1.429,9.652));
#29977=DIRECTION('',(0.0,0.0,1.0));
#29978=DIRECTION('',(0.,1.,0.));
#29979=FACE_OUTER_BOUND('',#29980,.T.);
#29980=EDGE_LOOP('',(#29981,#29991,#30001,#30011));
#29984=CARTESIAN_POINT('',(3.651,-1.746,9.652));
#29983=VERTEX_POINT('',#29984);
#29986=CARTESIAN_POINT('',(3.651,-1.429,9.652));
#29985=VERTEX_POINT('',#29986);
#29982=EDGE_CURVE('',#29983,#29985,#29987,.T.);
#29987=LINE('',#29984,#29989);
#29989=VECTOR('',#29990,0.317499995742357);
#29990=DIRECTION('',(0.0,1.0,0.0));
#29981=ORIENTED_EDGE('',*,*,#29982,.F.);
#29994=CARTESIAN_POINT('',(3.969,-1.746,9.652));
#29993=VERTEX_POINT('',#29994);
#29992=EDGE_CURVE('',#29993,#29983,#29997,.T.);
#29997=LINE('',#29994,#29999);
#29999=VECTOR('',#30000,0.317500012765022);
#30000=DIRECTION('',(-1.0,0.0,0.0));
#29991=ORIENTED_EDGE('',*,*,#29992,.F.);
#30004=CARTESIAN_POINT('',(3.969,-1.429,9.652));
#30003=VERTEX_POINT('',#30004);
#30002=EDGE_CURVE('',#30003,#29993,#30007,.T.);
#30007=LINE('',#30004,#30009);
#30009=VECTOR('',#30010,0.317499995742358);
#30010=DIRECTION('',(0.0,-1.0,0.0));
#30001=ORIENTED_EDGE('',*,*,#30002,.F.);
#30012=EDGE_CURVE('',#29985,#30003,#30017,.T.);
#30017=LINE('',#29986,#30019);
#30019=VECTOR('',#30020,0.317499995750263);
#30020=DIRECTION('',(1.0,0.0,0.0));
#30011=ORIENTED_EDGE('',*,*,#30012,.F.);
#30021=STYLED_ITEM('',(#34),#30022);
#30022=ADVANCED_FACE('',(#30028),#30023,.T.);
#30023=PLANE('',#30024);
#30024=AXIS2_PLACEMENT_3D('',#30025,#30026,#30027);
#30025=CARTESIAN_POINT('',(3.492,-1.905,9.493));
#30026=DIRECTION('',(0.0,-0.707,0.707));
#30027=DIRECTION('',(0.,0.,1.));
#30028=FACE_OUTER_BOUND('',#30029,.T.);
#30029=EDGE_LOOP('',(#30030,#30040,#30050,#30060));
#30033=CARTESIAN_POINT('',(4.127,-1.905,9.493));
#30032=VERTEX_POINT('',#30033);
#30035=CARTESIAN_POINT('',(3.492,-1.905,9.493));
#30034=VERTEX_POINT('',#30035);
#30031=EDGE_CURVE('',#30032,#30034,#30036,.T.);
#30036=LINE('',#30033,#30038);
#30038=VECTOR('',#30039,0.635000025530043);
#30039=DIRECTION('',(-1.0,0.0,0.0));
#30030=ORIENTED_EDGE('',*,*,#30031,.F.);
#30041=EDGE_CURVE('',#29993,#30032,#30046,.T.);
#30046=LINE('',#29994,#30048);
#30048=VECTOR('',#30049,0.274963065701559);
#30049=DIRECTION('',(0.577,-0.577,-0.577));
#30040=ORIENTED_EDGE('',*,*,#30041,.F.);
#30050=ORIENTED_EDGE('',*,*,#29992,.T.);
#30061=EDGE_CURVE('',#30034,#29983,#30066,.T.);
#30066=LINE('',#30035,#30068);
#30068=VECTOR('',#30069,0.274963065701559);
#30069=DIRECTION('',(0.577,0.577,0.577));
#30060=ORIENTED_EDGE('',*,*,#30061,.F.);
#30070=STYLED_ITEM('',(#34),#30071);
#30071=ADVANCED_FACE('',(#30077),#30072,.T.);
#30072=PLANE('',#30073);
#30073=AXIS2_PLACEMENT_3D('',#30074,#30075,#30076);
#30074=CARTESIAN_POINT('',(4.127,-1.905,9.493));
#30075=DIRECTION('',(0.707,0.0,0.707));
#30076=DIRECTION('',(0.,0.,1.));
#30077=FACE_OUTER_BOUND('',#30078,.T.);
#30078=EDGE_LOOP('',(#30079,#30089,#30099,#30109));
#30082=CARTESIAN_POINT('',(4.128,-1.27,9.493));
#30081=VERTEX_POINT('',#30082);
#30080=EDGE_CURVE('',#30081,#30032,#30085,.T.);
#30085=LINE('',#30082,#30087);
#30087=VECTOR('',#30088,0.634999991484716);
#30088=DIRECTION('',(0.0,-1.0,0.0));
#30079=ORIENTED_EDGE('',*,*,#30080,.F.);
#30090=EDGE_CURVE('',#30003,#30081,#30095,.T.);
#30095=LINE('',#30004,#30097);
#30097=VECTOR('',#30098,0.27496306570156);
#30098=DIRECTION('',(0.577,0.577,-0.577));
#30089=ORIENTED_EDGE('',*,*,#30090,.F.);
#30099=ORIENTED_EDGE('',*,*,#30002,.T.);
#30109=ORIENTED_EDGE('',*,*,#30041,.T.);
#30119=STYLED_ITEM('',(#34),#30120);
#30120=ADVANCED_FACE('',(#30126),#30121,.T.);
#30121=PLANE('',#30122);
#30122=AXIS2_PLACEMENT_3D('',#30123,#30124,#30125);
#30123=CARTESIAN_POINT('',(4.128,-1.27,9.493));
#30124=DIRECTION('',(0.0,0.707,0.707));
#30125=DIRECTION('',(0.,0.,1.));
#30126=FACE_OUTER_BOUND('',#30127,.T.);
#30127=EDGE_LOOP('',(#30128,#30138,#30148,#30158));
#30131=CARTESIAN_POINT('',(3.493,-1.27,9.493));
#30130=VERTEX_POINT('',#30131);
#30129=EDGE_CURVE('',#30130,#30081,#30134,.T.);
#30134=LINE('',#30131,#30136);
#30136=VECTOR('',#30137,0.634999991500526);
#30137=DIRECTION('',(1.0,0.0,0.0));
#30128=ORIENTED_EDGE('',*,*,#30129,.F.);
#30139=EDGE_CURVE('',#29985,#30130,#30144,.T.);
#30144=LINE('',#29986,#30146);
#30146=VECTOR('',#30147,0.274963065701559);
#30147=DIRECTION('',(-0.577,0.577,-0.577));
#30138=ORIENTED_EDGE('',*,*,#30139,.F.);
#30148=ORIENTED_EDGE('',*,*,#30012,.T.);
#30158=ORIENTED_EDGE('',*,*,#30090,.T.);
#30168=STYLED_ITEM('',(#34),#30169);
#30169=ADVANCED_FACE('',(#30175),#30170,.T.);
#30170=PLANE('',#30171);
#30171=AXIS2_PLACEMENT_3D('',#30172,#30173,#30174);
#30172=CARTESIAN_POINT('',(3.493,-1.27,9.493));
#30173=DIRECTION('',(-0.707,0.0,0.707));
#30174=DIRECTION('',(0.,0.,1.));
#30175=FACE_OUTER_BOUND('',#30176,.T.);
#30176=EDGE_LOOP('',(#30177,#30187,#30197,#30207));
#30178=EDGE_CURVE('',#30034,#30130,#30183,.T.);
#30183=LINE('',#30035,#30185);
#30185=VECTOR('',#30186,0.634999991484715);
#30186=DIRECTION('',(0.0,1.0,0.0));
#30177=ORIENTED_EDGE('',*,*,#30178,.F.);
#30187=ORIENTED_EDGE('',*,*,#30061,.T.);
#30197=ORIENTED_EDGE('',*,*,#29982,.T.);
#30207=ORIENTED_EDGE('',*,*,#30139,.T.);
#30217=STYLED_ITEM('',(#34),#30218);
#30218=ADVANCED_FACE('',(#30224),#30219,.T.);
#30219=PLANE('',#30220);
#30220=AXIS2_PLACEMENT_3D('',#30221,#30222,#30223);
#30221=CARTESIAN_POINT('',(3.492,-1.905,3.924));
#30222=DIRECTION('',(0.0,-1.0,0.0));
#30223=DIRECTION('',(0.,0.,1.));
#30224=FACE_OUTER_BOUND('',#30225,.T.);
#30225=EDGE_LOOP('',(#30226,#30236,#30246,#30256));
#30229=CARTESIAN_POINT('',(4.127,-1.905,3.924));
#30228=VERTEX_POINT('',#30229);
#30231=CARTESIAN_POINT('',(3.492,-1.905,3.924));
#30230=VERTEX_POINT('',#30231);
#30227=EDGE_CURVE('',#30228,#30230,#30232,.T.);
#30232=LINE('',#30229,#30234);
#30234=VECTOR('',#30235,0.635000025530043);
#30235=DIRECTION('',(-1.0,0.0,0.0));
#30226=ORIENTED_EDGE('',*,*,#30227,.F.);
#30237=EDGE_CURVE('',#30032,#30228,#30242,.T.);
#30242=LINE('',#30033,#30244);
#30244=VECTOR('',#30245,5.5689754);
#30245=DIRECTION('',(0.0,0.0,-1.0));
#30236=ORIENTED_EDGE('',*,*,#30237,.F.);
#30246=ORIENTED_EDGE('',*,*,#30031,.T.);
#30257=EDGE_CURVE('',#30230,#30034,#30262,.T.);
#30262=LINE('',#30231,#30264);
#30264=VECTOR('',#30265,5.5689754);
#30265=DIRECTION('',(0.0,0.0,1.0));
#30256=ORIENTED_EDGE('',*,*,#30257,.F.);
#30266=STYLED_ITEM('',(#34),#30267);
#30267=ADVANCED_FACE('',(#30273),#30268,.T.);
#30268=PLANE('',#30269);
#30269=AXIS2_PLACEMENT_3D('',#30270,#30271,#30272);
#30270=CARTESIAN_POINT('',(4.127,-1.905,3.924));
#30271=DIRECTION('',(1.0,0.0,0.0));
#30272=DIRECTION('',(0.,0.,1.));
#30273=FACE_OUTER_BOUND('',#30274,.T.);
#30274=EDGE_LOOP('',(#30275,#30285,#30295,#30305));
#30278=CARTESIAN_POINT('',(4.128,-1.27,3.924));
#30277=VERTEX_POINT('',#30278);
#30276=EDGE_CURVE('',#30277,#30228,#30281,.T.);
#30281=LINE('',#30278,#30283);
#30283=VECTOR('',#30284,0.634999991484716);
#30284=DIRECTION('',(0.0,-1.0,0.0));
#30275=ORIENTED_EDGE('',*,*,#30276,.F.);
#30286=EDGE_CURVE('',#30081,#30277,#30291,.T.);
#30291=LINE('',#30082,#30293);
#30293=VECTOR('',#30294,5.5689754);
#30294=DIRECTION('',(0.0,0.0,-1.0));
#30285=ORIENTED_EDGE('',*,*,#30286,.F.);
#30295=ORIENTED_EDGE('',*,*,#30080,.T.);
#30305=ORIENTED_EDGE('',*,*,#30237,.T.);
#30315=STYLED_ITEM('',(#34),#30316);
#30316=ADVANCED_FACE('',(#30322),#30317,.T.);
#30317=PLANE('',#30318);
#30318=AXIS2_PLACEMENT_3D('',#30319,#30320,#30321);
#30319=CARTESIAN_POINT('',(4.128,-1.27,3.924));
#30320=DIRECTION('',(0.0,1.0,0.0));
#30321=DIRECTION('',(0.,0.,1.));
#30322=FACE_OUTER_BOUND('',#30323,.T.);
#30323=EDGE_LOOP('',(#30324,#30334,#30344,#30354));
#30327=CARTESIAN_POINT('',(3.493,-1.27,3.924));
#30326=VERTEX_POINT('',#30327);
#30325=EDGE_CURVE('',#30326,#30277,#30330,.T.);
#30330=LINE('',#30327,#30332);
#30332=VECTOR('',#30333,0.634999991500526);
#30333=DIRECTION('',(1.0,0.0,0.0));
#30324=ORIENTED_EDGE('',*,*,#30325,.F.);
#30335=EDGE_CURVE('',#30130,#30326,#30340,.T.);
#30340=LINE('',#30131,#30342);
#30342=VECTOR('',#30343,5.5689754);
#30343=DIRECTION('',(0.0,0.0,-1.0));
#30334=ORIENTED_EDGE('',*,*,#30335,.F.);
#30344=ORIENTED_EDGE('',*,*,#30129,.T.);
#30354=ORIENTED_EDGE('',*,*,#30286,.T.);
#30364=STYLED_ITEM('',(#34),#30365);
#30365=ADVANCED_FACE('',(#30371),#30366,.T.);
#30366=PLANE('',#30367);
#30367=AXIS2_PLACEMENT_3D('',#30368,#30369,#30370);
#30368=CARTESIAN_POINT('',(3.493,-1.27,3.924));
#30369=DIRECTION('',(-1.0,0.0,0.0));
#30370=DIRECTION('',(0.,0.,1.));
#30371=FACE_OUTER_BOUND('',#30372,.T.);
#30372=EDGE_LOOP('',(#30373,#30383,#30393,#30403));
#30374=EDGE_CURVE('',#30230,#30326,#30379,.T.);
#30379=LINE('',#30231,#30381);
#30381=VECTOR('',#30382,0.634999991484715);
#30382=DIRECTION('',(0.0,1.0,0.0));
#30373=ORIENTED_EDGE('',*,*,#30374,.F.);
#30383=ORIENTED_EDGE('',*,*,#30257,.T.);
#30393=ORIENTED_EDGE('',*,*,#30178,.T.);
#30403=ORIENTED_EDGE('',*,*,#30335,.T.);
#30413=STYLED_ITEM('',(#34),#30414);
#30414=ADVANCED_FACE('',(#30420),#30415,.T.);
#30415=PLANE('',#30416);
#30416=AXIS2_PLACEMENT_3D('',#30417,#30418,#30419);
#30417=CARTESIAN_POINT('',(4.128,-1.27,3.924));
#30418=DIRECTION('',(0.0,0.0,-1.0));
#30419=DIRECTION('',(0.,1.,0.));
#30420=FACE_OUTER_BOUND('',#30421,.T.);
#30421=EDGE_LOOP('',(#30422,#30432,#30442,#30452));
#30422=ORIENTED_EDGE('',*,*,#30276,.T.);
#30432=ORIENTED_EDGE('',*,*,#30227,.T.);
#30442=ORIENTED_EDGE('',*,*,#30374,.T.);
#30452=ORIENTED_EDGE('',*,*,#30325,.T.);
#30462=STYLED_ITEM('',(#34),#30463);
#30463=ADVANCED_FACE('',(#30469),#30464,.T.);
#30464=PLANE('',#30465);
#30465=AXIS2_PLACEMENT_3D('',#30466,#30467,#30468);
#30466=CARTESIAN_POINT('',(3.493,-1.27,0.952));
#30467=DIRECTION('',(0.0,0.0,1.0));
#30468=DIRECTION('',(0.,1.,0.));
#30469=FACE_OUTER_BOUND('',#30470,.T.);
#30470=EDGE_LOOP('',(#30471,#30481,#30491,#30501));
#30474=CARTESIAN_POINT('',(3.492,-1.905,0.952));
#30473=VERTEX_POINT('',#30474);
#30476=CARTESIAN_POINT('',(3.493,-1.27,0.952));
#30475=VERTEX_POINT('',#30476);
#30472=EDGE_CURVE('',#30473,#30475,#30477,.T.);
#30477=LINE('',#30474,#30479);
#30479=VECTOR('',#30480,0.634999991484715);
#30480=DIRECTION('',(0.0,1.0,0.0));
#30471=ORIENTED_EDGE('',*,*,#30472,.F.);
#30484=CARTESIAN_POINT('',(4.127,-1.905,0.952));
#30483=VERTEX_POINT('',#30484);
#30482=EDGE_CURVE('',#30483,#30473,#30487,.T.);
#30487=LINE('',#30484,#30489);
#30489=VECTOR('',#30490,0.635000025530043);
#30490=DIRECTION('',(-1.0,0.0,0.0));
#30481=ORIENTED_EDGE('',*,*,#30482,.F.);
#30494=CARTESIAN_POINT('',(4.128,-1.27,0.952));
#30493=VERTEX_POINT('',#30494);
#30492=EDGE_CURVE('',#30493,#30483,#30497,.T.);
#30497=LINE('',#30494,#30499);
#30499=VECTOR('',#30500,0.634999991484716);
#30500=DIRECTION('',(0.0,-1.0,0.0));
#30491=ORIENTED_EDGE('',*,*,#30492,.F.);
#30502=EDGE_CURVE('',#30475,#30493,#30507,.T.);
#30507=LINE('',#30476,#30509);
#30509=VECTOR('',#30510,0.634999991500526);
#30510=DIRECTION('',(1.0,0.0,0.0));
#30501=ORIENTED_EDGE('',*,*,#30502,.F.);
#30511=STYLED_ITEM('',(#34),#30512);
#30512=ADVANCED_FACE('',(#30518),#30513,.T.);
#30513=PLANE('',#30514);
#30514=AXIS2_PLACEMENT_3D('',#30515,#30516,#30517);
#30515=CARTESIAN_POINT('',(3.492,-1.905,0.794));
#30516=DIRECTION('',(0.0,-1.0,0.0));
#30517=DIRECTION('',(0.,0.,1.));
#30518=FACE_OUTER_BOUND('',#30519,.T.);
#30519=EDGE_LOOP('',(#30520,#30530,#30540,#30550));
#30523=CARTESIAN_POINT('',(4.127,-1.905,0.794));
#30522=VERTEX_POINT('',#30523);
#30525=CARTESIAN_POINT('',(3.492,-1.905,0.794));
#30524=VERTEX_POINT('',#30525);
#30521=EDGE_CURVE('',#30522,#30524,#30526,.T.);
#30526=LINE('',#30523,#30528);
#30528=VECTOR('',#30529,0.635000025530043);
#30529=DIRECTION('',(-1.0,0.0,0.0));
#30520=ORIENTED_EDGE('',*,*,#30521,.F.);
#30531=EDGE_CURVE('',#30483,#30522,#30536,.T.);
#30536=LINE('',#30484,#30538);
#30538=VECTOR('',#30539,0.15874365);
#30539=DIRECTION('',(0.0,0.0,-1.0));
#30530=ORIENTED_EDGE('',*,*,#30531,.F.);
#30540=ORIENTED_EDGE('',*,*,#30482,.T.);
#30551=EDGE_CURVE('',#30524,#30473,#30556,.T.);
#30556=LINE('',#30525,#30558);
#30558=VECTOR('',#30559,0.15874365);
#30559=DIRECTION('',(0.0,0.0,1.0));
#30550=ORIENTED_EDGE('',*,*,#30551,.F.);
#30560=STYLED_ITEM('',(#34),#30561);
#30561=ADVANCED_FACE('',(#30567),#30562,.T.);
#30562=PLANE('',#30563);
#30563=AXIS2_PLACEMENT_3D('',#30564,#30565,#30566);
#30564=CARTESIAN_POINT('',(4.128,-1.27,0.794));
#30565=DIRECTION('',(0.0,1.0,0.0));
#30566=DIRECTION('',(0.,0.,1.));
#30567=FACE_OUTER_BOUND('',#30568,.T.);
#30568=EDGE_LOOP('',(#30569,#30579,#30589,#30599));
#30572=CARTESIAN_POINT('',(3.493,-1.27,0.794));
#30571=VERTEX_POINT('',#30572);
#30574=CARTESIAN_POINT('',(4.128,-1.27,0.794));
#30573=VERTEX_POINT('',#30574);
#30570=EDGE_CURVE('',#30571,#30573,#30575,.T.);
#30575=LINE('',#30572,#30577);
#30577=VECTOR('',#30578,0.634999991500526);
#30578=DIRECTION('',(1.0,0.0,0.0));
#30569=ORIENTED_EDGE('',*,*,#30570,.F.);
#30580=EDGE_CURVE('',#30475,#30571,#30585,.T.);
#30585=LINE('',#30476,#30587);
#30587=VECTOR('',#30588,0.15874365);
#30588=DIRECTION('',(0.0,0.0,-1.0));
#30579=ORIENTED_EDGE('',*,*,#30580,.F.);
#30589=ORIENTED_EDGE('',*,*,#30502,.T.);
#30600=EDGE_CURVE('',#30573,#30493,#30605,.T.);
#30605=LINE('',#30574,#30607);
#30607=VECTOR('',#30608,0.15874365);
#30608=DIRECTION('',(0.0,0.0,1.0));
#30599=ORIENTED_EDGE('',*,*,#30600,.F.);
#30609=STYLED_ITEM('',(#34),#30610);
#30610=ADVANCED_FACE('',(#30616),#30611,.T.);
#30611=PLANE('',#30612);
#30612=AXIS2_PLACEMENT_3D('',#30613,#30614,#30615);
#30613=CARTESIAN_POINT('',(3.492,-2.064,0.635));
#30614=DIRECTION('',(0.0,0.0,1.0));
#30615=DIRECTION('',(0.,1.,0.));
#30616=FACE_OUTER_BOUND('',#30617,.T.);
#30617=EDGE_LOOP('',(#30618,#30628,#30638,#30648));
#30621=CARTESIAN_POINT('',(3.492,-3.842,0.635));
#30620=VERTEX_POINT('',#30621);
#30623=CARTESIAN_POINT('',(3.492,-2.064,0.635));
#30622=VERTEX_POINT('',#30623);
#30619=EDGE_CURVE('',#30620,#30622,#30624,.T.);
#30624=LINE('',#30621,#30626);
#30626=VECTOR('',#30627,1.77800634757545);
#30627=DIRECTION('',(0.0,1.0,0.0));
#30618=ORIENTED_EDGE('',*,*,#30619,.F.);
#30631=CARTESIAN_POINT('',(4.127,-3.842,0.635));
#30630=VERTEX_POINT('',#30631);
#30629=EDGE_CURVE('',#30630,#30620,#30634,.T.);
#30634=LINE('',#30631,#30636);
#30636=VECTOR('',#30637,0.635000230858436);
#30637=DIRECTION('',(-1.0,0.0,0.0));
#30628=ORIENTED_EDGE('',*,*,#30629,.F.);
#30641=CARTESIAN_POINT('',(4.127,-2.064,0.635));
#30640=VERTEX_POINT('',#30641);
#30639=EDGE_CURVE('',#30640,#30630,#30644,.T.);
#30644=LINE('',#30641,#30646);
#30646=VECTOR('',#30647,1.77800634757545);
#30647=DIRECTION('',(0.0,-1.0,0.0));
#30638=ORIENTED_EDGE('',*,*,#30639,.F.);
#30649=EDGE_CURVE('',#30622,#30640,#30654,.T.);
#30654=LINE('',#30623,#30656);
#30656=VECTOR('',#30657,0.635000041498695);
#30657=DIRECTION('',(1.0,0.0,0.0));
#30648=ORIENTED_EDGE('',*,*,#30649,.F.);
#30707=STYLED_ITEM('',(#34),#30708);
#30708=ADVANCED_FACE('',(#30714),#30709,.T.);
#30709=PLANE('',#30710);
#30710=AXIS2_PLACEMENT_3D('',#30711,#30712,#30713);
#30711=CARTESIAN_POINT('',(4.127,-2.064,0.0));
#30712=DIRECTION('',(0.0,0.0,-1.0));
#30713=DIRECTION('',(0.,1.,0.));
#30714=FACE_OUTER_BOUND('',#30715,.T.);
#30715=EDGE_LOOP('',(#30716,#30726,#30736,#30746));
#30719=CARTESIAN_POINT('',(4.127,-3.842,0.0));
#30718=VERTEX_POINT('',#30719);
#30721=CARTESIAN_POINT('',(4.127,-2.064,0.0));
#30720=VERTEX_POINT('',#30721);
#30717=EDGE_CURVE('',#30718,#30720,#30722,.T.);
#30722=LINE('',#30719,#30724);
#30724=VECTOR('',#30725,1.77800634757545);
#30725=DIRECTION('',(0.0,1.0,0.0));
#30716=ORIENTED_EDGE('',*,*,#30717,.F.);
#30729=CARTESIAN_POINT('',(3.492,-3.842,0.0));
#30728=VERTEX_POINT('',#30729);
#30727=EDGE_CURVE('',#30728,#30718,#30732,.T.);
#30732=LINE('',#30729,#30734);
#30734=VECTOR('',#30735,0.635000230858436);
#30735=DIRECTION('',(1.0,0.0,0.0));
#30726=ORIENTED_EDGE('',*,*,#30727,.F.);
#30739=CARTESIAN_POINT('',(3.492,-2.064,0.0));
#30738=VERTEX_POINT('',#30739);
#30737=EDGE_CURVE('',#30738,#30728,#30742,.T.);
#30742=LINE('',#30739,#30744);
#30744=VECTOR('',#30745,1.77800634757545);
#30745=DIRECTION('',(0.0,-1.0,0.0));
#30736=ORIENTED_EDGE('',*,*,#30737,.F.);
#30747=EDGE_CURVE('',#30720,#30738,#30752,.T.);
#30752=LINE('',#30721,#30754);
#30754=VECTOR('',#30755,0.635000041498695);
#30755=DIRECTION('',(-1.0,0.0,0.0));
#30746=ORIENTED_EDGE('',*,*,#30747,.F.);
#30805=STYLED_ITEM('',(#34),#30806);
#30806=ADVANCED_FACE('',(#30812),#30807,.T.);
#30807=PLANE('',#30808);
#30808=AXIS2_PLACEMENT_3D('',#30809,#30810,#30811);
#30809=CARTESIAN_POINT('',(3.651,-4.0,0.476));
#30810=DIRECTION('',(0.0,-0.707,0.707));
#30811=DIRECTION('',(0.,0.,1.));
#30812=FACE_OUTER_BOUND('',#30813,.T.);
#30813=EDGE_LOOP('',(#30814,#30824,#30834,#30844));
#30817=CARTESIAN_POINT('',(3.969,-4.001,0.476));
#30816=VERTEX_POINT('',#30817);
#30819=CARTESIAN_POINT('',(3.651,-4.0,0.476));
#30818=VERTEX_POINT('',#30819);
#30815=EDGE_CURVE('',#30816,#30818,#30820,.T.);
#30820=LINE('',#30817,#30822);
#30822=VECTOR('',#30823,0.317500253221193);
#30823=DIRECTION('',(-1.0,0.0,0.0));
#30814=ORIENTED_EDGE('',*,*,#30815,.F.);
#30825=EDGE_CURVE('',#30630,#30816,#30830,.T.);
#30830=LINE('',#30631,#30832);
#30832=VECTOR('',#30833,0.274963063823216);
#30833=DIRECTION('',(-0.577,-0.577,-0.577));
#30824=ORIENTED_EDGE('',*,*,#30825,.F.);
#30834=ORIENTED_EDGE('',*,*,#30629,.T.);
#30845=EDGE_CURVE('',#30818,#30620,#30850,.T.);
#30850=LINE('',#30819,#30852);
#30852=VECTOR('',#30853,0.274963063823216);
#30853=DIRECTION('',(-0.577,0.577,0.577));
#30844=ORIENTED_EDGE('',*,*,#30845,.F.);
#30854=STYLED_ITEM('',(#34),#30855);
#30855=ADVANCED_FACE('',(#30861),#30856,.T.);
#30856=PLANE('',#30857);
#30857=AXIS2_PLACEMENT_3D('',#30858,#30859,#30860);
#30858=CARTESIAN_POINT('',(3.492,-3.842,0.0));
#30859=DIRECTION('',(-0.707,-0.707,0.0));
#30860=DIRECTION('',(0.,0.,1.));
#30861=FACE_OUTER_BOUND('',#30862,.T.);
#30862=EDGE_LOOP('',(#30863,#30873,#30883,#30893));
#30866=CARTESIAN_POINT('',(3.651,-4.0,0.159));
#30865=VERTEX_POINT('',#30866);
#30864=EDGE_CURVE('',#30865,#30728,#30869,.T.);
#30869=LINE('',#30866,#30871);
#30871=VECTOR('',#30872,0.274963063823216);
#30872=DIRECTION('',(-0.577,0.577,-0.577));
#30863=ORIENTED_EDGE('',*,*,#30864,.F.);
#30874=EDGE_CURVE('',#30818,#30865,#30879,.T.);
#30879=LINE('',#30819,#30881);
#30881=VECTOR('',#30882,0.3175);
#30882=DIRECTION('',(0.0,0.0,-1.0));
#30873=ORIENTED_EDGE('',*,*,#30874,.F.);
#30883=ORIENTED_EDGE('',*,*,#30845,.T.);
#30894=EDGE_CURVE('',#30728,#30620,#30899,.T.);
#30899=LINE('',#30729,#30901);
#30901=VECTOR('',#30902,0.635);
#30902=DIRECTION('',(0.0,0.0,1.0));
#30893=ORIENTED_EDGE('',*,*,#30894,.F.);
#30903=STYLED_ITEM('',(#34),#30904);
#30904=ADVANCED_FACE('',(#30910),#30905,.T.);
#30905=PLANE('',#30906);
#30906=AXIS2_PLACEMENT_3D('',#30907,#30908,#30909);
#30907=CARTESIAN_POINT('',(3.492,-3.842,0.0));
#30908=DIRECTION('',(0.0,-0.707,-0.707));
#30909=DIRECTION('',(0.,0.,1.));
#30910=FACE_OUTER_BOUND('',#30911,.T.);
#30911=EDGE_LOOP('',(#30912,#30922,#30932,#30942));
#30912=ORIENTED_EDGE('',*,*,#30727,.T.);
#30925=CARTESIAN_POINT('',(3.969,-4.001,0.159));
#30924=VERTEX_POINT('',#30925);
#30923=EDGE_CURVE('',#30924,#30718,#30928,.T.);
#30928=LINE('',#30925,#30930);
#30930=VECTOR('',#30931,0.274963063823216);
#30931=DIRECTION('',(0.577,0.577,-0.577));
#30922=ORIENTED_EDGE('',*,*,#30923,.F.);
#30933=EDGE_CURVE('',#30865,#30924,#30938,.T.);
#30938=LINE('',#30866,#30940);
#30940=VECTOR('',#30941,0.317500253221193);
#30941=DIRECTION('',(1.0,0.0,0.0));
#30932=ORIENTED_EDGE('',*,*,#30933,.F.);
#30942=ORIENTED_EDGE('',*,*,#30864,.T.);
#30952=STYLED_ITEM('',(#34),#30953);
#30953=ADVANCED_FACE('',(#30959),#30954,.T.);
#30954=PLANE('',#30955);
#30955=AXIS2_PLACEMENT_3D('',#30956,#30957,#30958);
#30956=CARTESIAN_POINT('',(3.969,-4.001,0.159));
#30957=DIRECTION('',(0.707,-0.707,0.0));
#30958=DIRECTION('',(0.,0.,1.));
#30959=FACE_OUTER_BOUND('',#30960,.T.);
#30960=EDGE_LOOP('',(#30961,#30971,#30981,#30991));
#30961=ORIENTED_EDGE('',*,*,#30923,.T.);
#30972=EDGE_CURVE('',#30630,#30718,#30977,.T.);
#30977=LINE('',#30631,#30979);
#30979=VECTOR('',#30980,0.635);
#30980=DIRECTION('',(0.0,0.0,-1.0));
#30971=ORIENTED_EDGE('',*,*,#30972,.F.);
#30981=ORIENTED_EDGE('',*,*,#30825,.T.);
#30992=EDGE_CURVE('',#30924,#30816,#30997,.T.);
#30997=LINE('',#30925,#30999);
#30999=VECTOR('',#31000,0.3175);
#31000=DIRECTION('',(0.0,0.0,1.0));
#30991=ORIENTED_EDGE('',*,*,#30992,.F.);
#31001=STYLED_ITEM('',(#34),#31002);
#31002=ADVANCED_FACE('',(#31008),#31003,.T.);
#31003=PLANE('',#31004);
#31004=AXIS2_PLACEMENT_3D('',#31005,#31006,#31007);
#31005=CARTESIAN_POINT('',(3.651,-4.0,0.159));
#31006=DIRECTION('',(0.0,-1.0,0.0));
#31007=DIRECTION('',(0.,0.,1.));
#31008=FACE_OUTER_BOUND('',#31009,.T.);
#31009=EDGE_LOOP('',(#31010,#31020,#31030,#31040));
#31010=ORIENTED_EDGE('',*,*,#30933,.T.);
#31020=ORIENTED_EDGE('',*,*,#30992,.T.);
#31030=ORIENTED_EDGE('',*,*,#30815,.T.);
#31040=ORIENTED_EDGE('',*,*,#30874,.T.);
#31050=STYLED_ITEM($,(#34),#31051);
#31051=ADVANCED_FACE($,(#31057),#31052,.F.);
#31052=CYLINDRICAL_SURFACE($,#31053,0.15874365);
#31053=AXIS2_PLACEMENT_3D($,#31054,#31055,#31056);
#31054=CARTESIAN_POINT('',(3.492,-2.064,0.794));
#31055=DIRECTION('',(-1.0,0.0,0.0));
#31056=DIRECTION('',(0.,0.,1.));
#31057=FACE_OUTER_BOUND($,#31058,.T.);
#31058=EDGE_LOOP($,(#31070,#31080,#31091,#31059));
#31070=ORIENTED_EDGE('',*,*,#30649,.T.);
#31081=EDGE_CURVE($,#30522,#30640,#31086,.T.);
#31086=CIRCLE($,#31087,0.15874365);
#31088=CARTESIAN_POINT('',(4.127,-2.064,0.794));
#31087=AXIS2_PLACEMENT_3D($,#31088,#31089,#31090);
#31089=DIRECTION('',(-1.0,0.0,0.0));
#31090=DIRECTION('',(0.0,-0.707,-0.707));
#31080=ORIENTED_EDGE('',*,*,#31081,.F.);
#31091=ORIENTED_EDGE('',*,*,#30521,.T.);
#31060=EDGE_CURVE($,#30622,#30524,#31065,.T.);
#31065=CIRCLE($,#31066,0.15874365);
#31067=CARTESIAN_POINT('',(3.492,-2.064,0.794));
#31066=AXIS2_PLACEMENT_3D($,#31067,#31068,#31069);
#31068=DIRECTION('',(1.0,0.0,0.0));
#31069=DIRECTION('',(0.0,0.707,0.707));
#31059=ORIENTED_EDGE('',*,*,#31060,.F.);
#31101=STYLED_ITEM($,(#34),#31102);
#31102=ADVANCED_FACE($,(#31108),#31103,.T.);
#31103=CYLINDRICAL_SURFACE($,#31104,0.79374365);
#31104=AXIS2_PLACEMENT_3D($,#31105,#31106,#31107);
#31105=CARTESIAN_POINT('',(3.492,-2.064,0.794));
#31106=DIRECTION('',(1.0,0.0,0.0));
#31107=DIRECTION('',(0.,0.,1.));
#31108=FACE_OUTER_BOUND($,#31109,.T.);
#31109=EDGE_LOOP($,(#31121,#31131,#31142,#31110));
#31121=ORIENTED_EDGE('',*,*,#30747,.T.);
#31132=EDGE_CURVE($,#30571,#30738,#31137,.T.);
#31137=CIRCLE($,#31138,0.79374365);
#31138=AXIS2_PLACEMENT_3D($,#31067,#31140,#31141);
#31140=DIRECTION('',(-1.0,0.0,0.0));
#31141=DIRECTION('',(0.0,-0.707,-0.707));
#31131=ORIENTED_EDGE('',*,*,#31132,.F.);
#31142=ORIENTED_EDGE('',*,*,#30570,.T.);
#31111=EDGE_CURVE($,#30720,#30573,#31116,.T.);
#31116=CIRCLE($,#31117,0.79374365);
#31117=AXIS2_PLACEMENT_3D($,#31088,#31119,#31120);
#31119=DIRECTION('',(1.0,0.0,0.0));
#31120=DIRECTION('',(0.0,0.707,0.707));
#31110=ORIENTED_EDGE('',*,*,#31111,.F.);
#31152=STYLED_ITEM('color',(#34),#31153);
#31153=ADVANCED_FACE($,(#31159),#31154,.T.);
#31154=PLANE($,#31155);
#31155=AXIS2_PLACEMENT_3D($,#31156,#31157,#31158);
#31156=CARTESIAN_POINT('',(3.493,-1.27,0.794));
#31157=DIRECTION('',(-1.0,0.0,0.0));
#31158=DIRECTION('',(1.,0.,0.));
#31159=FACE_OUTER_BOUND($,#31160,.T.);
#31160=EDGE_LOOP($,(#31163, #31173, #31183, #31193, #31204, #31214, #31224, #31234));
#31163=ORIENTED_EDGE('',*,*,#30551,.T.);
#31173=ORIENTED_EDGE('',*,*,#30472,.T.);
#31183=ORIENTED_EDGE('',*,*,#30580,.T.);
#31193=ORIENTED_EDGE('',*,*,#31132,.T.);
#31204=ORIENTED_EDGE('',*,*,#30737,.T.);
#31214=ORIENTED_EDGE('',*,*,#30894,.T.);
#31224=ORIENTED_EDGE('',*,*,#30619,.T.);
#31234=ORIENTED_EDGE('',*,*,#31060,.T.);
#31245=STYLED_ITEM('color',(#34),#31246);
#31246=ADVANCED_FACE($,(#31252),#31247,.T.);
#31247=PLANE($,#31248);
#31248=AXIS2_PLACEMENT_3D($,#31249,#31250,#31251);
#31249=CARTESIAN_POINT('',(4.128,-1.27,0.794));
#31250=DIRECTION('',(1.0,0.0,0.0));
#31251=DIRECTION('',(-1.,0.,0.));
#31252=FACE_OUTER_BOUND($,#31253,.T.);
#31253=EDGE_LOOP($,(#31256, #31266, #31276, #31286, #31297, #31307, #31317, #31327));
#31256=ORIENTED_EDGE('',*,*,#30600,.T.);
#31266=ORIENTED_EDGE('',*,*,#30492,.T.);
#31276=ORIENTED_EDGE('',*,*,#30531,.T.);
#31286=ORIENTED_EDGE('',*,*,#31081,.T.);
#31297=ORIENTED_EDGE('',*,*,#30639,.T.);
#31307=ORIENTED_EDGE('',*,*,#30972,.T.);
#31317=ORIENTED_EDGE('',*,*,#30717,.T.);
#31327=ORIENTED_EDGE('',*,*,#31111,.T.);
#31338=MANIFOLD_SOLID_BREP($,#31339);
#31339=CLOSED_SHELL('',(#31343,#31392,#31441,#31490,#31539,#31588,#31637,#31686,#31735,#31784));
#31340=MANIFOLD_SOLID_BREP($,#31341);
#31341=CLOSED_SHELL('',(#31833,#31882,#31931,#31980,#32078,#32176,#32225,#32274,#32323,#32372,#32421,#32472,#32523,#32616));
#31342=STYLED_ITEM('',(#34),#31343);
#31343=ADVANCED_FACE('',(#31349),#31344,.T.);
#31344=PLANE('',#31345);
#31345=AXIS2_PLACEMENT_3D('',#31346,#31347,#31348);
#31346=CARTESIAN_POINT('',(1.111,-1.429,9.652));
#31347=DIRECTION('',(0.0,0.0,1.0));
#31348=DIRECTION('',(0.,1.,0.));
#31349=FACE_OUTER_BOUND('',#31350,.T.);
#31350=EDGE_LOOP('',(#31351,#31361,#31371,#31381));
#31354=CARTESIAN_POINT('',(1.111,-1.746,9.652));
#31353=VERTEX_POINT('',#31354);
#31356=CARTESIAN_POINT('',(1.111,-1.429,9.652));
#31355=VERTEX_POINT('',#31356);
#31352=EDGE_CURVE('',#31353,#31355,#31357,.T.);
#31357=LINE('',#31354,#31359);
#31359=VECTOR('',#31360,0.317499995742357);
#31360=DIRECTION('',(0.0,1.0,0.0));
#31351=ORIENTED_EDGE('',*,*,#31352,.F.);
#31364=CARTESIAN_POINT('',(1.429,-1.746,9.652));
#31363=VERTEX_POINT('',#31364);
#31362=EDGE_CURVE('',#31363,#31353,#31367,.T.);
#31367=LINE('',#31364,#31369);
#31369=VECTOR('',#31370,0.317500012765022);
#31370=DIRECTION('',(-1.0,0.0,0.0));
#31361=ORIENTED_EDGE('',*,*,#31362,.F.);
#31374=CARTESIAN_POINT('',(1.429,-1.429,9.652));
#31373=VERTEX_POINT('',#31374);
#31372=EDGE_CURVE('',#31373,#31363,#31377,.T.);
#31377=LINE('',#31374,#31379);
#31379=VECTOR('',#31380,0.317499995742358);
#31380=DIRECTION('',(0.0,-1.0,0.0));
#31371=ORIENTED_EDGE('',*,*,#31372,.F.);
#31382=EDGE_CURVE('',#31355,#31373,#31387,.T.);
#31387=LINE('',#31356,#31389);
#31389=VECTOR('',#31390,0.317499995750263);
#31390=DIRECTION('',(1.0,0.0,0.0));
#31381=ORIENTED_EDGE('',*,*,#31382,.F.);
#31391=STYLED_ITEM('',(#34),#31392);
#31392=ADVANCED_FACE('',(#31398),#31393,.T.);
#31393=PLANE('',#31394);
#31394=AXIS2_PLACEMENT_3D('',#31395,#31396,#31397);
#31395=CARTESIAN_POINT('',(0.952,-1.905,9.493));
#31396=DIRECTION('',(0.0,-0.707,0.707));
#31397=DIRECTION('',(0.,0.,1.));
#31398=FACE_OUTER_BOUND('',#31399,.T.);
#31399=EDGE_LOOP('',(#31400,#31410,#31420,#31430));
#31403=CARTESIAN_POINT('',(1.587,-1.905,9.493));
#31402=VERTEX_POINT('',#31403);
#31405=CARTESIAN_POINT('',(0.952,-1.905,9.493));
#31404=VERTEX_POINT('',#31405);
#31401=EDGE_CURVE('',#31402,#31404,#31406,.T.);
#31406=LINE('',#31403,#31408);
#31408=VECTOR('',#31409,0.635000025530043);
#31409=DIRECTION('',(-1.0,0.0,0.0));
#31400=ORIENTED_EDGE('',*,*,#31401,.F.);
#31411=EDGE_CURVE('',#31363,#31402,#31416,.T.);
#31416=LINE('',#31364,#31418);
#31418=VECTOR('',#31419,0.274963065701559);
#31419=DIRECTION('',(0.577,-0.577,-0.577));
#31410=ORIENTED_EDGE('',*,*,#31411,.F.);
#31420=ORIENTED_EDGE('',*,*,#31362,.T.);
#31431=EDGE_CURVE('',#31404,#31353,#31436,.T.);
#31436=LINE('',#31405,#31438);
#31438=VECTOR('',#31439,0.274963065701559);
#31439=DIRECTION('',(0.577,0.577,0.577));
#31430=ORIENTED_EDGE('',*,*,#31431,.F.);
#31440=STYLED_ITEM('',(#34),#31441);
#31441=ADVANCED_FACE('',(#31447),#31442,.T.);
#31442=PLANE('',#31443);
#31443=AXIS2_PLACEMENT_3D('',#31444,#31445,#31446);
#31444=CARTESIAN_POINT('',(1.587,-1.905,9.493));
#31445=DIRECTION('',(0.707,0.0,0.707));
#31446=DIRECTION('',(0.,0.,1.));
#31447=FACE_OUTER_BOUND('',#31448,.T.);
#31448=EDGE_LOOP('',(#31449,#31459,#31469,#31479));
#31452=CARTESIAN_POINT('',(1.588,-1.27,9.493));
#31451=VERTEX_POINT('',#31452);
#31450=EDGE_CURVE('',#31451,#31402,#31455,.T.);
#31455=LINE('',#31452,#31457);
#31457=VECTOR('',#31458,0.634999991484716);
#31458=DIRECTION('',(0.0,-1.0,0.0));
#31449=ORIENTED_EDGE('',*,*,#31450,.F.);
#31460=EDGE_CURVE('',#31373,#31451,#31465,.T.);
#31465=LINE('',#31374,#31467);
#31467=VECTOR('',#31468,0.274963065701559);
#31468=DIRECTION('',(0.577,0.577,-0.577));
#31459=ORIENTED_EDGE('',*,*,#31460,.F.);
#31469=ORIENTED_EDGE('',*,*,#31372,.T.);
#31479=ORIENTED_EDGE('',*,*,#31411,.T.);
#31489=STYLED_ITEM('',(#34),#31490);
#31490=ADVANCED_FACE('',(#31496),#31491,.T.);
#31491=PLANE('',#31492);
#31492=AXIS2_PLACEMENT_3D('',#31493,#31494,#31495);
#31493=CARTESIAN_POINT('',(1.588,-1.27,9.493));
#31494=DIRECTION('',(0.0,0.707,0.707));
#31495=DIRECTION('',(0.,0.,1.));
#31496=FACE_OUTER_BOUND('',#31497,.T.);
#31497=EDGE_LOOP('',(#31498,#31508,#31518,#31528));
#31501=CARTESIAN_POINT('',(0.953,-1.27,9.493));
#31500=VERTEX_POINT('',#31501);
#31499=EDGE_CURVE('',#31500,#31451,#31504,.T.);
#31504=LINE('',#31501,#31506);
#31506=VECTOR('',#31507,0.634999991500525);
#31507=DIRECTION('',(1.0,0.0,0.0));
#31498=ORIENTED_EDGE('',*,*,#31499,.F.);
#31509=EDGE_CURVE('',#31355,#31500,#31514,.T.);
#31514=LINE('',#31356,#31516);
#31516=VECTOR('',#31517,0.274963065701559);
#31517=DIRECTION('',(-0.577,0.577,-0.577));
#31508=ORIENTED_EDGE('',*,*,#31509,.F.);
#31518=ORIENTED_EDGE('',*,*,#31382,.T.);
#31528=ORIENTED_EDGE('',*,*,#31460,.T.);
#31538=STYLED_ITEM('',(#34),#31539);
#31539=ADVANCED_FACE('',(#31545),#31540,.T.);
#31540=PLANE('',#31541);
#31541=AXIS2_PLACEMENT_3D('',#31542,#31543,#31544);
#31542=CARTESIAN_POINT('',(0.953,-1.27,9.493));
#31543=DIRECTION('',(-0.707,0.0,0.707));
#31544=DIRECTION('',(0.,0.,1.));
#31545=FACE_OUTER_BOUND('',#31546,.T.);
#31546=EDGE_LOOP('',(#31547,#31557,#31567,#31577));
#31548=EDGE_CURVE('',#31404,#31500,#31553,.T.);
#31553=LINE('',#31405,#31555);
#31555=VECTOR('',#31556,0.634999991484715);
#31556=DIRECTION('',(0.0,1.0,0.0));
#31547=ORIENTED_EDGE('',*,*,#31548,.F.);
#31557=ORIENTED_EDGE('',*,*,#31431,.T.);
#31567=ORIENTED_EDGE('',*,*,#31352,.T.);
#31577=ORIENTED_EDGE('',*,*,#31509,.T.);
#31587=STYLED_ITEM('',(#34),#31588);
#31588=ADVANCED_FACE('',(#31594),#31589,.T.);
#31589=PLANE('',#31590);
#31590=AXIS2_PLACEMENT_3D('',#31591,#31592,#31593);
#31591=CARTESIAN_POINT('',(0.952,-1.905,3.924));
#31592=DIRECTION('',(0.0,-1.0,0.0));
#31593=DIRECTION('',(0.,0.,1.));
#31594=FACE_OUTER_BOUND('',#31595,.T.);
#31595=EDGE_LOOP('',(#31596,#31606,#31616,#31626));
#31599=CARTESIAN_POINT('',(1.587,-1.905,3.924));
#31598=VERTEX_POINT('',#31599);
#31601=CARTESIAN_POINT('',(0.952,-1.905,3.924));
#31600=VERTEX_POINT('',#31601);
#31597=EDGE_CURVE('',#31598,#31600,#31602,.T.);
#31602=LINE('',#31599,#31604);
#31604=VECTOR('',#31605,0.635000025530043);
#31605=DIRECTION('',(-1.0,0.0,0.0));
#31596=ORIENTED_EDGE('',*,*,#31597,.F.);
#31607=EDGE_CURVE('',#31402,#31598,#31612,.T.);
#31612=LINE('',#31403,#31614);
#31614=VECTOR('',#31615,5.5689754);
#31615=DIRECTION('',(0.0,0.0,-1.0));
#31606=ORIENTED_EDGE('',*,*,#31607,.F.);
#31616=ORIENTED_EDGE('',*,*,#31401,.T.);
#31627=EDGE_CURVE('',#31600,#31404,#31632,.T.);
#31632=LINE('',#31601,#31634);
#31634=VECTOR('',#31635,5.5689754);
#31635=DIRECTION('',(0.0,0.0,1.0));
#31626=ORIENTED_EDGE('',*,*,#31627,.F.);
#31636=STYLED_ITEM('',(#34),#31637);
#31637=ADVANCED_FACE('',(#31643),#31638,.T.);
#31638=PLANE('',#31639);
#31639=AXIS2_PLACEMENT_3D('',#31640,#31641,#31642);
#31640=CARTESIAN_POINT('',(1.587,-1.905,3.924));
#31641=DIRECTION('',(1.0,0.0,0.0));
#31642=DIRECTION('',(0.,0.,1.));
#31643=FACE_OUTER_BOUND('',#31644,.T.);
#31644=EDGE_LOOP('',(#31645,#31655,#31665,#31675));
#31648=CARTESIAN_POINT('',(1.588,-1.27,3.924));
#31647=VERTEX_POINT('',#31648);
#31646=EDGE_CURVE('',#31647,#31598,#31651,.T.);
#31651=LINE('',#31648,#31653);
#31653=VECTOR('',#31654,0.634999991484716);
#31654=DIRECTION('',(0.0,-1.0,0.0));
#31645=ORIENTED_EDGE('',*,*,#31646,.F.);
#31656=EDGE_CURVE('',#31451,#31647,#31661,.T.);
#31661=LINE('',#31452,#31663);
#31663=VECTOR('',#31664,5.5689754);
#31664=DIRECTION('',(0.0,0.0,-1.0));
#31655=ORIENTED_EDGE('',*,*,#31656,.F.);
#31665=ORIENTED_EDGE('',*,*,#31450,.T.);
#31675=ORIENTED_EDGE('',*,*,#31607,.T.);
#31685=STYLED_ITEM('',(#34),#31686);
#31686=ADVANCED_FACE('',(#31692),#31687,.T.);
#31687=PLANE('',#31688);
#31688=AXIS2_PLACEMENT_3D('',#31689,#31690,#31691);
#31689=CARTESIAN_POINT('',(1.588,-1.27,3.924));
#31690=DIRECTION('',(0.0,1.0,0.0));
#31691=DIRECTION('',(0.,0.,1.));
#31692=FACE_OUTER_BOUND('',#31693,.T.);
#31693=EDGE_LOOP('',(#31694,#31704,#31714,#31724));
#31697=CARTESIAN_POINT('',(0.953,-1.27,3.924));
#31696=VERTEX_POINT('',#31697);
#31695=EDGE_CURVE('',#31696,#31647,#31700,.T.);
#31700=LINE('',#31697,#31702);
#31702=VECTOR('',#31703,0.634999991500525);
#31703=DIRECTION('',(1.0,0.0,0.0));
#31694=ORIENTED_EDGE('',*,*,#31695,.F.);
#31705=EDGE_CURVE('',#31500,#31696,#31710,.T.);
#31710=LINE('',#31501,#31712);
#31712=VECTOR('',#31713,5.5689754);
#31713=DIRECTION('',(0.0,0.0,-1.0));
#31704=ORIENTED_EDGE('',*,*,#31705,.F.);
#31714=ORIENTED_EDGE('',*,*,#31499,.T.);
#31724=ORIENTED_EDGE('',*,*,#31656,.T.);
#31734=STYLED_ITEM('',(#34),#31735);
#31735=ADVANCED_FACE('',(#31741),#31736,.T.);
#31736=PLANE('',#31737);
#31737=AXIS2_PLACEMENT_3D('',#31738,#31739,#31740);
#31738=CARTESIAN_POINT('',(0.953,-1.27,3.924));
#31739=DIRECTION('',(-1.0,0.0,0.0));
#31740=DIRECTION('',(0.,0.,1.));
#31741=FACE_OUTER_BOUND('',#31742,.T.);
#31742=EDGE_LOOP('',(#31743,#31753,#31763,#31773));
#31744=EDGE_CURVE('',#31600,#31696,#31749,.T.);
#31749=LINE('',#31601,#31751);
#31751=VECTOR('',#31752,0.634999991484715);
#31752=DIRECTION('',(0.0,1.0,0.0));
#31743=ORIENTED_EDGE('',*,*,#31744,.F.);
#31753=ORIENTED_EDGE('',*,*,#31627,.T.);
#31763=ORIENTED_EDGE('',*,*,#31548,.T.);
#31773=ORIENTED_EDGE('',*,*,#31705,.T.);
#31783=STYLED_ITEM('',(#34),#31784);
#31784=ADVANCED_FACE('',(#31790),#31785,.T.);
#31785=PLANE('',#31786);
#31786=AXIS2_PLACEMENT_3D('',#31787,#31788,#31789);
#31787=CARTESIAN_POINT('',(1.588,-1.27,3.924));
#31788=DIRECTION('',(0.0,0.0,-1.0));
#31789=DIRECTION('',(0.,1.,0.));
#31790=FACE_OUTER_BOUND('',#31791,.T.);
#31791=EDGE_LOOP('',(#31792,#31802,#31812,#31822));
#31792=ORIENTED_EDGE('',*,*,#31646,.T.);
#31802=ORIENTED_EDGE('',*,*,#31597,.T.);
#31812=ORIENTED_EDGE('',*,*,#31744,.T.);
#31822=ORIENTED_EDGE('',*,*,#31695,.T.);
#31832=STYLED_ITEM('',(#34),#31833);
#31833=ADVANCED_FACE('',(#31839),#31834,.T.);
#31834=PLANE('',#31835);
#31835=AXIS2_PLACEMENT_3D('',#31836,#31837,#31838);
#31836=CARTESIAN_POINT('',(0.953,-1.27,0.952));
#31837=DIRECTION('',(0.0,0.0,1.0));
#31838=DIRECTION('',(0.,1.,0.));
#31839=FACE_OUTER_BOUND('',#31840,.T.);
#31840=EDGE_LOOP('',(#31841,#31851,#31861,#31871));
#31844=CARTESIAN_POINT('',(0.952,-1.905,0.952));
#31843=VERTEX_POINT('',#31844);
#31846=CARTESIAN_POINT('',(0.953,-1.27,0.952));
#31845=VERTEX_POINT('',#31846);
#31842=EDGE_CURVE('',#31843,#31845,#31847,.T.);
#31847=LINE('',#31844,#31849);
#31849=VECTOR('',#31850,0.634999991484715);
#31850=DIRECTION('',(0.0,1.0,0.0));
#31841=ORIENTED_EDGE('',*,*,#31842,.F.);
#31854=CARTESIAN_POINT('',(1.587,-1.905,0.952));
#31853=VERTEX_POINT('',#31854);
#31852=EDGE_CURVE('',#31853,#31843,#31857,.T.);
#31857=LINE('',#31854,#31859);
#31859=VECTOR('',#31860,0.635000025530043);
#31860=DIRECTION('',(-1.0,0.0,0.0));
#31851=ORIENTED_EDGE('',*,*,#31852,.F.);
#31864=CARTESIAN_POINT('',(1.588,-1.27,0.952));
#31863=VERTEX_POINT('',#31864);
#31862=EDGE_CURVE('',#31863,#31853,#31867,.T.);
#31867=LINE('',#31864,#31869);
#31869=VECTOR('',#31870,0.634999991484716);
#31870=DIRECTION('',(0.0,-1.0,0.0));
#31861=ORIENTED_EDGE('',*,*,#31862,.F.);
#31872=EDGE_CURVE('',#31845,#31863,#31877,.T.);
#31877=LINE('',#31846,#31879);
#31879=VECTOR('',#31880,0.634999991500525);
#31880=DIRECTION('',(1.0,0.0,0.0));
#31871=ORIENTED_EDGE('',*,*,#31872,.F.);
#31881=STYLED_ITEM('',(#34),#31882);
#31882=ADVANCED_FACE('',(#31888),#31883,.T.);
#31883=PLANE('',#31884);
#31884=AXIS2_PLACEMENT_3D('',#31885,#31886,#31887);
#31885=CARTESIAN_POINT('',(0.952,-1.905,0.794));
#31886=DIRECTION('',(0.0,-1.0,0.0));
#31887=DIRECTION('',(0.,0.,1.));
#31888=FACE_OUTER_BOUND('',#31889,.T.);
#31889=EDGE_LOOP('',(#31890,#31900,#31910,#31920));
#31893=CARTESIAN_POINT('',(1.587,-1.905,0.794));
#31892=VERTEX_POINT('',#31893);
#31895=CARTESIAN_POINT('',(0.952,-1.905,0.794));
#31894=VERTEX_POINT('',#31895);
#31891=EDGE_CURVE('',#31892,#31894,#31896,.T.);
#31896=LINE('',#31893,#31898);
#31898=VECTOR('',#31899,0.635000025530043);
#31899=DIRECTION('',(-1.0,0.0,0.0));
#31890=ORIENTED_EDGE('',*,*,#31891,.F.);
#31901=EDGE_CURVE('',#31853,#31892,#31906,.T.);
#31906=LINE('',#31854,#31908);
#31908=VECTOR('',#31909,0.15874365);
#31909=DIRECTION('',(0.0,0.0,-1.0));
#31900=ORIENTED_EDGE('',*,*,#31901,.F.);
#31910=ORIENTED_EDGE('',*,*,#31852,.T.);
#31921=EDGE_CURVE('',#31894,#31843,#31926,.T.);
#31926=LINE('',#31895,#31928);
#31928=VECTOR('',#31929,0.15874365);
#31929=DIRECTION('',(0.0,0.0,1.0));
#31920=ORIENTED_EDGE('',*,*,#31921,.F.);
#31930=STYLED_ITEM('',(#34),#31931);
#31931=ADVANCED_FACE('',(#31937),#31932,.T.);
#31932=PLANE('',#31933);
#31933=AXIS2_PLACEMENT_3D('',#31934,#31935,#31936);
#31934=CARTESIAN_POINT('',(1.588,-1.27,0.794));
#31935=DIRECTION('',(0.0,1.0,0.0));
#31936=DIRECTION('',(0.,0.,1.));
#31937=FACE_OUTER_BOUND('',#31938,.T.);
#31938=EDGE_LOOP('',(#31939,#31949,#31959,#31969));
#31942=CARTESIAN_POINT('',(0.953,-1.27,0.794));
#31941=VERTEX_POINT('',#31942);
#31944=CARTESIAN_POINT('',(1.588,-1.27,0.794));
#31943=VERTEX_POINT('',#31944);
#31940=EDGE_CURVE('',#31941,#31943,#31945,.T.);
#31945=LINE('',#31942,#31947);
#31947=VECTOR('',#31948,0.634999991500525);
#31948=DIRECTION('',(1.0,0.0,0.0));
#31939=ORIENTED_EDGE('',*,*,#31940,.F.);
#31950=EDGE_CURVE('',#31845,#31941,#31955,.T.);
#31955=LINE('',#31846,#31957);
#31957=VECTOR('',#31958,0.15874365);
#31958=DIRECTION('',(0.0,0.0,-1.0));
#31949=ORIENTED_EDGE('',*,*,#31950,.F.);
#31959=ORIENTED_EDGE('',*,*,#31872,.T.);
#31970=EDGE_CURVE('',#31943,#31863,#31975,.T.);
#31975=LINE('',#31944,#31977);
#31977=VECTOR('',#31978,0.15874365);
#31978=DIRECTION('',(0.0,0.0,1.0));
#31969=ORIENTED_EDGE('',*,*,#31970,.F.);
#31979=STYLED_ITEM('',(#34),#31980);
#31980=ADVANCED_FACE('',(#31986),#31981,.T.);
#31981=PLANE('',#31982);
#31982=AXIS2_PLACEMENT_3D('',#31983,#31984,#31985);
#31983=CARTESIAN_POINT('',(0.952,-2.064,0.635));
#31984=DIRECTION('',(0.0,0.0,1.0));
#31985=DIRECTION('',(0.,1.,0.));
#31986=FACE_OUTER_BOUND('',#31987,.T.);
#31987=EDGE_LOOP('',(#31988,#31998,#32008,#32018));
#31991=CARTESIAN_POINT('',(0.952,-3.842,0.635));
#31990=VERTEX_POINT('',#31991);
#31993=CARTESIAN_POINT('',(0.952,-2.064,0.635));
#31992=VERTEX_POINT('',#31993);
#31989=EDGE_CURVE('',#31990,#31992,#31994,.T.);
#31994=LINE('',#31991,#31996);
#31996=VECTOR('',#31997,1.77800634757545);
#31997=DIRECTION('',(0.0,1.0,0.0));
#31988=ORIENTED_EDGE('',*,*,#31989,.F.);
#32001=CARTESIAN_POINT('',(1.587,-3.842,0.635));
#32000=VERTEX_POINT('',#32001);
#31999=EDGE_CURVE('',#32000,#31990,#32004,.T.);
#32004=LINE('',#32001,#32006);
#32006=VECTOR('',#32007,0.635000230858436);
#32007=DIRECTION('',(-1.0,0.0,0.0));
#31998=ORIENTED_EDGE('',*,*,#31999,.F.);
#32011=CARTESIAN_POINT('',(1.587,-2.064,0.635));
#32010=VERTEX_POINT('',#32011);
#32009=EDGE_CURVE('',#32010,#32000,#32014,.T.);
#32014=LINE('',#32011,#32016);
#32016=VECTOR('',#32017,1.77800634757545);
#32017=DIRECTION('',(0.0,-1.0,0.0));
#32008=ORIENTED_EDGE('',*,*,#32009,.F.);
#32019=EDGE_CURVE('',#31992,#32010,#32024,.T.);
#32024=LINE('',#31993,#32026);
#32026=VECTOR('',#32027,0.635000041498695);
#32027=DIRECTION('',(1.0,0.0,0.0));
#32018=ORIENTED_EDGE('',*,*,#32019,.F.);
#32077=STYLED_ITEM('',(#34),#32078);
#32078=ADVANCED_FACE('',(#32084),#32079,.T.);
#32079=PLANE('',#32080);
#32080=AXIS2_PLACEMENT_3D('',#32081,#32082,#32083);
#32081=CARTESIAN_POINT('',(1.587,-2.064,0.0));
#32082=DIRECTION('',(0.0,0.0,-1.0));
#32083=DIRECTION('',(0.,1.,0.));
#32084=FACE_OUTER_BOUND('',#32085,.T.);
#32085=EDGE_LOOP('',(#32086,#32096,#32106,#32116));
#32089=CARTESIAN_POINT('',(1.587,-3.842,0.0));
#32088=VERTEX_POINT('',#32089);
#32091=CARTESIAN_POINT('',(1.587,-2.064,0.0));
#32090=VERTEX_POINT('',#32091);
#32087=EDGE_CURVE('',#32088,#32090,#32092,.T.);
#32092=LINE('',#32089,#32094);
#32094=VECTOR('',#32095,1.77800634757545);
#32095=DIRECTION('',(0.0,1.0,0.0));
#32086=ORIENTED_EDGE('',*,*,#32087,.F.);
#32099=CARTESIAN_POINT('',(0.952,-3.842,0.0));
#32098=VERTEX_POINT('',#32099);
#32097=EDGE_CURVE('',#32098,#32088,#32102,.T.);
#32102=LINE('',#32099,#32104);
#32104=VECTOR('',#32105,0.635000230858436);
#32105=DIRECTION('',(1.0,0.0,0.0));
#32096=ORIENTED_EDGE('',*,*,#32097,.F.);
#32109=CARTESIAN_POINT('',(0.952,-2.064,0.0));
#32108=VERTEX_POINT('',#32109);
#32107=EDGE_CURVE('',#32108,#32098,#32112,.T.);
#32112=LINE('',#32109,#32114);
#32114=VECTOR('',#32115,1.77800634757545);
#32115=DIRECTION('',(0.0,-1.0,0.0));
#32106=ORIENTED_EDGE('',*,*,#32107,.F.);
#32117=EDGE_CURVE('',#32090,#32108,#32122,.T.);
#32122=LINE('',#32091,#32124);
#32124=VECTOR('',#32125,0.635000041498695);
#32125=DIRECTION('',(-1.0,0.0,0.0));
#32116=ORIENTED_EDGE('',*,*,#32117,.F.);
#32175=STYLED_ITEM('',(#34),#32176);
#32176=ADVANCED_FACE('',(#32182),#32177,.T.);
#32177=PLANE('',#32178);
#32178=AXIS2_PLACEMENT_3D('',#32179,#32180,#32181);
#32179=CARTESIAN_POINT('',(1.111,-4.0,0.476));
#32180=DIRECTION('',(0.0,-0.707,0.707));
#32181=DIRECTION('',(0.,0.,1.));
#32182=FACE_OUTER_BOUND('',#32183,.T.);
#32183=EDGE_LOOP('',(#32184,#32194,#32204,#32214));
#32187=CARTESIAN_POINT('',(1.429,-4.001,0.476));
#32186=VERTEX_POINT('',#32187);
#32189=CARTESIAN_POINT('',(1.111,-4.0,0.476));
#32188=VERTEX_POINT('',#32189);
#32185=EDGE_CURVE('',#32186,#32188,#32190,.T.);
#32190=LINE('',#32187,#32192);
#32192=VECTOR('',#32193,0.317500253221194);
#32193=DIRECTION('',(-1.0,0.0,0.0));
#32184=ORIENTED_EDGE('',*,*,#32185,.F.);
#32195=EDGE_CURVE('',#32000,#32186,#32200,.T.);
#32200=LINE('',#32001,#32202);
#32202=VECTOR('',#32203,0.274963063823215);
#32203=DIRECTION('',(-0.577,-0.577,-0.577));
#32194=ORIENTED_EDGE('',*,*,#32195,.F.);
#32204=ORIENTED_EDGE('',*,*,#31999,.T.);
#32215=EDGE_CURVE('',#32188,#31990,#32220,.T.);
#32220=LINE('',#32189,#32222);
#32222=VECTOR('',#32223,0.274963063823215);
#32223=DIRECTION('',(-0.577,0.577,0.577));
#32214=ORIENTED_EDGE('',*,*,#32215,.F.);
#32224=STYLED_ITEM('',(#34),#32225);
#32225=ADVANCED_FACE('',(#32231),#32226,.T.);
#32226=PLANE('',#32227);
#32227=AXIS2_PLACEMENT_3D('',#32228,#32229,#32230);
#32228=CARTESIAN_POINT('',(0.952,-3.842,0.0));
#32229=DIRECTION('',(-0.707,-0.707,0.0));
#32230=DIRECTION('',(0.,0.,1.));
#32231=FACE_OUTER_BOUND('',#32232,.T.);
#32232=EDGE_LOOP('',(#32233,#32243,#32253,#32263));
#32236=CARTESIAN_POINT('',(1.111,-4.0,0.159));
#32235=VERTEX_POINT('',#32236);
#32234=EDGE_CURVE('',#32235,#32098,#32239,.T.);
#32239=LINE('',#32236,#32241);
#32241=VECTOR('',#32242,0.274963063823215);
#32242=DIRECTION('',(-0.577,0.577,-0.577));
#32233=ORIENTED_EDGE('',*,*,#32234,.F.);
#32244=EDGE_CURVE('',#32188,#32235,#32249,.T.);
#32249=LINE('',#32189,#32251);
#32251=VECTOR('',#32252,0.3175);
#32252=DIRECTION('',(0.0,0.0,-1.0));
#32243=ORIENTED_EDGE('',*,*,#32244,.F.);
#32253=ORIENTED_EDGE('',*,*,#32215,.T.);
#32264=EDGE_CURVE('',#32098,#31990,#32269,.T.);
#32269=LINE('',#32099,#32271);
#32271=VECTOR('',#32272,0.635);
#32272=DIRECTION('',(0.0,0.0,1.0));
#32263=ORIENTED_EDGE('',*,*,#32264,.F.);
#32273=STYLED_ITEM('',(#34),#32274);
#32274=ADVANCED_FACE('',(#32280),#32275,.T.);
#32275=PLANE('',#32276);
#32276=AXIS2_PLACEMENT_3D('',#32277,#32278,#32279);
#32277=CARTESIAN_POINT('',(0.952,-3.842,0.0));
#32278=DIRECTION('',(0.0,-0.707,-0.707));
#32279=DIRECTION('',(0.,0.,1.));
#32280=FACE_OUTER_BOUND('',#32281,.T.);
#32281=EDGE_LOOP('',(#32282,#32292,#32302,#32312));
#32282=ORIENTED_EDGE('',*,*,#32097,.T.);
#32295=CARTESIAN_POINT('',(1.429,-4.001,0.159));
#32294=VERTEX_POINT('',#32295);
#32293=EDGE_CURVE('',#32294,#32088,#32298,.T.);
#32298=LINE('',#32295,#32300);
#32300=VECTOR('',#32301,0.274963063823215);
#32301=DIRECTION('',(0.577,0.577,-0.577));
#32292=ORIENTED_EDGE('',*,*,#32293,.F.);
#32303=EDGE_CURVE('',#32235,#32294,#32308,.T.);
#32308=LINE('',#32236,#32310);
#32310=VECTOR('',#32311,0.317500253221194);
#32311=DIRECTION('',(1.0,0.0,0.0));
#32302=ORIENTED_EDGE('',*,*,#32303,.F.);
#32312=ORIENTED_EDGE('',*,*,#32234,.T.);
#32322=STYLED_ITEM('',(#34),#32323);
#32323=ADVANCED_FACE('',(#32329),#32324,.T.);
#32324=PLANE('',#32325);
#32325=AXIS2_PLACEMENT_3D('',#32326,#32327,#32328);
#32326=CARTESIAN_POINT('',(1.429,-4.001,0.159));
#32327=DIRECTION('',(0.707,-0.707,0.0));
#32328=DIRECTION('',(0.,0.,1.));
#32329=FACE_OUTER_BOUND('',#32330,.T.);
#32330=EDGE_LOOP('',(#32331,#32341,#32351,#32361));
#32331=ORIENTED_EDGE('',*,*,#32293,.T.);
#32342=EDGE_CURVE('',#32000,#32088,#32347,.T.);
#32347=LINE('',#32001,#32349);
#32349=VECTOR('',#32350,0.635);
#32350=DIRECTION('',(0.0,0.0,-1.0));
#32341=ORIENTED_EDGE('',*,*,#32342,.F.);
#32351=ORIENTED_EDGE('',*,*,#32195,.T.);
#32362=EDGE_CURVE('',#32294,#32186,#32367,.T.);
#32367=LINE('',#32295,#32369);
#32369=VECTOR('',#32370,0.3175);
#32370=DIRECTION('',(0.0,0.0,1.0));
#32361=ORIENTED_EDGE('',*,*,#32362,.F.);
#32371=STYLED_ITEM('',(#34),#32372);
#32372=ADVANCED_FACE('',(#32378),#32373,.T.);
#32373=PLANE('',#32374);
#32374=AXIS2_PLACEMENT_3D('',#32375,#32376,#32377);
#32375=CARTESIAN_POINT('',(1.111,-4.0,0.159));
#32376=DIRECTION('',(0.0,-1.0,0.0));
#32377=DIRECTION('',(0.,0.,1.));
#32378=FACE_OUTER_BOUND('',#32379,.T.);
#32379=EDGE_LOOP('',(#32380,#32390,#32400,#32410));
#32380=ORIENTED_EDGE('',*,*,#32303,.T.);
#32390=ORIENTED_EDGE('',*,*,#32362,.T.);
#32400=ORIENTED_EDGE('',*,*,#32185,.T.);
#32410=ORIENTED_EDGE('',*,*,#32244,.T.);
#32420=STYLED_ITEM($,(#34),#32421);
#32421=ADVANCED_FACE($,(#32427),#32422,.F.);
#32422=CYLINDRICAL_SURFACE($,#32423,0.15874365);
#32423=AXIS2_PLACEMENT_3D($,#32424,#32425,#32426);
#32424=CARTESIAN_POINT('',(0.952,-2.064,0.794));
#32425=DIRECTION('',(-1.0,0.0,0.0));
#32426=DIRECTION('',(0.,0.,1.));
#32427=FACE_OUTER_BOUND($,#32428,.T.);
#32428=EDGE_LOOP($,(#32440,#32450,#32461,#32429));
#32440=ORIENTED_EDGE('',*,*,#32019,.T.);
#32451=EDGE_CURVE($,#31892,#32010,#32456,.T.);
#32456=CIRCLE($,#32457,0.15874365);
#32458=CARTESIAN_POINT('',(1.587,-2.064,0.794));
#32457=AXIS2_PLACEMENT_3D($,#32458,#32459,#32460);
#32459=DIRECTION('',(-1.0,0.0,0.0));
#32460=DIRECTION('',(0.0,-0.707,-0.707));
#32450=ORIENTED_EDGE('',*,*,#32451,.F.);
#32461=ORIENTED_EDGE('',*,*,#31891,.T.);
#32430=EDGE_CURVE($,#31992,#31894,#32435,.T.);
#32435=CIRCLE($,#32436,0.15874365);
#32437=CARTESIAN_POINT('',(0.952,-2.064,0.794));
#32436=AXIS2_PLACEMENT_3D($,#32437,#32438,#32439);
#32438=DIRECTION('',(1.0,0.0,0.0));
#32439=DIRECTION('',(0.0,0.707,0.707));
#32429=ORIENTED_EDGE('',*,*,#32430,.F.);
#32471=STYLED_ITEM($,(#34),#32472);
#32472=ADVANCED_FACE($,(#32478),#32473,.T.);
#32473=CYLINDRICAL_SURFACE($,#32474,0.79374365);
#32474=AXIS2_PLACEMENT_3D($,#32475,#32476,#32477);
#32475=CARTESIAN_POINT('',(0.952,-2.064,0.794));
#32476=DIRECTION('',(1.0,0.0,0.0));
#32477=DIRECTION('',(0.,0.,1.));
#32478=FACE_OUTER_BOUND($,#32479,.T.);
#32479=EDGE_LOOP($,(#32491,#32501,#32512,#32480));
#32491=ORIENTED_EDGE('',*,*,#32117,.T.);
#32502=EDGE_CURVE($,#31941,#32108,#32507,.T.);
#32507=CIRCLE($,#32508,0.79374365);
#32508=AXIS2_PLACEMENT_3D($,#32437,#32510,#32511);
#32510=DIRECTION('',(-1.0,0.0,0.0));
#32511=DIRECTION('',(0.0,-0.707,-0.707));
#32501=ORIENTED_EDGE('',*,*,#32502,.F.);
#32512=ORIENTED_EDGE('',*,*,#31940,.T.);
#32481=EDGE_CURVE($,#32090,#31943,#32486,.T.);
#32486=CIRCLE($,#32487,0.79374365);
#32487=AXIS2_PLACEMENT_3D($,#32458,#32489,#32490);
#32489=DIRECTION('',(1.0,0.0,0.0));
#32490=DIRECTION('',(0.0,0.707,0.707));
#32480=ORIENTED_EDGE('',*,*,#32481,.F.);
#32522=STYLED_ITEM('color',(#34),#32523);
#32523=ADVANCED_FACE($,(#32529),#32524,.T.);
#32524=PLANE($,#32525);
#32525=AXIS2_PLACEMENT_3D($,#32526,#32527,#32528);
#32526=CARTESIAN_POINT('',(0.953,-1.27,0.794));
#32527=DIRECTION('',(-1.0,0.0,0.0));
#32528=DIRECTION('',(1.,0.,0.));
#32529=FACE_OUTER_BOUND($,#32530,.T.);
#32530=EDGE_LOOP($,(#32533, #32543, #32553, #32563, #32574, #32584, #32594, #32604));
#32533=ORIENTED_EDGE('',*,*,#31921,.T.);
#32543=ORIENTED_EDGE('',*,*,#31842,.T.);
#32553=ORIENTED_EDGE('',*,*,#31950,.T.);
#32563=ORIENTED_EDGE('',*,*,#32502,.T.);
#32574=ORIENTED_EDGE('',*,*,#32107,.T.);
#32584=ORIENTED_EDGE('',*,*,#32264,.T.);
#32594=ORIENTED_EDGE('',*,*,#31989,.T.);
#32604=ORIENTED_EDGE('',*,*,#32430,.T.);
#32615=STYLED_ITEM('color',(#34),#32616);
#32616=ADVANCED_FACE($,(#32622),#32617,.T.);
#32617=PLANE($,#32618);
#32618=AXIS2_PLACEMENT_3D($,#32619,#32620,#32621);
#32619=CARTESIAN_POINT('',(1.588,-1.27,0.794));
#32620=DIRECTION('',(1.0,0.0,0.0));
#32621=DIRECTION('',(-1.,0.,0.));
#32622=FACE_OUTER_BOUND($,#32623,.T.);
#32623=EDGE_LOOP($,(#32626, #32636, #32646, #32656, #32667, #32677, #32687, #32697));
#32626=ORIENTED_EDGE('',*,*,#31970,.T.);
#32636=ORIENTED_EDGE('',*,*,#31862,.T.);
#32646=ORIENTED_EDGE('',*,*,#31901,.T.);
#32656=ORIENTED_EDGE('',*,*,#32451,.T.);
#32667=ORIENTED_EDGE('',*,*,#32009,.T.);
#32677=ORIENTED_EDGE('',*,*,#32342,.T.);
#32687=ORIENTED_EDGE('',*,*,#32087,.T.);
#32697=ORIENTED_EDGE('',*,*,#32481,.T.);
#32708=MANIFOLD_SOLID_BREP($,#32709);
#32709=CLOSED_SHELL('',(#32713,#32762,#32811,#32860,#32909,#32958,#33007,#33056,#33105,#33154));
#32710=MANIFOLD_SOLID_BREP($,#32711);
#32711=CLOSED_SHELL('',(#33203,#33252,#33301,#33350,#33448,#33546,#33595,#33644,#33693,#33742,#33791,#33842,#33893,#33986));
#32712=STYLED_ITEM('',(#34),#32713);
#32713=ADVANCED_FACE('',(#32719),#32714,.T.);
#32714=PLANE('',#32715);
#32715=AXIS2_PLACEMENT_3D('',#32716,#32717,#32718);
#32716=CARTESIAN_POINT('',(-1.429,-1.429,9.652));
#32717=DIRECTION('',(0.0,0.0,1.0));
#32718=DIRECTION('',(0.,1.,0.));
#32719=FACE_OUTER_BOUND('',#32720,.T.);
#32720=EDGE_LOOP('',(#32721,#32731,#32741,#32751));
#32724=CARTESIAN_POINT('',(-1.429,-1.746,9.652));
#32723=VERTEX_POINT('',#32724);
#32726=CARTESIAN_POINT('',(-1.429,-1.429,9.652));
#32725=VERTEX_POINT('',#32726);
#32722=EDGE_CURVE('',#32723,#32725,#32727,.T.);
#32727=LINE('',#32724,#32729);
#32729=VECTOR('',#32730,0.317499995742357);
#32730=DIRECTION('',(0.0,1.0,0.0));
#32721=ORIENTED_EDGE('',*,*,#32722,.F.);
#32734=CARTESIAN_POINT('',(-1.111,-1.746,9.652));
#32733=VERTEX_POINT('',#32734);
#32732=EDGE_CURVE('',#32733,#32723,#32737,.T.);
#32737=LINE('',#32734,#32739);
#32739=VECTOR('',#32740,0.317500012765022);
#32740=DIRECTION('',(-1.0,0.0,0.0));
#32731=ORIENTED_EDGE('',*,*,#32732,.F.);
#32744=CARTESIAN_POINT('',(-1.111,-1.429,9.652));
#32743=VERTEX_POINT('',#32744);
#32742=EDGE_CURVE('',#32743,#32733,#32747,.T.);
#32747=LINE('',#32744,#32749);
#32749=VECTOR('',#32750,0.317499995742358);
#32750=DIRECTION('',(0.0,-1.0,0.0));
#32741=ORIENTED_EDGE('',*,*,#32742,.F.);
#32752=EDGE_CURVE('',#32725,#32743,#32757,.T.);
#32757=LINE('',#32726,#32759);
#32759=VECTOR('',#32760,0.317499995750263);
#32760=DIRECTION('',(1.0,0.0,0.0));
#32751=ORIENTED_EDGE('',*,*,#32752,.F.);
#32761=STYLED_ITEM('',(#34),#32762);
#32762=ADVANCED_FACE('',(#32768),#32763,.T.);
#32763=PLANE('',#32764);
#32764=AXIS2_PLACEMENT_3D('',#32765,#32766,#32767);
#32765=CARTESIAN_POINT('',(-1.588,-1.905,9.493));
#32766=DIRECTION('',(0.0,-0.707,0.707));
#32767=DIRECTION('',(0.,0.,1.));
#32768=FACE_OUTER_BOUND('',#32769,.T.);
#32769=EDGE_LOOP('',(#32770,#32780,#32790,#32800));
#32773=CARTESIAN_POINT('',(-0.953,-1.905,9.493));
#32772=VERTEX_POINT('',#32773);
#32775=CARTESIAN_POINT('',(-1.588,-1.905,9.493));
#32774=VERTEX_POINT('',#32775);
#32771=EDGE_CURVE('',#32772,#32774,#32776,.T.);
#32776=LINE('',#32773,#32778);
#32778=VECTOR('',#32779,0.635000025530043);
#32779=DIRECTION('',(-1.0,0.0,0.0));
#32770=ORIENTED_EDGE('',*,*,#32771,.F.);
#32781=EDGE_CURVE('',#32733,#32772,#32786,.T.);
#32786=LINE('',#32734,#32788);
#32788=VECTOR('',#32789,0.274963065701559);
#32789=DIRECTION('',(0.577,-0.577,-0.577));
#32780=ORIENTED_EDGE('',*,*,#32781,.F.);
#32790=ORIENTED_EDGE('',*,*,#32732,.T.);
#32801=EDGE_CURVE('',#32774,#32723,#32806,.T.);
#32806=LINE('',#32775,#32808);
#32808=VECTOR('',#32809,0.274963065701559);
#32809=DIRECTION('',(0.577,0.577,0.577));
#32800=ORIENTED_EDGE('',*,*,#32801,.F.);
#32810=STYLED_ITEM('',(#34),#32811);
#32811=ADVANCED_FACE('',(#32817),#32812,.T.);
#32812=PLANE('',#32813);
#32813=AXIS2_PLACEMENT_3D('',#32814,#32815,#32816);
#32814=CARTESIAN_POINT('',(-0.953,-1.905,9.493));
#32815=DIRECTION('',(0.707,0.0,0.707));
#32816=DIRECTION('',(0.,0.,1.));
#32817=FACE_OUTER_BOUND('',#32818,.T.);
#32818=EDGE_LOOP('',(#32819,#32829,#32839,#32849));
#32822=CARTESIAN_POINT('',(-0.952,-1.27,9.493));
#32821=VERTEX_POINT('',#32822);
#32820=EDGE_CURVE('',#32821,#32772,#32825,.T.);
#32825=LINE('',#32822,#32827);
#32827=VECTOR('',#32828,0.634999991484716);
#32828=DIRECTION('',(0.0,-1.0,0.0));
#32819=ORIENTED_EDGE('',*,*,#32820,.F.);
#32830=EDGE_CURVE('',#32743,#32821,#32835,.T.);
#32835=LINE('',#32744,#32837);
#32837=VECTOR('',#32838,0.274963065701559);
#32838=DIRECTION('',(0.577,0.577,-0.577));
#32829=ORIENTED_EDGE('',*,*,#32830,.F.);
#32839=ORIENTED_EDGE('',*,*,#32742,.T.);
#32849=ORIENTED_EDGE('',*,*,#32781,.T.);
#32859=STYLED_ITEM('',(#34),#32860);
#32860=ADVANCED_FACE('',(#32866),#32861,.T.);
#32861=PLANE('',#32862);
#32862=AXIS2_PLACEMENT_3D('',#32863,#32864,#32865);
#32863=CARTESIAN_POINT('',(-0.952,-1.27,9.493));
#32864=DIRECTION('',(0.0,0.707,0.707));
#32865=DIRECTION('',(0.,0.,1.));
#32866=FACE_OUTER_BOUND('',#32867,.T.);
#32867=EDGE_LOOP('',(#32868,#32878,#32888,#32898));
#32871=CARTESIAN_POINT('',(-1.587,-1.27,9.493));
#32870=VERTEX_POINT('',#32871);
#32869=EDGE_CURVE('',#32870,#32821,#32874,.T.);
#32874=LINE('',#32871,#32876);
#32876=VECTOR('',#32877,0.634999991500525);
#32877=DIRECTION('',(1.0,0.0,0.0));
#32868=ORIENTED_EDGE('',*,*,#32869,.F.);
#32879=EDGE_CURVE('',#32725,#32870,#32884,.T.);
#32884=LINE('',#32726,#32886);
#32886=VECTOR('',#32887,0.274963065701559);
#32887=DIRECTION('',(-0.577,0.577,-0.577));
#32878=ORIENTED_EDGE('',*,*,#32879,.F.);
#32888=ORIENTED_EDGE('',*,*,#32752,.T.);
#32898=ORIENTED_EDGE('',*,*,#32830,.T.);
#32908=STYLED_ITEM('',(#34),#32909);
#32909=ADVANCED_FACE('',(#32915),#32910,.T.);
#32910=PLANE('',#32911);
#32911=AXIS2_PLACEMENT_3D('',#32912,#32913,#32914);
#32912=CARTESIAN_POINT('',(-1.587,-1.27,9.493));
#32913=DIRECTION('',(-0.707,0.0,0.707));
#32914=DIRECTION('',(0.,0.,1.));
#32915=FACE_OUTER_BOUND('',#32916,.T.);
#32916=EDGE_LOOP('',(#32917,#32927,#32937,#32947));
#32918=EDGE_CURVE('',#32774,#32870,#32923,.T.);
#32923=LINE('',#32775,#32925);
#32925=VECTOR('',#32926,0.634999991484715);
#32926=DIRECTION('',(0.0,1.0,0.0));
#32917=ORIENTED_EDGE('',*,*,#32918,.F.);
#32927=ORIENTED_EDGE('',*,*,#32801,.T.);
#32937=ORIENTED_EDGE('',*,*,#32722,.T.);
#32947=ORIENTED_EDGE('',*,*,#32879,.T.);
#32957=STYLED_ITEM('',(#34),#32958);
#32958=ADVANCED_FACE('',(#32964),#32959,.T.);
#32959=PLANE('',#32960);
#32960=AXIS2_PLACEMENT_3D('',#32961,#32962,#32963);
#32961=CARTESIAN_POINT('',(-1.588,-1.905,3.924));
#32962=DIRECTION('',(0.0,-1.0,0.0));
#32963=DIRECTION('',(0.,0.,1.));
#32964=FACE_OUTER_BOUND('',#32965,.T.);
#32965=EDGE_LOOP('',(#32966,#32976,#32986,#32996));
#32969=CARTESIAN_POINT('',(-0.953,-1.905,3.924));
#32968=VERTEX_POINT('',#32969);
#32971=CARTESIAN_POINT('',(-1.588,-1.905,3.924));
#32970=VERTEX_POINT('',#32971);
#32967=EDGE_CURVE('',#32968,#32970,#32972,.T.);
#32972=LINE('',#32969,#32974);
#32974=VECTOR('',#32975,0.635000025530043);
#32975=DIRECTION('',(-1.0,0.0,0.0));
#32966=ORIENTED_EDGE('',*,*,#32967,.F.);
#32977=EDGE_CURVE('',#32772,#32968,#32982,.T.);
#32982=LINE('',#32773,#32984);
#32984=VECTOR('',#32985,5.5689754);
#32985=DIRECTION('',(0.0,0.0,-1.0));
#32976=ORIENTED_EDGE('',*,*,#32977,.F.);
#32986=ORIENTED_EDGE('',*,*,#32771,.T.);
#32997=EDGE_CURVE('',#32970,#32774,#33002,.T.);
#33002=LINE('',#32971,#33004);
#33004=VECTOR('',#33005,5.5689754);
#33005=DIRECTION('',(0.0,0.0,1.0));
#32996=ORIENTED_EDGE('',*,*,#32997,.F.);
#33006=STYLED_ITEM('',(#34),#33007);
#33007=ADVANCED_FACE('',(#33013),#33008,.T.);
#33008=PLANE('',#33009);
#33009=AXIS2_PLACEMENT_3D('',#33010,#33011,#33012);
#33010=CARTESIAN_POINT('',(-0.953,-1.905,3.924));
#33011=DIRECTION('',(1.0,0.0,0.0));
#33012=DIRECTION('',(0.,0.,1.));
#33013=FACE_OUTER_BOUND('',#33014,.T.);
#33014=EDGE_LOOP('',(#33015,#33025,#33035,#33045));
#33018=CARTESIAN_POINT('',(-0.952,-1.27,3.924));
#33017=VERTEX_POINT('',#33018);
#33016=EDGE_CURVE('',#33017,#32968,#33021,.T.);
#33021=LINE('',#33018,#33023);
#33023=VECTOR('',#33024,0.634999991484716);
#33024=DIRECTION('',(0.0,-1.0,0.0));
#33015=ORIENTED_EDGE('',*,*,#33016,.F.);
#33026=EDGE_CURVE('',#32821,#33017,#33031,.T.);
#33031=LINE('',#32822,#33033);
#33033=VECTOR('',#33034,5.5689754);
#33034=DIRECTION('',(0.0,0.0,-1.0));
#33025=ORIENTED_EDGE('',*,*,#33026,.F.);
#33035=ORIENTED_EDGE('',*,*,#32820,.T.);
#33045=ORIENTED_EDGE('',*,*,#32977,.T.);
#33055=STYLED_ITEM('',(#34),#33056);
#33056=ADVANCED_FACE('',(#33062),#33057,.T.);
#33057=PLANE('',#33058);
#33058=AXIS2_PLACEMENT_3D('',#33059,#33060,#33061);
#33059=CARTESIAN_POINT('',(-0.952,-1.27,3.924));
#33060=DIRECTION('',(0.0,1.0,0.0));
#33061=DIRECTION('',(0.,0.,1.));
#33062=FACE_OUTER_BOUND('',#33063,.T.);
#33063=EDGE_LOOP('',(#33064,#33074,#33084,#33094));
#33067=CARTESIAN_POINT('',(-1.587,-1.27,3.924));
#33066=VERTEX_POINT('',#33067);
#33065=EDGE_CURVE('',#33066,#33017,#33070,.T.);
#33070=LINE('',#33067,#33072);
#33072=VECTOR('',#33073,0.634999991500525);
#33073=DIRECTION('',(1.0,0.0,0.0));
#33064=ORIENTED_EDGE('',*,*,#33065,.F.);
#33075=EDGE_CURVE('',#32870,#33066,#33080,.T.);
#33080=LINE('',#32871,#33082);
#33082=VECTOR('',#33083,5.5689754);
#33083=DIRECTION('',(0.0,0.0,-1.0));
#33074=ORIENTED_EDGE('',*,*,#33075,.F.);
#33084=ORIENTED_EDGE('',*,*,#32869,.T.);
#33094=ORIENTED_EDGE('',*,*,#33026,.T.);
#33104=STYLED_ITEM('',(#34),#33105);
#33105=ADVANCED_FACE('',(#33111),#33106,.T.);
#33106=PLANE('',#33107);
#33107=AXIS2_PLACEMENT_3D('',#33108,#33109,#33110);
#33108=CARTESIAN_POINT('',(-1.587,-1.27,3.924));
#33109=DIRECTION('',(-1.0,0.0,0.0));
#33110=DIRECTION('',(0.,0.,1.));
#33111=FACE_OUTER_BOUND('',#33112,.T.);
#33112=EDGE_LOOP('',(#33113,#33123,#33133,#33143));
#33114=EDGE_CURVE('',#32970,#33066,#33119,.T.);
#33119=LINE('',#32971,#33121);
#33121=VECTOR('',#33122,0.634999991484715);
#33122=DIRECTION('',(0.0,1.0,0.0));
#33113=ORIENTED_EDGE('',*,*,#33114,.F.);
#33123=ORIENTED_EDGE('',*,*,#32997,.T.);
#33133=ORIENTED_EDGE('',*,*,#32918,.T.);
#33143=ORIENTED_EDGE('',*,*,#33075,.T.);
#33153=STYLED_ITEM('',(#34),#33154);
#33154=ADVANCED_FACE('',(#33160),#33155,.T.);
#33155=PLANE('',#33156);
#33156=AXIS2_PLACEMENT_3D('',#33157,#33158,#33159);
#33157=CARTESIAN_POINT('',(-0.952,-1.27,3.924));
#33158=DIRECTION('',(0.0,0.0,-1.0));
#33159=DIRECTION('',(0.,1.,0.));
#33160=FACE_OUTER_BOUND('',#33161,.T.);
#33161=EDGE_LOOP('',(#33162,#33172,#33182,#33192));
#33162=ORIENTED_EDGE('',*,*,#33016,.T.);
#33172=ORIENTED_EDGE('',*,*,#32967,.T.);
#33182=ORIENTED_EDGE('',*,*,#33114,.T.);
#33192=ORIENTED_EDGE('',*,*,#33065,.T.);
#33202=STYLED_ITEM('',(#34),#33203);
#33203=ADVANCED_FACE('',(#33209),#33204,.T.);
#33204=PLANE('',#33205);
#33205=AXIS2_PLACEMENT_3D('',#33206,#33207,#33208);
#33206=CARTESIAN_POINT('',(-1.587,-1.27,0.952));
#33207=DIRECTION('',(0.0,0.0,1.0));
#33208=DIRECTION('',(0.,1.,0.));
#33209=FACE_OUTER_BOUND('',#33210,.T.);
#33210=EDGE_LOOP('',(#33211,#33221,#33231,#33241));
#33214=CARTESIAN_POINT('',(-1.588,-1.905,0.952));
#33213=VERTEX_POINT('',#33214);
#33216=CARTESIAN_POINT('',(-1.587,-1.27,0.952));
#33215=VERTEX_POINT('',#33216);
#33212=EDGE_CURVE('',#33213,#33215,#33217,.T.);
#33217=LINE('',#33214,#33219);
#33219=VECTOR('',#33220,0.634999991484715);
#33220=DIRECTION('',(0.0,1.0,0.0));
#33211=ORIENTED_EDGE('',*,*,#33212,.F.);
#33224=CARTESIAN_POINT('',(-0.953,-1.905,0.952));
#33223=VERTEX_POINT('',#33224);
#33222=EDGE_CURVE('',#33223,#33213,#33227,.T.);
#33227=LINE('',#33224,#33229);
#33229=VECTOR('',#33230,0.635000025530043);
#33230=DIRECTION('',(-1.0,0.0,0.0));
#33221=ORIENTED_EDGE('',*,*,#33222,.F.);
#33234=CARTESIAN_POINT('',(-0.952,-1.27,0.952));
#33233=VERTEX_POINT('',#33234);
#33232=EDGE_CURVE('',#33233,#33223,#33237,.T.);
#33237=LINE('',#33234,#33239);
#33239=VECTOR('',#33240,0.634999991484716);
#33240=DIRECTION('',(0.0,-1.0,0.0));
#33231=ORIENTED_EDGE('',*,*,#33232,.F.);
#33242=EDGE_CURVE('',#33215,#33233,#33247,.T.);
#33247=LINE('',#33216,#33249);
#33249=VECTOR('',#33250,0.634999991500525);
#33250=DIRECTION('',(1.0,0.0,0.0));
#33241=ORIENTED_EDGE('',*,*,#33242,.F.);
#33251=STYLED_ITEM('',(#34),#33252);
#33252=ADVANCED_FACE('',(#33258),#33253,.T.);
#33253=PLANE('',#33254);
#33254=AXIS2_PLACEMENT_3D('',#33255,#33256,#33257);
#33255=CARTESIAN_POINT('',(-1.588,-1.905,0.794));
#33256=DIRECTION('',(0.0,-1.0,0.0));
#33257=DIRECTION('',(0.,0.,1.));
#33258=FACE_OUTER_BOUND('',#33259,.T.);
#33259=EDGE_LOOP('',(#33260,#33270,#33280,#33290));
#33263=CARTESIAN_POINT('',(-0.953,-1.905,0.794));
#33262=VERTEX_POINT('',#33263);
#33265=CARTESIAN_POINT('',(-1.588,-1.905,0.794));
#33264=VERTEX_POINT('',#33265);
#33261=EDGE_CURVE('',#33262,#33264,#33266,.T.);
#33266=LINE('',#33263,#33268);
#33268=VECTOR('',#33269,0.635000025530043);
#33269=DIRECTION('',(-1.0,0.0,0.0));
#33260=ORIENTED_EDGE('',*,*,#33261,.F.);
#33271=EDGE_CURVE('',#33223,#33262,#33276,.T.);
#33276=LINE('',#33224,#33278);
#33278=VECTOR('',#33279,0.15874365);
#33279=DIRECTION('',(0.0,0.0,-1.0));
#33270=ORIENTED_EDGE('',*,*,#33271,.F.);
#33280=ORIENTED_EDGE('',*,*,#33222,.T.);
#33291=EDGE_CURVE('',#33264,#33213,#33296,.T.);
#33296=LINE('',#33265,#33298);
#33298=VECTOR('',#33299,0.15874365);
#33299=DIRECTION('',(0.0,0.0,1.0));
#33290=ORIENTED_EDGE('',*,*,#33291,.F.);
#33300=STYLED_ITEM('',(#34),#33301);
#33301=ADVANCED_FACE('',(#33307),#33302,.T.);
#33302=PLANE('',#33303);
#33303=AXIS2_PLACEMENT_3D('',#33304,#33305,#33306);
#33304=CARTESIAN_POINT('',(-0.952,-1.27,0.794));
#33305=DIRECTION('',(0.0,1.0,0.0));
#33306=DIRECTION('',(0.,0.,1.));
#33307=FACE_OUTER_BOUND('',#33308,.T.);
#33308=EDGE_LOOP('',(#33309,#33319,#33329,#33339));
#33312=CARTESIAN_POINT('',(-1.587,-1.27,0.794));
#33311=VERTEX_POINT('',#33312);
#33314=CARTESIAN_POINT('',(-0.952,-1.27,0.794));
#33313=VERTEX_POINT('',#33314);
#33310=EDGE_CURVE('',#33311,#33313,#33315,.T.);
#33315=LINE('',#33312,#33317);
#33317=VECTOR('',#33318,0.634999991500525);
#33318=DIRECTION('',(1.0,0.0,0.0));
#33309=ORIENTED_EDGE('',*,*,#33310,.F.);
#33320=EDGE_CURVE('',#33215,#33311,#33325,.T.);
#33325=LINE('',#33216,#33327);
#33327=VECTOR('',#33328,0.15874365);
#33328=DIRECTION('',(0.0,0.0,-1.0));
#33319=ORIENTED_EDGE('',*,*,#33320,.F.);
#33329=ORIENTED_EDGE('',*,*,#33242,.T.);
#33340=EDGE_CURVE('',#33313,#33233,#33345,.T.);
#33345=LINE('',#33314,#33347);
#33347=VECTOR('',#33348,0.15874365);
#33348=DIRECTION('',(0.0,0.0,1.0));
#33339=ORIENTED_EDGE('',*,*,#33340,.F.);
#33349=STYLED_ITEM('',(#34),#33350);
#33350=ADVANCED_FACE('',(#33356),#33351,.T.);
#33351=PLANE('',#33352);
#33352=AXIS2_PLACEMENT_3D('',#33353,#33354,#33355);
#33353=CARTESIAN_POINT('',(-1.588,-2.064,0.635));
#33354=DIRECTION('',(0.0,0.0,1.0));
#33355=DIRECTION('',(0.,1.,0.));
#33356=FACE_OUTER_BOUND('',#33357,.T.);
#33357=EDGE_LOOP('',(#33358,#33368,#33378,#33388));
#33361=CARTESIAN_POINT('',(-1.588,-3.842,0.635));
#33360=VERTEX_POINT('',#33361);
#33363=CARTESIAN_POINT('',(-1.588,-2.064,0.635));
#33362=VERTEX_POINT('',#33363);
#33359=EDGE_CURVE('',#33360,#33362,#33364,.T.);
#33364=LINE('',#33361,#33366);
#33366=VECTOR('',#33367,1.77800634757545);
#33367=DIRECTION('',(0.0,1.0,0.0));
#33358=ORIENTED_EDGE('',*,*,#33359,.F.);
#33371=CARTESIAN_POINT('',(-0.953,-3.842,0.635));
#33370=VERTEX_POINT('',#33371);
#33369=EDGE_CURVE('',#33370,#33360,#33374,.T.);
#33374=LINE('',#33371,#33376);
#33376=VECTOR('',#33377,0.635000230858436);
#33377=DIRECTION('',(-1.0,0.0,0.0));
#33368=ORIENTED_EDGE('',*,*,#33369,.F.);
#33381=CARTESIAN_POINT('',(-0.953,-2.064,0.635));
#33380=VERTEX_POINT('',#33381);
#33379=EDGE_CURVE('',#33380,#33370,#33384,.T.);
#33384=LINE('',#33381,#33386);
#33386=VECTOR('',#33387,1.77800634757545);
#33387=DIRECTION('',(0.0,-1.0,0.0));
#33378=ORIENTED_EDGE('',*,*,#33379,.F.);
#33389=EDGE_CURVE('',#33362,#33380,#33394,.T.);
#33394=LINE('',#33363,#33396);
#33396=VECTOR('',#33397,0.635000041498695);
#33397=DIRECTION('',(1.0,0.0,0.0));
#33388=ORIENTED_EDGE('',*,*,#33389,.F.);
#33447=STYLED_ITEM('',(#34),#33448);
#33448=ADVANCED_FACE('',(#33454),#33449,.T.);
#33449=PLANE('',#33450);
#33450=AXIS2_PLACEMENT_3D('',#33451,#33452,#33453);
#33451=CARTESIAN_POINT('',(-0.953,-2.064,0.0));
#33452=DIRECTION('',(0.0,0.0,-1.0));
#33453=DIRECTION('',(0.,1.,0.));
#33454=FACE_OUTER_BOUND('',#33455,.T.);
#33455=EDGE_LOOP('',(#33456,#33466,#33476,#33486));
#33459=CARTESIAN_POINT('',(-0.953,-3.842,0.0));
#33458=VERTEX_POINT('',#33459);
#33461=CARTESIAN_POINT('',(-0.953,-2.064,0.0));
#33460=VERTEX_POINT('',#33461);
#33457=EDGE_CURVE('',#33458,#33460,#33462,.T.);
#33462=LINE('',#33459,#33464);
#33464=VECTOR('',#33465,1.77800634757545);
#33465=DIRECTION('',(0.0,1.0,0.0));
#33456=ORIENTED_EDGE('',*,*,#33457,.F.);
#33469=CARTESIAN_POINT('',(-1.588,-3.842,0.0));
#33468=VERTEX_POINT('',#33469);
#33467=EDGE_CURVE('',#33468,#33458,#33472,.T.);
#33472=LINE('',#33469,#33474);
#33474=VECTOR('',#33475,0.635000230858436);
#33475=DIRECTION('',(1.0,0.0,0.0));
#33466=ORIENTED_EDGE('',*,*,#33467,.F.);
#33479=CARTESIAN_POINT('',(-1.588,-2.064,0.0));
#33478=VERTEX_POINT('',#33479);
#33477=EDGE_CURVE('',#33478,#33468,#33482,.T.);
#33482=LINE('',#33479,#33484);
#33484=VECTOR('',#33485,1.77800634757545);
#33485=DIRECTION('',(0.0,-1.0,0.0));
#33476=ORIENTED_EDGE('',*,*,#33477,.F.);
#33487=EDGE_CURVE('',#33460,#33478,#33492,.T.);
#33492=LINE('',#33461,#33494);
#33494=VECTOR('',#33495,0.635000041498695);
#33495=DIRECTION('',(-1.0,0.0,0.0));
#33486=ORIENTED_EDGE('',*,*,#33487,.F.);
#33545=STYLED_ITEM('',(#34),#33546);
#33546=ADVANCED_FACE('',(#33552),#33547,.T.);
#33547=PLANE('',#33548);
#33548=AXIS2_PLACEMENT_3D('',#33549,#33550,#33551);
#33549=CARTESIAN_POINT('',(-1.429,-4.0,0.476));
#33550=DIRECTION('',(0.0,-0.707,0.707));
#33551=DIRECTION('',(0.,0.,1.));
#33552=FACE_OUTER_BOUND('',#33553,.T.);
#33553=EDGE_LOOP('',(#33554,#33564,#33574,#33584));
#33557=CARTESIAN_POINT('',(-1.111,-4.001,0.476));
#33556=VERTEX_POINT('',#33557);
#33559=CARTESIAN_POINT('',(-1.429,-4.0,0.476));
#33558=VERTEX_POINT('',#33559);
#33555=EDGE_CURVE('',#33556,#33558,#33560,.T.);
#33560=LINE('',#33557,#33562);
#33562=VECTOR('',#33563,0.317500253221194);
#33563=DIRECTION('',(-1.0,0.0,0.0));
#33554=ORIENTED_EDGE('',*,*,#33555,.F.);
#33565=EDGE_CURVE('',#33370,#33556,#33570,.T.);
#33570=LINE('',#33371,#33572);
#33572=VECTOR('',#33573,0.274963063823215);
#33573=DIRECTION('',(-0.577,-0.577,-0.577));
#33564=ORIENTED_EDGE('',*,*,#33565,.F.);
#33574=ORIENTED_EDGE('',*,*,#33369,.T.);
#33585=EDGE_CURVE('',#33558,#33360,#33590,.T.);
#33590=LINE('',#33559,#33592);
#33592=VECTOR('',#33593,0.274963063823215);
#33593=DIRECTION('',(-0.577,0.577,0.577));
#33584=ORIENTED_EDGE('',*,*,#33585,.F.);
#33594=STYLED_ITEM('',(#34),#33595);
#33595=ADVANCED_FACE('',(#33601),#33596,.T.);
#33596=PLANE('',#33597);
#33597=AXIS2_PLACEMENT_3D('',#33598,#33599,#33600);
#33598=CARTESIAN_POINT('',(-1.588,-3.842,0.0));
#33599=DIRECTION('',(-0.707,-0.707,0.0));
#33600=DIRECTION('',(0.,0.,1.));
#33601=FACE_OUTER_BOUND('',#33602,.T.);
#33602=EDGE_LOOP('',(#33603,#33613,#33623,#33633));
#33606=CARTESIAN_POINT('',(-1.429,-4.0,0.159));
#33605=VERTEX_POINT('',#33606);
#33604=EDGE_CURVE('',#33605,#33468,#33609,.T.);
#33609=LINE('',#33606,#33611);
#33611=VECTOR('',#33612,0.274963063823215);
#33612=DIRECTION('',(-0.577,0.577,-0.577));
#33603=ORIENTED_EDGE('',*,*,#33604,.F.);
#33614=EDGE_CURVE('',#33558,#33605,#33619,.T.);
#33619=LINE('',#33559,#33621);
#33621=VECTOR('',#33622,0.3175);
#33622=DIRECTION('',(0.0,0.0,-1.0));
#33613=ORIENTED_EDGE('',*,*,#33614,.F.);
#33623=ORIENTED_EDGE('',*,*,#33585,.T.);
#33634=EDGE_CURVE('',#33468,#33360,#33639,.T.);
#33639=LINE('',#33469,#33641);
#33641=VECTOR('',#33642,0.635);
#33642=DIRECTION('',(0.0,0.0,1.0));
#33633=ORIENTED_EDGE('',*,*,#33634,.F.);
#33643=STYLED_ITEM('',(#34),#33644);
#33644=ADVANCED_FACE('',(#33650),#33645,.T.);
#33645=PLANE('',#33646);
#33646=AXIS2_PLACEMENT_3D('',#33647,#33648,#33649);
#33647=CARTESIAN_POINT('',(-1.588,-3.842,0.0));
#33648=DIRECTION('',(0.0,-0.707,-0.707));
#33649=DIRECTION('',(0.,0.,1.));
#33650=FACE_OUTER_BOUND('',#33651,.T.);
#33651=EDGE_LOOP('',(#33652,#33662,#33672,#33682));
#33652=ORIENTED_EDGE('',*,*,#33467,.T.);
#33665=CARTESIAN_POINT('',(-1.111,-4.001,0.159));
#33664=VERTEX_POINT('',#33665);
#33663=EDGE_CURVE('',#33664,#33458,#33668,.T.);
#33668=LINE('',#33665,#33670);
#33670=VECTOR('',#33671,0.274963063823215);
#33671=DIRECTION('',(0.577,0.577,-0.577));
#33662=ORIENTED_EDGE('',*,*,#33663,.F.);
#33673=EDGE_CURVE('',#33605,#33664,#33678,.T.);
#33678=LINE('',#33606,#33680);
#33680=VECTOR('',#33681,0.317500253221194);
#33681=DIRECTION('',(1.0,0.0,0.0));
#33672=ORIENTED_EDGE('',*,*,#33673,.F.);
#33682=ORIENTED_EDGE('',*,*,#33604,.T.);
#33692=STYLED_ITEM('',(#34),#33693);
#33693=ADVANCED_FACE('',(#33699),#33694,.T.);
#33694=PLANE('',#33695);
#33695=AXIS2_PLACEMENT_3D('',#33696,#33697,#33698);
#33696=CARTESIAN_POINT('',(-1.111,-4.001,0.159));
#33697=DIRECTION('',(0.707,-0.707,0.0));
#33698=DIRECTION('',(0.,0.,1.));
#33699=FACE_OUTER_BOUND('',#33700,.T.);
#33700=EDGE_LOOP('',(#33701,#33711,#33721,#33731));
#33701=ORIENTED_EDGE('',*,*,#33663,.T.);
#33712=EDGE_CURVE('',#33370,#33458,#33717,.T.);
#33717=LINE('',#33371,#33719);
#33719=VECTOR('',#33720,0.635);
#33720=DIRECTION('',(0.0,0.0,-1.0));
#33711=ORIENTED_EDGE('',*,*,#33712,.F.);
#33721=ORIENTED_EDGE('',*,*,#33565,.T.);
#33732=EDGE_CURVE('',#33664,#33556,#33737,.T.);
#33737=LINE('',#33665,#33739);
#33739=VECTOR('',#33740,0.3175);
#33740=DIRECTION('',(0.0,0.0,1.0));
#33731=ORIENTED_EDGE('',*,*,#33732,.F.);
#33741=STYLED_ITEM('',(#34),#33742);
#33742=ADVANCED_FACE('',(#33748),#33743,.T.);
#33743=PLANE('',#33744);
#33744=AXIS2_PLACEMENT_3D('',#33745,#33746,#33747);
#33745=CARTESIAN_POINT('',(-1.429,-4.0,0.159));
#33746=DIRECTION('',(0.0,-1.0,0.0));
#33747=DIRECTION('',(0.,0.,1.));
#33748=FACE_OUTER_BOUND('',#33749,.T.);
#33749=EDGE_LOOP('',(#33750,#33760,#33770,#33780));
#33750=ORIENTED_EDGE('',*,*,#33673,.T.);
#33760=ORIENTED_EDGE('',*,*,#33732,.T.);
#33770=ORIENTED_EDGE('',*,*,#33555,.T.);
#33780=ORIENTED_EDGE('',*,*,#33614,.T.);
#33790=STYLED_ITEM($,(#34),#33791);
#33791=ADVANCED_FACE($,(#33797),#33792,.F.);
#33792=CYLINDRICAL_SURFACE($,#33793,0.15874365);
#33793=AXIS2_PLACEMENT_3D($,#33794,#33795,#33796);
#33794=CARTESIAN_POINT('',(-1.588,-2.064,0.794));
#33795=DIRECTION('',(-1.0,0.0,0.0));
#33796=DIRECTION('',(0.,0.,1.));
#33797=FACE_OUTER_BOUND($,#33798,.T.);
#33798=EDGE_LOOP($,(#33810,#33820,#33831,#33799));
#33810=ORIENTED_EDGE('',*,*,#33389,.T.);
#33821=EDGE_CURVE($,#33262,#33380,#33826,.T.);
#33826=CIRCLE($,#33827,0.15874365);
#33828=CARTESIAN_POINT('',(-0.953,-2.064,0.794));
#33827=AXIS2_PLACEMENT_3D($,#33828,#33829,#33830);
#33829=DIRECTION('',(-1.0,0.0,0.0));
#33830=DIRECTION('',(0.0,-0.707,-0.707));
#33820=ORIENTED_EDGE('',*,*,#33821,.F.);
#33831=ORIENTED_EDGE('',*,*,#33261,.T.);
#33800=EDGE_CURVE($,#33362,#33264,#33805,.T.);
#33805=CIRCLE($,#33806,0.15874365);
#33807=CARTESIAN_POINT('',(-1.588,-2.064,0.794));
#33806=AXIS2_PLACEMENT_3D($,#33807,#33808,#33809);
#33808=DIRECTION('',(1.0,0.0,0.0));
#33809=DIRECTION('',(0.0,0.707,0.707));
#33799=ORIENTED_EDGE('',*,*,#33800,.F.);
#33841=STYLED_ITEM($,(#34),#33842);
#33842=ADVANCED_FACE($,(#33848),#33843,.T.);
#33843=CYLINDRICAL_SURFACE($,#33844,0.79374365);
#33844=AXIS2_PLACEMENT_3D($,#33845,#33846,#33847);
#33845=CARTESIAN_POINT('',(-1.588,-2.064,0.794));
#33846=DIRECTION('',(1.0,0.0,0.0));
#33847=DIRECTION('',(0.,0.,1.));
#33848=FACE_OUTER_BOUND($,#33849,.T.);
#33849=EDGE_LOOP($,(#33861,#33871,#33882,#33850));
#33861=ORIENTED_EDGE('',*,*,#33487,.T.);
#33872=EDGE_CURVE($,#33311,#33478,#33877,.T.);
#33877=CIRCLE($,#33878,0.79374365);
#33878=AXIS2_PLACEMENT_3D($,#33807,#33880,#33881);
#33880=DIRECTION('',(-1.0,0.0,0.0));
#33881=DIRECTION('',(0.0,-0.707,-0.707));
#33871=ORIENTED_EDGE('',*,*,#33872,.F.);
#33882=ORIENTED_EDGE('',*,*,#33310,.T.);
#33851=EDGE_CURVE($,#33460,#33313,#33856,.T.);
#33856=CIRCLE($,#33857,0.79374365);
#33857=AXIS2_PLACEMENT_3D($,#33828,#33859,#33860);
#33859=DIRECTION('',(1.0,0.0,0.0));
#33860=DIRECTION('',(0.0,0.707,0.707));
#33850=ORIENTED_EDGE('',*,*,#33851,.F.);
#33892=STYLED_ITEM('color',(#34),#33893);
#33893=ADVANCED_FACE($,(#33899),#33894,.T.);
#33894=PLANE($,#33895);
#33895=AXIS2_PLACEMENT_3D($,#33896,#33897,#33898);
#33896=CARTESIAN_POINT('',(-1.587,-1.27,0.794));
#33897=DIRECTION('',(-1.0,0.0,0.0));
#33898=DIRECTION('',(1.,0.,0.));
#33899=FACE_OUTER_BOUND($,#33900,.T.);
#33900=EDGE_LOOP($,(#33903, #33913, #33923, #33933, #33944, #33954, #33964, #33974));
#33903=ORIENTED_EDGE('',*,*,#33291,.T.);
#33913=ORIENTED_EDGE('',*,*,#33212,.T.);
#33923=ORIENTED_EDGE('',*,*,#33320,.T.);
#33933=ORIENTED_EDGE('',*,*,#33872,.T.);
#33944=ORIENTED_EDGE('',*,*,#33477,.T.);
#33954=ORIENTED_EDGE('',*,*,#33634,.T.);
#33964=ORIENTED_EDGE('',*,*,#33359,.T.);
#33974=ORIENTED_EDGE('',*,*,#33800,.T.);
#33985=STYLED_ITEM('color',(#34),#33986);
#33986=ADVANCED_FACE($,(#33992),#33987,.T.);
#33987=PLANE($,#33988);
#33988=AXIS2_PLACEMENT_3D($,#33989,#33990,#33991);
#33989=CARTESIAN_POINT('',(-0.952,-1.27,0.794));
#33990=DIRECTION('',(1.0,0.0,0.0));
#33991=DIRECTION('',(-1.,0.,0.));
#33992=FACE_OUTER_BOUND($,#33993,.T.);
#33993=EDGE_LOOP($,(#33996, #34006, #34016, #34026, #34037, #34047, #34057, #34067));
#33996=ORIENTED_EDGE('',*,*,#33340,.T.);
#34006=ORIENTED_EDGE('',*,*,#33232,.T.);
#34016=ORIENTED_EDGE('',*,*,#33271,.T.);
#34026=ORIENTED_EDGE('',*,*,#33821,.T.);
#34037=ORIENTED_EDGE('',*,*,#33379,.T.);
#34047=ORIENTED_EDGE('',*,*,#33712,.T.);
#34057=ORIENTED_EDGE('',*,*,#33457,.T.);
#34067=ORIENTED_EDGE('',*,*,#33851,.T.);
#34078=MANIFOLD_SOLID_BREP($,#34079);
#34079=CLOSED_SHELL('',(#34083,#34132,#34181,#34230,#34279,#34328,#34377,#34426,#34475,#34524));
#34080=MANIFOLD_SOLID_BREP($,#34081);
#34081=CLOSED_SHELL('',(#34573,#34622,#34671,#34720,#34818,#34916,#34965,#35014,#35063,#35112,#35161,#35212,#35263,#35356));
#34082=STYLED_ITEM('',(#34),#34083);
#34083=ADVANCED_FACE('',(#34089),#34084,.T.);
#34084=PLANE('',#34085);
#34085=AXIS2_PLACEMENT_3D('',#34086,#34087,#34088);
#34086=CARTESIAN_POINT('',(-3.969,-1.429,9.652));
#34087=DIRECTION('',(0.0,0.0,1.0));
#34088=DIRECTION('',(0.,1.,0.));
#34089=FACE_OUTER_BOUND('',#34090,.T.);
#34090=EDGE_LOOP('',(#34091,#34101,#34111,#34121));
#34094=CARTESIAN_POINT('',(-3.969,-1.746,9.652));
#34093=VERTEX_POINT('',#34094);
#34096=CARTESIAN_POINT('',(-3.969,-1.429,9.652));
#34095=VERTEX_POINT('',#34096);
#34092=EDGE_CURVE('',#34093,#34095,#34097,.T.);
#34097=LINE('',#34094,#34099);
#34099=VECTOR('',#34100,0.317499995742357);
#34100=DIRECTION('',(0.0,1.0,0.0));
#34091=ORIENTED_EDGE('',*,*,#34092,.F.);
#34104=CARTESIAN_POINT('',(-3.651,-1.746,9.652));
#34103=VERTEX_POINT('',#34104);
#34102=EDGE_CURVE('',#34103,#34093,#34107,.T.);
#34107=LINE('',#34104,#34109);
#34109=VECTOR('',#34110,0.317500012765022);
#34110=DIRECTION('',(-1.0,0.0,0.0));
#34101=ORIENTED_EDGE('',*,*,#34102,.F.);
#34114=CARTESIAN_POINT('',(-3.651,-1.429,9.652));
#34113=VERTEX_POINT('',#34114);
#34112=EDGE_CURVE('',#34113,#34103,#34117,.T.);
#34117=LINE('',#34114,#34119);
#34119=VECTOR('',#34120,0.317499995742358);
#34120=DIRECTION('',(0.0,-1.0,0.0));
#34111=ORIENTED_EDGE('',*,*,#34112,.F.);
#34122=EDGE_CURVE('',#34095,#34113,#34127,.T.);
#34127=LINE('',#34096,#34129);
#34129=VECTOR('',#34130,0.317499995750263);
#34130=DIRECTION('',(1.0,0.0,0.0));
#34121=ORIENTED_EDGE('',*,*,#34122,.F.);
#34131=STYLED_ITEM('',(#34),#34132);
#34132=ADVANCED_FACE('',(#34138),#34133,.T.);
#34133=PLANE('',#34134);
#34134=AXIS2_PLACEMENT_3D('',#34135,#34136,#34137);
#34135=CARTESIAN_POINT('',(-4.128,-1.905,9.493));
#34136=DIRECTION('',(0.0,-0.707,0.707));
#34137=DIRECTION('',(0.,0.,1.));
#34138=FACE_OUTER_BOUND('',#34139,.T.);
#34139=EDGE_LOOP('',(#34140,#34150,#34160,#34170));
#34143=CARTESIAN_POINT('',(-3.493,-1.905,9.493));
#34142=VERTEX_POINT('',#34143);
#34145=CARTESIAN_POINT('',(-4.128,-1.905,9.493));
#34144=VERTEX_POINT('',#34145);
#34141=EDGE_CURVE('',#34142,#34144,#34146,.T.);
#34146=LINE('',#34143,#34148);
#34148=VECTOR('',#34149,0.635000025530043);
#34149=DIRECTION('',(-1.0,0.0,0.0));
#34140=ORIENTED_EDGE('',*,*,#34141,.F.);
#34151=EDGE_CURVE('',#34103,#34142,#34156,.T.);
#34156=LINE('',#34104,#34158);
#34158=VECTOR('',#34159,0.274963065701559);
#34159=DIRECTION('',(0.577,-0.577,-0.577));
#34150=ORIENTED_EDGE('',*,*,#34151,.F.);
#34160=ORIENTED_EDGE('',*,*,#34102,.T.);
#34171=EDGE_CURVE('',#34144,#34093,#34176,.T.);
#34176=LINE('',#34145,#34178);
#34178=VECTOR('',#34179,0.274963065701559);
#34179=DIRECTION('',(0.577,0.577,0.577));
#34170=ORIENTED_EDGE('',*,*,#34171,.F.);
#34180=STYLED_ITEM('',(#34),#34181);
#34181=ADVANCED_FACE('',(#34187),#34182,.T.);
#34182=PLANE('',#34183);
#34183=AXIS2_PLACEMENT_3D('',#34184,#34185,#34186);
#34184=CARTESIAN_POINT('',(-3.493,-1.905,9.493));
#34185=DIRECTION('',(0.707,0.0,0.707));
#34186=DIRECTION('',(0.,0.,1.));
#34187=FACE_OUTER_BOUND('',#34188,.T.);
#34188=EDGE_LOOP('',(#34189,#34199,#34209,#34219));
#34192=CARTESIAN_POINT('',(-3.492,-1.27,9.493));
#34191=VERTEX_POINT('',#34192);
#34190=EDGE_CURVE('',#34191,#34142,#34195,.T.);
#34195=LINE('',#34192,#34197);
#34197=VECTOR('',#34198,0.634999991484716);
#34198=DIRECTION('',(0.0,-1.0,0.0));
#34189=ORIENTED_EDGE('',*,*,#34190,.F.);
#34200=EDGE_CURVE('',#34113,#34191,#34205,.T.);
#34205=LINE('',#34114,#34207);
#34207=VECTOR('',#34208,0.27496306570156);
#34208=DIRECTION('',(0.577,0.577,-0.577));
#34199=ORIENTED_EDGE('',*,*,#34200,.F.);
#34209=ORIENTED_EDGE('',*,*,#34112,.T.);
#34219=ORIENTED_EDGE('',*,*,#34151,.T.);
#34229=STYLED_ITEM('',(#34),#34230);
#34230=ADVANCED_FACE('',(#34236),#34231,.T.);
#34231=PLANE('',#34232);
#34232=AXIS2_PLACEMENT_3D('',#34233,#34234,#34235);
#34233=CARTESIAN_POINT('',(-3.492,-1.27,9.493));
#34234=DIRECTION('',(0.0,0.707,0.707));
#34235=DIRECTION('',(0.,0.,1.));
#34236=FACE_OUTER_BOUND('',#34237,.T.);
#34237=EDGE_LOOP('',(#34238,#34248,#34258,#34268));
#34241=CARTESIAN_POINT('',(-4.127,-1.27,9.493));
#34240=VERTEX_POINT('',#34241);
#34239=EDGE_CURVE('',#34240,#34191,#34244,.T.);
#34244=LINE('',#34241,#34246);
#34246=VECTOR('',#34247,0.634999991500526);
#34247=DIRECTION('',(1.0,0.0,0.0));
#34238=ORIENTED_EDGE('',*,*,#34239,.F.);
#34249=EDGE_CURVE('',#34095,#34240,#34254,.T.);
#34254=LINE('',#34096,#34256);
#34256=VECTOR('',#34257,0.274963065701559);
#34257=DIRECTION('',(-0.577,0.577,-0.577));
#34248=ORIENTED_EDGE('',*,*,#34249,.F.);
#34258=ORIENTED_EDGE('',*,*,#34122,.T.);
#34268=ORIENTED_EDGE('',*,*,#34200,.T.);
#34278=STYLED_ITEM('',(#34),#34279);
#34279=ADVANCED_FACE('',(#34285),#34280,.T.);
#34280=PLANE('',#34281);
#34281=AXIS2_PLACEMENT_3D('',#34282,#34283,#34284);
#34282=CARTESIAN_POINT('',(-4.127,-1.27,9.493));
#34283=DIRECTION('',(-0.707,0.0,0.707));
#34284=DIRECTION('',(0.,0.,1.));
#34285=FACE_OUTER_BOUND('',#34286,.T.);
#34286=EDGE_LOOP('',(#34287,#34297,#34307,#34317));
#34288=EDGE_CURVE('',#34144,#34240,#34293,.T.);
#34293=LINE('',#34145,#34295);
#34295=VECTOR('',#34296,0.634999991484715);
#34296=DIRECTION('',(0.0,1.0,0.0));
#34287=ORIENTED_EDGE('',*,*,#34288,.F.);
#34297=ORIENTED_EDGE('',*,*,#34171,.T.);
#34307=ORIENTED_EDGE('',*,*,#34092,.T.);
#34317=ORIENTED_EDGE('',*,*,#34249,.T.);
#34327=STYLED_ITEM('',(#34),#34328);
#34328=ADVANCED_FACE('',(#34334),#34329,.T.);
#34329=PLANE('',#34330);
#34330=AXIS2_PLACEMENT_3D('',#34331,#34332,#34333);
#34331=CARTESIAN_POINT('',(-4.128,-1.905,3.924));
#34332=DIRECTION('',(0.0,-1.0,0.0));
#34333=DIRECTION('',(0.,0.,1.));
#34334=FACE_OUTER_BOUND('',#34335,.T.);
#34335=EDGE_LOOP('',(#34336,#34346,#34356,#34366));
#34339=CARTESIAN_POINT('',(-3.493,-1.905,3.924));
#34338=VERTEX_POINT('',#34339);
#34341=CARTESIAN_POINT('',(-4.128,-1.905,3.924));
#34340=VERTEX_POINT('',#34341);
#34337=EDGE_CURVE('',#34338,#34340,#34342,.T.);
#34342=LINE('',#34339,#34344);
#34344=VECTOR('',#34345,0.635000025530043);
#34345=DIRECTION('',(-1.0,0.0,0.0));
#34336=ORIENTED_EDGE('',*,*,#34337,.F.);
#34347=EDGE_CURVE('',#34142,#34338,#34352,.T.);
#34352=LINE('',#34143,#34354);
#34354=VECTOR('',#34355,5.5689754);
#34355=DIRECTION('',(0.0,0.0,-1.0));
#34346=ORIENTED_EDGE('',*,*,#34347,.F.);
#34356=ORIENTED_EDGE('',*,*,#34141,.T.);
#34367=EDGE_CURVE('',#34340,#34144,#34372,.T.);
#34372=LINE('',#34341,#34374);
#34374=VECTOR('',#34375,5.5689754);
#34375=DIRECTION('',(0.0,0.0,1.0));
#34366=ORIENTED_EDGE('',*,*,#34367,.F.);
#34376=STYLED_ITEM('',(#34),#34377);
#34377=ADVANCED_FACE('',(#34383),#34378,.T.);
#34378=PLANE('',#34379);
#34379=AXIS2_PLACEMENT_3D('',#34380,#34381,#34382);
#34380=CARTESIAN_POINT('',(-3.493,-1.905,3.924));
#34381=DIRECTION('',(1.0,0.0,0.0));
#34382=DIRECTION('',(0.,0.,1.));
#34383=FACE_OUTER_BOUND('',#34384,.T.);
#34384=EDGE_LOOP('',(#34385,#34395,#34405,#34415));
#34388=CARTESIAN_POINT('',(-3.492,-1.27,3.924));
#34387=VERTEX_POINT('',#34388);
#34386=EDGE_CURVE('',#34387,#34338,#34391,.T.);
#34391=LINE('',#34388,#34393);
#34393=VECTOR('',#34394,0.634999991484716);
#34394=DIRECTION('',(0.0,-1.0,0.0));
#34385=ORIENTED_EDGE('',*,*,#34386,.F.);
#34396=EDGE_CURVE('',#34191,#34387,#34401,.T.);
#34401=LINE('',#34192,#34403);
#34403=VECTOR('',#34404,5.5689754);
#34404=DIRECTION('',(0.0,0.0,-1.0));
#34395=ORIENTED_EDGE('',*,*,#34396,.F.);
#34405=ORIENTED_EDGE('',*,*,#34190,.T.);
#34415=ORIENTED_EDGE('',*,*,#34347,.T.);
#34425=STYLED_ITEM('',(#34),#34426);
#34426=ADVANCED_FACE('',(#34432),#34427,.T.);
#34427=PLANE('',#34428);
#34428=AXIS2_PLACEMENT_3D('',#34429,#34430,#34431);
#34429=CARTESIAN_POINT('',(-3.492,-1.27,3.924));
#34430=DIRECTION('',(0.0,1.0,0.0));
#34431=DIRECTION('',(0.,0.,1.));
#34432=FACE_OUTER_BOUND('',#34433,.T.);
#34433=EDGE_LOOP('',(#34434,#34444,#34454,#34464));
#34437=CARTESIAN_POINT('',(-4.127,-1.27,3.924));
#34436=VERTEX_POINT('',#34437);
#34435=EDGE_CURVE('',#34436,#34387,#34440,.T.);
#34440=LINE('',#34437,#34442);
#34442=VECTOR('',#34443,0.634999991500526);
#34443=DIRECTION('',(1.0,0.0,0.0));
#34434=ORIENTED_EDGE('',*,*,#34435,.F.);
#34445=EDGE_CURVE('',#34240,#34436,#34450,.T.);
#34450=LINE('',#34241,#34452);
#34452=VECTOR('',#34453,5.5689754);
#34453=DIRECTION('',(0.0,0.0,-1.0));
#34444=ORIENTED_EDGE('',*,*,#34445,.F.);
#34454=ORIENTED_EDGE('',*,*,#34239,.T.);
#34464=ORIENTED_EDGE('',*,*,#34396,.T.);
#34474=STYLED_ITEM('',(#34),#34475);
#34475=ADVANCED_FACE('',(#34481),#34476,.T.);
#34476=PLANE('',#34477);
#34477=AXIS2_PLACEMENT_3D('',#34478,#34479,#34480);
#34478=CARTESIAN_POINT('',(-4.127,-1.27,3.924));
#34479=DIRECTION('',(-1.0,0.0,0.0));
#34480=DIRECTION('',(0.,0.,1.));
#34481=FACE_OUTER_BOUND('',#34482,.T.);
#34482=EDGE_LOOP('',(#34483,#34493,#34503,#34513));
#34484=EDGE_CURVE('',#34340,#34436,#34489,.T.);
#34489=LINE('',#34341,#34491);
#34491=VECTOR('',#34492,0.634999991484715);
#34492=DIRECTION('',(0.0,1.0,0.0));
#34483=ORIENTED_EDGE('',*,*,#34484,.F.);
#34493=ORIENTED_EDGE('',*,*,#34367,.T.);
#34503=ORIENTED_EDGE('',*,*,#34288,.T.);
#34513=ORIENTED_EDGE('',*,*,#34445,.T.);
#34523=STYLED_ITEM('',(#34),#34524);
#34524=ADVANCED_FACE('',(#34530),#34525,.T.);
#34525=PLANE('',#34526);
#34526=AXIS2_PLACEMENT_3D('',#34527,#34528,#34529);
#34527=CARTESIAN_POINT('',(-3.492,-1.27,3.924));
#34528=DIRECTION('',(0.0,0.0,-1.0));
#34529=DIRECTION('',(0.,1.,0.));
#34530=FACE_OUTER_BOUND('',#34531,.T.);
#34531=EDGE_LOOP('',(#34532,#34542,#34552,#34562));
#34532=ORIENTED_EDGE('',*,*,#34386,.T.);
#34542=ORIENTED_EDGE('',*,*,#34337,.T.);
#34552=ORIENTED_EDGE('',*,*,#34484,.T.);
#34562=ORIENTED_EDGE('',*,*,#34435,.T.);
#34572=STYLED_ITEM('',(#34),#34573);
#34573=ADVANCED_FACE('',(#34579),#34574,.T.);
#34574=PLANE('',#34575);
#34575=AXIS2_PLACEMENT_3D('',#34576,#34577,#34578);
#34576=CARTESIAN_POINT('',(-4.127,-1.27,0.952));
#34577=DIRECTION('',(0.0,0.0,1.0));
#34578=DIRECTION('',(0.,1.,0.));
#34579=FACE_OUTER_BOUND('',#34580,.T.);
#34580=EDGE_LOOP('',(#34581,#34591,#34601,#34611));
#34584=CARTESIAN_POINT('',(-4.128,-1.905,0.952));
#34583=VERTEX_POINT('',#34584);
#34586=CARTESIAN_POINT('',(-4.127,-1.27,0.952));
#34585=VERTEX_POINT('',#34586);
#34582=EDGE_CURVE('',#34583,#34585,#34587,.T.);
#34587=LINE('',#34584,#34589);
#34589=VECTOR('',#34590,0.634999991484715);
#34590=DIRECTION('',(0.0,1.0,0.0));
#34581=ORIENTED_EDGE('',*,*,#34582,.F.);
#34594=CARTESIAN_POINT('',(-3.493,-1.905,0.952));
#34593=VERTEX_POINT('',#34594);
#34592=EDGE_CURVE('',#34593,#34583,#34597,.T.);
#34597=LINE('',#34594,#34599);
#34599=VECTOR('',#34600,0.635000025530043);
#34600=DIRECTION('',(-1.0,0.0,0.0));
#34591=ORIENTED_EDGE('',*,*,#34592,.F.);
#34604=CARTESIAN_POINT('',(-3.492,-1.27,0.952));
#34603=VERTEX_POINT('',#34604);
#34602=EDGE_CURVE('',#34603,#34593,#34607,.T.);
#34607=LINE('',#34604,#34609);
#34609=VECTOR('',#34610,0.634999991484716);
#34610=DIRECTION('',(0.0,-1.0,0.0));
#34601=ORIENTED_EDGE('',*,*,#34602,.F.);
#34612=EDGE_CURVE('',#34585,#34603,#34617,.T.);
#34617=LINE('',#34586,#34619);
#34619=VECTOR('',#34620,0.634999991500526);
#34620=DIRECTION('',(1.0,0.0,0.0));
#34611=ORIENTED_EDGE('',*,*,#34612,.F.);
#34621=STYLED_ITEM('',(#34),#34622);
#34622=ADVANCED_FACE('',(#34628),#34623,.T.);
#34623=PLANE('',#34624);
#34624=AXIS2_PLACEMENT_3D('',#34625,#34626,#34627);
#34625=CARTESIAN_POINT('',(-4.128,-1.905,0.794));
#34626=DIRECTION('',(0.0,-1.0,0.0));
#34627=DIRECTION('',(0.,0.,1.));
#34628=FACE_OUTER_BOUND('',#34629,.T.);
#34629=EDGE_LOOP('',(#34630,#34640,#34650,#34660));
#34633=CARTESIAN_POINT('',(-3.493,-1.905,0.794));
#34632=VERTEX_POINT('',#34633);
#34635=CARTESIAN_POINT('',(-4.128,-1.905,0.794));
#34634=VERTEX_POINT('',#34635);
#34631=EDGE_CURVE('',#34632,#34634,#34636,.T.);
#34636=LINE('',#34633,#34638);
#34638=VECTOR('',#34639,0.635000025530043);
#34639=DIRECTION('',(-1.0,0.0,0.0));
#34630=ORIENTED_EDGE('',*,*,#34631,.F.);
#34641=EDGE_CURVE('',#34593,#34632,#34646,.T.);
#34646=LINE('',#34594,#34648);
#34648=VECTOR('',#34649,0.15874365);
#34649=DIRECTION('',(0.0,0.0,-1.0));
#34640=ORIENTED_EDGE('',*,*,#34641,.F.);
#34650=ORIENTED_EDGE('',*,*,#34592,.T.);
#34661=EDGE_CURVE('',#34634,#34583,#34666,.T.);
#34666=LINE('',#34635,#34668);
#34668=VECTOR('',#34669,0.15874365);
#34669=DIRECTION('',(0.0,0.0,1.0));
#34660=ORIENTED_EDGE('',*,*,#34661,.F.);
#34670=STYLED_ITEM('',(#34),#34671);
#34671=ADVANCED_FACE('',(#34677),#34672,.T.);
#34672=PLANE('',#34673);
#34673=AXIS2_PLACEMENT_3D('',#34674,#34675,#34676);
#34674=CARTESIAN_POINT('',(-3.492,-1.27,0.794));
#34675=DIRECTION('',(0.0,1.0,0.0));
#34676=DIRECTION('',(0.,0.,1.));
#34677=FACE_OUTER_BOUND('',#34678,.T.);
#34678=EDGE_LOOP('',(#34679,#34689,#34699,#34709));
#34682=CARTESIAN_POINT('',(-4.127,-1.27,0.794));
#34681=VERTEX_POINT('',#34682);
#34684=CARTESIAN_POINT('',(-3.492,-1.27,0.794));
#34683=VERTEX_POINT('',#34684);
#34680=EDGE_CURVE('',#34681,#34683,#34685,.T.);
#34685=LINE('',#34682,#34687);
#34687=VECTOR('',#34688,0.634999991500526);
#34688=DIRECTION('',(1.0,0.0,0.0));
#34679=ORIENTED_EDGE('',*,*,#34680,.F.);
#34690=EDGE_CURVE('',#34585,#34681,#34695,.T.);
#34695=LINE('',#34586,#34697);
#34697=VECTOR('',#34698,0.15874365);
#34698=DIRECTION('',(0.0,0.0,-1.0));
#34689=ORIENTED_EDGE('',*,*,#34690,.F.);
#34699=ORIENTED_EDGE('',*,*,#34612,.T.);
#34710=EDGE_CURVE('',#34683,#34603,#34715,.T.);
#34715=LINE('',#34684,#34717);
#34717=VECTOR('',#34718,0.15874365);
#34718=DIRECTION('',(0.0,0.0,1.0));
#34709=ORIENTED_EDGE('',*,*,#34710,.F.);
#34719=STYLED_ITEM('',(#34),#34720);
#34720=ADVANCED_FACE('',(#34726),#34721,.T.);
#34721=PLANE('',#34722);
#34722=AXIS2_PLACEMENT_3D('',#34723,#34724,#34725);
#34723=CARTESIAN_POINT('',(-4.128,-2.064,0.635));
#34724=DIRECTION('',(0.0,0.0,1.0));
#34725=DIRECTION('',(0.,1.,0.));
#34726=FACE_OUTER_BOUND('',#34727,.T.);
#34727=EDGE_LOOP('',(#34728,#34738,#34748,#34758));
#34731=CARTESIAN_POINT('',(-4.128,-3.842,0.635));
#34730=VERTEX_POINT('',#34731);
#34733=CARTESIAN_POINT('',(-4.128,-2.064,0.635));
#34732=VERTEX_POINT('',#34733);
#34729=EDGE_CURVE('',#34730,#34732,#34734,.T.);
#34734=LINE('',#34731,#34736);
#34736=VECTOR('',#34737,1.77800634757545);
#34737=DIRECTION('',(0.0,1.0,0.0));
#34728=ORIENTED_EDGE('',*,*,#34729,.F.);
#34741=CARTESIAN_POINT('',(-3.493,-3.842,0.635));
#34740=VERTEX_POINT('',#34741);
#34739=EDGE_CURVE('',#34740,#34730,#34744,.T.);
#34744=LINE('',#34741,#34746);
#34746=VECTOR('',#34747,0.635000230858436);
#34747=DIRECTION('',(-1.0,0.0,0.0));
#34738=ORIENTED_EDGE('',*,*,#34739,.F.);
#34751=CARTESIAN_POINT('',(-3.493,-2.064,0.635));
#34750=VERTEX_POINT('',#34751);
#34749=EDGE_CURVE('',#34750,#34740,#34754,.T.);
#34754=LINE('',#34751,#34756);
#34756=VECTOR('',#34757,1.77800634757545);
#34757=DIRECTION('',(0.0,-1.0,0.0));
#34748=ORIENTED_EDGE('',*,*,#34749,.F.);
#34759=EDGE_CURVE('',#34732,#34750,#34764,.T.);
#34764=LINE('',#34733,#34766);
#34766=VECTOR('',#34767,0.635000041498695);
#34767=DIRECTION('',(1.0,0.0,0.0));
#34758=ORIENTED_EDGE('',*,*,#34759,.F.);
#34817=STYLED_ITEM('',(#34),#34818);
#34818=ADVANCED_FACE('',(#34824),#34819,.T.);
#34819=PLANE('',#34820);
#34820=AXIS2_PLACEMENT_3D('',#34821,#34822,#34823);
#34821=CARTESIAN_POINT('',(-3.493,-2.064,0.0));
#34822=DIRECTION('',(0.0,0.0,-1.0));
#34823=DIRECTION('',(0.,1.,0.));
#34824=FACE_OUTER_BOUND('',#34825,.T.);
#34825=EDGE_LOOP('',(#34826,#34836,#34846,#34856));
#34829=CARTESIAN_POINT('',(-3.493,-3.842,0.0));
#34828=VERTEX_POINT('',#34829);
#34831=CARTESIAN_POINT('',(-3.493,-2.064,0.0));
#34830=VERTEX_POINT('',#34831);
#34827=EDGE_CURVE('',#34828,#34830,#34832,.T.);
#34832=LINE('',#34829,#34834);
#34834=VECTOR('',#34835,1.77800634757545);
#34835=DIRECTION('',(0.0,1.0,0.0));
#34826=ORIENTED_EDGE('',*,*,#34827,.F.);
#34839=CARTESIAN_POINT('',(-4.128,-3.842,0.0));
#34838=VERTEX_POINT('',#34839);
#34837=EDGE_CURVE('',#34838,#34828,#34842,.T.);
#34842=LINE('',#34839,#34844);
#34844=VECTOR('',#34845,0.635000230858436);
#34845=DIRECTION('',(1.0,0.0,0.0));
#34836=ORIENTED_EDGE('',*,*,#34837,.F.);
#34849=CARTESIAN_POINT('',(-4.128,-2.064,0.0));
#34848=VERTEX_POINT('',#34849);
#34847=EDGE_CURVE('',#34848,#34838,#34852,.T.);
#34852=LINE('',#34849,#34854);
#34854=VECTOR('',#34855,1.77800634757545);
#34855=DIRECTION('',(0.0,-1.0,0.0));
#34846=ORIENTED_EDGE('',*,*,#34847,.F.);
#34857=EDGE_CURVE('',#34830,#34848,#34862,.T.);
#34862=LINE('',#34831,#34864);
#34864=VECTOR('',#34865,0.635000041498695);
#34865=DIRECTION('',(-1.0,0.0,0.0));
#34856=ORIENTED_EDGE('',*,*,#34857,.F.);
#34915=STYLED_ITEM('',(#34),#34916);
#34916=ADVANCED_FACE('',(#34922),#34917,.T.);
#34917=PLANE('',#34918);
#34918=AXIS2_PLACEMENT_3D('',#34919,#34920,#34921);
#34919=CARTESIAN_POINT('',(-3.969,-4.0,0.476));
#34920=DIRECTION('',(0.0,-0.707,0.707));
#34921=DIRECTION('',(0.,0.,1.));
#34922=FACE_OUTER_BOUND('',#34923,.T.);
#34923=EDGE_LOOP('',(#34924,#34934,#34944,#34954));
#34927=CARTESIAN_POINT('',(-3.651,-4.001,0.476));
#34926=VERTEX_POINT('',#34927);
#34929=CARTESIAN_POINT('',(-3.969,-4.0,0.476));
#34928=VERTEX_POINT('',#34929);
#34925=EDGE_CURVE('',#34926,#34928,#34930,.T.);
#34930=LINE('',#34927,#34932);
#34932=VECTOR('',#34933,0.317500253221193);
#34933=DIRECTION('',(-1.0,0.0,0.0));
#34924=ORIENTED_EDGE('',*,*,#34925,.F.);
#34935=EDGE_CURVE('',#34740,#34926,#34940,.T.);
#34940=LINE('',#34741,#34942);
#34942=VECTOR('',#34943,0.274963063823216);
#34943=DIRECTION('',(-0.577,-0.577,-0.577));
#34934=ORIENTED_EDGE('',*,*,#34935,.F.);
#34944=ORIENTED_EDGE('',*,*,#34739,.T.);
#34955=EDGE_CURVE('',#34928,#34730,#34960,.T.);
#34960=LINE('',#34929,#34962);
#34962=VECTOR('',#34963,0.274963063823216);
#34963=DIRECTION('',(-0.577,0.577,0.577));
#34954=ORIENTED_EDGE('',*,*,#34955,.F.);
#34964=STYLED_ITEM('',(#34),#34965);
#34965=ADVANCED_FACE('',(#34971),#34966,.T.);
#34966=PLANE('',#34967);
#34967=AXIS2_PLACEMENT_3D('',#34968,#34969,#34970);
#34968=CARTESIAN_POINT('',(-4.128,-3.842,0.0));
#34969=DIRECTION('',(-0.707,-0.707,0.0));
#34970=DIRECTION('',(0.,0.,1.));
#34971=FACE_OUTER_BOUND('',#34972,.T.);
#34972=EDGE_LOOP('',(#34973,#34983,#34993,#35003));
#34976=CARTESIAN_POINT('',(-3.969,-4.0,0.159));
#34975=VERTEX_POINT('',#34976);
#34974=EDGE_CURVE('',#34975,#34838,#34979,.T.);
#34979=LINE('',#34976,#34981);
#34981=VECTOR('',#34982,0.274963063823216);
#34982=DIRECTION('',(-0.577,0.577,-0.577));
#34973=ORIENTED_EDGE('',*,*,#34974,.F.);
#34984=EDGE_CURVE('',#34928,#34975,#34989,.T.);
#34989=LINE('',#34929,#34991);
#34991=VECTOR('',#34992,0.3175);
#34992=DIRECTION('',(0.0,0.0,-1.0));
#34983=ORIENTED_EDGE('',*,*,#34984,.F.);
#34993=ORIENTED_EDGE('',*,*,#34955,.T.);
#35004=EDGE_CURVE('',#34838,#34730,#35009,.T.);
#35009=LINE('',#34839,#35011);
#35011=VECTOR('',#35012,0.635);
#35012=DIRECTION('',(0.0,0.0,1.0));
#35003=ORIENTED_EDGE('',*,*,#35004,.F.);
#35013=STYLED_ITEM('',(#34),#35014);
#35014=ADVANCED_FACE('',(#35020),#35015,.T.);
#35015=PLANE('',#35016);
#35016=AXIS2_PLACEMENT_3D('',#35017,#35018,#35019);
#35017=CARTESIAN_POINT('',(-4.128,-3.842,0.0));
#35018=DIRECTION('',(0.0,-0.707,-0.707));
#35019=DIRECTION('',(0.,0.,1.));
#35020=FACE_OUTER_BOUND('',#35021,.T.);
#35021=EDGE_LOOP('',(#35022,#35032,#35042,#35052));
#35022=ORIENTED_EDGE('',*,*,#34837,.T.);
#35035=CARTESIAN_POINT('',(-3.651,-4.001,0.159));
#35034=VERTEX_POINT('',#35035);
#35033=EDGE_CURVE('',#35034,#34828,#35038,.T.);
#35038=LINE('',#35035,#35040);
#35040=VECTOR('',#35041,0.274963063823216);
#35041=DIRECTION('',(0.577,0.577,-0.577));
#35032=ORIENTED_EDGE('',*,*,#35033,.F.);
#35043=EDGE_CURVE('',#34975,#35034,#35048,.T.);
#35048=LINE('',#34976,#35050);
#35050=VECTOR('',#35051,0.317500253221193);
#35051=DIRECTION('',(1.0,0.0,0.0));
#35042=ORIENTED_EDGE('',*,*,#35043,.F.);
#35052=ORIENTED_EDGE('',*,*,#34974,.T.);
#35062=STYLED_ITEM('',(#34),#35063);
#35063=ADVANCED_FACE('',(#35069),#35064,.T.);
#35064=PLANE('',#35065);
#35065=AXIS2_PLACEMENT_3D('',#35066,#35067,#35068);
#35066=CARTESIAN_POINT('',(-3.651,-4.001,0.159));
#35067=DIRECTION('',(0.707,-0.707,0.0));
#35068=DIRECTION('',(0.,0.,1.));
#35069=FACE_OUTER_BOUND('',#35070,.T.);
#35070=EDGE_LOOP('',(#35071,#35081,#35091,#35101));
#35071=ORIENTED_EDGE('',*,*,#35033,.T.);
#35082=EDGE_CURVE('',#34740,#34828,#35087,.T.);
#35087=LINE('',#34741,#35089);
#35089=VECTOR('',#35090,0.635);
#35090=DIRECTION('',(0.0,0.0,-1.0));
#35081=ORIENTED_EDGE('',*,*,#35082,.F.);
#35091=ORIENTED_EDGE('',*,*,#34935,.T.);
#35102=EDGE_CURVE('',#35034,#34926,#35107,.T.);
#35107=LINE('',#35035,#35109);
#35109=VECTOR('',#35110,0.3175);
#35110=DIRECTION('',(0.0,0.0,1.0));
#35101=ORIENTED_EDGE('',*,*,#35102,.F.);
#35111=STYLED_ITEM('',(#34),#35112);
#35112=ADVANCED_FACE('',(#35118),#35113,.T.);
#35113=PLANE('',#35114);
#35114=AXIS2_PLACEMENT_3D('',#35115,#35116,#35117);
#35115=CARTESIAN_POINT('',(-3.969,-4.0,0.159));
#35116=DIRECTION('',(0.0,-1.0,0.0));
#35117=DIRECTION('',(0.,0.,1.));
#35118=FACE_OUTER_BOUND('',#35119,.T.);
#35119=EDGE_LOOP('',(#35120,#35130,#35140,#35150));
#35120=ORIENTED_EDGE('',*,*,#35043,.T.);
#35130=ORIENTED_EDGE('',*,*,#35102,.T.);
#35140=ORIENTED_EDGE('',*,*,#34925,.T.);
#35150=ORIENTED_EDGE('',*,*,#34984,.T.);
#35160=STYLED_ITEM($,(#34),#35161);
#35161=ADVANCED_FACE($,(#35167),#35162,.F.);
#35162=CYLINDRICAL_SURFACE($,#35163,0.15874365);
#35163=AXIS2_PLACEMENT_3D($,#35164,#35165,#35166);
#35164=CARTESIAN_POINT('',(-4.128,-2.064,0.794));
#35165=DIRECTION('',(-1.0,0.0,0.0));
#35166=DIRECTION('',(0.,0.,1.));
#35167=FACE_OUTER_BOUND($,#35168,.T.);
#35168=EDGE_LOOP($,(#35180,#35190,#35201,#35169));
#35180=ORIENTED_EDGE('',*,*,#34759,.T.);
#35191=EDGE_CURVE($,#34632,#34750,#35196,.T.);
#35196=CIRCLE($,#35197,0.15874365);
#35198=CARTESIAN_POINT('',(-3.493,-2.064,0.794));
#35197=AXIS2_PLACEMENT_3D($,#35198,#35199,#35200);
#35199=DIRECTION('',(-1.0,0.0,0.0));
#35200=DIRECTION('',(0.0,-0.707,-0.707));
#35190=ORIENTED_EDGE('',*,*,#35191,.F.);
#35201=ORIENTED_EDGE('',*,*,#34631,.T.);
#35170=EDGE_CURVE($,#34732,#34634,#35175,.T.);
#35175=CIRCLE($,#35176,0.15874365);
#35177=CARTESIAN_POINT('',(-4.128,-2.064,0.794));
#35176=AXIS2_PLACEMENT_3D($,#35177,#35178,#35179);
#35178=DIRECTION('',(1.0,0.0,0.0));
#35179=DIRECTION('',(0.0,0.707,0.707));
#35169=ORIENTED_EDGE('',*,*,#35170,.F.);
#35211=STYLED_ITEM($,(#34),#35212);
#35212=ADVANCED_FACE($,(#35218),#35213,.T.);
#35213=CYLINDRICAL_SURFACE($,#35214,0.79374365);
#35214=AXIS2_PLACEMENT_3D($,#35215,#35216,#35217);
#35215=CARTESIAN_POINT('',(-4.128,-2.064,0.794));
#35216=DIRECTION('',(1.0,0.0,0.0));
#35217=DIRECTION('',(0.,0.,1.));
#35218=FACE_OUTER_BOUND($,#35219,.T.);
#35219=EDGE_LOOP($,(#35231,#35241,#35252,#35220));
#35231=ORIENTED_EDGE('',*,*,#34857,.T.);
#35242=EDGE_CURVE($,#34681,#34848,#35247,.T.);
#35247=CIRCLE($,#35248,0.79374365);
#35248=AXIS2_PLACEMENT_3D($,#35177,#35250,#35251);
#35250=DIRECTION('',(-1.0,0.0,0.0));
#35251=DIRECTION('',(0.0,-0.707,-0.707));
#35241=ORIENTED_EDGE('',*,*,#35242,.F.);
#35252=ORIENTED_EDGE('',*,*,#34680,.T.);
#35221=EDGE_CURVE($,#34830,#34683,#35226,.T.);
#35226=CIRCLE($,#35227,0.79374365);
#35227=AXIS2_PLACEMENT_3D($,#35198,#35229,#35230);
#35229=DIRECTION('',(1.0,0.0,0.0));
#35230=DIRECTION('',(0.0,0.707,0.707));
#35220=ORIENTED_EDGE('',*,*,#35221,.F.);
#35262=STYLED_ITEM('color',(#34),#35263);
#35263=ADVANCED_FACE($,(#35269),#35264,.T.);
#35264=PLANE($,#35265);
#35265=AXIS2_PLACEMENT_3D($,#35266,#35267,#35268);
#35266=CARTESIAN_POINT('',(-4.127,-1.27,0.794));
#35267=DIRECTION('',(-1.0,0.0,0.0));
#35268=DIRECTION('',(1.,0.,0.));
#35269=FACE_OUTER_BOUND($,#35270,.T.);
#35270=EDGE_LOOP($,(#35273, #35283, #35293, #35303, #35314, #35324, #35334, #35344));
#35273=ORIENTED_EDGE('',*,*,#34661,.T.);
#35283=ORIENTED_EDGE('',*,*,#34582,.T.);
#35293=ORIENTED_EDGE('',*,*,#34690,.T.);
#35303=ORIENTED_EDGE('',*,*,#35242,.T.);
#35314=ORIENTED_EDGE('',*,*,#34847,.T.);
#35324=ORIENTED_EDGE('',*,*,#35004,.T.);
#35334=ORIENTED_EDGE('',*,*,#34729,.T.);
#35344=ORIENTED_EDGE('',*,*,#35170,.T.);
#35355=STYLED_ITEM('color',(#34),#35356);
#35356=ADVANCED_FACE($,(#35362),#35357,.T.);
#35357=PLANE($,#35358);
#35358=AXIS2_PLACEMENT_3D($,#35359,#35360,#35361);
#35359=CARTESIAN_POINT('',(-3.492,-1.27,0.794));
#35360=DIRECTION('',(1.0,0.0,0.0));
#35361=DIRECTION('',(-1.,0.,0.));
#35362=FACE_OUTER_BOUND($,#35363,.T.);
#35363=EDGE_LOOP($,(#35366, #35376, #35386, #35396, #35407, #35417, #35427, #35437));
#35366=ORIENTED_EDGE('',*,*,#34710,.T.);
#35376=ORIENTED_EDGE('',*,*,#34602,.T.);
#35386=ORIENTED_EDGE('',*,*,#34641,.T.);
#35396=ORIENTED_EDGE('',*,*,#35191,.T.);
#35407=ORIENTED_EDGE('',*,*,#34749,.T.);
#35417=ORIENTED_EDGE('',*,*,#35082,.T.);
#35427=ORIENTED_EDGE('',*,*,#34827,.T.);
#35437=ORIENTED_EDGE('',*,*,#35221,.T.);
#35448=MANIFOLD_SOLID_BREP($,#35449);
#35449=CLOSED_SHELL('',(#35453,#35502,#35551,#35600,#35649,#35698,#35747,#35796,#35845,#35894));
#35450=MANIFOLD_SOLID_BREP($,#35451);
#35451=CLOSED_SHELL('',(#35943,#35992,#36041,#36090,#36188,#36286,#36335,#36384,#36433,#36482,#36531,#36582,#36633,#36726));
#35452=STYLED_ITEM('',(#34),#35453);
#35453=ADVANCED_FACE('',(#35459),#35454,.T.);
#35454=PLANE('',#35455);
#35455=AXIS2_PLACEMENT_3D('',#35456,#35457,#35458);
#35456=CARTESIAN_POINT('',(-6.509,-1.429,9.652));
#35457=DIRECTION('',(0.0,0.0,1.0));
#35458=DIRECTION('',(0.,1.,0.));
#35459=FACE_OUTER_BOUND('',#35460,.T.);
#35460=EDGE_LOOP('',(#35461,#35471,#35481,#35491));
#35464=CARTESIAN_POINT('',(-6.509,-1.746,9.652));
#35463=VERTEX_POINT('',#35464);
#35466=CARTESIAN_POINT('',(-6.509,-1.429,9.652));
#35465=VERTEX_POINT('',#35466);
#35462=EDGE_CURVE('',#35463,#35465,#35467,.T.);
#35467=LINE('',#35464,#35469);
#35469=VECTOR('',#35470,0.317499995742357);
#35470=DIRECTION('',(0.0,1.0,0.0));
#35461=ORIENTED_EDGE('',*,*,#35462,.F.);
#35474=CARTESIAN_POINT('',(-6.191,-1.746,9.652));
#35473=VERTEX_POINT('',#35474);
#35472=EDGE_CURVE('',#35473,#35463,#35477,.T.);
#35477=LINE('',#35474,#35479);
#35479=VECTOR('',#35480,0.317500012765021);
#35480=DIRECTION('',(-1.0,0.0,0.0));
#35471=ORIENTED_EDGE('',*,*,#35472,.F.);
#35484=CARTESIAN_POINT('',(-6.191,-1.429,9.652));
#35483=VERTEX_POINT('',#35484);
#35482=EDGE_CURVE('',#35483,#35473,#35487,.T.);
#35487=LINE('',#35484,#35489);
#35489=VECTOR('',#35490,0.317499995742358);
#35490=DIRECTION('',(0.0,-1.0,0.0));
#35481=ORIENTED_EDGE('',*,*,#35482,.F.);
#35492=EDGE_CURVE('',#35465,#35483,#35497,.T.);
#35497=LINE('',#35466,#35499);
#35499=VECTOR('',#35500,0.317499995750262);
#35500=DIRECTION('',(1.0,0.0,0.0));
#35491=ORIENTED_EDGE('',*,*,#35492,.F.);
#35501=STYLED_ITEM('',(#34),#35502);
#35502=ADVANCED_FACE('',(#35508),#35503,.T.);
#35503=PLANE('',#35504);
#35504=AXIS2_PLACEMENT_3D('',#35505,#35506,#35507);
#35505=CARTESIAN_POINT('',(-6.668,-1.905,9.493));
#35506=DIRECTION('',(0.0,-0.707,0.707));
#35507=DIRECTION('',(0.,0.,1.));
#35508=FACE_OUTER_BOUND('',#35509,.T.);
#35509=EDGE_LOOP('',(#35510,#35520,#35530,#35540));
#35513=CARTESIAN_POINT('',(-6.033,-1.905,9.493));
#35512=VERTEX_POINT('',#35513);
#35515=CARTESIAN_POINT('',(-6.668,-1.905,9.493));
#35514=VERTEX_POINT('',#35515);
#35511=EDGE_CURVE('',#35512,#35514,#35516,.T.);
#35516=LINE('',#35513,#35518);
#35518=VECTOR('',#35519,0.635000025530044);
#35519=DIRECTION('',(-1.0,0.0,0.0));
#35510=ORIENTED_EDGE('',*,*,#35511,.F.);
#35521=EDGE_CURVE('',#35473,#35512,#35526,.T.);
#35526=LINE('',#35474,#35528);
#35528=VECTOR('',#35529,0.274963065701559);
#35529=DIRECTION('',(0.577,-0.577,-0.577));
#35520=ORIENTED_EDGE('',*,*,#35521,.F.);
#35530=ORIENTED_EDGE('',*,*,#35472,.T.);
#35541=EDGE_CURVE('',#35514,#35463,#35546,.T.);
#35546=LINE('',#35515,#35548);
#35548=VECTOR('',#35549,0.27496306570156);
#35549=DIRECTION('',(0.577,0.577,0.577));
#35540=ORIENTED_EDGE('',*,*,#35541,.F.);
#35550=STYLED_ITEM('',(#34),#35551);
#35551=ADVANCED_FACE('',(#35557),#35552,.T.);
#35552=PLANE('',#35553);
#35553=AXIS2_PLACEMENT_3D('',#35554,#35555,#35556);
#35554=CARTESIAN_POINT('',(-6.033,-1.905,9.493));
#35555=DIRECTION('',(0.707,0.0,0.707));
#35556=DIRECTION('',(0.,0.,1.));
#35557=FACE_OUTER_BOUND('',#35558,.T.);
#35558=EDGE_LOOP('',(#35559,#35569,#35579,#35589));
#35562=CARTESIAN_POINT('',(-6.032,-1.27,9.493));
#35561=VERTEX_POINT('',#35562);
#35560=EDGE_CURVE('',#35561,#35512,#35565,.T.);
#35565=LINE('',#35562,#35567);
#35567=VECTOR('',#35568,0.634999991484716);
#35568=DIRECTION('',(0.0,-1.0,0.0));
#35559=ORIENTED_EDGE('',*,*,#35560,.F.);
#35570=EDGE_CURVE('',#35483,#35561,#35575,.T.);
#35575=LINE('',#35484,#35577);
#35577=VECTOR('',#35578,0.27496306570156);
#35578=DIRECTION('',(0.577,0.577,-0.577));
#35569=ORIENTED_EDGE('',*,*,#35570,.F.);
#35579=ORIENTED_EDGE('',*,*,#35482,.T.);
#35589=ORIENTED_EDGE('',*,*,#35521,.T.);
#35599=STYLED_ITEM('',(#34),#35600);
#35600=ADVANCED_FACE('',(#35606),#35601,.T.);
#35601=PLANE('',#35602);
#35602=AXIS2_PLACEMENT_3D('',#35603,#35604,#35605);
#35603=CARTESIAN_POINT('',(-6.032,-1.27,9.493));
#35604=DIRECTION('',(0.0,0.707,0.707));
#35605=DIRECTION('',(0.,0.,1.));
#35606=FACE_OUTER_BOUND('',#35607,.T.);
#35607=EDGE_LOOP('',(#35608,#35618,#35628,#35638));
#35611=CARTESIAN_POINT('',(-6.667,-1.27,9.493));
#35610=VERTEX_POINT('',#35611);
#35609=EDGE_CURVE('',#35610,#35561,#35614,.T.);
#35614=LINE('',#35611,#35616);
#35616=VECTOR('',#35617,0.634999991500526);
#35617=DIRECTION('',(1.0,0.0,0.0));
#35608=ORIENTED_EDGE('',*,*,#35609,.F.);
#35619=EDGE_CURVE('',#35465,#35610,#35624,.T.);
#35624=LINE('',#35466,#35626);
#35626=VECTOR('',#35627,0.27496306570156);
#35627=DIRECTION('',(-0.577,0.577,-0.577));
#35618=ORIENTED_EDGE('',*,*,#35619,.F.);
#35628=ORIENTED_EDGE('',*,*,#35492,.T.);
#35638=ORIENTED_EDGE('',*,*,#35570,.T.);
#35648=STYLED_ITEM('',(#34),#35649);
#35649=ADVANCED_FACE('',(#35655),#35650,.T.);
#35650=PLANE('',#35651);
#35651=AXIS2_PLACEMENT_3D('',#35652,#35653,#35654);
#35652=CARTESIAN_POINT('',(-6.667,-1.27,9.493));
#35653=DIRECTION('',(-0.707,0.0,0.707));
#35654=DIRECTION('',(0.,0.,1.));
#35655=FACE_OUTER_BOUND('',#35656,.T.);
#35656=EDGE_LOOP('',(#35657,#35667,#35677,#35687));
#35658=EDGE_CURVE('',#35514,#35610,#35663,.T.);
#35663=LINE('',#35515,#35665);
#35665=VECTOR('',#35666,0.634999991484715);
#35666=DIRECTION('',(0.0,1.0,0.0));
#35657=ORIENTED_EDGE('',*,*,#35658,.F.);
#35667=ORIENTED_EDGE('',*,*,#35541,.T.);
#35677=ORIENTED_EDGE('',*,*,#35462,.T.);
#35687=ORIENTED_EDGE('',*,*,#35619,.T.);
#35697=STYLED_ITEM('',(#34),#35698);
#35698=ADVANCED_FACE('',(#35704),#35699,.T.);
#35699=PLANE('',#35700);
#35700=AXIS2_PLACEMENT_3D('',#35701,#35702,#35703);
#35701=CARTESIAN_POINT('',(-6.668,-1.905,3.924));
#35702=DIRECTION('',(0.0,-1.0,0.0));
#35703=DIRECTION('',(0.,0.,1.));
#35704=FACE_OUTER_BOUND('',#35705,.T.);
#35705=EDGE_LOOP('',(#35706,#35716,#35726,#35736));
#35709=CARTESIAN_POINT('',(-6.033,-1.905,3.924));
#35708=VERTEX_POINT('',#35709);
#35711=CARTESIAN_POINT('',(-6.668,-1.905,3.924));
#35710=VERTEX_POINT('',#35711);
#35707=EDGE_CURVE('',#35708,#35710,#35712,.T.);
#35712=LINE('',#35709,#35714);
#35714=VECTOR('',#35715,0.635000025530044);
#35715=DIRECTION('',(-1.0,0.0,0.0));
#35706=ORIENTED_EDGE('',*,*,#35707,.F.);
#35717=EDGE_CURVE('',#35512,#35708,#35722,.T.);
#35722=LINE('',#35513,#35724);
#35724=VECTOR('',#35725,5.5689754);
#35725=DIRECTION('',(0.0,0.0,-1.0));
#35716=ORIENTED_EDGE('',*,*,#35717,.F.);
#35726=ORIENTED_EDGE('',*,*,#35511,.T.);
#35737=EDGE_CURVE('',#35710,#35514,#35742,.T.);
#35742=LINE('',#35711,#35744);
#35744=VECTOR('',#35745,5.5689754);
#35745=DIRECTION('',(0.0,0.0,1.0));
#35736=ORIENTED_EDGE('',*,*,#35737,.F.);
#35746=STYLED_ITEM('',(#34),#35747);
#35747=ADVANCED_FACE('',(#35753),#35748,.T.);
#35748=PLANE('',#35749);
#35749=AXIS2_PLACEMENT_3D('',#35750,#35751,#35752);
#35750=CARTESIAN_POINT('',(-6.033,-1.905,3.924));
#35751=DIRECTION('',(1.0,0.0,0.0));
#35752=DIRECTION('',(0.,0.,1.));
#35753=FACE_OUTER_BOUND('',#35754,.T.);
#35754=EDGE_LOOP('',(#35755,#35765,#35775,#35785));
#35758=CARTESIAN_POINT('',(-6.032,-1.27,3.924));
#35757=VERTEX_POINT('',#35758);
#35756=EDGE_CURVE('',#35757,#35708,#35761,.T.);
#35761=LINE('',#35758,#35763);
#35763=VECTOR('',#35764,0.634999991484716);
#35764=DIRECTION('',(0.0,-1.0,0.0));
#35755=ORIENTED_EDGE('',*,*,#35756,.F.);
#35766=EDGE_CURVE('',#35561,#35757,#35771,.T.);
#35771=LINE('',#35562,#35773);
#35773=VECTOR('',#35774,5.5689754);
#35774=DIRECTION('',(0.0,0.0,-1.0));
#35765=ORIENTED_EDGE('',*,*,#35766,.F.);
#35775=ORIENTED_EDGE('',*,*,#35560,.T.);
#35785=ORIENTED_EDGE('',*,*,#35717,.T.);
#35795=STYLED_ITEM('',(#34),#35796);
#35796=ADVANCED_FACE('',(#35802),#35797,.T.);
#35797=PLANE('',#35798);
#35798=AXIS2_PLACEMENT_3D('',#35799,#35800,#35801);
#35799=CARTESIAN_POINT('',(-6.032,-1.27,3.924));
#35800=DIRECTION('',(0.0,1.0,0.0));
#35801=DIRECTION('',(0.,0.,1.));
#35802=FACE_OUTER_BOUND('',#35803,.T.);
#35803=EDGE_LOOP('',(#35804,#35814,#35824,#35834));
#35807=CARTESIAN_POINT('',(-6.667,-1.27,3.924));
#35806=VERTEX_POINT('',#35807);
#35805=EDGE_CURVE('',#35806,#35757,#35810,.T.);
#35810=LINE('',#35807,#35812);
#35812=VECTOR('',#35813,0.634999991500526);
#35813=DIRECTION('',(1.0,0.0,0.0));
#35804=ORIENTED_EDGE('',*,*,#35805,.F.);
#35815=EDGE_CURVE('',#35610,#35806,#35820,.T.);
#35820=LINE('',#35611,#35822);
#35822=VECTOR('',#35823,5.5689754);
#35823=DIRECTION('',(0.0,0.0,-1.0));
#35814=ORIENTED_EDGE('',*,*,#35815,.F.);
#35824=ORIENTED_EDGE('',*,*,#35609,.T.);
#35834=ORIENTED_EDGE('',*,*,#35766,.T.);
#35844=STYLED_ITEM('',(#34),#35845);
#35845=ADVANCED_FACE('',(#35851),#35846,.T.);
#35846=PLANE('',#35847);
#35847=AXIS2_PLACEMENT_3D('',#35848,#35849,#35850);
#35848=CARTESIAN_POINT('',(-6.667,-1.27,3.924));
#35849=DIRECTION('',(-1.0,0.0,0.0));
#35850=DIRECTION('',(0.,0.,1.));
#35851=FACE_OUTER_BOUND('',#35852,.T.);
#35852=EDGE_LOOP('',(#35853,#35863,#35873,#35883));
#35854=EDGE_CURVE('',#35710,#35806,#35859,.T.);
#35859=LINE('',#35711,#35861);
#35861=VECTOR('',#35862,0.634999991484715);
#35862=DIRECTION('',(0.0,1.0,0.0));
#35853=ORIENTED_EDGE('',*,*,#35854,.F.);
#35863=ORIENTED_EDGE('',*,*,#35737,.T.);
#35873=ORIENTED_EDGE('',*,*,#35658,.T.);
#35883=ORIENTED_EDGE('',*,*,#35815,.T.);
#35893=STYLED_ITEM('',(#34),#35894);
#35894=ADVANCED_FACE('',(#35900),#35895,.T.);
#35895=PLANE('',#35896);
#35896=AXIS2_PLACEMENT_3D('',#35897,#35898,#35899);
#35897=CARTESIAN_POINT('',(-6.032,-1.27,3.924));
#35898=DIRECTION('',(0.0,0.0,-1.0));
#35899=DIRECTION('',(0.,1.,0.));
#35900=FACE_OUTER_BOUND('',#35901,.T.);
#35901=EDGE_LOOP('',(#35902,#35912,#35922,#35932));
#35902=ORIENTED_EDGE('',*,*,#35756,.T.);
#35912=ORIENTED_EDGE('',*,*,#35707,.T.);
#35922=ORIENTED_EDGE('',*,*,#35854,.T.);
#35932=ORIENTED_EDGE('',*,*,#35805,.T.);
#35942=STYLED_ITEM('',(#34),#35943);
#35943=ADVANCED_FACE('',(#35949),#35944,.T.);
#35944=PLANE('',#35945);
#35945=AXIS2_PLACEMENT_3D('',#35946,#35947,#35948);
#35946=CARTESIAN_POINT('',(-6.667,-1.27,0.952));
#35947=DIRECTION('',(0.0,0.0,1.0));
#35948=DIRECTION('',(0.,1.,0.));
#35949=FACE_OUTER_BOUND('',#35950,.T.);
#35950=EDGE_LOOP('',(#35951,#35961,#35971,#35981));
#35954=CARTESIAN_POINT('',(-6.668,-1.905,0.952));
#35953=VERTEX_POINT('',#35954);
#35956=CARTESIAN_POINT('',(-6.667,-1.27,0.952));
#35955=VERTEX_POINT('',#35956);
#35952=EDGE_CURVE('',#35953,#35955,#35957,.T.);
#35957=LINE('',#35954,#35959);
#35959=VECTOR('',#35960,0.634999991484715);
#35960=DIRECTION('',(0.0,1.0,0.0));
#35951=ORIENTED_EDGE('',*,*,#35952,.F.);
#35964=CARTESIAN_POINT('',(-6.033,-1.905,0.952));
#35963=VERTEX_POINT('',#35964);
#35962=EDGE_CURVE('',#35963,#35953,#35967,.T.);
#35967=LINE('',#35964,#35969);
#35969=VECTOR('',#35970,0.635000025530044);
#35970=DIRECTION('',(-1.0,0.0,0.0));
#35961=ORIENTED_EDGE('',*,*,#35962,.F.);
#35974=CARTESIAN_POINT('',(-6.032,-1.27,0.952));
#35973=VERTEX_POINT('',#35974);
#35972=EDGE_CURVE('',#35973,#35963,#35977,.T.);
#35977=LINE('',#35974,#35979);
#35979=VECTOR('',#35980,0.634999991484716);
#35980=DIRECTION('',(0.0,-1.0,0.0));
#35971=ORIENTED_EDGE('',*,*,#35972,.F.);
#35982=EDGE_CURVE('',#35955,#35973,#35987,.T.);
#35987=LINE('',#35956,#35989);
#35989=VECTOR('',#35990,0.634999991500526);
#35990=DIRECTION('',(1.0,0.0,0.0));
#35981=ORIENTED_EDGE('',*,*,#35982,.F.);
#35991=STYLED_ITEM('',(#34),#35992);
#35992=ADVANCED_FACE('',(#35998),#35993,.T.);
#35993=PLANE('',#35994);
#35994=AXIS2_PLACEMENT_3D('',#35995,#35996,#35997);
#35995=CARTESIAN_POINT('',(-6.668,-1.905,0.794));
#35996=DIRECTION('',(0.0,-1.0,0.0));
#35997=DIRECTION('',(0.,0.,1.));
#35998=FACE_OUTER_BOUND('',#35999,.T.);
#35999=EDGE_LOOP('',(#36000,#36010,#36020,#36030));
#36003=CARTESIAN_POINT('',(-6.033,-1.905,0.794));
#36002=VERTEX_POINT('',#36003);
#36005=CARTESIAN_POINT('',(-6.668,-1.905,0.794));
#36004=VERTEX_POINT('',#36005);
#36001=EDGE_CURVE('',#36002,#36004,#36006,.T.);
#36006=LINE('',#36003,#36008);
#36008=VECTOR('',#36009,0.635000025530044);
#36009=DIRECTION('',(-1.0,0.0,0.0));
#36000=ORIENTED_EDGE('',*,*,#36001,.F.);
#36011=EDGE_CURVE('',#35963,#36002,#36016,.T.);
#36016=LINE('',#35964,#36018);
#36018=VECTOR('',#36019,0.15874365);
#36019=DIRECTION('',(0.0,0.0,-1.0));
#36010=ORIENTED_EDGE('',*,*,#36011,.F.);
#36020=ORIENTED_EDGE('',*,*,#35962,.T.);
#36031=EDGE_CURVE('',#36004,#35953,#36036,.T.);
#36036=LINE('',#36005,#36038);
#36038=VECTOR('',#36039,0.15874365);
#36039=DIRECTION('',(0.0,0.0,1.0));
#36030=ORIENTED_EDGE('',*,*,#36031,.F.);
#36040=STYLED_ITEM('',(#34),#36041);
#36041=ADVANCED_FACE('',(#36047),#36042,.T.);
#36042=PLANE('',#36043);
#36043=AXIS2_PLACEMENT_3D('',#36044,#36045,#36046);
#36044=CARTESIAN_POINT('',(-6.032,-1.27,0.794));
#36045=DIRECTION('',(0.0,1.0,0.0));
#36046=DIRECTION('',(0.,0.,1.));
#36047=FACE_OUTER_BOUND('',#36048,.T.);
#36048=EDGE_LOOP('',(#36049,#36059,#36069,#36079));
#36052=CARTESIAN_POINT('',(-6.667,-1.27,0.794));
#36051=VERTEX_POINT('',#36052);
#36054=CARTESIAN_POINT('',(-6.032,-1.27,0.794));
#36053=VERTEX_POINT('',#36054);
#36050=EDGE_CURVE('',#36051,#36053,#36055,.T.);
#36055=LINE('',#36052,#36057);
#36057=VECTOR('',#36058,0.634999991500526);
#36058=DIRECTION('',(1.0,0.0,0.0));
#36049=ORIENTED_EDGE('',*,*,#36050,.F.);
#36060=EDGE_CURVE('',#35955,#36051,#36065,.T.);
#36065=LINE('',#35956,#36067);
#36067=VECTOR('',#36068,0.15874365);
#36068=DIRECTION('',(0.0,0.0,-1.0));
#36059=ORIENTED_EDGE('',*,*,#36060,.F.);
#36069=ORIENTED_EDGE('',*,*,#35982,.T.);
#36080=EDGE_CURVE('',#36053,#35973,#36085,.T.);
#36085=LINE('',#36054,#36087);
#36087=VECTOR('',#36088,0.15874365);
#36088=DIRECTION('',(0.0,0.0,1.0));
#36079=ORIENTED_EDGE('',*,*,#36080,.F.);
#36089=STYLED_ITEM('',(#34),#36090);
#36090=ADVANCED_FACE('',(#36096),#36091,.T.);
#36091=PLANE('',#36092);
#36092=AXIS2_PLACEMENT_3D('',#36093,#36094,#36095);
#36093=CARTESIAN_POINT('',(-6.668,-2.064,0.635));
#36094=DIRECTION('',(0.0,0.0,1.0));
#36095=DIRECTION('',(0.,1.,0.));
#36096=FACE_OUTER_BOUND('',#36097,.T.);
#36097=EDGE_LOOP('',(#36098,#36108,#36118,#36128));
#36101=CARTESIAN_POINT('',(-6.668,-3.842,0.635));
#36100=VERTEX_POINT('',#36101);
#36103=CARTESIAN_POINT('',(-6.668,-2.064,0.635));
#36102=VERTEX_POINT('',#36103);
#36099=EDGE_CURVE('',#36100,#36102,#36104,.T.);
#36104=LINE('',#36101,#36106);
#36106=VECTOR('',#36107,1.77800634757545);
#36107=DIRECTION('',(0.0,1.0,0.0));
#36098=ORIENTED_EDGE('',*,*,#36099,.F.);
#36111=CARTESIAN_POINT('',(-6.033,-3.842,0.635));
#36110=VERTEX_POINT('',#36111);
#36109=EDGE_CURVE('',#36110,#36100,#36114,.T.);
#36114=LINE('',#36111,#36116);
#36116=VECTOR('',#36117,0.635000230858436);
#36117=DIRECTION('',(-1.0,0.0,0.0));
#36108=ORIENTED_EDGE('',*,*,#36109,.F.);
#36121=CARTESIAN_POINT('',(-6.033,-2.064,0.635));
#36120=VERTEX_POINT('',#36121);
#36119=EDGE_CURVE('',#36120,#36110,#36124,.T.);
#36124=LINE('',#36121,#36126);
#36126=VECTOR('',#36127,1.77800634757545);
#36127=DIRECTION('',(0.0,-1.0,0.0));
#36118=ORIENTED_EDGE('',*,*,#36119,.F.);
#36129=EDGE_CURVE('',#36102,#36120,#36134,.T.);
#36134=LINE('',#36103,#36136);
#36136=VECTOR('',#36137,0.635000041498696);
#36137=DIRECTION('',(1.0,0.0,0.0));
#36128=ORIENTED_EDGE('',*,*,#36129,.F.);
#36187=STYLED_ITEM('',(#34),#36188);
#36188=ADVANCED_FACE('',(#36194),#36189,.T.);
#36189=PLANE('',#36190);
#36190=AXIS2_PLACEMENT_3D('',#36191,#36192,#36193);
#36191=CARTESIAN_POINT('',(-6.033,-2.064,0.0));
#36192=DIRECTION('',(0.0,0.0,-1.0));
#36193=DIRECTION('',(0.,1.,0.));
#36194=FACE_OUTER_BOUND('',#36195,.T.);
#36195=EDGE_LOOP('',(#36196,#36206,#36216,#36226));
#36199=CARTESIAN_POINT('',(-6.033,-3.842,0.0));
#36198=VERTEX_POINT('',#36199);
#36201=CARTESIAN_POINT('',(-6.033,-2.064,0.0));
#36200=VERTEX_POINT('',#36201);
#36197=EDGE_CURVE('',#36198,#36200,#36202,.T.);
#36202=LINE('',#36199,#36204);
#36204=VECTOR('',#36205,1.77800634757545);
#36205=DIRECTION('',(0.0,1.0,0.0));
#36196=ORIENTED_EDGE('',*,*,#36197,.F.);
#36209=CARTESIAN_POINT('',(-6.668,-3.842,0.0));
#36208=VERTEX_POINT('',#36209);
#36207=EDGE_CURVE('',#36208,#36198,#36212,.T.);
#36212=LINE('',#36209,#36214);
#36214=VECTOR('',#36215,0.635000230858436);
#36215=DIRECTION('',(1.0,0.0,0.0));
#36206=ORIENTED_EDGE('',*,*,#36207,.F.);
#36219=CARTESIAN_POINT('',(-6.668,-2.064,0.0));
#36218=VERTEX_POINT('',#36219);
#36217=EDGE_CURVE('',#36218,#36208,#36222,.T.);
#36222=LINE('',#36219,#36224);
#36224=VECTOR('',#36225,1.77800634757545);
#36225=DIRECTION('',(0.0,-1.0,0.0));
#36216=ORIENTED_EDGE('',*,*,#36217,.F.);
#36227=EDGE_CURVE('',#36200,#36218,#36232,.T.);
#36232=LINE('',#36201,#36234);
#36234=VECTOR('',#36235,0.635000041498696);
#36235=DIRECTION('',(-1.0,0.0,0.0));
#36226=ORIENTED_EDGE('',*,*,#36227,.F.);
#36285=STYLED_ITEM('',(#34),#36286);
#36286=ADVANCED_FACE('',(#36292),#36287,.T.);
#36287=PLANE('',#36288);
#36288=AXIS2_PLACEMENT_3D('',#36289,#36290,#36291);
#36289=CARTESIAN_POINT('',(-6.509,-4.0,0.476));
#36290=DIRECTION('',(0.0,-0.707,0.707));
#36291=DIRECTION('',(0.,0.,1.));
#36292=FACE_OUTER_BOUND('',#36293,.T.);
#36293=EDGE_LOOP('',(#36294,#36304,#36314,#36324));
#36297=CARTESIAN_POINT('',(-6.191,-4.001,0.476));
#36296=VERTEX_POINT('',#36297);
#36299=CARTESIAN_POINT('',(-6.509,-4.0,0.476));
#36298=VERTEX_POINT('',#36299);
#36295=EDGE_CURVE('',#36296,#36298,#36300,.T.);
#36300=LINE('',#36297,#36302);
#36302=VECTOR('',#36303,0.317500253221193);
#36303=DIRECTION('',(-1.0,0.0,0.0));
#36294=ORIENTED_EDGE('',*,*,#36295,.F.);
#36305=EDGE_CURVE('',#36110,#36296,#36310,.T.);
#36310=LINE('',#36111,#36312);
#36312=VECTOR('',#36313,0.274963063823216);
#36313=DIRECTION('',(-0.577,-0.577,-0.577));
#36304=ORIENTED_EDGE('',*,*,#36305,.F.);
#36314=ORIENTED_EDGE('',*,*,#36109,.T.);
#36325=EDGE_CURVE('',#36298,#36100,#36330,.T.);
#36330=LINE('',#36299,#36332);
#36332=VECTOR('',#36333,0.274963063823216);
#36333=DIRECTION('',(-0.577,0.577,0.577));
#36324=ORIENTED_EDGE('',*,*,#36325,.F.);
#36334=STYLED_ITEM('',(#34),#36335);
#36335=ADVANCED_FACE('',(#36341),#36336,.T.);
#36336=PLANE('',#36337);
#36337=AXIS2_PLACEMENT_3D('',#36338,#36339,#36340);
#36338=CARTESIAN_POINT('',(-6.668,-3.842,0.0));
#36339=DIRECTION('',(-0.707,-0.707,0.0));
#36340=DIRECTION('',(0.,0.,1.));
#36341=FACE_OUTER_BOUND('',#36342,.T.);
#36342=EDGE_LOOP('',(#36343,#36353,#36363,#36373));
#36346=CARTESIAN_POINT('',(-6.509,-4.0,0.159));
#36345=VERTEX_POINT('',#36346);
#36344=EDGE_CURVE('',#36345,#36208,#36349,.T.);
#36349=LINE('',#36346,#36351);
#36351=VECTOR('',#36352,0.274963063823216);
#36352=DIRECTION('',(-0.577,0.577,-0.577));
#36343=ORIENTED_EDGE('',*,*,#36344,.F.);
#36354=EDGE_CURVE('',#36298,#36345,#36359,.T.);
#36359=LINE('',#36299,#36361);
#36361=VECTOR('',#36362,0.3175);
#36362=DIRECTION('',(0.0,0.0,-1.0));
#36353=ORIENTED_EDGE('',*,*,#36354,.F.);
#36363=ORIENTED_EDGE('',*,*,#36325,.T.);
#36374=EDGE_CURVE('',#36208,#36100,#36379,.T.);
#36379=LINE('',#36209,#36381);
#36381=VECTOR('',#36382,0.635);
#36382=DIRECTION('',(0.0,0.0,1.0));
#36373=ORIENTED_EDGE('',*,*,#36374,.F.);
#36383=STYLED_ITEM('',(#34),#36384);
#36384=ADVANCED_FACE('',(#36390),#36385,.T.);
#36385=PLANE('',#36386);
#36386=AXIS2_PLACEMENT_3D('',#36387,#36388,#36389);
#36387=CARTESIAN_POINT('',(-6.668,-3.842,0.0));
#36388=DIRECTION('',(0.0,-0.707,-0.707));
#36389=DIRECTION('',(0.,0.,1.));
#36390=FACE_OUTER_BOUND('',#36391,.T.);
#36391=EDGE_LOOP('',(#36392,#36402,#36412,#36422));
#36392=ORIENTED_EDGE('',*,*,#36207,.T.);
#36405=CARTESIAN_POINT('',(-6.191,-4.001,0.159));
#36404=VERTEX_POINT('',#36405);
#36403=EDGE_CURVE('',#36404,#36198,#36408,.T.);
#36408=LINE('',#36405,#36410);
#36410=VECTOR('',#36411,0.274963063823216);
#36411=DIRECTION('',(0.577,0.577,-0.577));
#36402=ORIENTED_EDGE('',*,*,#36403,.F.);
#36413=EDGE_CURVE('',#36345,#36404,#36418,.T.);
#36418=LINE('',#36346,#36420);
#36420=VECTOR('',#36421,0.317500253221193);
#36421=DIRECTION('',(1.0,0.0,0.0));
#36412=ORIENTED_EDGE('',*,*,#36413,.F.);
#36422=ORIENTED_EDGE('',*,*,#36344,.T.);
#36432=STYLED_ITEM('',(#34),#36433);
#36433=ADVANCED_FACE('',(#36439),#36434,.T.);
#36434=PLANE('',#36435);
#36435=AXIS2_PLACEMENT_3D('',#36436,#36437,#36438);
#36436=CARTESIAN_POINT('',(-6.191,-4.001,0.159));
#36437=DIRECTION('',(0.707,-0.707,0.0));
#36438=DIRECTION('',(0.,0.,1.));
#36439=FACE_OUTER_BOUND('',#36440,.T.);
#36440=EDGE_LOOP('',(#36441,#36451,#36461,#36471));
#36441=ORIENTED_EDGE('',*,*,#36403,.T.);
#36452=EDGE_CURVE('',#36110,#36198,#36457,.T.);
#36457=LINE('',#36111,#36459);
#36459=VECTOR('',#36460,0.635);
#36460=DIRECTION('',(0.0,0.0,-1.0));
#36451=ORIENTED_EDGE('',*,*,#36452,.F.);
#36461=ORIENTED_EDGE('',*,*,#36305,.T.);
#36472=EDGE_CURVE('',#36404,#36296,#36477,.T.);
#36477=LINE('',#36405,#36479);
#36479=VECTOR('',#36480,0.3175);
#36480=DIRECTION('',(0.0,0.0,1.0));
#36471=ORIENTED_EDGE('',*,*,#36472,.F.);
#36481=STYLED_ITEM('',(#34),#36482);
#36482=ADVANCED_FACE('',(#36488),#36483,.T.);
#36483=PLANE('',#36484);
#36484=AXIS2_PLACEMENT_3D('',#36485,#36486,#36487);
#36485=CARTESIAN_POINT('',(-6.509,-4.0,0.159));
#36486=DIRECTION('',(0.0,-1.0,0.0));
#36487=DIRECTION('',(0.,0.,1.));
#36488=FACE_OUTER_BOUND('',#36489,.T.);
#36489=EDGE_LOOP('',(#36490,#36500,#36510,#36520));
#36490=ORIENTED_EDGE('',*,*,#36413,.T.);
#36500=ORIENTED_EDGE('',*,*,#36472,.T.);
#36510=ORIENTED_EDGE('',*,*,#36295,.T.);
#36520=ORIENTED_EDGE('',*,*,#36354,.T.);
#36530=STYLED_ITEM($,(#34),#36531);
#36531=ADVANCED_FACE($,(#36537),#36532,.F.);
#36532=CYLINDRICAL_SURFACE($,#36533,0.15874365);
#36533=AXIS2_PLACEMENT_3D($,#36534,#36535,#36536);
#36534=CARTESIAN_POINT('',(-6.668,-2.064,0.794));
#36535=DIRECTION('',(-1.0,0.0,0.0));
#36536=DIRECTION('',(0.,0.,1.));
#36537=FACE_OUTER_BOUND($,#36538,.T.);
#36538=EDGE_LOOP($,(#36550,#36560,#36571,#36539));
#36550=ORIENTED_EDGE('',*,*,#36129,.T.);
#36561=EDGE_CURVE($,#36002,#36120,#36566,.T.);
#36566=CIRCLE($,#36567,0.15874365);
#36568=CARTESIAN_POINT('',(-6.033,-2.064,0.794));
#36567=AXIS2_PLACEMENT_3D($,#36568,#36569,#36570);
#36569=DIRECTION('',(-1.0,0.0,0.0));
#36570=DIRECTION('',(0.0,-0.707,-0.707));
#36560=ORIENTED_EDGE('',*,*,#36561,.F.);
#36571=ORIENTED_EDGE('',*,*,#36001,.T.);
#36540=EDGE_CURVE($,#36102,#36004,#36545,.T.);
#36545=CIRCLE($,#36546,0.15874365);
#36547=CARTESIAN_POINT('',(-6.668,-2.064,0.794));
#36546=AXIS2_PLACEMENT_3D($,#36547,#36548,#36549);
#36548=DIRECTION('',(1.0,0.0,0.0));
#36549=DIRECTION('',(0.0,0.707,0.707));
#36539=ORIENTED_EDGE('',*,*,#36540,.F.);
#36581=STYLED_ITEM($,(#34),#36582);
#36582=ADVANCED_FACE($,(#36588),#36583,.T.);
#36583=CYLINDRICAL_SURFACE($,#36584,0.79374365);
#36584=AXIS2_PLACEMENT_3D($,#36585,#36586,#36587);
#36585=CARTESIAN_POINT('',(-6.668,-2.064,0.794));
#36586=DIRECTION('',(1.0,0.0,0.0));
#36587=DIRECTION('',(0.,0.,1.));
#36588=FACE_OUTER_BOUND($,#36589,.T.);
#36589=EDGE_LOOP($,(#36601,#36611,#36622,#36590));
#36601=ORIENTED_EDGE('',*,*,#36227,.T.);
#36612=EDGE_CURVE($,#36051,#36218,#36617,.T.);
#36617=CIRCLE($,#36618,0.79374365);
#36618=AXIS2_PLACEMENT_3D($,#36547,#36620,#36621);
#36620=DIRECTION('',(-1.0,0.0,0.0));
#36621=DIRECTION('',(0.0,-0.707,-0.707));
#36611=ORIENTED_EDGE('',*,*,#36612,.F.);
#36622=ORIENTED_EDGE('',*,*,#36050,.T.);
#36591=EDGE_CURVE($,#36200,#36053,#36596,.T.);
#36596=CIRCLE($,#36597,0.79374365);
#36597=AXIS2_PLACEMENT_3D($,#36568,#36599,#36600);
#36599=DIRECTION('',(1.0,0.0,0.0));
#36600=DIRECTION('',(0.0,0.707,0.707));
#36590=ORIENTED_EDGE('',*,*,#36591,.F.);
#36632=STYLED_ITEM('color',(#34),#36633);
#36633=ADVANCED_FACE($,(#36639),#36634,.T.);
#36634=PLANE($,#36635);
#36635=AXIS2_PLACEMENT_3D($,#36636,#36637,#36638);
#36636=CARTESIAN_POINT('',(-6.667,-1.27,0.794));
#36637=DIRECTION('',(-1.0,0.0,0.0));
#36638=DIRECTION('',(1.,0.,0.));
#36639=FACE_OUTER_BOUND($,#36640,.T.);
#36640=EDGE_LOOP($,(#36643, #36653, #36663, #36673, #36684, #36694, #36704, #36714));
#36643=ORIENTED_EDGE('',*,*,#36031,.T.);
#36653=ORIENTED_EDGE('',*,*,#35952,.T.);
#36663=ORIENTED_EDGE('',*,*,#36060,.T.);
#36673=ORIENTED_EDGE('',*,*,#36612,.T.);
#36684=ORIENTED_EDGE('',*,*,#36217,.T.);
#36694=ORIENTED_EDGE('',*,*,#36374,.T.);
#36704=ORIENTED_EDGE('',*,*,#36099,.T.);
#36714=ORIENTED_EDGE('',*,*,#36540,.T.);
#36725=STYLED_ITEM('color',(#34),#36726);
#36726=ADVANCED_FACE($,(#36732),#36727,.T.);
#36727=PLANE($,#36728);
#36728=AXIS2_PLACEMENT_3D($,#36729,#36730,#36731);
#36729=CARTESIAN_POINT('',(-6.032,-1.27,0.794));
#36730=DIRECTION('',(1.0,0.0,0.0));
#36731=DIRECTION('',(-1.,0.,0.));
#36732=FACE_OUTER_BOUND($,#36733,.T.);
#36733=EDGE_LOOP($,(#36736, #36746, #36756, #36766, #36777, #36787, #36797, #36807));
#36736=ORIENTED_EDGE('',*,*,#36080,.T.);
#36746=ORIENTED_EDGE('',*,*,#35972,.T.);
#36756=ORIENTED_EDGE('',*,*,#36011,.T.);
#36766=ORIENTED_EDGE('',*,*,#36561,.T.);
#36777=ORIENTED_EDGE('',*,*,#36119,.T.);
#36787=ORIENTED_EDGE('',*,*,#36452,.T.);
#36797=ORIENTED_EDGE('',*,*,#36197,.T.);
#36807=ORIENTED_EDGE('',*,*,#36591,.T.);
#36818=MANIFOLD_SOLID_BREP($,#36819);
#36819=CLOSED_SHELL('',(#36823,#36872,#36921,#36970,#37019,#37068,#37117,#37166,#37215,#37264));
#36820=MANIFOLD_SOLID_BREP($,#36821);
#36821=CLOSED_SHELL('',(#37313,#37362,#37411,#37460,#37558,#37656,#37705,#37754,#37803,#37852,#37901,#37952,#38003,#38096));
#36822=STYLED_ITEM('',(#34),#36823);
#36823=ADVANCED_FACE('',(#36829),#36824,.T.);
#36824=PLANE('',#36825);
#36825=AXIS2_PLACEMENT_3D('',#36826,#36827,#36828);
#36826=CARTESIAN_POINT('',(-9.049,-1.429,9.652));
#36827=DIRECTION('',(0.0,0.0,1.0));
#36828=DIRECTION('',(0.,1.,0.));
#36829=FACE_OUTER_BOUND('',#36830,.T.);
#36830=EDGE_LOOP('',(#36831,#36841,#36851,#36861));
#36834=CARTESIAN_POINT('',(-9.049,-1.746,9.652));
#36833=VERTEX_POINT('',#36834);
#36836=CARTESIAN_POINT('',(-9.049,-1.429,9.652));
#36835=VERTEX_POINT('',#36836);
#36832=EDGE_CURVE('',#36833,#36835,#36837,.T.);
#36837=LINE('',#36834,#36839);
#36839=VECTOR('',#36840,0.317499995742357);
#36840=DIRECTION('',(0.0,1.0,0.0));
#36831=ORIENTED_EDGE('',*,*,#36832,.F.);
#36844=CARTESIAN_POINT('',(-8.731,-1.746,9.652));
#36843=VERTEX_POINT('',#36844);
#36842=EDGE_CURVE('',#36843,#36833,#36847,.T.);
#36847=LINE('',#36844,#36849);
#36849=VECTOR('',#36850,0.317500012765021);
#36850=DIRECTION('',(-1.0,0.0,0.0));
#36841=ORIENTED_EDGE('',*,*,#36842,.F.);
#36854=CARTESIAN_POINT('',(-8.731,-1.429,9.652));
#36853=VERTEX_POINT('',#36854);
#36852=EDGE_CURVE('',#36853,#36843,#36857,.T.);
#36857=LINE('',#36854,#36859);
#36859=VECTOR('',#36860,0.317499995742358);
#36860=DIRECTION('',(0.0,-1.0,0.0));
#36851=ORIENTED_EDGE('',*,*,#36852,.F.);
#36862=EDGE_CURVE('',#36835,#36853,#36867,.T.);
#36867=LINE('',#36836,#36869);
#36869=VECTOR('',#36870,0.317499995750262);
#36870=DIRECTION('',(1.0,0.0,0.0));
#36861=ORIENTED_EDGE('',*,*,#36862,.F.);
#36871=STYLED_ITEM('',(#34),#36872);
#36872=ADVANCED_FACE('',(#36878),#36873,.T.);
#36873=PLANE('',#36874);
#36874=AXIS2_PLACEMENT_3D('',#36875,#36876,#36877);
#36875=CARTESIAN_POINT('',(-9.208,-1.905,9.493));
#36876=DIRECTION('',(0.0,-0.707,0.707));
#36877=DIRECTION('',(0.,0.,1.));
#36878=FACE_OUTER_BOUND('',#36879,.T.);
#36879=EDGE_LOOP('',(#36880,#36890,#36900,#36910));
#36883=CARTESIAN_POINT('',(-8.573,-1.905,9.493));
#36882=VERTEX_POINT('',#36883);
#36885=CARTESIAN_POINT('',(-9.208,-1.905,9.493));
#36884=VERTEX_POINT('',#36885);
#36881=EDGE_CURVE('',#36882,#36884,#36886,.T.);
#36886=LINE('',#36883,#36888);
#36888=VECTOR('',#36889,0.635000025530044);
#36889=DIRECTION('',(-1.0,0.0,0.0));
#36880=ORIENTED_EDGE('',*,*,#36881,.F.);
#36891=EDGE_CURVE('',#36843,#36882,#36896,.T.);
#36896=LINE('',#36844,#36898);
#36898=VECTOR('',#36899,0.274963065701559);
#36899=DIRECTION('',(0.577,-0.577,-0.577));
#36890=ORIENTED_EDGE('',*,*,#36891,.F.);
#36900=ORIENTED_EDGE('',*,*,#36842,.T.);
#36911=EDGE_CURVE('',#36884,#36833,#36916,.T.);
#36916=LINE('',#36885,#36918);
#36918=VECTOR('',#36919,0.27496306570156);
#36919=DIRECTION('',(0.577,0.577,0.577));
#36910=ORIENTED_EDGE('',*,*,#36911,.F.);
#36920=STYLED_ITEM('',(#34),#36921);
#36921=ADVANCED_FACE('',(#36927),#36922,.T.);
#36922=PLANE('',#36923);
#36923=AXIS2_PLACEMENT_3D('',#36924,#36925,#36926);
#36924=CARTESIAN_POINT('',(-8.573,-1.905,9.493));
#36925=DIRECTION('',(0.707,0.0,0.707));
#36926=DIRECTION('',(0.,0.,1.));
#36927=FACE_OUTER_BOUND('',#36928,.T.);
#36928=EDGE_LOOP('',(#36929,#36939,#36949,#36959));
#36932=CARTESIAN_POINT('',(-8.572,-1.27,9.493));
#36931=VERTEX_POINT('',#36932);
#36930=EDGE_CURVE('',#36931,#36882,#36935,.T.);
#36935=LINE('',#36932,#36937);
#36937=VECTOR('',#36938,0.634999991484716);
#36938=DIRECTION('',(0.0,-1.0,0.0));
#36929=ORIENTED_EDGE('',*,*,#36930,.F.);
#36940=EDGE_CURVE('',#36853,#36931,#36945,.T.);
#36945=LINE('',#36854,#36947);
#36947=VECTOR('',#36948,0.274963065701559);
#36948=DIRECTION('',(0.577,0.577,-0.577));
#36939=ORIENTED_EDGE('',*,*,#36940,.F.);
#36949=ORIENTED_EDGE('',*,*,#36852,.T.);
#36959=ORIENTED_EDGE('',*,*,#36891,.T.);
#36969=STYLED_ITEM('',(#34),#36970);
#36970=ADVANCED_FACE('',(#36976),#36971,.T.);
#36971=PLANE('',#36972);
#36972=AXIS2_PLACEMENT_3D('',#36973,#36974,#36975);
#36973=CARTESIAN_POINT('',(-8.572,-1.27,9.493));
#36974=DIRECTION('',(0.0,0.707,0.707));
#36975=DIRECTION('',(0.,0.,1.));
#36976=FACE_OUTER_BOUND('',#36977,.T.);
#36977=EDGE_LOOP('',(#36978,#36988,#36998,#37008));
#36981=CARTESIAN_POINT('',(-9.207,-1.27,9.493));
#36980=VERTEX_POINT('',#36981);
#36979=EDGE_CURVE('',#36980,#36931,#36984,.T.);
#36984=LINE('',#36981,#36986);
#36986=VECTOR('',#36987,0.634999991500525);
#36987=DIRECTION('',(1.0,0.0,0.0));
#36978=ORIENTED_EDGE('',*,*,#36979,.F.);
#36989=EDGE_CURVE('',#36835,#36980,#36994,.T.);
#36994=LINE('',#36836,#36996);
#36996=VECTOR('',#36997,0.27496306570156);
#36997=DIRECTION('',(-0.577,0.577,-0.577));
#36988=ORIENTED_EDGE('',*,*,#36989,.F.);
#36998=ORIENTED_EDGE('',*,*,#36862,.T.);
#37008=ORIENTED_EDGE('',*,*,#36940,.T.);
#37018=STYLED_ITEM('',(#34),#37019);
#37019=ADVANCED_FACE('',(#37025),#37020,.T.);
#37020=PLANE('',#37021);
#37021=AXIS2_PLACEMENT_3D('',#37022,#37023,#37024);
#37022=CARTESIAN_POINT('',(-9.207,-1.27,9.493));
#37023=DIRECTION('',(-0.707,0.0,0.707));
#37024=DIRECTION('',(0.,0.,1.));
#37025=FACE_OUTER_BOUND('',#37026,.T.);
#37026=EDGE_LOOP('',(#37027,#37037,#37047,#37057));
#37028=EDGE_CURVE('',#36884,#36980,#37033,.T.);
#37033=LINE('',#36885,#37035);
#37035=VECTOR('',#37036,0.634999991484715);
#37036=DIRECTION('',(0.0,1.0,0.0));
#37027=ORIENTED_EDGE('',*,*,#37028,.F.);
#37037=ORIENTED_EDGE('',*,*,#36911,.T.);
#37047=ORIENTED_EDGE('',*,*,#36832,.T.);
#37057=ORIENTED_EDGE('',*,*,#36989,.T.);
#37067=STYLED_ITEM('',(#34),#37068);
#37068=ADVANCED_FACE('',(#37074),#37069,.T.);
#37069=PLANE('',#37070);
#37070=AXIS2_PLACEMENT_3D('',#37071,#37072,#37073);
#37071=CARTESIAN_POINT('',(-9.208,-1.905,3.924));
#37072=DIRECTION('',(0.0,-1.0,0.0));
#37073=DIRECTION('',(0.,0.,1.));
#37074=FACE_OUTER_BOUND('',#37075,.T.);
#37075=EDGE_LOOP('',(#37076,#37086,#37096,#37106));
#37079=CARTESIAN_POINT('',(-8.573,-1.905,3.924));
#37078=VERTEX_POINT('',#37079);
#37081=CARTESIAN_POINT('',(-9.208,-1.905,3.924));
#37080=VERTEX_POINT('',#37081);
#37077=EDGE_CURVE('',#37078,#37080,#37082,.T.);
#37082=LINE('',#37079,#37084);
#37084=VECTOR('',#37085,0.635000025530044);
#37085=DIRECTION('',(-1.0,0.0,0.0));
#37076=ORIENTED_EDGE('',*,*,#37077,.F.);
#37087=EDGE_CURVE('',#36882,#37078,#37092,.T.);
#37092=LINE('',#36883,#37094);
#37094=VECTOR('',#37095,5.5689754);
#37095=DIRECTION('',(0.0,0.0,-1.0));
#37086=ORIENTED_EDGE('',*,*,#37087,.F.);
#37096=ORIENTED_EDGE('',*,*,#36881,.T.);
#37107=EDGE_CURVE('',#37080,#36884,#37112,.T.);
#37112=LINE('',#37081,#37114);
#37114=VECTOR('',#37115,5.5689754);
#37115=DIRECTION('',(0.0,0.0,1.0));
#37106=ORIENTED_EDGE('',*,*,#37107,.F.);
#37116=STYLED_ITEM('',(#34),#37117);
#37117=ADVANCED_FACE('',(#37123),#37118,.T.);
#37118=PLANE('',#37119);
#37119=AXIS2_PLACEMENT_3D('',#37120,#37121,#37122);
#37120=CARTESIAN_POINT('',(-8.573,-1.905,3.924));
#37121=DIRECTION('',(1.0,0.0,0.0));
#37122=DIRECTION('',(0.,0.,1.));
#37123=FACE_OUTER_BOUND('',#37124,.T.);
#37124=EDGE_LOOP('',(#37125,#37135,#37145,#37155));
#37128=CARTESIAN_POINT('',(-8.572,-1.27,3.924));
#37127=VERTEX_POINT('',#37128);
#37126=EDGE_CURVE('',#37127,#37078,#37131,.T.);
#37131=LINE('',#37128,#37133);
#37133=VECTOR('',#37134,0.634999991484716);
#37134=DIRECTION('',(0.0,-1.0,0.0));
#37125=ORIENTED_EDGE('',*,*,#37126,.F.);
#37136=EDGE_CURVE('',#36931,#37127,#37141,.T.);
#37141=LINE('',#36932,#37143);
#37143=VECTOR('',#37144,5.5689754);
#37144=DIRECTION('',(0.0,0.0,-1.0));
#37135=ORIENTED_EDGE('',*,*,#37136,.F.);
#37145=ORIENTED_EDGE('',*,*,#36930,.T.);
#37155=ORIENTED_EDGE('',*,*,#37087,.T.);
#37165=STYLED_ITEM('',(#34),#37166);
#37166=ADVANCED_FACE('',(#37172),#37167,.T.);
#37167=PLANE('',#37168);
#37168=AXIS2_PLACEMENT_3D('',#37169,#37170,#37171);
#37169=CARTESIAN_POINT('',(-8.572,-1.27,3.924));
#37170=DIRECTION('',(0.0,1.0,0.0));
#37171=DIRECTION('',(0.,0.,1.));
#37172=FACE_OUTER_BOUND('',#37173,.T.);
#37173=EDGE_LOOP('',(#37174,#37184,#37194,#37204));
#37177=CARTESIAN_POINT('',(-9.207,-1.27,3.924));
#37176=VERTEX_POINT('',#37177);
#37175=EDGE_CURVE('',#37176,#37127,#37180,.T.);
#37180=LINE('',#37177,#37182);
#37182=VECTOR('',#37183,0.634999991500525);
#37183=DIRECTION('',(1.0,0.0,0.0));
#37174=ORIENTED_EDGE('',*,*,#37175,.F.);
#37185=EDGE_CURVE('',#36980,#37176,#37190,.T.);
#37190=LINE('',#36981,#37192);
#37192=VECTOR('',#37193,5.5689754);
#37193=DIRECTION('',(0.0,0.0,-1.0));
#37184=ORIENTED_EDGE('',*,*,#37185,.F.);
#37194=ORIENTED_EDGE('',*,*,#36979,.T.);
#37204=ORIENTED_EDGE('',*,*,#37136,.T.);
#37214=STYLED_ITEM('',(#34),#37215);
#37215=ADVANCED_FACE('',(#37221),#37216,.T.);
#37216=PLANE('',#37217);
#37217=AXIS2_PLACEMENT_3D('',#37218,#37219,#37220);
#37218=CARTESIAN_POINT('',(-9.207,-1.27,3.924));
#37219=DIRECTION('',(-1.0,0.0,0.0));
#37220=DIRECTION('',(0.,0.,1.));
#37221=FACE_OUTER_BOUND('',#37222,.T.);
#37222=EDGE_LOOP('',(#37223,#37233,#37243,#37253));
#37224=EDGE_CURVE('',#37080,#37176,#37229,.T.);
#37229=LINE('',#37081,#37231);
#37231=VECTOR('',#37232,0.634999991484715);
#37232=DIRECTION('',(0.0,1.0,0.0));
#37223=ORIENTED_EDGE('',*,*,#37224,.F.);
#37233=ORIENTED_EDGE('',*,*,#37107,.T.);
#37243=ORIENTED_EDGE('',*,*,#37028,.T.);
#37253=ORIENTED_EDGE('',*,*,#37185,.T.);
#37263=STYLED_ITEM('',(#34),#37264);
#37264=ADVANCED_FACE('',(#37270),#37265,.T.);
#37265=PLANE('',#37266);
#37266=AXIS2_PLACEMENT_3D('',#37267,#37268,#37269);
#37267=CARTESIAN_POINT('',(-8.572,-1.27,3.924));
#37268=DIRECTION('',(0.0,0.0,-1.0));
#37269=DIRECTION('',(0.,1.,0.));
#37270=FACE_OUTER_BOUND('',#37271,.T.);
#37271=EDGE_LOOP('',(#37272,#37282,#37292,#37302));
#37272=ORIENTED_EDGE('',*,*,#37126,.T.);
#37282=ORIENTED_EDGE('',*,*,#37077,.T.);
#37292=ORIENTED_EDGE('',*,*,#37224,.T.);
#37302=ORIENTED_EDGE('',*,*,#37175,.T.);
#37312=STYLED_ITEM('',(#34),#37313);
#37313=ADVANCED_FACE('',(#37319),#37314,.T.);
#37314=PLANE('',#37315);
#37315=AXIS2_PLACEMENT_3D('',#37316,#37317,#37318);
#37316=CARTESIAN_POINT('',(-9.207,-1.27,0.952));
#37317=DIRECTION('',(0.0,0.0,1.0));
#37318=DIRECTION('',(0.,1.,0.));
#37319=FACE_OUTER_BOUND('',#37320,.T.);
#37320=EDGE_LOOP('',(#37321,#37331,#37341,#37351));
#37324=CARTESIAN_POINT('',(-9.208,-1.905,0.952));
#37323=VERTEX_POINT('',#37324);
#37326=CARTESIAN_POINT('',(-9.207,-1.27,0.952));
#37325=VERTEX_POINT('',#37326);
#37322=EDGE_CURVE('',#37323,#37325,#37327,.T.);
#37327=LINE('',#37324,#37329);
#37329=VECTOR('',#37330,0.634999991484715);
#37330=DIRECTION('',(0.0,1.0,0.0));
#37321=ORIENTED_EDGE('',*,*,#37322,.F.);
#37334=CARTESIAN_POINT('',(-8.573,-1.905,0.952));
#37333=VERTEX_POINT('',#37334);
#37332=EDGE_CURVE('',#37333,#37323,#37337,.T.);
#37337=LINE('',#37334,#37339);
#37339=VECTOR('',#37340,0.635000025530044);
#37340=DIRECTION('',(-1.0,0.0,0.0));
#37331=ORIENTED_EDGE('',*,*,#37332,.F.);
#37344=CARTESIAN_POINT('',(-8.572,-1.27,0.952));
#37343=VERTEX_POINT('',#37344);
#37342=EDGE_CURVE('',#37343,#37333,#37347,.T.);
#37347=LINE('',#37344,#37349);
#37349=VECTOR('',#37350,0.634999991484716);
#37350=DIRECTION('',(0.0,-1.0,0.0));
#37341=ORIENTED_EDGE('',*,*,#37342,.F.);
#37352=EDGE_CURVE('',#37325,#37343,#37357,.T.);
#37357=LINE('',#37326,#37359);
#37359=VECTOR('',#37360,0.634999991500525);
#37360=DIRECTION('',(1.0,0.0,0.0));
#37351=ORIENTED_EDGE('',*,*,#37352,.F.);
#37361=STYLED_ITEM('',(#34),#37362);
#37362=ADVANCED_FACE('',(#37368),#37363,.T.);
#37363=PLANE('',#37364);
#37364=AXIS2_PLACEMENT_3D('',#37365,#37366,#37367);
#37365=CARTESIAN_POINT('',(-9.208,-1.905,0.794));
#37366=DIRECTION('',(0.0,-1.0,0.0));
#37367=DIRECTION('',(0.,0.,1.));
#37368=FACE_OUTER_BOUND('',#37369,.T.);
#37369=EDGE_LOOP('',(#37370,#37380,#37390,#37400));
#37373=CARTESIAN_POINT('',(-8.573,-1.905,0.794));
#37372=VERTEX_POINT('',#37373);
#37375=CARTESIAN_POINT('',(-9.208,-1.905,0.794));
#37374=VERTEX_POINT('',#37375);
#37371=EDGE_CURVE('',#37372,#37374,#37376,.T.);
#37376=LINE('',#37373,#37378);
#37378=VECTOR('',#37379,0.635000025530044);
#37379=DIRECTION('',(-1.0,0.0,0.0));
#37370=ORIENTED_EDGE('',*,*,#37371,.F.);
#37381=EDGE_CURVE('',#37333,#37372,#37386,.T.);
#37386=LINE('',#37334,#37388);
#37388=VECTOR('',#37389,0.15874365);
#37389=DIRECTION('',(0.0,0.0,-1.0));
#37380=ORIENTED_EDGE('',*,*,#37381,.F.);
#37390=ORIENTED_EDGE('',*,*,#37332,.T.);
#37401=EDGE_CURVE('',#37374,#37323,#37406,.T.);
#37406=LINE('',#37375,#37408);
#37408=VECTOR('',#37409,0.15874365);
#37409=DIRECTION('',(0.0,0.0,1.0));
#37400=ORIENTED_EDGE('',*,*,#37401,.F.);
#37410=STYLED_ITEM('',(#34),#37411);
#37411=ADVANCED_FACE('',(#37417),#37412,.T.);
#37412=PLANE('',#37413);
#37413=AXIS2_PLACEMENT_3D('',#37414,#37415,#37416);
#37414=CARTESIAN_POINT('',(-8.572,-1.27,0.794));
#37415=DIRECTION('',(0.0,1.0,0.0));
#37416=DIRECTION('',(0.,0.,1.));
#37417=FACE_OUTER_BOUND('',#37418,.T.);
#37418=EDGE_LOOP('',(#37419,#37429,#37439,#37449));
#37422=CARTESIAN_POINT('',(-9.207,-1.27,0.794));
#37421=VERTEX_POINT('',#37422);
#37424=CARTESIAN_POINT('',(-8.572,-1.27,0.794));
#37423=VERTEX_POINT('',#37424);
#37420=EDGE_CURVE('',#37421,#37423,#37425,.T.);
#37425=LINE('',#37422,#37427);
#37427=VECTOR('',#37428,0.634999991500525);
#37428=DIRECTION('',(1.0,0.0,0.0));
#37419=ORIENTED_EDGE('',*,*,#37420,.F.);
#37430=EDGE_CURVE('',#37325,#37421,#37435,.T.);
#37435=LINE('',#37326,#37437);
#37437=VECTOR('',#37438,0.15874365);
#37438=DIRECTION('',(0.0,0.0,-1.0));
#37429=ORIENTED_EDGE('',*,*,#37430,.F.);
#37439=ORIENTED_EDGE('',*,*,#37352,.T.);
#37450=EDGE_CURVE('',#37423,#37343,#37455,.T.);
#37455=LINE('',#37424,#37457);
#37457=VECTOR('',#37458,0.15874365);
#37458=DIRECTION('',(0.0,0.0,1.0));
#37449=ORIENTED_EDGE('',*,*,#37450,.F.);
#37459=STYLED_ITEM('',(#34),#37460);
#37460=ADVANCED_FACE('',(#37466),#37461,.T.);
#37461=PLANE('',#37462);
#37462=AXIS2_PLACEMENT_3D('',#37463,#37464,#37465);
#37463=CARTESIAN_POINT('',(-9.208,-2.064,0.635));
#37464=DIRECTION('',(0.0,0.0,1.0));
#37465=DIRECTION('',(0.,1.,0.));
#37466=FACE_OUTER_BOUND('',#37467,.T.);
#37467=EDGE_LOOP('',(#37468,#37478,#37488,#37498));
#37471=CARTESIAN_POINT('',(-9.208,-3.842,0.635));
#37470=VERTEX_POINT('',#37471);
#37473=CARTESIAN_POINT('',(-9.208,-2.064,0.635));
#37472=VERTEX_POINT('',#37473);
#37469=EDGE_CURVE('',#37470,#37472,#37474,.T.);
#37474=LINE('',#37471,#37476);
#37476=VECTOR('',#37477,1.77800634757545);
#37477=DIRECTION('',(0.0,1.0,0.0));
#37468=ORIENTED_EDGE('',*,*,#37469,.F.);
#37481=CARTESIAN_POINT('',(-8.573,-3.842,0.635));
#37480=VERTEX_POINT('',#37481);
#37479=EDGE_CURVE('',#37480,#37470,#37484,.T.);
#37484=LINE('',#37481,#37486);
#37486=VECTOR('',#37487,0.635000230858436);
#37487=DIRECTION('',(-1.0,0.0,0.0));
#37478=ORIENTED_EDGE('',*,*,#37479,.F.);
#37491=CARTESIAN_POINT('',(-8.573,-2.064,0.635));
#37490=VERTEX_POINT('',#37491);
#37489=EDGE_CURVE('',#37490,#37480,#37494,.T.);
#37494=LINE('',#37491,#37496);
#37496=VECTOR('',#37497,1.77800634757545);
#37497=DIRECTION('',(0.0,-1.0,0.0));
#37488=ORIENTED_EDGE('',*,*,#37489,.F.);
#37499=EDGE_CURVE('',#37472,#37490,#37504,.T.);
#37504=LINE('',#37473,#37506);
#37506=VECTOR('',#37507,0.635000041498695);
#37507=DIRECTION('',(1.0,0.0,0.0));
#37498=ORIENTED_EDGE('',*,*,#37499,.F.);
#37557=STYLED_ITEM('',(#34),#37558);
#37558=ADVANCED_FACE('',(#37564),#37559,.T.);
#37559=PLANE('',#37560);
#37560=AXIS2_PLACEMENT_3D('',#37561,#37562,#37563);
#37561=CARTESIAN_POINT('',(-8.573,-2.064,0.0));
#37562=DIRECTION('',(0.0,0.0,-1.0));
#37563=DIRECTION('',(0.,1.,0.));
#37564=FACE_OUTER_BOUND('',#37565,.T.);
#37565=EDGE_LOOP('',(#37566,#37576,#37586,#37596));
#37569=CARTESIAN_POINT('',(-8.573,-3.842,0.0));
#37568=VERTEX_POINT('',#37569);
#37571=CARTESIAN_POINT('',(-8.573,-2.064,0.0));
#37570=VERTEX_POINT('',#37571);
#37567=EDGE_CURVE('',#37568,#37570,#37572,.T.);
#37572=LINE('',#37569,#37574);
#37574=VECTOR('',#37575,1.77800634757545);
#37575=DIRECTION('',(0.0,1.0,0.0));
#37566=ORIENTED_EDGE('',*,*,#37567,.F.);
#37579=CARTESIAN_POINT('',(-9.208,-3.842,0.0));
#37578=VERTEX_POINT('',#37579);
#37577=EDGE_CURVE('',#37578,#37568,#37582,.T.);
#37582=LINE('',#37579,#37584);
#37584=VECTOR('',#37585,0.635000230858436);
#37585=DIRECTION('',(1.0,0.0,0.0));
#37576=ORIENTED_EDGE('',*,*,#37577,.F.);
#37589=CARTESIAN_POINT('',(-9.208,-2.064,0.0));
#37588=VERTEX_POINT('',#37589);
#37587=EDGE_CURVE('',#37588,#37578,#37592,.T.);
#37592=LINE('',#37589,#37594);
#37594=VECTOR('',#37595,1.77800634757545);
#37595=DIRECTION('',(0.0,-1.0,0.0));
#37586=ORIENTED_EDGE('',*,*,#37587,.F.);
#37597=EDGE_CURVE('',#37570,#37588,#37602,.T.);
#37602=LINE('',#37571,#37604);
#37604=VECTOR('',#37605,0.635000041498695);
#37605=DIRECTION('',(-1.0,0.0,0.0));
#37596=ORIENTED_EDGE('',*,*,#37597,.F.);
#37655=STYLED_ITEM('',(#34),#37656);
#37656=ADVANCED_FACE('',(#37662),#37657,.T.);
#37657=PLANE('',#37658);
#37658=AXIS2_PLACEMENT_3D('',#37659,#37660,#37661);
#37659=CARTESIAN_POINT('',(-9.049,-4.0,0.476));
#37660=DIRECTION('',(0.0,-0.707,0.707));
#37661=DIRECTION('',(0.,0.,1.));
#37662=FACE_OUTER_BOUND('',#37663,.T.);
#37663=EDGE_LOOP('',(#37664,#37674,#37684,#37694));
#37667=CARTESIAN_POINT('',(-8.731,-4.001,0.476));
#37666=VERTEX_POINT('',#37667);
#37669=CARTESIAN_POINT('',(-9.049,-4.0,0.476));
#37668=VERTEX_POINT('',#37669);
#37665=EDGE_CURVE('',#37666,#37668,#37670,.T.);
#37670=LINE('',#37667,#37672);
#37672=VECTOR('',#37673,0.317500253221194);
#37673=DIRECTION('',(-1.0,0.0,0.0));
#37664=ORIENTED_EDGE('',*,*,#37665,.F.);
#37675=EDGE_CURVE('',#37480,#37666,#37680,.T.);
#37680=LINE('',#37481,#37682);
#37682=VECTOR('',#37683,0.274963063823215);
#37683=DIRECTION('',(-0.577,-0.577,-0.577));
#37674=ORIENTED_EDGE('',*,*,#37675,.F.);
#37684=ORIENTED_EDGE('',*,*,#37479,.T.);
#37695=EDGE_CURVE('',#37668,#37470,#37700,.T.);
#37700=LINE('',#37669,#37702);
#37702=VECTOR('',#37703,0.274963063823216);
#37703=DIRECTION('',(-0.577,0.577,0.577));
#37694=ORIENTED_EDGE('',*,*,#37695,.F.);
#37704=STYLED_ITEM('',(#34),#37705);
#37705=ADVANCED_FACE('',(#37711),#37706,.T.);
#37706=PLANE('',#37707);
#37707=AXIS2_PLACEMENT_3D('',#37708,#37709,#37710);
#37708=CARTESIAN_POINT('',(-9.208,-3.842,0.0));
#37709=DIRECTION('',(-0.707,-0.707,0.0));
#37710=DIRECTION('',(0.,0.,1.));
#37711=FACE_OUTER_BOUND('',#37712,.T.);
#37712=EDGE_LOOP('',(#37713,#37723,#37733,#37743));
#37716=CARTESIAN_POINT('',(-9.049,-4.0,0.159));
#37715=VERTEX_POINT('',#37716);
#37714=EDGE_CURVE('',#37715,#37578,#37719,.T.);
#37719=LINE('',#37716,#37721);
#37721=VECTOR('',#37722,0.274963063823216);
#37722=DIRECTION('',(-0.577,0.577,-0.577));
#37713=ORIENTED_EDGE('',*,*,#37714,.F.);
#37724=EDGE_CURVE('',#37668,#37715,#37729,.T.);
#37729=LINE('',#37669,#37731);
#37731=VECTOR('',#37732,0.3175);
#37732=DIRECTION('',(0.0,0.0,-1.0));
#37723=ORIENTED_EDGE('',*,*,#37724,.F.);
#37733=ORIENTED_EDGE('',*,*,#37695,.T.);
#37744=EDGE_CURVE('',#37578,#37470,#37749,.T.);
#37749=LINE('',#37579,#37751);
#37751=VECTOR('',#37752,0.635);
#37752=DIRECTION('',(0.0,0.0,1.0));
#37743=ORIENTED_EDGE('',*,*,#37744,.F.);
#37753=STYLED_ITEM('',(#34),#37754);
#37754=ADVANCED_FACE('',(#37760),#37755,.T.);
#37755=PLANE('',#37756);
#37756=AXIS2_PLACEMENT_3D('',#37757,#37758,#37759);
#37757=CARTESIAN_POINT('',(-9.208,-3.842,0.0));
#37758=DIRECTION('',(0.0,-0.707,-0.707));
#37759=DIRECTION('',(0.,0.,1.));
#37760=FACE_OUTER_BOUND('',#37761,.T.);
#37761=EDGE_LOOP('',(#37762,#37772,#37782,#37792));
#37762=ORIENTED_EDGE('',*,*,#37577,.T.);
#37775=CARTESIAN_POINT('',(-8.731,-4.001,0.159));
#37774=VERTEX_POINT('',#37775);
#37773=EDGE_CURVE('',#37774,#37568,#37778,.T.);
#37778=LINE('',#37775,#37780);
#37780=VECTOR('',#37781,0.274963063823215);
#37781=DIRECTION('',(0.577,0.577,-0.577));
#37772=ORIENTED_EDGE('',*,*,#37773,.F.);
#37783=EDGE_CURVE('',#37715,#37774,#37788,.T.);
#37788=LINE('',#37716,#37790);
#37790=VECTOR('',#37791,0.317500253221194);
#37791=DIRECTION('',(1.0,0.0,0.0));
#37782=ORIENTED_EDGE('',*,*,#37783,.F.);
#37792=ORIENTED_EDGE('',*,*,#37714,.T.);
#37802=STYLED_ITEM('',(#34),#37803);
#37803=ADVANCED_FACE('',(#37809),#37804,.T.);
#37804=PLANE('',#37805);
#37805=AXIS2_PLACEMENT_3D('',#37806,#37807,#37808);
#37806=CARTESIAN_POINT('',(-8.731,-4.001,0.159));
#37807=DIRECTION('',(0.707,-0.707,0.0));
#37808=DIRECTION('',(0.,0.,1.));
#37809=FACE_OUTER_BOUND('',#37810,.T.);
#37810=EDGE_LOOP('',(#37811,#37821,#37831,#37841));
#37811=ORIENTED_EDGE('',*,*,#37773,.T.);
#37822=EDGE_CURVE('',#37480,#37568,#37827,.T.);
#37827=LINE('',#37481,#37829);
#37829=VECTOR('',#37830,0.635);
#37830=DIRECTION('',(0.0,0.0,-1.0));
#37821=ORIENTED_EDGE('',*,*,#37822,.F.);
#37831=ORIENTED_EDGE('',*,*,#37675,.T.);
#37842=EDGE_CURVE('',#37774,#37666,#37847,.T.);
#37847=LINE('',#37775,#37849);
#37849=VECTOR('',#37850,0.3175);
#37850=DIRECTION('',(0.0,0.0,1.0));
#37841=ORIENTED_EDGE('',*,*,#37842,.F.);
#37851=STYLED_ITEM('',(#34),#37852);
#37852=ADVANCED_FACE('',(#37858),#37853,.T.);
#37853=PLANE('',#37854);
#37854=AXIS2_PLACEMENT_3D('',#37855,#37856,#37857);
#37855=CARTESIAN_POINT('',(-9.049,-4.0,0.159));
#37856=DIRECTION('',(0.0,-1.0,0.0));
#37857=DIRECTION('',(0.,0.,1.));
#37858=FACE_OUTER_BOUND('',#37859,.T.);
#37859=EDGE_LOOP('',(#37860,#37870,#37880,#37890));
#37860=ORIENTED_EDGE('',*,*,#37783,.T.);
#37870=ORIENTED_EDGE('',*,*,#37842,.T.);
#37880=ORIENTED_EDGE('',*,*,#37665,.T.);
#37890=ORIENTED_EDGE('',*,*,#37724,.T.);
#37900=STYLED_ITEM($,(#34),#37901);
#37901=ADVANCED_FACE($,(#37907),#37902,.F.);
#37902=CYLINDRICAL_SURFACE($,#37903,0.15874365);
#37903=AXIS2_PLACEMENT_3D($,#37904,#37905,#37906);
#37904=CARTESIAN_POINT('',(-9.208,-2.064,0.794));
#37905=DIRECTION('',(-1.0,0.0,0.0));
#37906=DIRECTION('',(0.,0.,1.));
#37907=FACE_OUTER_BOUND($,#37908,.T.);
#37908=EDGE_LOOP($,(#37920,#37930,#37941,#37909));
#37920=ORIENTED_EDGE('',*,*,#37499,.T.);
#37931=EDGE_CURVE($,#37372,#37490,#37936,.T.);
#37936=CIRCLE($,#37937,0.15874365);
#37938=CARTESIAN_POINT('',(-8.573,-2.064,0.794));
#37937=AXIS2_PLACEMENT_3D($,#37938,#37939,#37940);
#37939=DIRECTION('',(-1.0,0.0,0.0));
#37940=DIRECTION('',(0.0,-0.707,-0.707));
#37930=ORIENTED_EDGE('',*,*,#37931,.F.);
#37941=ORIENTED_EDGE('',*,*,#37371,.T.);
#37910=EDGE_CURVE($,#37472,#37374,#37915,.T.);
#37915=CIRCLE($,#37916,0.15874365);
#37917=CARTESIAN_POINT('',(-9.208,-2.064,0.794));
#37916=AXIS2_PLACEMENT_3D($,#37917,#37918,#37919);
#37918=DIRECTION('',(1.0,0.0,0.0));
#37919=DIRECTION('',(0.0,0.707,0.707));
#37909=ORIENTED_EDGE('',*,*,#37910,.F.);
#37951=STYLED_ITEM($,(#34),#37952);
#37952=ADVANCED_FACE($,(#37958),#37953,.T.);
#37953=CYLINDRICAL_SURFACE($,#37954,0.79374365);
#37954=AXIS2_PLACEMENT_3D($,#37955,#37956,#37957);
#37955=CARTESIAN_POINT('',(-9.208,-2.064,0.794));
#37956=DIRECTION('',(1.0,0.0,0.0));
#37957=DIRECTION('',(0.,0.,1.));
#37958=FACE_OUTER_BOUND($,#37959,.T.);
#37959=EDGE_LOOP($,(#37971,#37981,#37992,#37960));
#37971=ORIENTED_EDGE('',*,*,#37597,.T.);
#37982=EDGE_CURVE($,#37421,#37588,#37987,.T.);
#37987=CIRCLE($,#37988,0.79374365);
#37988=AXIS2_PLACEMENT_3D($,#37917,#37990,#37991);
#37990=DIRECTION('',(-1.0,0.0,0.0));
#37991=DIRECTION('',(0.0,-0.707,-0.707));
#37981=ORIENTED_EDGE('',*,*,#37982,.F.);
#37992=ORIENTED_EDGE('',*,*,#37420,.T.);
#37961=EDGE_CURVE($,#37570,#37423,#37966,.T.);
#37966=CIRCLE($,#37967,0.79374365);
#37967=AXIS2_PLACEMENT_3D($,#37938,#37969,#37970);
#37969=DIRECTION('',(1.0,0.0,0.0));
#37970=DIRECTION('',(0.0,0.707,0.707));
#37960=ORIENTED_EDGE('',*,*,#37961,.F.);
#38002=STYLED_ITEM('color',(#34),#38003);
#38003=ADVANCED_FACE($,(#38009),#38004,.T.);
#38004=PLANE($,#38005);
#38005=AXIS2_PLACEMENT_3D($,#38006,#38007,#38008);
#38006=CARTESIAN_POINT('',(-9.207,-1.27,0.794));
#38007=DIRECTION('',(-1.0,0.0,0.0));
#38008=DIRECTION('',(1.,0.,0.));
#38009=FACE_OUTER_BOUND($,#38010,.T.);
#38010=EDGE_LOOP($,(#38013, #38023, #38033, #38043, #38054, #38064, #38074, #38084));
#38013=ORIENTED_EDGE('',*,*,#37401,.T.);
#38023=ORIENTED_EDGE('',*,*,#37322,.T.);
#38033=ORIENTED_EDGE('',*,*,#37430,.T.);
#38043=ORIENTED_EDGE('',*,*,#37982,.T.);
#38054=ORIENTED_EDGE('',*,*,#37587,.T.);
#38064=ORIENTED_EDGE('',*,*,#37744,.T.);
#38074=ORIENTED_EDGE('',*,*,#37469,.T.);
#38084=ORIENTED_EDGE('',*,*,#37910,.T.);
#38095=STYLED_ITEM('color',(#34),#38096);
#38096=ADVANCED_FACE($,(#38102),#38097,.T.);
#38097=PLANE($,#38098);
#38098=AXIS2_PLACEMENT_3D($,#38099,#38100,#38101);
#38099=CARTESIAN_POINT('',(-8.572,-1.27,0.794));
#38100=DIRECTION('',(1.0,0.0,0.0));
#38101=DIRECTION('',(-1.,0.,0.));
#38102=FACE_OUTER_BOUND($,#38103,.T.);
#38103=EDGE_LOOP($,(#38106, #38116, #38126, #38136, #38147, #38157, #38167, #38177));
#38106=ORIENTED_EDGE('',*,*,#37450,.T.);
#38116=ORIENTED_EDGE('',*,*,#37342,.T.);
#38126=ORIENTED_EDGE('',*,*,#37381,.T.);
#38136=ORIENTED_EDGE('',*,*,#37931,.T.);
#38147=ORIENTED_EDGE('',*,*,#37489,.T.);
#38157=ORIENTED_EDGE('',*,*,#37822,.T.);
#38167=ORIENTED_EDGE('',*,*,#37567,.T.);
#38177=ORIENTED_EDGE('',*,*,#37961,.T.);
#38188=MANIFOLD_SOLID_BREP($,#38189);
#38189=CLOSED_SHELL('',(#38193,#38242,#38291,#38340,#38389,#38438,#38487,#38536,#38585,#38634));
#38190=MANIFOLD_SOLID_BREP($,#38191);
#38191=CLOSED_SHELL('',(#38683,#38732,#38781,#38830,#38928,#39026,#39075,#39124,#39173,#39222,#39271,#39322,#39373,#39466));
#38192=STYLED_ITEM('',(#34),#38193);
#38193=ADVANCED_FACE('',(#38199),#38194,.T.);
#38194=PLANE('',#38195);
#38195=AXIS2_PLACEMENT_3D('',#38196,#38197,#38198);
#38196=CARTESIAN_POINT('',(-11.589,-1.429,9.652));
#38197=DIRECTION('',(0.0,0.0,1.0));
#38198=DIRECTION('',(0.,1.,0.));
#38199=FACE_OUTER_BOUND('',#38200,.T.);
#38200=EDGE_LOOP('',(#38201,#38211,#38221,#38231));
#38204=CARTESIAN_POINT('',(-11.589,-1.746,9.652));
#38203=VERTEX_POINT('',#38204);
#38206=CARTESIAN_POINT('',(-11.589,-1.429,9.652));
#38205=VERTEX_POINT('',#38206);
#38202=EDGE_CURVE('',#38203,#38205,#38207,.T.);
#38207=LINE('',#38204,#38209);
#38209=VECTOR('',#38210,0.317499995742357);
#38210=DIRECTION('',(0.0,1.0,0.0));
#38201=ORIENTED_EDGE('',*,*,#38202,.F.);
#38214=CARTESIAN_POINT('',(-11.271,-1.746,9.652));
#38213=VERTEX_POINT('',#38214);
#38212=EDGE_CURVE('',#38213,#38203,#38217,.T.);
#38217=LINE('',#38214,#38219);
#38219=VECTOR('',#38220,0.317500012765021);
#38220=DIRECTION('',(-1.0,0.0,0.0));
#38211=ORIENTED_EDGE('',*,*,#38212,.F.);
#38224=CARTESIAN_POINT('',(-11.271,-1.429,9.652));
#38223=VERTEX_POINT('',#38224);
#38222=EDGE_CURVE('',#38223,#38213,#38227,.T.);
#38227=LINE('',#38224,#38229);
#38229=VECTOR('',#38230,0.317499995742358);
#38230=DIRECTION('',(0.0,-1.0,0.0));
#38221=ORIENTED_EDGE('',*,*,#38222,.F.);
#38232=EDGE_CURVE('',#38205,#38223,#38237,.T.);
#38237=LINE('',#38206,#38239);
#38239=VECTOR('',#38240,0.317499995750262);
#38240=DIRECTION('',(1.0,0.0,0.0));
#38231=ORIENTED_EDGE('',*,*,#38232,.F.);
#38241=STYLED_ITEM('',(#34),#38242);
#38242=ADVANCED_FACE('',(#38248),#38243,.T.);
#38243=PLANE('',#38244);
#38244=AXIS2_PLACEMENT_3D('',#38245,#38246,#38247);
#38245=CARTESIAN_POINT('',(-11.748,-1.905,9.493));
#38246=DIRECTION('',(0.0,-0.707,0.707));
#38247=DIRECTION('',(0.,0.,1.));
#38248=FACE_OUTER_BOUND('',#38249,.T.);
#38249=EDGE_LOOP('',(#38250,#38260,#38270,#38280));
#38253=CARTESIAN_POINT('',(-11.113,-1.905,9.493));
#38252=VERTEX_POINT('',#38253);
#38255=CARTESIAN_POINT('',(-11.748,-1.905,9.493));
#38254=VERTEX_POINT('',#38255);
#38251=EDGE_CURVE('',#38252,#38254,#38256,.T.);
#38256=LINE('',#38253,#38258);
#38258=VECTOR('',#38259,0.635000025530044);
#38259=DIRECTION('',(-1.0,0.0,0.0));
#38250=ORIENTED_EDGE('',*,*,#38251,.F.);
#38261=EDGE_CURVE('',#38213,#38252,#38266,.T.);
#38266=LINE('',#38214,#38268);
#38268=VECTOR('',#38269,0.274963065701559);
#38269=DIRECTION('',(0.577,-0.577,-0.577));
#38260=ORIENTED_EDGE('',*,*,#38261,.F.);
#38270=ORIENTED_EDGE('',*,*,#38212,.T.);
#38281=EDGE_CURVE('',#38254,#38203,#38286,.T.);
#38286=LINE('',#38255,#38288);
#38288=VECTOR('',#38289,0.27496306570156);
#38289=DIRECTION('',(0.577,0.577,0.577));
#38280=ORIENTED_EDGE('',*,*,#38281,.F.);
#38290=STYLED_ITEM('',(#34),#38291);
#38291=ADVANCED_FACE('',(#38297),#38292,.T.);
#38292=PLANE('',#38293);
#38293=AXIS2_PLACEMENT_3D('',#38294,#38295,#38296);
#38294=CARTESIAN_POINT('',(-11.113,-1.905,9.493));
#38295=DIRECTION('',(0.707,0.0,0.707));
#38296=DIRECTION('',(0.,0.,1.));
#38297=FACE_OUTER_BOUND('',#38298,.T.);
#38298=EDGE_LOOP('',(#38299,#38309,#38319,#38329));
#38302=CARTESIAN_POINT('',(-11.112,-1.27,9.493));
#38301=VERTEX_POINT('',#38302);
#38300=EDGE_CURVE('',#38301,#38252,#38305,.T.);
#38305=LINE('',#38302,#38307);
#38307=VECTOR('',#38308,0.634999991484716);
#38308=DIRECTION('',(0.0,-1.0,0.0));
#38299=ORIENTED_EDGE('',*,*,#38300,.F.);
#38310=EDGE_CURVE('',#38223,#38301,#38315,.T.);
#38315=LINE('',#38224,#38317);
#38317=VECTOR('',#38318,0.274963065701559);
#38318=DIRECTION('',(0.577,0.577,-0.577));
#38309=ORIENTED_EDGE('',*,*,#38310,.F.);
#38319=ORIENTED_EDGE('',*,*,#38222,.T.);
#38329=ORIENTED_EDGE('',*,*,#38261,.T.);
#38339=STYLED_ITEM('',(#34),#38340);
#38340=ADVANCED_FACE('',(#38346),#38341,.T.);
#38341=PLANE('',#38342);
#38342=AXIS2_PLACEMENT_3D('',#38343,#38344,#38345);
#38343=CARTESIAN_POINT('',(-11.112,-1.27,9.493));
#38344=DIRECTION('',(0.0,0.707,0.707));
#38345=DIRECTION('',(0.,0.,1.));
#38346=FACE_OUTER_BOUND('',#38347,.T.);
#38347=EDGE_LOOP('',(#38348,#38358,#38368,#38378));
#38351=CARTESIAN_POINT('',(-11.747,-1.27,9.493));
#38350=VERTEX_POINT('',#38351);
#38349=EDGE_CURVE('',#38350,#38301,#38354,.T.);
#38354=LINE('',#38351,#38356);
#38356=VECTOR('',#38357,0.634999991500525);
#38357=DIRECTION('',(1.0,0.0,0.0));
#38348=ORIENTED_EDGE('',*,*,#38349,.F.);
#38359=EDGE_CURVE('',#38205,#38350,#38364,.T.);
#38364=LINE('',#38206,#38366);
#38366=VECTOR('',#38367,0.27496306570156);
#38367=DIRECTION('',(-0.577,0.577,-0.577));
#38358=ORIENTED_EDGE('',*,*,#38359,.F.);
#38368=ORIENTED_EDGE('',*,*,#38232,.T.);
#38378=ORIENTED_EDGE('',*,*,#38310,.T.);
#38388=STYLED_ITEM('',(#34),#38389);
#38389=ADVANCED_FACE('',(#38395),#38390,.T.);
#38390=PLANE('',#38391);
#38391=AXIS2_PLACEMENT_3D('',#38392,#38393,#38394);
#38392=CARTESIAN_POINT('',(-11.747,-1.27,9.493));
#38393=DIRECTION('',(-0.707,0.0,0.707));
#38394=DIRECTION('',(0.,0.,1.));
#38395=FACE_OUTER_BOUND('',#38396,.T.);
#38396=EDGE_LOOP('',(#38397,#38407,#38417,#38427));
#38398=EDGE_CURVE('',#38254,#38350,#38403,.T.);
#38403=LINE('',#38255,#38405);
#38405=VECTOR('',#38406,0.634999991484715);
#38406=DIRECTION('',(0.0,1.0,0.0));
#38397=ORIENTED_EDGE('',*,*,#38398,.F.);
#38407=ORIENTED_EDGE('',*,*,#38281,.T.);
#38417=ORIENTED_EDGE('',*,*,#38202,.T.);
#38427=ORIENTED_EDGE('',*,*,#38359,.T.);
#38437=STYLED_ITEM('',(#34),#38438);
#38438=ADVANCED_FACE('',(#38444),#38439,.T.);
#38439=PLANE('',#38440);
#38440=AXIS2_PLACEMENT_3D('',#38441,#38442,#38443);
#38441=CARTESIAN_POINT('',(-11.748,-1.905,3.924));
#38442=DIRECTION('',(0.0,-1.0,0.0));
#38443=DIRECTION('',(0.,0.,1.));
#38444=FACE_OUTER_BOUND('',#38445,.T.);
#38445=EDGE_LOOP('',(#38446,#38456,#38466,#38476));
#38449=CARTESIAN_POINT('',(-11.113,-1.905,3.924));
#38448=VERTEX_POINT('',#38449);
#38451=CARTESIAN_POINT('',(-11.748,-1.905,3.924));
#38450=VERTEX_POINT('',#38451);
#38447=EDGE_CURVE('',#38448,#38450,#38452,.T.);
#38452=LINE('',#38449,#38454);
#38454=VECTOR('',#38455,0.635000025530044);
#38455=DIRECTION('',(-1.0,0.0,0.0));
#38446=ORIENTED_EDGE('',*,*,#38447,.F.);
#38457=EDGE_CURVE('',#38252,#38448,#38462,.T.);
#38462=LINE('',#38253,#38464);
#38464=VECTOR('',#38465,5.5689754);
#38465=DIRECTION('',(0.0,0.0,-1.0));
#38456=ORIENTED_EDGE('',*,*,#38457,.F.);
#38466=ORIENTED_EDGE('',*,*,#38251,.T.);
#38477=EDGE_CURVE('',#38450,#38254,#38482,.T.);
#38482=LINE('',#38451,#38484);
#38484=VECTOR('',#38485,5.5689754);
#38485=DIRECTION('',(0.0,0.0,1.0));
#38476=ORIENTED_EDGE('',*,*,#38477,.F.);
#38486=STYLED_ITEM('',(#34),#38487);
#38487=ADVANCED_FACE('',(#38493),#38488,.T.);
#38488=PLANE('',#38489);
#38489=AXIS2_PLACEMENT_3D('',#38490,#38491,#38492);
#38490=CARTESIAN_POINT('',(-11.113,-1.905,3.924));
#38491=DIRECTION('',(1.0,0.0,0.0));
#38492=DIRECTION('',(0.,0.,1.));
#38493=FACE_OUTER_BOUND('',#38494,.T.);
#38494=EDGE_LOOP('',(#38495,#38505,#38515,#38525));
#38498=CARTESIAN_POINT('',(-11.112,-1.27,3.924));
#38497=VERTEX_POINT('',#38498);
#38496=EDGE_CURVE('',#38497,#38448,#38501,.T.);
#38501=LINE('',#38498,#38503);
#38503=VECTOR('',#38504,0.634999991484716);
#38504=DIRECTION('',(0.0,-1.0,0.0));
#38495=ORIENTED_EDGE('',*,*,#38496,.F.);
#38506=EDGE_CURVE('',#38301,#38497,#38511,.T.);
#38511=LINE('',#38302,#38513);
#38513=VECTOR('',#38514,5.5689754);
#38514=DIRECTION('',(0.0,0.0,-1.0));
#38505=ORIENTED_EDGE('',*,*,#38506,.F.);
#38515=ORIENTED_EDGE('',*,*,#38300,.T.);
#38525=ORIENTED_EDGE('',*,*,#38457,.T.);
#38535=STYLED_ITEM('',(#34),#38536);
#38536=ADVANCED_FACE('',(#38542),#38537,.T.);
#38537=PLANE('',#38538);
#38538=AXIS2_PLACEMENT_3D('',#38539,#38540,#38541);
#38539=CARTESIAN_POINT('',(-11.112,-1.27,3.924));
#38540=DIRECTION('',(0.0,1.0,0.0));
#38541=DIRECTION('',(0.,0.,1.));
#38542=FACE_OUTER_BOUND('',#38543,.T.);
#38543=EDGE_LOOP('',(#38544,#38554,#38564,#38574));
#38547=CARTESIAN_POINT('',(-11.747,-1.27,3.924));
#38546=VERTEX_POINT('',#38547);
#38545=EDGE_CURVE('',#38546,#38497,#38550,.T.);
#38550=LINE('',#38547,#38552);
#38552=VECTOR('',#38553,0.634999991500525);
#38553=DIRECTION('',(1.0,0.0,0.0));
#38544=ORIENTED_EDGE('',*,*,#38545,.F.);
#38555=EDGE_CURVE('',#38350,#38546,#38560,.T.);
#38560=LINE('',#38351,#38562);
#38562=VECTOR('',#38563,5.5689754);
#38563=DIRECTION('',(0.0,0.0,-1.0));
#38554=ORIENTED_EDGE('',*,*,#38555,.F.);
#38564=ORIENTED_EDGE('',*,*,#38349,.T.);
#38574=ORIENTED_EDGE('',*,*,#38506,.T.);
#38584=STYLED_ITEM('',(#34),#38585);
#38585=ADVANCED_FACE('',(#38591),#38586,.T.);
#38586=PLANE('',#38587);
#38587=AXIS2_PLACEMENT_3D('',#38588,#38589,#38590);
#38588=CARTESIAN_POINT('',(-11.747,-1.27,3.924));
#38589=DIRECTION('',(-1.0,0.0,0.0));
#38590=DIRECTION('',(0.,0.,1.));
#38591=FACE_OUTER_BOUND('',#38592,.T.);
#38592=EDGE_LOOP('',(#38593,#38603,#38613,#38623));
#38594=EDGE_CURVE('',#38450,#38546,#38599,.T.);
#38599=LINE('',#38451,#38601);
#38601=VECTOR('',#38602,0.634999991484715);
#38602=DIRECTION('',(0.0,1.0,0.0));
#38593=ORIENTED_EDGE('',*,*,#38594,.F.);
#38603=ORIENTED_EDGE('',*,*,#38477,.T.);
#38613=ORIENTED_EDGE('',*,*,#38398,.T.);
#38623=ORIENTED_EDGE('',*,*,#38555,.T.);
#38633=STYLED_ITEM('',(#34),#38634);
#38634=ADVANCED_FACE('',(#38640),#38635,.T.);
#38635=PLANE('',#38636);
#38636=AXIS2_PLACEMENT_3D('',#38637,#38638,#38639);
#38637=CARTESIAN_POINT('',(-11.112,-1.27,3.924));
#38638=DIRECTION('',(0.0,0.0,-1.0));
#38639=DIRECTION('',(0.,1.,0.));
#38640=FACE_OUTER_BOUND('',#38641,.T.);
#38641=EDGE_LOOP('',(#38642,#38652,#38662,#38672));
#38642=ORIENTED_EDGE('',*,*,#38496,.T.);
#38652=ORIENTED_EDGE('',*,*,#38447,.T.);
#38662=ORIENTED_EDGE('',*,*,#38594,.T.);
#38672=ORIENTED_EDGE('',*,*,#38545,.T.);
#38682=STYLED_ITEM('',(#34),#38683);
#38683=ADVANCED_FACE('',(#38689),#38684,.T.);
#38684=PLANE('',#38685);
#38685=AXIS2_PLACEMENT_3D('',#38686,#38687,#38688);
#38686=CARTESIAN_POINT('',(-11.747,-1.27,0.952));
#38687=DIRECTION('',(0.0,0.0,1.0));
#38688=DIRECTION('',(0.,1.,0.));
#38689=FACE_OUTER_BOUND('',#38690,.T.);
#38690=EDGE_LOOP('',(#38691,#38701,#38711,#38721));
#38694=CARTESIAN_POINT('',(-11.748,-1.905,0.952));
#38693=VERTEX_POINT('',#38694);
#38696=CARTESIAN_POINT('',(-11.747,-1.27,0.952));
#38695=VERTEX_POINT('',#38696);
#38692=EDGE_CURVE('',#38693,#38695,#38697,.T.);
#38697=LINE('',#38694,#38699);
#38699=VECTOR('',#38700,0.634999991484715);
#38700=DIRECTION('',(0.0,1.0,0.0));
#38691=ORIENTED_EDGE('',*,*,#38692,.F.);
#38704=CARTESIAN_POINT('',(-11.113,-1.905,0.952));
#38703=VERTEX_POINT('',#38704);
#38702=EDGE_CURVE('',#38703,#38693,#38707,.T.);
#38707=LINE('',#38704,#38709);
#38709=VECTOR('',#38710,0.635000025530044);
#38710=DIRECTION('',(-1.0,0.0,0.0));
#38701=ORIENTED_EDGE('',*,*,#38702,.F.);
#38714=CARTESIAN_POINT('',(-11.112,-1.27,0.952));
#38713=VERTEX_POINT('',#38714);
#38712=EDGE_CURVE('',#38713,#38703,#38717,.T.);
#38717=LINE('',#38714,#38719);
#38719=VECTOR('',#38720,0.634999991484716);
#38720=DIRECTION('',(0.0,-1.0,0.0));
#38711=ORIENTED_EDGE('',*,*,#38712,.F.);
#38722=EDGE_CURVE('',#38695,#38713,#38727,.T.);
#38727=LINE('',#38696,#38729);
#38729=VECTOR('',#38730,0.634999991500525);
#38730=DIRECTION('',(1.0,0.0,0.0));
#38721=ORIENTED_EDGE('',*,*,#38722,.F.);
#38731=STYLED_ITEM('',(#34),#38732);
#38732=ADVANCED_FACE('',(#38738),#38733,.T.);
#38733=PLANE('',#38734);
#38734=AXIS2_PLACEMENT_3D('',#38735,#38736,#38737);
#38735=CARTESIAN_POINT('',(-11.748,-1.905,0.794));
#38736=DIRECTION('',(0.0,-1.0,0.0));
#38737=DIRECTION('',(0.,0.,1.));
#38738=FACE_OUTER_BOUND('',#38739,.T.);
#38739=EDGE_LOOP('',(#38740,#38750,#38760,#38770));
#38743=CARTESIAN_POINT('',(-11.113,-1.905,0.794));
#38742=VERTEX_POINT('',#38743);
#38745=CARTESIAN_POINT('',(-11.748,-1.905,0.794));
#38744=VERTEX_POINT('',#38745);
#38741=EDGE_CURVE('',#38742,#38744,#38746,.T.);
#38746=LINE('',#38743,#38748);
#38748=VECTOR('',#38749,0.635000025530044);
#38749=DIRECTION('',(-1.0,0.0,0.0));
#38740=ORIENTED_EDGE('',*,*,#38741,.F.);
#38751=EDGE_CURVE('',#38703,#38742,#38756,.T.);
#38756=LINE('',#38704,#38758);
#38758=VECTOR('',#38759,0.15874365);
#38759=DIRECTION('',(0.0,0.0,-1.0));
#38750=ORIENTED_EDGE('',*,*,#38751,.F.);
#38760=ORIENTED_EDGE('',*,*,#38702,.T.);
#38771=EDGE_CURVE('',#38744,#38693,#38776,.T.);
#38776=LINE('',#38745,#38778);
#38778=VECTOR('',#38779,0.15874365);
#38779=DIRECTION('',(0.0,0.0,1.0));
#38770=ORIENTED_EDGE('',*,*,#38771,.F.);
#38780=STYLED_ITEM('',(#34),#38781);
#38781=ADVANCED_FACE('',(#38787),#38782,.T.);
#38782=PLANE('',#38783);
#38783=AXIS2_PLACEMENT_3D('',#38784,#38785,#38786);
#38784=CARTESIAN_POINT('',(-11.112,-1.27,0.794));
#38785=DIRECTION('',(0.0,1.0,0.0));
#38786=DIRECTION('',(0.,0.,1.));
#38787=FACE_OUTER_BOUND('',#38788,.T.);
#38788=EDGE_LOOP('',(#38789,#38799,#38809,#38819));
#38792=CARTESIAN_POINT('',(-11.747,-1.27,0.794));
#38791=VERTEX_POINT('',#38792);
#38794=CARTESIAN_POINT('',(-11.112,-1.27,0.794));
#38793=VERTEX_POINT('',#38794);
#38790=EDGE_CURVE('',#38791,#38793,#38795,.T.);
#38795=LINE('',#38792,#38797);
#38797=VECTOR('',#38798,0.634999991500525);
#38798=DIRECTION('',(1.0,0.0,0.0));
#38789=ORIENTED_EDGE('',*,*,#38790,.F.);
#38800=EDGE_CURVE('',#38695,#38791,#38805,.T.);
#38805=LINE('',#38696,#38807);
#38807=VECTOR('',#38808,0.15874365);
#38808=DIRECTION('',(0.0,0.0,-1.0));
#38799=ORIENTED_EDGE('',*,*,#38800,.F.);
#38809=ORIENTED_EDGE('',*,*,#38722,.T.);
#38820=EDGE_CURVE('',#38793,#38713,#38825,.T.);
#38825=LINE('',#38794,#38827);
#38827=VECTOR('',#38828,0.15874365);
#38828=DIRECTION('',(0.0,0.0,1.0));
#38819=ORIENTED_EDGE('',*,*,#38820,.F.);
#38829=STYLED_ITEM('',(#34),#38830);
#38830=ADVANCED_FACE('',(#38836),#38831,.T.);
#38831=PLANE('',#38832);
#38832=AXIS2_PLACEMENT_3D('',#38833,#38834,#38835);
#38833=CARTESIAN_POINT('',(-11.748,-2.064,0.635));
#38834=DIRECTION('',(0.0,0.0,1.0));
#38835=DIRECTION('',(0.,1.,0.));
#38836=FACE_OUTER_BOUND('',#38837,.T.);
#38837=EDGE_LOOP('',(#38838,#38848,#38858,#38868));
#38841=CARTESIAN_POINT('',(-11.748,-3.842,0.635));
#38840=VERTEX_POINT('',#38841);
#38843=CARTESIAN_POINT('',(-11.748,-2.064,0.635));
#38842=VERTEX_POINT('',#38843);
#38839=EDGE_CURVE('',#38840,#38842,#38844,.T.);
#38844=LINE('',#38841,#38846);
#38846=VECTOR('',#38847,1.77800634757545);
#38847=DIRECTION('',(0.0,1.0,0.0));
#38838=ORIENTED_EDGE('',*,*,#38839,.F.);
#38851=CARTESIAN_POINT('',(-11.113,-3.842,0.635));
#38850=VERTEX_POINT('',#38851);
#38849=EDGE_CURVE('',#38850,#38840,#38854,.T.);
#38854=LINE('',#38851,#38856);
#38856=VECTOR('',#38857,0.635000230858436);
#38857=DIRECTION('',(-1.0,0.0,0.0));
#38848=ORIENTED_EDGE('',*,*,#38849,.F.);
#38861=CARTESIAN_POINT('',(-11.113,-2.064,0.635));
#38860=VERTEX_POINT('',#38861);
#38859=EDGE_CURVE('',#38860,#38850,#38864,.T.);
#38864=LINE('',#38861,#38866);
#38866=VECTOR('',#38867,1.77800634757545);
#38867=DIRECTION('',(0.0,-1.0,0.0));
#38858=ORIENTED_EDGE('',*,*,#38859,.F.);
#38869=EDGE_CURVE('',#38842,#38860,#38874,.T.);
#38874=LINE('',#38843,#38876);
#38876=VECTOR('',#38877,0.635000041498695);
#38877=DIRECTION('',(1.0,0.0,0.0));
#38868=ORIENTED_EDGE('',*,*,#38869,.F.);
#38927=STYLED_ITEM('',(#34),#38928);
#38928=ADVANCED_FACE('',(#38934),#38929,.T.);
#38929=PLANE('',#38930);
#38930=AXIS2_PLACEMENT_3D('',#38931,#38932,#38933);
#38931=CARTESIAN_POINT('',(-11.113,-2.064,0.0));
#38932=DIRECTION('',(0.0,0.0,-1.0));
#38933=DIRECTION('',(0.,1.,0.));
#38934=FACE_OUTER_BOUND('',#38935,.T.);
#38935=EDGE_LOOP('',(#38936,#38946,#38956,#38966));
#38939=CARTESIAN_POINT('',(-11.113,-3.842,0.0));
#38938=VERTEX_POINT('',#38939);
#38941=CARTESIAN_POINT('',(-11.113,-2.064,0.0));
#38940=VERTEX_POINT('',#38941);
#38937=EDGE_CURVE('',#38938,#38940,#38942,.T.);
#38942=LINE('',#38939,#38944);
#38944=VECTOR('',#38945,1.77800634757545);
#38945=DIRECTION('',(0.0,1.0,0.0));
#38936=ORIENTED_EDGE('',*,*,#38937,.F.);
#38949=CARTESIAN_POINT('',(-11.748,-3.842,0.0));
#38948=VERTEX_POINT('',#38949);
#38947=EDGE_CURVE('',#38948,#38938,#38952,.T.);
#38952=LINE('',#38949,#38954);
#38954=VECTOR('',#38955,0.635000230858436);
#38955=DIRECTION('',(1.0,0.0,0.0));
#38946=ORIENTED_EDGE('',*,*,#38947,.F.);
#38959=CARTESIAN_POINT('',(-11.748,-2.064,0.0));
#38958=VERTEX_POINT('',#38959);
#38957=EDGE_CURVE('',#38958,#38948,#38962,.T.);
#38962=LINE('',#38959,#38964);
#38964=VECTOR('',#38965,1.77800634757545);
#38965=DIRECTION('',(0.0,-1.0,0.0));
#38956=ORIENTED_EDGE('',*,*,#38957,.F.);
#38967=EDGE_CURVE('',#38940,#38958,#38972,.T.);
#38972=LINE('',#38941,#38974);
#38974=VECTOR('',#38975,0.635000041498695);
#38975=DIRECTION('',(-1.0,0.0,0.0));
#38966=ORIENTED_EDGE('',*,*,#38967,.F.);
#39025=STYLED_ITEM('',(#34),#39026);
#39026=ADVANCED_FACE('',(#39032),#39027,.T.);
#39027=PLANE('',#39028);
#39028=AXIS2_PLACEMENT_3D('',#39029,#39030,#39031);
#39029=CARTESIAN_POINT('',(-11.589,-4.0,0.476));
#39030=DIRECTION('',(0.0,-0.707,0.707));
#39031=DIRECTION('',(0.,0.,1.));
#39032=FACE_OUTER_BOUND('',#39033,.T.);
#39033=EDGE_LOOP('',(#39034,#39044,#39054,#39064));
#39037=CARTESIAN_POINT('',(-11.271,-4.001,0.476));
#39036=VERTEX_POINT('',#39037);
#39039=CARTESIAN_POINT('',(-11.589,-4.0,0.476));
#39038=VERTEX_POINT('',#39039);
#39035=EDGE_CURVE('',#39036,#39038,#39040,.T.);
#39040=LINE('',#39037,#39042);
#39042=VECTOR('',#39043,0.317500253221194);
#39043=DIRECTION('',(-1.0,0.0,0.0));
#39034=ORIENTED_EDGE('',*,*,#39035,.F.);
#39045=EDGE_CURVE('',#38850,#39036,#39050,.T.);
#39050=LINE('',#38851,#39052);
#39052=VECTOR('',#39053,0.274963063823215);
#39053=DIRECTION('',(-0.577,-0.577,-0.577));
#39044=ORIENTED_EDGE('',*,*,#39045,.F.);
#39054=ORIENTED_EDGE('',*,*,#38849,.T.);
#39065=EDGE_CURVE('',#39038,#38840,#39070,.T.);
#39070=LINE('',#39039,#39072);
#39072=VECTOR('',#39073,0.274963063823216);
#39073=DIRECTION('',(-0.577,0.577,0.577));
#39064=ORIENTED_EDGE('',*,*,#39065,.F.);
#39074=STYLED_ITEM('',(#34),#39075);
#39075=ADVANCED_FACE('',(#39081),#39076,.T.);
#39076=PLANE('',#39077);
#39077=AXIS2_PLACEMENT_3D('',#39078,#39079,#39080);
#39078=CARTESIAN_POINT('',(-11.748,-3.842,0.0));
#39079=DIRECTION('',(-0.707,-0.707,0.0));
#39080=DIRECTION('',(0.,0.,1.));
#39081=FACE_OUTER_BOUND('',#39082,.T.);
#39082=EDGE_LOOP('',(#39083,#39093,#39103,#39113));
#39086=CARTESIAN_POINT('',(-11.589,-4.0,0.159));
#39085=VERTEX_POINT('',#39086);
#39084=EDGE_CURVE('',#39085,#38948,#39089,.T.);
#39089=LINE('',#39086,#39091);
#39091=VECTOR('',#39092,0.274963063823216);
#39092=DIRECTION('',(-0.577,0.577,-0.577));
#39083=ORIENTED_EDGE('',*,*,#39084,.F.);
#39094=EDGE_CURVE('',#39038,#39085,#39099,.T.);
#39099=LINE('',#39039,#39101);
#39101=VECTOR('',#39102,0.3175);
#39102=DIRECTION('',(0.0,0.0,-1.0));
#39093=ORIENTED_EDGE('',*,*,#39094,.F.);
#39103=ORIENTED_EDGE('',*,*,#39065,.T.);
#39114=EDGE_CURVE('',#38948,#38840,#39119,.T.);
#39119=LINE('',#38949,#39121);
#39121=VECTOR('',#39122,0.635);
#39122=DIRECTION('',(0.0,0.0,1.0));
#39113=ORIENTED_EDGE('',*,*,#39114,.F.);
#39123=STYLED_ITEM('',(#34),#39124);
#39124=ADVANCED_FACE('',(#39130),#39125,.T.);
#39125=PLANE('',#39126);
#39126=AXIS2_PLACEMENT_3D('',#39127,#39128,#39129);
#39127=CARTESIAN_POINT('',(-11.748,-3.842,0.0));
#39128=DIRECTION('',(0.0,-0.707,-0.707));
#39129=DIRECTION('',(0.,0.,1.));
#39130=FACE_OUTER_BOUND('',#39131,.T.);
#39131=EDGE_LOOP('',(#39132,#39142,#39152,#39162));
#39132=ORIENTED_EDGE('',*,*,#38947,.T.);
#39145=CARTESIAN_POINT('',(-11.271,-4.001,0.159));
#39144=VERTEX_POINT('',#39145);
#39143=EDGE_CURVE('',#39144,#38938,#39148,.T.);
#39148=LINE('',#39145,#39150);
#39150=VECTOR('',#39151,0.274963063823215);
#39151=DIRECTION('',(0.577,0.577,-0.577));
#39142=ORIENTED_EDGE('',*,*,#39143,.F.);
#39153=EDGE_CURVE('',#39085,#39144,#39158,.T.);
#39158=LINE('',#39086,#39160);
#39160=VECTOR('',#39161,0.317500253221194);
#39161=DIRECTION('',(1.0,0.0,0.0));
#39152=ORIENTED_EDGE('',*,*,#39153,.F.);
#39162=ORIENTED_EDGE('',*,*,#39084,.T.);
#39172=STYLED_ITEM('',(#34),#39173);
#39173=ADVANCED_FACE('',(#39179),#39174,.T.);
#39174=PLANE('',#39175);
#39175=AXIS2_PLACEMENT_3D('',#39176,#39177,#39178);
#39176=CARTESIAN_POINT('',(-11.271,-4.001,0.159));
#39177=DIRECTION('',(0.707,-0.707,0.0));
#39178=DIRECTION('',(0.,0.,1.));
#39179=FACE_OUTER_BOUND('',#39180,.T.);
#39180=EDGE_LOOP('',(#39181,#39191,#39201,#39211));
#39181=ORIENTED_EDGE('',*,*,#39143,.T.);
#39192=EDGE_CURVE('',#38850,#38938,#39197,.T.);
#39197=LINE('',#38851,#39199);
#39199=VECTOR('',#39200,0.635);
#39200=DIRECTION('',(0.0,0.0,-1.0));
#39191=ORIENTED_EDGE('',*,*,#39192,.F.);
#39201=ORIENTED_EDGE('',*,*,#39045,.T.);
#39212=EDGE_CURVE('',#39144,#39036,#39217,.T.);
#39217=LINE('',#39145,#39219);
#39219=VECTOR('',#39220,0.3175);
#39220=DIRECTION('',(0.0,0.0,1.0));
#39211=ORIENTED_EDGE('',*,*,#39212,.F.);
#39221=STYLED_ITEM('',(#34),#39222);
#39222=ADVANCED_FACE('',(#39228),#39223,.T.);
#39223=PLANE('',#39224);
#39224=AXIS2_PLACEMENT_3D('',#39225,#39226,#39227);
#39225=CARTESIAN_POINT('',(-11.589,-4.0,0.159));
#39226=DIRECTION('',(0.0,-1.0,0.0));
#39227=DIRECTION('',(0.,0.,1.));
#39228=FACE_OUTER_BOUND('',#39229,.T.);
#39229=EDGE_LOOP('',(#39230,#39240,#39250,#39260));
#39230=ORIENTED_EDGE('',*,*,#39153,.T.);
#39240=ORIENTED_EDGE('',*,*,#39212,.T.);
#39250=ORIENTED_EDGE('',*,*,#39035,.T.);
#39260=ORIENTED_EDGE('',*,*,#39094,.T.);
#39270=STYLED_ITEM($,(#34),#39271);
#39271=ADVANCED_FACE($,(#39277),#39272,.F.);
#39272=CYLINDRICAL_SURFACE($,#39273,0.15874365);
#39273=AXIS2_PLACEMENT_3D($,#39274,#39275,#39276);
#39274=CARTESIAN_POINT('',(-11.748,-2.064,0.794));
#39275=DIRECTION('',(-1.0,0.0,0.0));
#39276=DIRECTION('',(0.,0.,1.));
#39277=FACE_OUTER_BOUND($,#39278,.T.);
#39278=EDGE_LOOP($,(#39290,#39300,#39311,#39279));
#39290=ORIENTED_EDGE('',*,*,#38869,.T.);
#39301=EDGE_CURVE($,#38742,#38860,#39306,.T.);
#39306=CIRCLE($,#39307,0.15874365);
#39308=CARTESIAN_POINT('',(-11.113,-2.064,0.794));
#39307=AXIS2_PLACEMENT_3D($,#39308,#39309,#39310);
#39309=DIRECTION('',(-1.0,0.0,0.0));
#39310=DIRECTION('',(0.0,-0.707,-0.707));
#39300=ORIENTED_EDGE('',*,*,#39301,.F.);
#39311=ORIENTED_EDGE('',*,*,#38741,.T.);
#39280=EDGE_CURVE($,#38842,#38744,#39285,.T.);
#39285=CIRCLE($,#39286,0.15874365);
#39287=CARTESIAN_POINT('',(-11.748,-2.064,0.794));
#39286=AXIS2_PLACEMENT_3D($,#39287,#39288,#39289);
#39288=DIRECTION('',(1.0,0.0,0.0));
#39289=DIRECTION('',(0.0,0.707,0.707));
#39279=ORIENTED_EDGE('',*,*,#39280,.F.);
#39321=STYLED_ITEM($,(#34),#39322);
#39322=ADVANCED_FACE($,(#39328),#39323,.T.);
#39323=CYLINDRICAL_SURFACE($,#39324,0.79374365);
#39324=AXIS2_PLACEMENT_3D($,#39325,#39326,#39327);
#39325=CARTESIAN_POINT('',(-11.748,-2.064,0.794));
#39326=DIRECTION('',(1.0,0.0,0.0));
#39327=DIRECTION('',(0.,0.,1.));
#39328=FACE_OUTER_BOUND($,#39329,.T.);
#39329=EDGE_LOOP($,(#39341,#39351,#39362,#39330));
#39341=ORIENTED_EDGE('',*,*,#38967,.T.);
#39352=EDGE_CURVE($,#38791,#38958,#39357,.T.);
#39357=CIRCLE($,#39358,0.79374365);
#39358=AXIS2_PLACEMENT_3D($,#39287,#39360,#39361);
#39360=DIRECTION('',(-1.0,0.0,0.0));
#39361=DIRECTION('',(0.0,-0.707,-0.707));
#39351=ORIENTED_EDGE('',*,*,#39352,.F.);
#39362=ORIENTED_EDGE('',*,*,#38790,.T.);
#39331=EDGE_CURVE($,#38940,#38793,#39336,.T.);
#39336=CIRCLE($,#39337,0.79374365);
#39337=AXIS2_PLACEMENT_3D($,#39308,#39339,#39340);
#39339=DIRECTION('',(1.0,0.0,0.0));
#39340=DIRECTION('',(0.0,0.707,0.707));
#39330=ORIENTED_EDGE('',*,*,#39331,.F.);
#39372=STYLED_ITEM('color',(#34),#39373);
#39373=ADVANCED_FACE($,(#39379),#39374,.T.);
#39374=PLANE($,#39375);
#39375=AXIS2_PLACEMENT_3D($,#39376,#39377,#39378);
#39376=CARTESIAN_POINT('',(-11.747,-1.27,0.794));
#39377=DIRECTION('',(-1.0,0.0,0.0));
#39378=DIRECTION('',(1.,0.,0.));
#39379=FACE_OUTER_BOUND($,#39380,.T.);
#39380=EDGE_LOOP($,(#39383, #39393, #39403, #39413, #39424, #39434, #39444, #39454));
#39383=ORIENTED_EDGE('',*,*,#38771,.T.);
#39393=ORIENTED_EDGE('',*,*,#38692,.T.);
#39403=ORIENTED_EDGE('',*,*,#38800,.T.);
#39413=ORIENTED_EDGE('',*,*,#39352,.T.);
#39424=ORIENTED_EDGE('',*,*,#38957,.T.);
#39434=ORIENTED_EDGE('',*,*,#39114,.T.);
#39444=ORIENTED_EDGE('',*,*,#38839,.T.);
#39454=ORIENTED_EDGE('',*,*,#39280,.T.);
#39465=STYLED_ITEM('color',(#34),#39466);
#39466=ADVANCED_FACE($,(#39472),#39467,.T.);
#39467=PLANE($,#39468);
#39468=AXIS2_PLACEMENT_3D($,#39469,#39470,#39471);
#39469=CARTESIAN_POINT('',(-11.112,-1.27,0.794));
#39470=DIRECTION('',(1.0,0.0,0.0));
#39471=DIRECTION('',(-1.,0.,0.));
#39472=FACE_OUTER_BOUND($,#39473,.T.);
#39473=EDGE_LOOP($,(#39476, #39486, #39496, #39506, #39517, #39527, #39537, #39547));
#39476=ORIENTED_EDGE('',*,*,#38820,.T.);
#39486=ORIENTED_EDGE('',*,*,#38712,.T.);
#39496=ORIENTED_EDGE('',*,*,#38751,.T.);
#39506=ORIENTED_EDGE('',*,*,#39301,.T.);
#39517=ORIENTED_EDGE('',*,*,#38859,.T.);
#39527=ORIENTED_EDGE('',*,*,#39192,.T.);
#39537=ORIENTED_EDGE('',*,*,#38937,.T.);
#39547=ORIENTED_EDGE('',*,*,#39331,.T.);
ENDSEC;
END-ISO-10303-21;
