ISO-10303-21;
HEADER;
FILE_DESCRIPTION (( 'STEP AP214' ),
    '1' );
FILE_NAME ('S16B-XH-A auto.STEP',
    '2024-01-04T08:05:24',
    ( '' ),
    ( '' ),
    'SwSTEP 2.0',
    'SolidWorks 2021',
    '' );
FILE_SCHEMA (( 'AUTOMOTIVE_DESIGN' ));
ENDSEC;

DATA;
#1 = ORIENTED_EDGE ( 'NONE', *, *, #7054, .F. ) ;
#2 = ORIENTED_EDGE ( 'NONE', *, *, #1486, .T. ) ;
#3 = DIRECTION ( 'NONE',  ( -0.000000000000000000, 1.000000000000000000, -0.000000000000000000 ) ) ;
#4 = ORIENTED_EDGE ( 'NONE', *, *, #5872, .T. ) ;
#5 = LINE ( 'NONE', #6015, #2492 ) ;
#6 = DIRECTION ( 'NONE',  ( -0.3236155771181853935, 0.3236155771181816188, -0.8891264907159891484 ) ) ;
#7 = CARTESIAN_POINT ( 'NONE',  ( -19.14999999999998792, 5.275000000000007461, -0.6999999999999833022 ) ) ;
#8 = CARTESIAN_POINT ( 'NONE',  ( -20.29999999999999716, 0.4000000000000000222, 0.000000000000000000 ) ) ;
#9 = ORIENTED_EDGE ( 'NONE', *, *, #7753, .F. ) ;
#10 = ORIENTED_EDGE ( 'NONE', *, *, #6796, .T. ) ;
#11 = DIRECTION ( 'NONE',  ( 1.000000000000000000, -0.000000000000000000, 0.000000000000000000 ) ) ;
#12 = CARTESIAN_POINT ( 'NONE',  ( -18.42999999999999616, 3.454999999999999627, -4.700000000000000178 ) ) ;
#13 = CARTESIAN_POINT ( 'NONE',  ( -8.429999999999994387, 4.094999999999999751, -4.700000000000000178 ) ) ;
#14 = CARTESIAN_POINT ( 'NONE',  ( 21.19999999999999929, 0.000000000000000000, -6.999999999999964473 ) ) ;
#15 = ORIENTED_EDGE ( 'NONE', *, *, #3250, .T. ) ;
#16 = ADVANCED_FACE ( 'NONE', ( #904 ), #218, .F. ) ;
#17 = CARTESIAN_POINT ( 'NONE',  ( -18.42999999999999616, -1.987878387081802645, -5.800000000000017586 ) ) ;
#18 = PLANE ( 'NONE',  #4376 ) ;
#19 = CARTESIAN_POINT ( 'NONE',  ( -17.80000000000000426, 6.100000000000000533, -3.699999999999991296 ) ) ;
#20 = PLANE ( 'NONE',  #3205 ) ;
#21 = ORIENTED_EDGE ( 'NONE', *, *, #2295, .T. ) ;
#22 = ORIENTED_EDGE ( 'NONE', *, *, #2163, .T. ) ;
#23 = ADVANCED_FACE ( 'NONE', ( #781, #174 ), #6739, .F. ) ;
#24 = VECTOR ( 'NONE', #3299, 1000.000000000000000 ) ;
#25 = DIRECTION ( 'NONE',  ( 0.000000000000000000, 0.000000000000000000, -1.000000000000000000 ) ) ;
#26 = VECTOR ( 'NONE', #6115, 1000.000000000000000 ) ;
#27 = CARTESIAN_POINT ( 'NONE',  ( -13.42999999999999439, 3.454999999999999627, -9.400000000000000355 ) ) ;
#28 = CARTESIAN_POINT ( 'NONE',  ( 17.00000000000001066, 4.094999999999999751, -5.999999999999982236 ) ) ;
#29 = CARTESIAN_POINT ( 'NONE',  ( -15.92999999999999616, 4.094999999999999751, -9.400000000000000355 ) ) ;
#30 = VECTOR ( 'NONE', #3929, 1000.000000000000000 ) ;
#31 = ORIENTED_EDGE ( 'NONE', *, *, #1438, .T. ) ;
#32 = LINE ( 'NONE', #2331, #835 ) ;
#33 = ORIENTED_EDGE ( 'NONE', *, *, #2792, .F. ) ;
#34 = EDGE_CURVE ( 'NONE', #6060, #6679, #1411, .T. ) ;
#35 = VERTEX_POINT ( 'NONE', #5713 ) ;
#36 = EDGE_CURVE ( 'NONE', #322, #1186, #259, .T. ) ;
#37 = DIRECTION ( 'NONE',  ( -3.469446951953614978E-15, 0.000000000000000000, 1.000000000000000000 ) ) ;
#38 = MANIFOLD_SOLID_BREP ( 'Chamfer1', #3916 ) ;
#39 = DIRECTION ( 'NONE',  ( 0.000000000000000000, 0.000000000000000000, 1.000000000000000000 ) ) ;
#40 = DIRECTION ( 'NONE',  ( -3.469446951953614978E-15, 0.000000000000000000, 1.000000000000000000 ) ) ;
#41 =( LENGTH_UNIT ( ) NAMED_UNIT ( * ) SI_UNIT ( .MILLI., .METRE. ) );
#42 = DIRECTION ( 'NONE',  ( -0.000000000000000000, 1.000000000000000000, -0.000000000000000000 ) ) ;
#43 = ORIENTED_EDGE ( 'NONE', *, *, #877, .T. ) ;
#44 = EDGE_CURVE ( 'NONE', #5218, #4352, #862, .T. ) ;
#45 = EDGE_CURVE ( 'NONE', #3742, #2922, #3262, .T. ) ;
#46 = AXIS2_PLACEMENT_3D ( 'NONE', #2500, #726, #2567 ) ;
#47 = EDGE_LOOP ( 'NONE', ( #2210, #1458, #6875, #5305 ) ) ;
#48 = FACE_BOUND ( 'NONE', #4580, .T. ) ;
#49 = CARTESIAN_POINT ( 'NONE',  ( -19.06999999999999673, -1.356834363362291240, -5.967879242695142139 ) ) ;
#50 = DIRECTION ( 'NONE',  ( 1.000000000000000000, 0.000000000000000000, 0.000000000000000000 ) ) ;
#51 = PLANE ( 'NONE',  #1839 ) ;
#52 = CARTESIAN_POINT ( 'NONE',  ( -5.499999999999991118, 0.4000000000000000222, 0.000000000000000000 ) ) ;
#53 = EDGE_LOOP ( 'NONE', ( #4211, #686, #4012, #7634 ) ) ;
#54 = DIRECTION ( 'NONE',  ( 0.000000000000000000, 0.000000000000000000, 1.000000000000000000 ) ) ;
#55 = AXIS2_PLACEMENT_3D ( 'NONE', #6448, #4746, #6490 ) ;
#56 = PLANE ( 'NONE',  #219 ) ;
#57 = CARTESIAN_POINT ( 'NONE',  ( -7.999999999999991118, 6.100000000000000533, -5.999999999999982236 ) ) ;
#58 = VERTEX_POINT ( 'NONE', #2588 ) ;
#59 = FACE_OUTER_BOUND ( 'NONE', #3747, .T. ) ;
#60 = ORIENTED_EDGE ( 'NONE', *, *, #429, .T. ) ;
#61 = LINE ( 'NONE', #7293, #7096 ) ;
#62 = DIRECTION ( 'NONE',  ( -0.000000000000000000, -1.000000000000000000, -0.000000000000000000 ) ) ;
#63 = VERTEX_POINT ( 'NONE', #5250 ) ;
#64 = ADVANCED_FACE ( 'NONE', ( #3804 ), #1491, .F. ) ;
#65 = LINE ( 'NONE', #3663, #1490 ) ;
#66 = CARTESIAN_POINT ( 'NONE',  ( -14.06999999999999496, 3.454999999999999627, -9.400000000000000355 ) ) ;
#67 = PLANE ( 'NONE',  #7018 ) ;
#68 = VERTEX_POINT ( 'NONE', #3771 ) ;
#69 = AXIS2_PLACEMENT_3D ( 'NONE', #6904, #6433, #5030 ) ;
#70 = ORIENTED_EDGE ( 'NONE', *, *, #2568, .T. ) ;
#71 = VECTOR ( 'NONE', #2978, 1000.000000000000000 ) ;
#72 = CARTESIAN_POINT ( 'NONE',  ( -0.4999999999999900080, 0.3999999999999999112, -6.999999999999982236 ) ) ;
#73 = EDGE_CURVE ( 'NONE', #6821, #3408, #6190, .T. ) ;
#74 = CARTESIAN_POINT ( 'NONE',  ( -9.069999999999996732, 4.094999999999999751, -5.999999999999982236 ) ) ;
#75 = FACE_OUTER_BOUND ( 'NONE', #1144, .T. ) ;
#76 = DIRECTION ( 'NONE',  ( 1.000000000000000000, 0.000000000000000000, 0.000000000000000000 ) ) ;
#77 = DIRECTION ( 'NONE',  ( 1.000000000000000000, -0.000000000000000000, -0.000000000000000000 ) ) ;
#78 = ORIENTED_EDGE ( 'NONE', *, *, #7704, .F. ) ;
#79 = VECTOR ( 'NONE', #3355, 1000.000000000000000 ) ;
#80 = ORIENTED_EDGE ( 'NONE', *, *, #5446, .T. ) ;
#81 = DIRECTION ( 'NONE',  ( 0.000000000000000000, -0.000000000000000000, 1.000000000000000000 ) ) ;
#82 = EDGE_CURVE ( 'NONE', #4125, #3434, #818, .T. ) ;
#83 = LINE ( 'NONE', #4386, #3738 ) ;
#84 = CARTESIAN_POINT ( 'NONE',  ( 18.00000000000001066, 6.100000000000000533, -6.999999999999982236 ) ) ;
#85 = DIRECTION ( 'NONE',  ( 1.000000000000000000, 0.000000000000000000, 0.000000000000000000 ) ) ;
#86 = DIRECTION ( 'NONE',  ( -0.000000000000000000, 0.000000000000000000, 1.000000000000000000 ) ) ;
#87 = VERTEX_POINT ( 'NONE', #387 ) ;
#88 = VECTOR ( 'NONE', #2641, 1000.000000000000000 ) ;
#89 = VECTOR ( 'NONE', #403, 1000.000000000000000 ) ;
#90 = ORIENTED_EDGE ( 'NONE', *, *, #805, .T. ) ;
#91 = DIRECTION ( 'NONE',  ( 1.000000000000000000, -0.000000000000000000, 0.000000000000000000 ) ) ;
#92 = LINE ( 'NONE', #6765, #4138 ) ;
#93 = VECTOR ( 'NONE', #1273, 1000.000000000000000 ) ;
#94 = DIRECTION ( 'NONE',  ( -1.000000000000000000, -0.000000000000000000, -0.000000000000000000 ) ) ;
#95 = CIRCLE ( 'NONE', #1369, 1.320000000000003393 ) ;
#96 = ORIENTED_EDGE ( 'NONE', *, *, #7547, .T. ) ;
#97 = VECTOR ( 'NONE', #1831, 1000.000000000000000 ) ;
#98 = CYLINDRICAL_SURFACE ( 'NONE', #4600, 0.1000000000000233619 ) ;
#99 = VERTEX_POINT ( 'NONE', #1572 ) ;
#100 = EDGE_LOOP ( 'NONE', ( #290, #4877, #6275, #2549 ) ) ;
#101 = CIRCLE ( 'NONE', #2752, 0.7000000000000027311 ) ;
#102 = CARTESIAN_POINT ( 'NONE',  ( -17.80000000000000426, 6.100000000000000533, -3.699999999999991296 ) ) ;
#103 = CARTESIAN_POINT ( 'NONE',  ( 14.50000000000000888, 4.094999999999999751, -5.999999999999982236 ) ) ;
#104 = CARTESIAN_POINT ( 'NONE',  ( -3.429999999999995719, 0.000000000000000000, -5.999999999999982236 ) ) ;
#105 = ORIENTED_EDGE ( 'NONE', *, *, #312, .F. ) ;
#106 = CARTESIAN_POINT ( 'NONE',  ( -0.9299999999999932765, 4.094999999999999751, -4.700000000000000178 ) ) ;
#107 = ORIENTED_EDGE ( 'NONE', *, *, #4988, .T. ) ;
#108 = VERTEX_POINT ( 'NONE', #1615 ) ;
#109 = ORIENTED_EDGE ( 'NONE', *, *, #5241, .F. ) ;
#110 = ADVANCED_FACE ( 'NONE', ( #5757 ), #4683, .F. ) ;
#111 = DIRECTION ( 'NONE',  ( 0.000000000000000000, 0.000000000000000000, -1.000000000000000000 ) ) ;
#112 = FACE_OUTER_BOUND ( 'NONE', #5111, .T. ) ;
#113 = DIRECTION ( 'NONE',  ( -1.000000000000000000, -0.000000000000000000, 0.000000000000000000 ) ) ;
#114 = FILL_AREA_STYLE ('',( #5530 ) ) ;
#115 = CARTESIAN_POINT ( 'NONE',  ( -21.19999999999999929, 5.275000000000011013, -2.400000000000010569 ) ) ;
#116 = VERTEX_POINT ( 'NONE', #4644 ) ;
#117 = VECTOR ( 'NONE', #3366, 1000.000000000000000 ) ;
#118 = EDGE_CURVE ( 'NONE', #5818, #2638, #1262, .T. ) ;
#119 = EDGE_CURVE ( 'NONE', #6771, #3586, #5187, .T. ) ;
#120 = CARTESIAN_POINT ( 'NONE',  ( -18.42999999999999616, 2.774999999999997247, -5.380000000000021210 ) ) ;
#121 = DIRECTION ( 'NONE',  ( 0.000000000000000000, -0.000000000000000000, -1.000000000000000000 ) ) ;
#122 = CARTESIAN_POINT ( 'NONE',  ( 17.80000000000000426, 6.100000000000000533, -4.359742604964578216E-15 ) ) ;
#123 = CARTESIAN_POINT ( 'NONE',  ( -19.49999999999999289, 0.000000000000000000, -5.999999999999982236 ) ) ;
#124 = LINE ( 'NONE', #891, #4378 ) ;
#125 = EDGE_CURVE ( 'NONE', #6727, #5894, #2236, .T. ) ;
#126 = ADVANCED_FACE ( 'NONE', ( #6464 ), #4086, .F. ) ;
#127 = ADVANCED_FACE ( 'NONE', ( #4562 ), #6981, .F. ) ;
#128 = CARTESIAN_POINT ( 'NONE',  ( 13.00000000000000888, 0.3999999999999999112, -5.999999999999982236 ) ) ;
#129 = DIRECTION ( 'NONE',  ( 1.000000000000000000, 0.000000000000000000, -0.000000000000000000 ) ) ;
#130 = CARTESIAN_POINT ( 'NONE',  ( -19.06999999999999673, -2.017762384446297297, -5.725791195256118016 ) ) ;
#131 = ORIENTED_EDGE ( 'NONE', *, *, #1126, .T. ) ;
#132 = CARTESIAN_POINT ( 'NONE',  ( -20.35000000000000142, 5.275000000000007461, -4.700000000000000178 ) ) ;
#133 = EDGE_LOOP ( 'NONE', ( #5025, #939, #6521, #402 ) ) ;
#134 = EDGE_CURVE ( 'NONE', #6195, #2303, #2883, .T. ) ;
#135 = ORIENTED_EDGE ( 'NONE', *, *, #2664, .T. ) ;
#136 = LINE ( 'NONE', #5512, #5447 ) ;
#137 = SURFACE_STYLE_USAGE ( .BOTH. , #3218 ) ;
#138 = FACE_OUTER_BOUND ( 'NONE', #4465, .T. ) ;
#139 = DIRECTION ( 'NONE',  ( -1.000000000000000000, 0.000000000000000000, 0.000000000000000000 ) ) ;
#140 = CONTEXT_DEPENDENT_SHAPE_REPRESENTATION ( #3496, #5340 ) ;
#141 = ORIENTED_EDGE ( 'NONE', *, *, #2367, .T. ) ;
#142 = DIRECTION ( 'NONE',  ( 0.000000000000000000, 1.000000000000000000, 0.000000000000000000 ) ) ;
#143 = ORIENTED_EDGE ( 'NONE', *, *, #1698, .F. ) ;
#144 = VERTEX_POINT ( 'NONE', #7514 ) ;
#145 = AXIS2_PLACEMENT_3D ( 'NONE', #4679, #3416, #7093 ) ;
#146 = DIRECTION ( 'NONE',  ( 0.000000000000000000, -1.000000000000000000, 0.000000000000000000 ) ) ;
#147 = FACE_OUTER_BOUND ( 'NONE', #3950, .T. ) ;
#148 = DIRECTION ( 'NONE',  ( -1.000000000000000000, 0.000000000000000000, 0.000000000000000000 ) ) ;
#149 = EDGE_LOOP ( 'NONE', ( #6824, #7086, #1725, #582 ) ) ;
#150 = DIRECTION ( 'NONE',  ( -1.000000000000000000, -0.000000000000000000, -0.000000000000000000 ) ) ;
#151 = EDGE_CURVE ( 'NONE', #6252, #1052, #7627, .T. ) ;
#152 = ORIENTED_EDGE ( 'NONE', *, *, #2587, .F. ) ;
#153 = ORIENTED_EDGE ( 'NONE', *, *, #7322, .T. ) ;
#154 = PLANE ( 'NONE',  #6609 ) ;
#155 = DIRECTION ( 'NONE',  ( 0.000000000000000000, -0.3735499670562351104, -0.9276100592987798210 ) ) ;
#156 = CARTESIAN_POINT ( 'NONE',  ( 19.19999999999998153, 6.100000000000000533, -0.8443375672973926216 ) ) ;
#157 = CARTESIAN_POINT ( 'NONE',  ( -0.4999999999999900080, 0.000000000000000000, -5.999999999999982236 ) ) ;
#158 = DIRECTION ( 'NONE',  ( -0.000000000000000000, 0.000000000000000000, -1.000000000000000000 ) ) ;
#159 = ADVANCED_FACE ( 'NONE', ( #6386 ), #2280, .F. ) ;
#160 = VERTEX_POINT ( 'NONE', #7098 ) ;
#161 = ORIENTED_EDGE ( 'NONE', *, *, #7454, .F. ) ;
#162 = VECTOR ( 'NONE', #3333, 1000.000000000000000 ) ;
#163 = DIRECTION ( 'NONE',  ( 0.9396926207859083169, 0.000000000000000000, -0.3420201433256692125 ) ) ;
#164 = VECTOR ( 'NONE', #1753, 1000.000000000000000 ) ;
#165 = CARTESIAN_POINT ( 'NONE',  ( -18.42999999999999616, 2.774999999999996803, -4.700000000000017053 ) ) ;
#166 = EDGE_CURVE ( 'NONE', #900, #6383, #3387, .T. ) ;
#167 = DIRECTION ( 'NONE',  ( 1.000000000000000000, 0.000000000000000000, 0.000000000000000000 ) ) ;
#168 = DIRECTION ( 'NONE',  ( 0.000000000000000000, -0.8660254037844381525, 0.5000000000000009992 ) ) ;
#169 = EDGE_CURVE ( 'NONE', #4329, #5827, #3930, .T. ) ;
#170 = ORIENTED_EDGE ( 'NONE', *, *, #2688, .F. ) ;
#171 = EDGE_CURVE ( 'NONE', #5837, #845, #2119, .T. ) ;
#172 = ORIENTED_EDGE ( 'NONE', *, *, #2142, .F. ) ;
#173 = DIRECTION ( 'NONE',  ( 0.000000000000000000, -1.000000000000000000, 0.000000000000000000 ) ) ;
#174 = FACE_OUTER_BOUND ( 'NONE', #1549, .T. ) ;
#175 = ADVANCED_FACE ( 'NONE', ( #6430 ), #6505, .F. ) ;
#176 = DIRECTION ( 'NONE',  ( 0.000000000000000000, 0.000000000000000000, 1.000000000000000000 ) ) ;
#177 = LINE ( 'NONE', #6778, #5587 ) ;
#178 = ADVANCED_FACE ( 'NONE', ( #4604 ), #3344, .F. ) ;
#179 = VECTOR ( 'NONE', #586, 1000.000000000000000 ) ;
#180 = ORIENTED_EDGE ( 'NONE', *, *, #2416, .F. ) ;
#181 = DIRECTION ( 'NONE',  ( 1.000000000000000000, 0.000000000000000000, 0.000000000000000000 ) ) ;
#182 = VECTOR ( 'NONE', #3093, 1000.000000000000000 ) ;
#183 = ORIENTED_EDGE ( 'NONE', *, *, #1249, .T. ) ;
#184 = VERTEX_POINT ( 'NONE', #4526 ) ;
#185 = AXIS2_PLACEMENT_3D ( 'NONE', #5647, #5120, #4577 ) ;
#186 = CARTESIAN_POINT ( 'NONE',  ( 11.57000000000000384, 4.094999999999999751, -4.700000000000000178 ) ) ;
#187 = DIRECTION ( 'NONE',  ( 1.000000000000000000, 0.000000000000000000, 0.000000000000000000 ) ) ;
#188 = DIRECTION ( 'NONE',  ( 0.000000000000000000, 0.000000000000000000, 1.000000000000000000 ) ) ;
#189 = EDGE_LOOP ( 'NONE', ( #5752, #1237, #7382, #4879 ) ) ;
#190 = DIRECTION ( 'NONE',  ( 0.000000000000000000, 0.000000000000000000, 1.000000000000000000 ) ) ;
#191 = DIRECTION ( 'NONE',  ( 1.000000000000000000, 0.000000000000000000, -2.136358960562570493E-16 ) ) ;
#192 = ORIENTED_EDGE ( 'NONE', *, *, #6892, .T. ) ;
#193 = VECTOR ( 'NONE', #2634, 1000.000000000000000 ) ;
#194 = CARTESIAN_POINT ( 'NONE',  ( 5.930000000000005045, 4.094999999999999751, -4.700000000000000178 ) ) ;
#195 = CARTESIAN_POINT ( 'NONE',  ( -21.19999999999999929, 4.275000000000021672, -3.100000000000001865 ) ) ;
#196 = VECTOR ( 'NONE', #1371, 1000.000000000000114 ) ;
#197 = FACE_OUTER_BOUND ( 'NONE', #4929, .T. ) ;
#198 = DIRECTION ( 'NONE',  ( 1.000000000000000000, -0.000000000000000000, 0.000000000000000000 ) ) ;
#199 = LINE ( 'NONE', #4870, #182 ) ;
#200 = DIRECTION ( 'NONE',  ( 0.000000000000000000, 0.000000000000000000, -1.000000000000000000 ) ) ;
#201 = VERTEX_POINT ( 'NONE', #6943 ) ;
#202 = ORIENTED_EDGE ( 'NONE', *, *, #7144, .F. ) ;
#203 = STYLED_ITEM ( 'NONE', ( #1703 ), #5255 ) ;
#204 = ORIENTED_EDGE ( 'NONE', *, *, #1494, .T. ) ;
#205 = ADVANCED_FACE ( 'NONE', ( #341 ), #1147, .F. ) ;
#206 = DIRECTION ( 'NONE',  ( 1.000000000000000000, 0.000000000000000000, 0.000000000000000000 ) ) ;
#207 = CARTESIAN_POINT ( 'NONE',  ( -15.49999999999999112, 0.000000000000000000, -5.999999999999982236 ) ) ;
#208 = CARTESIAN_POINT ( 'NONE',  ( 10.93000000000000149, 4.094999999999999751, -4.700000000000000178 ) ) ;
#209 = VECTOR ( 'NONE', #2535, 1000.000000000000000 ) ;
#210 = CARTESIAN_POINT ( 'NONE',  ( -19.06999999999999673, -1.087878387081801623, -6.020000000000020890 ) ) ;
#211 = VECTOR ( 'NONE', #4493, 1000.000000000000114 ) ;
#212 = LINE ( 'NONE', #6937, #6623 ) ;
#213 = ORIENTED_EDGE ( 'NONE', *, *, #1799, .T. ) ;
#214 = EDGE_LOOP ( 'NONE', ( #662, #5762, #2841, #5343 ) ) ;
#215 = ADVANCED_FACE ( 'NONE', ( #2355 ), #5465, .F. ) ;
#216 = DIRECTION ( 'NONE',  ( 0.000000000000000000, -1.000000000000000000, -0.000000000000000000 ) ) ;
#217 = VECTOR ( 'NONE', #7397, 1000.000000000000000 ) ;
#218 = PLANE ( 'NONE',  #5948 ) ;
#219 = AXIS2_PLACEMENT_3D ( 'NONE', #3651, #6548, #2432 ) ;
#220 = EDGE_CURVE ( 'NONE', #3676, #577, #2317, .T. ) ;
#221 = AXIS2_PLACEMENT_3D ( 'NONE', #2265, #5174, #1017 ) ;
#222 = CARTESIAN_POINT ( 'NONE',  ( 3.000000000000006217, 0.000000000000000000, -5.999999999999982236 ) ) ;
#223 = CARTESIAN_POINT ( 'NONE',  ( -20.29999999999999361, 0.4000000000000000222, -6.999999999999964473 ) ) ;
#224 = VERTEX_POINT ( 'NONE', #1293 ) ;
#225 = CARTESIAN_POINT ( 'NONE',  ( -4.069999999999997620, 3.454999999999999627, -9.400000000000000355 ) ) ;
#226 = VERTEX_POINT ( 'NONE', #1879 ) ;
#227 = EDGE_LOOP ( 'NONE', ( #2889, #7477, #6843, #1384 ) ) ;
#228 = VECTOR ( 'NONE', #6620, 1000.000000000000000 ) ;
#229 = VECTOR ( 'NONE', #150, 1000.000000000000000 ) ;
#230 = ORIENTED_EDGE ( 'NONE', *, *, #3517, .T. ) ;
#231 = ADVANCED_FACE ( 'NONE', ( #543 ), #56, .T. ) ;
#232 = EDGE_CURVE ( 'NONE', #3124, #6679, #1771, .T. ) ;
#233 = EDGE_CURVE ( 'NONE', #4817, #1786, #4841, .T. ) ;
#234 = PLANE ( 'NONE',  #2727 ) ;
#235 = CARTESIAN_POINT ( 'NONE',  ( -18.42999999999999616, -1.117762384446300938, -5.374208804743923373 ) ) ;
#236 = LINE ( 'NONE', #5645, #997 ) ;
#237 = DIRECTION ( 'NONE',  ( 0.000000000000000000, 0.000000000000000000, 1.000000000000000000 ) ) ;
#238 = DIRECTION ( 'NONE',  ( -1.000000000000000000, 0.000000000000000000, 0.000000000000000000 ) ) ;
#239 = ORIENTED_EDGE ( 'NONE', *, *, #265, .F. ) ;
#240 = PLANE ( 'NONE',  #5871 ) ;
#241 = CARTESIAN_POINT ( 'NONE',  ( -19.06999999999999673, 2.774999999999997247, -5.380000000000022098 ) ) ;
#242 = ORIENTED_EDGE ( 'NONE', *, *, #4818, .T. ) ;
#243 = DIRECTION ( 'NONE',  ( -0.000000000000000000, -0.000000000000000000, 1.000000000000000000 ) ) ;
#244 = LINE ( 'NONE', #1287, #713 ) ;
#245 = LINE ( 'NONE', #7455, #576 ) ;
#246 = DIRECTION ( 'NONE',  ( 0.000000000000000000, -1.000000000000000000, 0.000000000000000000 ) ) ;
#247 = ORIENTED_EDGE ( 'NONE', *, *, #2295, .F. ) ;
#248 = ORIENTED_EDGE ( 'NONE', *, *, #805, .F. ) ;
#249 = AXIS2_PLACEMENT_3D ( 'NONE', #3993, #3868, #2144 ) ;
#250 = FACE_OUTER_BOUND ( 'NONE', #3706, .T. ) ;
#251 = DIRECTION ( 'NONE',  ( 0.000000000000000000, 0.000000000000000000, -1.000000000000000000 ) ) ;
#252 = CARTESIAN_POINT ( 'NONE',  ( 21.19999999999999929, 0.000000000000000000, -6.999999999999964473 ) ) ;
#253 = DIRECTION ( 'NONE',  ( 1.000000000000000000, 0.000000000000000000, -0.000000000000000000 ) ) ;
#254 = CARTESIAN_POINT ( 'NONE',  ( 4.070000000000003837, 4.094999999999999751, -4.700000000000000178 ) ) ;
#255 = EDGE_CURVE ( 'NONE', #6383, #2789, #4874, .T. ) ;
#256 = EDGE_LOOP ( 'NONE', ( #1767, #6501, #1934, #4925 ) ) ;
#257 = EDGE_LOOP ( 'NONE', ( #3656, #4203, #5614, #4566 ) ) ;
#258 = LINE ( 'NONE', #7356, #4692 ) ;
#259 = LINE ( 'NONE', #2663, #7292 ) ;
#260 = PLANE ( 'NONE',  #5646 ) ;
#261 = DIRECTION ( 'NONE',  ( 0.000000000000000000, 0.5000000000000008882, 0.8660254037844380415 ) ) ;
#262 = ORIENTED_EDGE ( 'NONE', *, *, #1151, .T. ) ;
#263 = DIRECTION ( 'NONE',  ( -0.000000000000000000, -0.000000000000000000, 1.000000000000000000 ) ) ;
#264 = ORIENTED_EDGE ( 'NONE', *, *, #534, .T. ) ;
#265 = EDGE_CURVE ( 'NONE', #7558, #5312, #6582, .T. ) ;
#266 = ORIENTED_EDGE ( 'NONE', *, *, #5241, .T. ) ;
#267 = LINE ( 'NONE', #914, #7028 ) ;
#268 = PLANE ( 'NONE',  #5387 ) ;
#269 = DIRECTION ( 'NONE',  ( 1.000000000000000000, 0.000000000000000000, 0.000000000000000000 ) ) ;
#270 = DIRECTION ( 'NONE',  ( 1.000000000000000000, 0.000000000000000000, 0.000000000000000000 ) ) ;
#271 = CYLINDRICAL_SURFACE ( 'NONE', #4238, 0.1000000000000023231 ) ;
#272 = ADVANCED_FACE ( 'NONE', ( #6619 ), #18, .F. ) ;
#273 = ORIENTED_EDGE ( 'NONE', *, *, #3557, .F. ) ;
#274 = EDGE_CURVE ( 'NONE', #568, #1042, #4774, .T. ) ;
#275 = ADVANCED_FACE ( 'NONE', ( #7248 ), #6696, .F. ) ;
#276 = VECTOR ( 'NONE', #5026, 1000.000000000000000 ) ;
#277 = CARTESIAN_POINT ( 'NONE',  ( 3.000000000000009770, 0.3999999999999999112, -6.999999999999982236 ) ) ;
#278 = FACE_OUTER_BOUND ( 'NONE', #6441, .T. ) ;
#279 = ORIENTED_EDGE ( 'NONE', *, *, #1171, .T. ) ;
#280 = VECTOR ( 'NONE', #469, 1000.000000000000000 ) ;
#281 = CARTESIAN_POINT ( 'NONE',  ( -19.06999999999999673, -1.087878387081802289, -5.300000000000016698 ) ) ;
#282 = LINE ( 'NONE', #6447, #117 ) ;
#283 = DIRECTION ( 'NONE',  ( 0.000000000000000000, 1.000000000000000000, 0.000000000000000000 ) ) ;
#284 = CARTESIAN_POINT ( 'NONE',  ( 18.00000000000000711, 6.100000000000000533, -5.999999999999982236 ) ) ;
#285 = ADVANCED_FACE ( 'NONE', ( #5386 ), #6107, .F. ) ;
#286 = VECTOR ( 'NONE', #4311, 1000.000000000000000 ) ;
#287 = VERTEX_POINT ( 'NONE', #5308 ) ;
#288 = EDGE_CURVE ( 'NONE', #6393, #1187, #1809, .T. ) ;
#289 = ORIENTED_EDGE ( 'NONE', *, *, #82, .T. ) ;
#290 = ORIENTED_EDGE ( 'NONE', *, *, #4072, .T. ) ;
#291 = CARTESIAN_POINT ( 'NONE',  ( -9.499999999999992895, 0.000000000000000000, -5.999999999999982236 ) ) ;
#292 = CARTESIAN_POINT ( 'NONE',  ( -4.499999999999990230, 0.3999999999999999112, -6.999999999999982236 ) ) ;
#293 = DIRECTION ( 'NONE',  ( 1.000000000000000000, -0.000000000000000000, -0.000000000000000000 ) ) ;
#294 = VECTOR ( 'NONE', #2186, 1000.000000000000000 ) ;
#295 = DIRECTION ( 'NONE',  ( -1.000000000000000000, 0.000000000000000000, -0.000000000000000000 ) ) ;
#296 = CARTESIAN_POINT ( 'NONE',  ( -18.42999999999999616, 4.095000000000000639, -4.700000000000017053 ) ) ;
#297 = EDGE_LOOP ( 'NONE', ( #7195, #2098, #3739, #2805 ) ) ;
#298 = ORIENTED_EDGE ( 'NONE', *, *, #1697, .T. ) ;
#299 = VECTOR ( 'NONE', #4742, 1000.000000000000000 ) ;
#300 = EDGE_LOOP ( 'NONE', ( #4804, #7323, #7007, #2337, #4560, #516 ) ) ;
#301 = VERTEX_POINT ( 'NONE', #1731 ) ;
#302 = DIRECTION ( 'NONE',  ( 0.000000000000000000, 1.000000000000000000, 0.000000000000000000 ) ) ;
#303 = DIRECTION ( 'NONE',  ( 1.000000000000000000, -0.000000000000000000, 0.000000000000000000 ) ) ;
#304 = CARTESIAN_POINT ( 'NONE',  ( 13.00000000000001066, 0.3999999999999999112, -6.999999999999982236 ) ) ;
#305 = DIRECTION ( 'NONE',  ( -1.000000000000000000, 0.000000000000000000, 0.000000000000000000 ) ) ;
#306 = ORIENTED_EDGE ( 'NONE', *, *, #1063, .F. ) ;
#307 = EDGE_LOOP ( 'NONE', ( #6509, #6374, #6473, #6332 ) ) ;
#308 = CARTESIAN_POINT ( 'NONE',  ( 16.57000000000000739, 0.000000000000000000, -5.999999999999982236 ) ) ;
#309 = ORIENTED_EDGE ( 'NONE', *, *, #6942, .F. ) ;
#310 = ORIENTED_EDGE ( 'NONE', *, *, #5093, .F. ) ;
#311 = VERTEX_POINT ( 'NONE', #4206 ) ;
#312 = EDGE_CURVE ( 'NONE', #7117, #4221, #1225, .T. ) ;
#313 = FACE_OUTER_BOUND ( 'NONE', #4694, .T. ) ;
#314 =( GEOMETRIC_REPRESENTATION_CONTEXT ( 3 ) GLOBAL_UNCERTAINTY_ASSIGNED_CONTEXT ( ( #5671 ) ) GLOBAL_UNIT_ASSIGNED_CONTEXT ( ( #7691, #5417, #2221 ) ) REPRESENTATION_CONTEXT ( 'NONE', 'WORKASPACE' ) );
#315 = DIRECTION ( 'NONE',  ( -0.000000000000000000, 1.000000000000000000, -0.000000000000000000 ) ) ;
#316 = CARTESIAN_POINT ( 'NONE',  ( -18.42999999999999616, 3.454999999999999627, -4.700000000000017053 ) ) ;
#317 = CARTESIAN_POINT ( 'NONE',  ( 8.430000000000003268, 4.094999999999999751, -4.700000000000000178 ) ) ;
#318 = ORIENTED_EDGE ( 'NONE', *, *, #232, .F. ) ;
#319 = CARTESIAN_POINT ( 'NONE',  ( 10.50000000000000533, 6.100000000000000533, -5.999999999999982236 ) ) ;
#320 = EDGE_CURVE ( 'NONE', #6074, #5045, #6662, .T. ) ;
#321 = CARTESIAN_POINT ( 'NONE',  ( 19.50000000000000711, 4.094999999999999751, -5.999999999999982236 ) ) ;
#322 = VERTEX_POINT ( 'NONE', #657 ) ;
#323 = LINE ( 'NONE', #2143, #7522 ) ;
#324 = CARTESIAN_POINT ( 'NONE',  ( -1.999999999999991340, 6.100000000000000533, -5.999999999999982236 ) ) ;
#325 = EDGE_CURVE ( 'NONE', #480, #1567, #3536, .T. ) ;
#326 = LINE ( 'NONE', #5130, #1218 ) ;
#327 = CARTESIAN_POINT ( 'NONE',  ( -0.4999999999999900080, 6.100000000000000533, -5.999999999999982236 ) ) ;
#328 = VERTEX_POINT ( 'NONE', #2579 ) ;
#329 = VECTOR ( 'NONE', #5877, 1000.000000000000000 ) ;
#330 = EDGE_CURVE ( 'NONE', #5870, #1912, #4472, .T. ) ;
#331 = DIRECTION ( 'NONE',  ( 0.000000000000000000, 1.000000000000000000, 0.000000000000000000 ) ) ;
#332 = DIRECTION ( 'NONE',  ( -1.000000000000000000, 0.000000000000000000, 0.000000000000000000 ) ) ;
#333 = DIRECTION ( 'NONE',  ( 1.000000000000000000, -0.000000000000000000, 0.000000000000000000 ) ) ;
#334 = DIRECTION ( 'NONE',  ( -0.000000000000000000, 0.000000000000000000, 1.000000000000000000 ) ) ;
#335 = VECTOR ( 'NONE', #591, 1000.000000000000000 ) ;
#336 = CARTESIAN_POINT ( 'NONE',  ( 10.50000000000000533, 6.100000000000000533, -5.999999999999982236 ) ) ;
#337 = ORIENTED_EDGE ( 'NONE', *, *, #4549, .F. ) ;
#338 = EDGE_LOOP ( 'NONE', ( #7666, #3278, #7793, #4351 ) ) ;
#339 = VECTOR ( 'NONE', #6422, 1000.000000000000000 ) ;
#340 = PLANE ( 'NONE',  #788 ) ;
#341 = FACE_OUTER_BOUND ( 'NONE', #4851, .T. ) ;
#342 = VECTOR ( 'NONE', #3781, 1000.000000000000227 ) ;
#343 = CARTESIAN_POINT ( 'NONE',  ( -18.42999999999999616, 4.094999999999999751, -4.700000000000017053 ) ) ;
#344 = FACE_OUTER_BOUND ( 'NONE', #3608, .T. ) ;
#345 = ORIENTED_EDGE ( 'NONE', *, *, #755, .F. ) ;
#346 = CARTESIAN_POINT ( 'NONE',  ( -16.56999999999999673, 3.454999999999999627, -9.400000000000000355 ) ) ;
#347 = EDGE_LOOP ( 'NONE', ( #2042, #4163, #5929, #3364 ) ) ;
#348 = VERTEX_POINT ( 'NONE', #208 ) ;
#349 = AXIS2_PLACEMENT_3D ( 'NONE', #3190, #2602, #7408 ) ;
#350 = VECTOR ( 'NONE', #5027, 1000.000000000000000 ) ;
#351 = VERTEX_POINT ( 'NONE', #809 ) ;
#352 = VECTOR ( 'NONE', #246, 1000.000000000000000 ) ;
#353 = DIRECTION ( 'NONE',  ( 0.000000000000000000, 1.000000000000000000, 0.000000000000000000 ) ) ;
#354 = VECTOR ( 'NONE', #1423, 1000.000000000000000 ) ;
#355 = CARTESIAN_POINT ( 'NONE',  ( 9.500000000000008882, 0.000000000000000000, -5.999999999999982236 ) ) ;
#356 = DIRECTION ( 'NONE',  ( 0.000000000000000000, 0.000000000000000000, -1.000000000000000000 ) ) ;
#357 = VECTOR ( 'NONE', #1880, 1000.000000000000000 ) ;
#358 = DIRECTION ( 'NONE',  ( 1.000000000000000000, 0.000000000000000000, 0.000000000000000000 ) ) ;
#359 = ORIENTED_EDGE ( 'NONE', *, *, #4857, .F. ) ;
#360 = CARTESIAN_POINT ( 'NONE',  ( 20.35000000000000142, 5.275000000000007461, -4.700000000000000178 ) ) ;
#361 = ORIENTED_EDGE ( 'NONE', *, *, #4004, .F. ) ;
#362 = VECTOR ( 'NONE', #4129, 1000.000000000000000 ) ;
#363 = ORIENTED_EDGE ( 'NONE', *, *, #2540, .T. ) ;
#364 = EDGE_CURVE ( 'NONE', #5420, #4360, #92, .T. ) ;
#365 = CIRCLE ( 'NONE', #4781, 0.1000000000000262346 ) ;
#366 = CARTESIAN_POINT ( 'NONE',  ( -20.29999999999999716, 0.000000000000000000, -11.50000000000001776 ) ) ;
#367 = ORIENTED_EDGE ( 'NONE', *, *, #2114, .T. ) ;
#368 = LINE ( 'NONE', #2730, #1246 ) ;
#369 = LINE ( 'NONE', #3325, #5544 ) ;
#370 = CARTESIAN_POINT ( 'NONE',  ( -19.19999999999998153, 5.275000000000007461, -0.8443375672973879587 ) ) ;
#371 = CARTESIAN_POINT ( 'NONE',  ( 14.07000000000000561, 4.094999999999999751, -4.700000000000000178 ) ) ;
#372 = ORIENTED_EDGE ( 'NONE', *, *, #772, .T. ) ;
#373 = ORIENTED_EDGE ( 'NONE', *, *, #5606, .T. ) ;
#374 = EDGE_CURVE ( 'NONE', #1290, #699, #6144, .T. ) ;
#375 = EDGE_CURVE ( 'NONE', #4599, #5212, #5664, .T. ) ;
#376 = DIRECTION ( 'NONE',  ( -1.000000000000000000, 0.000000000000000000, 0.000000000000000000 ) ) ;
#377 = CARTESIAN_POINT ( 'NONE',  ( -14.06999999999999496, 0.000000000000000000, -5.999999999999982236 ) ) ;
#378 = CARTESIAN_POINT ( 'NONE',  ( -18.42999999999999616, -1.087878387081800735, -6.020000000000020890 ) ) ;
#379 = CARTESIAN_POINT ( 'NONE',  ( -19.06999999999999673, 2.774999999999997247, -6.020000000000020890 ) ) ;
#380 = PLANE ( 'NONE',  #2964 ) ;
#381 = ADVANCED_FACE ( 'NONE', ( #1328 ), #4981, .T. ) ;
#382 = ORIENTED_EDGE ( 'NONE', *, *, #7555, .F. ) ;
#383 = ADVANCED_FACE ( 'NONE', ( #4313 ), #3136, .F. ) ;
#384 = EDGE_CURVE ( 'NONE', #5967, #3884, #1442, .T. ) ;
#385 = ORIENTED_EDGE ( 'NONE', *, *, #5396, .T. ) ;
#386 = DIRECTION ( 'NONE',  ( 1.000000000000000000, 0.000000000000000000, 0.000000000000000000 ) ) ;
#387 = CARTESIAN_POINT ( 'NONE',  ( -20.29999999999999716, 0.4000000000000000222, 0.000000000000000000 ) ) ;
#388 = LINE ( 'NONE', #505, #2381 ) ;
#389 = ORIENTED_EDGE ( 'NONE', *, *, #5378, .F. ) ;
#390 = DIRECTION ( 'NONE',  ( 1.000000000000000000, -0.000000000000000000, 0.000000000000000000 ) ) ;
#391 = ORIENTED_EDGE ( 'NONE', *, *, #667, .T. ) ;
#392 = ADVANCED_FACE ( 'NONE', ( #1991 ), #1479, .F. ) ;
#393 = ADVANCED_FACE ( 'NONE', ( #7318 ), #1366, .F. ) ;
#394 = ORIENTED_EDGE ( 'NONE', *, *, #2548, .T. ) ;
#395 = CARTESIAN_POINT ( 'NONE',  ( 21.19999999999999929, 0.000000000000000000, -6.999999999999964473 ) ) ;
#396 = CARTESIAN_POINT ( 'NONE',  ( -18.42999999999999616, 3.454999999999999627, -4.700000000000017053 ) ) ;
#397 = CONTEXT_DEPENDENT_SHAPE_REPRESENTATION ( #2438, #4652 ) ;
#398 = CARTESIAN_POINT ( 'NONE',  ( -19.06999999999999673, 4.094999999999999751, -4.700000000000017053 ) ) ;
#399 = ORIENTED_EDGE ( 'NONE', *, *, #4468, .T. ) ;
#400 = ORIENTED_EDGE ( 'NONE', *, *, #4945, .F. ) ;
#401 = CARTESIAN_POINT ( 'NONE',  ( -16.56999999999999673, 4.094999999999999751, -9.400000000000000355 ) ) ;
#402 = ORIENTED_EDGE ( 'NONE', *, *, #6647, .F. ) ;
#403 = DIRECTION ( 'NONE',  ( 1.000000000000000000, -0.000000000000000000, -0.000000000000000000 ) ) ;
#404 = DIRECTION ( 'NONE',  ( 1.000000000000000000, 0.000000000000000000, 0.000000000000000000 ) ) ;
#405 = CARTESIAN_POINT ( 'NONE',  ( -19.06999999999999673, 3.455000000000000071, 2.887878387081787679 ) ) ;
#406 = DIRECTION ( 'NONE',  ( 0.000000000000000000, -1.000000000000000000, 2.843808977011159210E-15 ) ) ;
#407 = EDGE_LOOP ( 'NONE', ( #3004, #474, #7445, #7399 ) ) ;
#408 = ORIENTED_EDGE ( 'NONE', *, *, #4241, .F. ) ;
#409 = CARTESIAN_POINT ( 'NONE',  ( 17.00000000000001066, 3.454999999999999627, -5.999999999999982236 ) ) ;
#410 = ADVANCED_FACE ( 'NONE', ( #1907 ), #4944, .F. ) ;
#411 = CARTESIAN_POINT ( 'NONE',  ( -19.19999999999998508, 1.301022143997293101, -0.5556624327025833088 ) ) ;
#412 = LINE ( 'NONE', #2784, #1974 ) ;
#413 = VECTOR ( 'NONE', #6974, 1000.000000000000000 ) ;
#414 = CARTESIAN_POINT ( 'NONE',  ( 20.35000000000000142, 4.275000000000021672, -4.700000000000000178 ) ) ;
#415 = FACE_OUTER_BOUND ( 'NONE', #1579, .T. ) ;
#416 = EDGE_LOOP ( 'NONE', ( #7511, #3451, #1392, #5520 ) ) ;
#417 = APPLICATION_CONTEXT ( 'automotive_design' ) ;
#418 = CARTESIAN_POINT ( 'NONE',  ( -18.42999999999999616, -2.618922410801314271, -5.967879242695142139 ) ) ;
#419 = EDGE_CURVE ( 'NONE', #3933, #887, #6732, .T. ) ;
#420 = DIRECTION ( 'NONE',  ( -0.000000000000000000, -1.000000000000000000, -0.000000000000000000 ) ) ;
#421 = DIRECTION ( 'NONE',  ( 0.000000000000000000, 4.216341781888056408E-15, -1.000000000000000000 ) ) ;
#422 = EDGE_LOOP ( 'NONE', ( #141, #5761, #3474, #7657 ) ) ;
#423 = DIRECTION ( 'NONE',  ( 0.000000000000000000, -5.421010862427523403E-17, -1.000000000000000000 ) ) ;
#424 = ORIENTED_EDGE ( 'NONE', *, *, #1439, .F. ) ;
#425 = ORIENTED_EDGE ( 'NONE', *, *, #5435, .T. ) ;
#426 = VECTOR ( 'NONE', #3820, 1000.000000000000114 ) ;
#427 = AXIS2_PLACEMENT_3D ( 'NONE', #3700, #1452, #6945 ) ;
#428 = SHAPE_REPRESENTATION ( 'SxB-XH-A_16', ( #7741 ), #3088 ) ;
#429 = EDGE_CURVE ( 'NONE', #6975, #814, #3833, .T. ) ;
#430 = LINE ( 'NONE', #2916, #847 ) ;
#431 = FACE_OUTER_BOUND ( 'NONE', #803, .T. ) ;
#432 = CARTESIAN_POINT ( 'NONE',  ( -19.06999999999999673, 4.094999999999999751, -9.400000000000000355 ) ) ;
#433 = SHAPE_DEFINITION_REPRESENTATION ( #6485, #6435 ) ;
#434 = EDGE_LOOP ( 'NONE', ( #289, #3018, #4435, #3352 ) ) ;
#435 = DIRECTION ( 'NONE',  ( 1.000000000000000000, 0.000000000000000000, 0.000000000000000000 ) ) ;
#436 = VERTEX_POINT ( 'NONE', #6299 ) ;
#437 = VERTEX_POINT ( 'NONE', #5055 ) ;
#438 = ORIENTED_EDGE ( 'NONE', *, *, #73, .F. ) ;
#439 = ORIENTED_EDGE ( 'NONE', *, *, #3836, .F. ) ;
#440 = CYLINDRICAL_SURFACE ( 'NONE', #3577, 0.6999999999999914069 ) ;
#441 = ORIENTED_EDGE ( 'NONE', *, *, #570, .F. ) ;
#442 = DIRECTION ( 'NONE',  ( 1.000000000000000000, 0.000000000000000000, 0.000000000000000000 ) ) ;
#443 = DIRECTION ( 'NONE',  ( -0.000000000000000000, -0.000000000000000000, 1.000000000000000000 ) ) ;
#444 = DIRECTION ( 'NONE',  ( 1.000000000000000000, 0.000000000000000000, 0.000000000000000000 ) ) ;
#445 = VERTEX_POINT ( 'NONE', #6183 ) ;
#446 = ORIENTED_EDGE ( 'NONE', *, *, #5073, .F. ) ;
#447 = VECTOR ( 'NONE', #3957, 1000.000000000000000 ) ;
#448 = DIRECTION ( 'NONE',  ( 0.000000000000000000, -0.000000000000000000, -1.000000000000000000 ) ) ;
#449 = AXIS2_PLACEMENT_3D ( 'NONE', #4496, #5685, #2769 ) ;
#450 = LINE ( 'NONE', #4551, #6763 ) ;
#451 = CARTESIAN_POINT ( 'NONE',  ( -18.42999999999999616, 3.455000000000000071, -4.700000000000017053 ) ) ;
#452 = LINE ( 'NONE', #499, #4432 ) ;
#453 = ORIENTED_EDGE ( 'NONE', *, *, #3750, .F. ) ;
#454 = VECTOR ( 'NONE', #3184, 1000.000000000000000 ) ;
#455 = EDGE_CURVE ( 'NONE', #701, #5859, #774, .T. ) ;
#456 = ORIENTED_EDGE ( 'NONE', *, *, #4322, .T. ) ;
#457 = FACE_OUTER_BOUND ( 'NONE', #475, .T. ) ;
#458 = DIRECTION ( 'NONE',  ( 0.000000000000000000, -0.3735499670562350549, -0.9276100592987797100 ) ) ;
#459 = LINE ( 'NONE', #2909, #5269 ) ;
#460 = DIRECTION ( 'NONE',  ( 0.000000000000000000, 0.000000000000000000, 1.000000000000000000 ) ) ;
#461 = ORIENTED_EDGE ( 'NONE', *, *, #7316, .F. ) ;
#462 = VERTEX_POINT ( 'NONE', #5578 ) ;
#463 = EDGE_CURVE ( 'NONE', #3269, #1567, #95, .T. ) ;
#464 = CIRCLE ( 'NONE', #6023, 0.1000000000000233619 ) ;
#465 =( REPRESENTATION_RELATIONSHIP ('NONE','NONE', #1840, #6686 ) REPRESENTATION_RELATIONSHIP_WITH_TRANSFORMATION ( #2209 )SHAPE_REPRESENTATION_RELATIONSHIP( ) );
#466 = ADVANCED_FACE ( 'NONE', ( #2620 ), #6848, .F. ) ;
#467 = DIRECTION ( 'NONE',  ( -0.000000000000000000, 0.000000000000000000, 1.000000000000000000 ) ) ;
#468 = FACE_OUTER_BOUND ( 'NONE', #3954, .T. ) ;
#469 = DIRECTION ( 'NONE',  ( -0.000000000000000000, -0.000000000000000000, 1.000000000000000000 ) ) ;
#470 = ITEM_DEFINED_TRANSFORMATION ( 'NONE', 'NONE', #6630,  #7741 ) ;
#471 = ORIENTED_EDGE ( 'NONE', *, *, #4672, .F. ) ;
#472 = CARTESIAN_POINT ( 'NONE',  ( -6.999999999999988454, 0.3999999999999999112, -6.999999999999982236 ) ) ;
#473 = VECTOR ( 'NONE', #3673, 1000.000000000000000 ) ;
#474 = ORIENTED_EDGE ( 'NONE', *, *, #1835, .T. ) ;
#475 = EDGE_LOOP ( 'NONE', ( #7683, #4530, #5931, #2565 ) ) ;
#476 = ORIENTED_EDGE ( 'NONE', *, *, #7272, .F. ) ;
#477 = CIRCLE ( 'NONE', #5639, 0.08000000000000281886 ) ;
#478 = EDGE_CURVE ( 'NONE', #5159, #348, #3414, .T. ) ;
#479 = EDGE_CURVE ( 'NONE', #4666, #5320, #1608, .T. ) ;
#480 = VERTEX_POINT ( 'NONE', #451 ) ;
#481 = CARTESIAN_POINT ( 'NONE',  ( -19.49999999999998934, 0.3999999999999999112, -6.999999999999982236 ) ) ;
#482 = ORIENTED_EDGE ( 'NONE', *, *, #3295, .F. ) ;
#483 = VECTOR ( 'NONE', #1780, 999.9999999999998863 ) ;
#484 = CARTESIAN_POINT ( 'NONE',  ( -15.92999999999999616, 3.454999999999999627, -5.999999999999982236 ) ) ;
#485 = CARTESIAN_POINT ( 'NONE',  ( -19.06999999999999673, 3.454999999999999627, -4.700000000000017053 ) ) ;
#486 = AXIS2_PLACEMENT_3D ( 'NONE', #695, #6880, #2401 ) ;
#487 =( LENGTH_UNIT ( ) NAMED_UNIT ( * ) SI_UNIT ( .MILLI., .METRE. ) );
#488 = AXIS2_PLACEMENT_3D ( 'NONE', #3524, #7732, #1135 ) ;
#489 = DIRECTION ( 'NONE',  ( 1.000000000000000000, -0.000000000000000000, 0.000000000000000000 ) ) ;
#490 = VERTEX_POINT ( 'NONE', #378 ) ;
#491 = VERTEX_POINT ( 'NONE', #2153 ) ;
#492 = EDGE_CURVE ( 'NONE', #2112, #2838, #5831, .T. ) ;
#493 = AXIS2_PLACEMENT_3D ( 'NONE', #4008, #7205, #7583 ) ;
#494 = LINE ( 'NONE', #571, #6354 ) ;
#495 = CARTESIAN_POINT ( 'NONE',  ( -14.49999999999998934, 0.3999999999999999112, -6.999999999999982236 ) ) ;
#496 = CARTESIAN_POINT ( 'NONE',  ( -19.06999999999999673, 3.454999999999999627, -9.400000000000000355 ) ) ;
#497 = LINE ( 'NONE', #223, #4428 ) ;
#498 = ORIENTED_EDGE ( 'NONE', *, *, #5780, .F. ) ;
#499 = CARTESIAN_POINT ( 'NONE',  ( -20.35000000000000142, 1.225000000000037614, 0.000000000000000000 ) ) ;
#500 = ORIENTED_EDGE ( 'NONE', *, *, #2936, .F. ) ;
#501 = VERTEX_POINT ( 'NONE', #7502 ) ;
#502 = LINE ( 'NONE', #1808, #6343 ) ;
#503 = CARTESIAN_POINT ( 'NONE',  ( -18.42999999999999616, 4.094999999999999751, -9.400000000000000355 ) ) ;
#504 = EDGE_CURVE ( 'NONE', #7117, #5967, #412, .T. ) ;
#505 = CARTESIAN_POINT ( 'NONE',  ( -19.06999999999999673, 3.454999999999999627, -4.700000000000017053 ) ) ;
#506 = CARTESIAN_POINT ( 'NONE',  ( -18.42999999999999616, 4.094999999999999751, -4.700000000000000178 ) ) ;
#507 = EDGE_LOOP ( 'NONE', ( #6116, #6487, #105, #1602 ) ) ;
#508 = ORIENTED_EDGE ( 'NONE', *, *, #151, .F. ) ;
#509 = VECTOR ( 'NONE', #404, 1000.000000000000000 ) ;
#510 = CARTESIAN_POINT ( 'NONE',  ( -17.80000000000000426, 5.275000000000007461, -3.699999999999991296 ) ) ;
#511 =( LENGTH_UNIT ( ) NAMED_UNIT ( * ) SI_UNIT ( .MILLI., .METRE. ) );
#512 = EDGE_CURVE ( 'NONE', #4892, #638, #5797, .T. ) ;
#513 = PLANE ( 'NONE',  #3627 ) ;
#514 = FACE_BOUND ( 'NONE', #6745, .T. ) ;
#515 = ITEM_DEFINED_TRANSFORMATION ( 'NONE', 'NONE', #3215,  #7741 ) ;
#516 = ORIENTED_EDGE ( 'NONE', *, *, #537, .T. ) ;
#517 = DIRECTION ( 'NONE',  ( 0.000000000000000000, 0.000000000000000000, -1.000000000000000000 ) ) ;
#518 = ORIENTED_EDGE ( 'NONE', *, *, #4583, .T. ) ;
#519 = EDGE_LOOP ( 'NONE', ( #5221, #4063, #3959, #6668, #264, #2192, #6000, #2961, #1445, #4093, #6779, #4033, #7585, #5934, #6979, #7693, #2521, #2212, #7550, #5041, #5411, #2704, #3226, #2332, #5972, #2960, #4219, #78, #3155, #2669 ) ) ;
#520 = EDGE_LOOP ( 'NONE', ( #4807, #5856, #4602, #7521, #4610, #6598 ) ) ;
#521 = ORIENTED_EDGE ( 'NONE', *, *, #1721, .T. ) ;
#522 = CARTESIAN_POINT ( 'NONE',  ( -18.91999999999999460, -3.399999999999999467, -6.020000000000021778 ) ) ;
#523 = ORIENTED_EDGE ( 'NONE', *, *, #2664, .F. ) ;
#524 = ADVANCED_FACE ( 'NONE', ( #2188 ), #7621, .T. ) ;
#525 = DIRECTION ( 'NONE',  ( -1.000000000000000000, 0.000000000000000000, 0.000000000000000000 ) ) ;
#526 = FACE_BOUND ( 'NONE', #1774, .T. ) ;
#527 = SHAPE_REPRESENTATION_RELATIONSHIP ( 'NONE' , 'NONE' ,  #428, #3994 ) ;
#528 = FACE_OUTER_BOUND ( 'NONE', #4624, .T. ) ;
#529 = ADVANCED_FACE ( 'NONE', ( #1648 ), #2105, .F. ) ;
#530 = ORIENTED_EDGE ( 'NONE', *, *, #1876, .T. ) ;
#532 = ORIENTED_EDGE ( 'NONE', *, *, #7177, .F. ) ;
#531 = EDGE_CURVE ( 'NONE', #6897, #2585, #980, .T. ) ;
#533 = DIRECTION ( 'NONE',  ( -0.000000000000000000, 1.000000000000000000, -0.000000000000000000 ) ) ;
#534 = EDGE_CURVE ( 'NONE', #3897, #6195, #7581, .T. ) ;
#535 = FACE_OUTER_BOUND ( 'NONE', #2951, .T. ) ;
#536 = CARTESIAN_POINT ( 'NONE',  ( 19.07000000000000384, 4.094999999999999751, -4.700000000000000178 ) ) ;
#537 = EDGE_CURVE ( 'NONE', #5827, #5507, #6971, .T. ) ;
#538 = DIRECTION ( 'NONE',  ( 0.000000000000000000, -1.000000000000000000, 2.843808977011159210E-15 ) ) ;
#539 = VERTEX_POINT ( 'NONE', #6935 ) ;
#540 = ORIENTED_EDGE ( 'NONE', *, *, #1857, .F. ) ;
#541 = AXIS2_PLACEMENT_3D ( 'NONE', #7626, #6429, #2235 ) ;
#542 = FACE_OUTER_BOUND ( 'NONE', #578, .T. ) ;
#543 = FACE_OUTER_BOUND ( 'NONE', #1402, .T. ) ;
#544 = CARTESIAN_POINT ( 'NONE',  ( 19.24999999999999645, 5.275000000000007461, -0.4690598923241179330 ) ) ;
#545 = LINE ( 'NONE', #506, #179 ) ;
#546 = ORIENTED_EDGE ( 'NONE', *, *, #3652, .T. ) ;
#547 = VECTOR ( 'NONE', #3497, 1000.000000000000000 ) ;
#548 = ORIENTED_EDGE ( 'NONE', *, *, #6215, .T. ) ;
#549 = CARTESIAN_POINT ( 'NONE',  ( 18.54999999999999716, 5.275000000000007461, -3.699999999999995737 ) ) ;
#550 = CARTESIAN_POINT ( 'NONE',  ( -19.19999999999998153, 1.301022143997293101, -0.8443375672973879587 ) ) ;
#551 = CARTESIAN_POINT ( 'NONE',  ( 5.930000000000005045, 3.454999999999999627, -5.999999999999982236 ) ) ;
#552 = LINE ( 'NONE', #432, #280 ) ;
#553 = ORIENTED_EDGE ( 'NONE', *, *, #7129, .T. ) ;
#554 = VECTOR ( 'NONE', #5374, 1000.000000000000000 ) ;
#555 = LINE ( 'NONE', #5930, #6756 ) ;
#556 = ORIENTED_EDGE ( 'NONE', *, *, #1066, .T. ) ;
#557 = ORIENTED_EDGE ( 'NONE', *, *, #7177, .T. ) ;
#558 = ORIENTED_EDGE ( 'NONE', *, *, #5633, .T. ) ;
#559 = EDGE_CURVE ( 'NONE', #649, #501, #3335, .T. ) ;
#560 = VECTOR ( 'NONE', #2335, 1000.000000000000000 ) ;
#561 = LINE ( 'NONE', #2217, #4715 ) ;
#562 = EDGE_LOOP ( 'NONE', ( #5007, #1660, #7642, #642 ) ) ;
#563 = PLANE ( 'NONE',  #1861 ) ;
#564 = DIRECTION ( 'NONE',  ( 1.000000000000000000, 0.000000000000000000, 0.000000000000000000 ) ) ;
#565 = FACE_BOUND ( 'NONE', #4508, .T. ) ;
#566 = DIRECTION ( 'NONE',  ( 0.000000000000000000, 1.000000000000000000, -0.000000000000000000 ) ) ;
#567 = DIRECTION ( 'NONE',  ( 0.000000000000000000, -1.000000000000000000, 0.000000000000000000 ) ) ;
#568 = VERTEX_POINT ( 'NONE', #2700 ) ;
#569 = ORIENTED_EDGE ( 'NONE', *, *, #455, .F. ) ;
#570 = EDGE_CURVE ( 'NONE', #226, #3008, #933, .T. ) ;
#571 = CARTESIAN_POINT ( 'NONE',  ( 19.50000000000000711, 0.4000000000000000222, 0.000000000000000000 ) ) ;
#572 = LINE ( 'NONE', #7786, #1975 ) ;
#573 = DIRECTION ( 'NONE',  ( -0.9396926207859083169, 0.000000000000000000, -0.3420201433256692125 ) ) ;
#574 = AXIS2_PLACEMENT_3D ( 'NONE', #3882, #6381, #2746 ) ;
#575 = DIRECTION ( 'NONE',  ( 0.000000000000000000, 0.000000000000000000, -1.000000000000000000 ) ) ;
#576 = VECTOR ( 'NONE', #4463, 1000.000000000000000 ) ;
#577 = VERTEX_POINT ( 'NONE', #2743 ) ;
#578 = EDGE_LOOP ( 'NONE', ( #2921, #1973, #1560, #1242 ) ) ;
#579 = EDGE_CURVE ( 'NONE', #3515, #6635, #1684, .T. ) ;
#580 = EDGE_CURVE ( 'NONE', #2291, #2682, #5141, .T. ) ;
#581 = PRODUCT_DEFINITION_FORMATION_WITH_SPECIFIED_SOURCE ( 'ANY', '', #2323, .NOT_KNOWN. ) ;
#582 = ORIENTED_EDGE ( 'NONE', *, *, #1486, .F. ) ;
#583 = DIRECTION ( 'NONE',  ( -0.000000000000000000, 1.000000000000000000, -0.000000000000000000 ) ) ;
#584 = DIRECTION ( 'NONE',  ( 0.000000000000000000, 0.000000000000000000, -1.000000000000000000 ) ) ;
#585 = DIRECTION ( 'NONE',  ( -1.000000000000000000, 0.000000000000000000, -0.000000000000000000 ) ) ;
#586 = DIRECTION ( 'NONE',  ( -1.000000000000000000, 0.000000000000000000, 0.000000000000000000 ) ) ;
#587 = ORIENTED_EDGE ( 'NONE', *, *, #3665, .T. ) ;
#588 = ORIENTED_EDGE ( 'NONE', *, *, #274, .T. ) ;
#589 = LINE ( 'NONE', #1740, #6972 ) ;
#590 = VECTOR ( 'NONE', #3433, 1000.000000000000000 ) ;
#591 = DIRECTION ( 'NONE',  ( -0.000000000000000000, -0.000000000000000000, 1.000000000000000000 ) ) ;
#592 = DIRECTION ( 'NONE',  ( -1.000000000000000000, 0.000000000000000000, 0.000000000000000000 ) ) ;
#593 = CARTESIAN_POINT ( 'NONE',  ( 7.000000000000009770, 0.4000000000000000222, -5.999999999999982236 ) ) ;
#594 = VERTEX_POINT ( 'NONE', #4006 ) ;
#595 = CARTESIAN_POINT ( 'NONE',  ( -18.57999999999999474, 4.336808689942017736E-16, 3.299999999999982503 ) ) ;
#596 = VERTEX_POINT ( 'NONE', #6455 ) ;
#597 = VECTOR ( 'NONE', #1544, 1000.000000000000000 ) ;
#598 = ORIENTED_EDGE ( 'NONE', *, *, #4425, .T. ) ;
#599 = VECTOR ( 'NONE', #2977, 1000.000000000000000 ) ;
#600 = PLANE ( 'NONE',  #1199 ) ;
#601 = ORIENTED_EDGE ( 'NONE', *, *, #4126, .F. ) ;
#602 = DIRECTION ( 'NONE',  ( 0.000000000000000000, -1.000000000000000000, 0.000000000000000000 ) ) ;
#603 = FACE_BOUND ( 'NONE', #416, .T. ) ;
#604 = VECTOR ( 'NONE', #958, 1000.000000000000000 ) ;
#605 = SURFACE_STYLE_FILL_AREA ( #1795 ) ;
#606 = PLANE ( 'NONE',  #2754 ) ;
#607 = LINE ( 'NONE', #3638, #1364 ) ;
#608 = ADVANCED_FACE ( 'NONE', ( #3377 ), #1057, .F. ) ;
#609 = VERTEX_POINT ( 'NONE', #5868 ) ;
#610 = VECTOR ( 'NONE', #1038, 1000.000000000000000 ) ;
#611 = DIRECTION ( 'NONE',  ( 0.000000000000000000, 0.000000000000000000, 1.000000000000000000 ) ) ;
#612 = VECTOR ( 'NONE', #3682, 999.9999999999998863 ) ;
#613 = LINE ( 'NONE', #4835, #3111 ) ;
#614 = LINE ( 'NONE', #536, #4244 ) ;
#615 = CARTESIAN_POINT ( 'NONE',  ( -18.57999999999999474, -3.399999999999999467, -5.530000000000022453 ) ) ;
#616 = ADVANCED_FACE ( 'NONE', ( #4077 ), #2273, .T. ) ;
#617 = ORIENTED_EDGE ( 'NONE', *, *, #6122, .T. ) ;
#618 = VECTOR ( 'NONE', #94, 1000.000000000000000 ) ;
#619 = EDGE_CURVE ( 'NONE', #6727, #4151, #3530, .T. ) ;
#620 = EDGE_LOOP ( 'NONE', ( #1689, #2648, #7629, #6305 ) ) ;
#621 = VECTOR ( 'NONE', #3084, 1000.000000000000000 ) ;
#622 = PRODUCT_DEFINITION_CONTEXT ( 'detailed design', #5413, 'design' ) ;
#623 = LINE ( 'NONE', #5307, #6096 ) ;
#624 = DIRECTION ( 'NONE',  ( -0.000000000000000000, 0.9396926207859083169, -0.3420201433256692125 ) ) ;
#625 = ADVANCED_FACE ( 'NONE', ( #6538 ), #7127, .F. ) ;
#626 = DIRECTION ( 'NONE',  ( -0.000000000000000000, 1.000000000000000000, -0.000000000000000000 ) ) ;
#627 = DIRECTION ( 'NONE',  ( 1.000000000000000000, -0.000000000000000000, 0.000000000000000000 ) ) ;
#628 = EDGE_LOOP ( 'NONE', ( #7151, #3214, #4260, #2449 ) ) ;
#629 = VERTEX_POINT ( 'NONE', #13 ) ;
#630 = ADVANCED_FACE ( 'NONE', ( #7210 ), #2939, .F. ) ;
#631 = CARTESIAN_POINT ( 'NONE',  ( -0.9299999999999932765, 3.454999999999999627, -9.400000000000000355 ) ) ;
#632 = LINE ( 'NONE', #3467, #717 ) ;
#633 = EDGE_CURVE ( 'NONE', #3304, #5016, #2347, .T. ) ;
#634 = CARTESIAN_POINT ( 'NONE',  ( -15.92999999999999616, 3.454999999999999627, -9.400000000000000355 ) ) ;
#635 = FACE_OUTER_BOUND ( 'NONE', #1643, .T. ) ;
#636 = ADVANCED_FACE ( 'NONE', ( #7787 ), #6026, .T. ) ;
#637 = ITEM_DEFINED_TRANSFORMATION ( 'NONE', 'NONE', #7619,  #7741 ) ;
#638 = VERTEX_POINT ( 'NONE', #5909 ) ;
#639 = VECTOR ( 'NONE', #3163, 1000.000000000000000 ) ;
#640 = DIRECTION ( 'NONE',  ( 0.000000000000000000, -1.000000000000000000, -1.404634393503488270E-16 ) ) ;
#641 = ORIENTED_EDGE ( 'NONE', *, *, #3558, .T. ) ;
#642 = ORIENTED_EDGE ( 'NONE', *, *, #5805, .F. ) ;
#643 = FACE_OUTER_BOUND ( 'NONE', #812, .T. ) ;
#644 = DIRECTION ( 'NONE',  ( 0.000000000000000000, -0.9276100592987797100, 0.3735499670562350549 ) ) ;
#645 = LINE ( 'NONE', #6016, #3401 ) ;
#646 = CARTESIAN_POINT ( 'NONE',  ( 0.000000000000000000, 0.000000000000000000, 0.000000000000000000 ) ) ;
#647 = CARTESIAN_POINT ( 'NONE',  ( -5.929999999999994387, 3.454999999999999627, -9.400000000000000355 ) ) ;
#648 = ORIENTED_EDGE ( 'NONE', *, *, #1214, .F. ) ;
#649 = VERTEX_POINT ( 'NONE', #7275 ) ;
#650 = CARTESIAN_POINT ( 'NONE',  ( -19.06999999999999673, 3.455000000000000515, -4.700000000000017053 ) ) ;
#651 = DIRECTION ( 'NONE',  ( 1.000000000000000000, 0.000000000000000000, 0.000000000000000000 ) ) ;
#652 = DIRECTION ( 'NONE',  ( 0.000000000000000000, 0.000000000000000000, 1.000000000000000000 ) ) ;
#653 = CARTESIAN_POINT ( 'NONE',  ( -5.929999999999994387, 3.454999999999999627, -4.700000000000000178 ) ) ;
#654 = LINE ( 'NONE', #4797, #1987 ) ;
#655 = EDGE_CURVE ( 'NONE', #328, #5164, #1141, .T. ) ;
#656 = DIRECTION ( 'NONE',  ( -1.000000000000000000, 0.000000000000000000, 0.000000000000000000 ) ) ;
#657 = CARTESIAN_POINT ( 'NONE',  ( -13.42999999999999439, 4.094999999999999751, -5.999999999999982236 ) ) ;
#658 = LINE ( 'NONE', #2989, #3753 ) ;
#659 = ORIENTED_EDGE ( 'NONE', *, *, #1913, .T. ) ;
#660 = CARTESIAN_POINT ( 'NONE',  ( 21.19999999999999929, 6.100000000000000533, 0.000000000000000000 ) ) ;
#661 = ORIENTED_EDGE ( 'NONE', *, *, #288, .T. ) ;
#662 = ORIENTED_EDGE ( 'NONE', *, *, #2548, .F. ) ;
#663 = VECTOR ( 'NONE', #7470, 1000.000000000000227 ) ;
#664 = EDGE_CURVE ( 'NONE', #7755, #1792, #614, .T. ) ;
#665 = LINE ( 'NONE', #3069, #2430 ) ;
#666 = VECTOR ( 'NONE', #5927, 1000.000000000000000 ) ;
#667 = EDGE_CURVE ( 'NONE', #2762, #6832, #3023, .T. ) ;
#668 = CARTESIAN_POINT ( 'NONE',  ( 8.000000000000007105, 6.100000000000000533, -5.999999999999982236 ) ) ;
#669 = CARTESIAN_POINT ( 'NONE',  ( 14.50000000000000888, 6.100000000000000533, -6.999999999999982236 ) ) ;
#670 = CARTESIAN_POINT ( 'NONE',  ( -5.499999999999991118, 0.000000000000000000, -5.999999999999982236 ) ) ;
#671 = AXIS2_PLACEMENT_3D ( 'NONE', #2469, #163, #5503 ) ;
#672 = CONTEXT_DEPENDENT_SHAPE_REPRESENTATION ( #5665, #6355 ) ;
#673 = VERTEX_POINT ( 'NONE', #7738 ) ;
#674 = CARTESIAN_POINT ( 'NONE',  ( 0.5000000000000073275, 0.000000000000000000, -5.999999999999982236 ) ) ;
#675 = ORIENTED_EDGE ( 'NONE', *, *, #5298, .T. ) ;
#676 = ORIENTED_EDGE ( 'NONE', *, *, #2698, .F. ) ;
#677 = EDGE_LOOP ( 'NONE', ( #4354, #5382, #1997, #617 ) ) ;
#678 = ADVANCED_FACE ( 'NONE', ( #4122 ), #4714, .F. ) ;
#679 = EDGE_CURVE ( 'NONE', #6225, #786, #4836, .T. ) ;
#680 = DIRECTION ( 'NONE',  ( -1.000000000000000000, -0.000000000000000000, -0.000000000000000000 ) ) ;
#681 = AXIS2_PLACEMENT_3D ( 'NONE', #4594, #376, #7618 ) ;
#682 = CARTESIAN_POINT ( 'NONE',  ( -10.49999999999999112, 3.454999999999999627, -5.999999999999982236 ) ) ;
#683 = FACE_OUTER_BOUND ( 'NONE', #1043, .T. ) ;
#684 = FILL_AREA_STYLE_COLOUR ( '', #956 ) ;
#685 = FACE_BOUND ( 'NONE', #4065, .T. ) ;
#686 = ORIENTED_EDGE ( 'NONE', *, *, #4411, .T. ) ;
#687 = AXIS2_PLACEMENT_3D ( 'NONE', #1055, #3603, #611 ) ;
#688 = DIRECTION ( 'NONE',  ( 0.000000000000000000, -0.000000000000000000, -1.000000000000000000 ) ) ;
#689 = DIRECTION ( 'NONE',  ( 1.000000000000000000, 0.000000000000000000, -0.000000000000000000 ) ) ;
#690 = LINE ( 'NONE', #5497, #1728 ) ;
#691 = PLANE ( 'NONE',  #825 ) ;
#692 = DIRECTION ( 'NONE',  ( -0.000000000000000000, 2.843808977011159210E-15, 1.000000000000000000 ) ) ;
#693 = LINE ( 'NONE', #6254, #4310 ) ;
#694 = VECTOR ( 'NONE', #3681, 1000.000000000000000 ) ;
#695 = CARTESIAN_POINT ( 'NONE',  ( -19.14999999999997371, 1.301022143997293101, -0.4690598923241131590 ) ) ;
#696 = PLANE ( 'NONE',  #2621 ) ;
#697 = VERTEX_POINT ( 'NONE', #7169 ) ;
#698 = CARTESIAN_POINT ( 'NONE',  ( 0.5000000000000108802, 0.3999999999999999112, -6.999999999999982236 ) ) ;
#699 = VERTEX_POINT ( 'NONE', #7699 ) ;
#700 = ADVANCED_FACE ( 'NONE', ( #1723 ), #6064, .F. ) ;
#701 = VERTEX_POINT ( 'NONE', #1765 ) ;
#702 = ITEM_DEFINED_TRANSFORMATION ( 'NONE', 'NONE', #7367,  #7741 ) ;
#703 = LINE ( 'NONE', #4990, #276 ) ;
#704 = CARTESIAN_POINT ( 'NONE',  ( 17.80000000000000426, 1.301022143997293101, -4.359742604964578216E-15 ) ) ;
#705 = LINE ( 'NONE', #104, #4718 ) ;
#706 = EDGE_LOOP ( 'NONE', ( #1125, #7594, #5052, #4833 ) ) ;
#707 = FACE_OUTER_BOUND ( 'NONE', #1045, .T. ) ;
#708 = EDGE_CURVE ( 'NONE', #2654, #5518, #1176, .T. ) ;
#709 = ORIENTED_EDGE ( 'NONE', *, *, #5490, .T. ) ;
#710 = EDGE_CURVE ( 'NONE', #184, #3894, #3564, .T. ) ;
#711 = VECTOR ( 'NONE', #2712, 1000.000000000000000 ) ;
#712 = ORIENTED_EDGE ( 'NONE', *, *, #4046, .F. ) ;
#713 = VECTOR ( 'NONE', #6178, 1000.000000000000227 ) ;
#714 = LINE ( 'NONE', #3044, #4327 ) ;
#715 = LINE ( 'NONE', #1349, #3241 ) ;
#716 = CARTESIAN_POINT ( 'NONE',  ( -21.19999999999999929, 0.000000000000000000, 0.000000000000000000 ) ) ;
#717 = VECTOR ( 'NONE', #2409, 1000.000000000000000 ) ;
#718 =( NAMED_UNIT ( * ) PLANE_ANGLE_UNIT ( ) SI_UNIT ( $, .RADIAN. ) );
#719 = PLANE ( 'NONE',  #4385 ) ;
#720 = EDGE_CURVE ( 'NONE', #3575, #7671, #2900, .T. ) ;
#721 = EDGE_CURVE ( 'NONE', #2705, #5476, #7503, .T. ) ;
#722 = ORIENTED_EDGE ( 'NONE', *, *, #463, .T. ) ;
#723 = VECTOR ( 'NONE', #3878, 1000.000000000000000 ) ;
#724 =( REPRESENTATION_RELATIONSHIP ('NONE','NONE', #1840, #6435 ) REPRESENTATION_RELATIONSHIP_WITH_TRANSFORMATION ( #515 )SHAPE_REPRESENTATION_RELATIONSHIP( ) );
#725 = ORIENTED_EDGE ( 'NONE', *, *, #1568, .T. ) ;
#726 = DIRECTION ( 'NONE',  ( 0.000000000000000000, 0.3735499670562300034, -0.9276100592987818194 ) ) ;
#727 = VECTOR ( 'NONE', #644, 1000.000000000000114 ) ;
#728 = CARTESIAN_POINT ( 'NONE',  ( 9.070000000000005613, 4.094999999999999751, -4.700000000000000178 ) ) ;
#729 = LINE ( 'NONE', #1980, #6304 ) ;
#730 = DIRECTION ( 'NONE',  ( -0.000000000000000000, 2.843808977011159210E-15, 1.000000000000000000 ) ) ;
#731 = DIRECTION ( 'NONE',  ( 0.000000000000000000, 0.000000000000000000, 1.000000000000000000 ) ) ;
#732 = EDGE_CURVE ( 'NONE', #7419, #224, #244, .T. ) ;
#733 = VECTOR ( 'NONE', #7440, 1000.000000000000000 ) ;
#734 = VECTOR ( 'NONE', #3709, 1000.000000000000000 ) ;
#735 = VECTOR ( 'NONE', #3368, 1000.000000000000000 ) ;
#736 = DIRECTION ( 'NONE',  ( 0.000000000000000000, 0.000000000000000000, -1.000000000000000000 ) ) ;
#737 = DIRECTION ( 'NONE',  ( 0.000000000000000000, 1.000000000000000000, 0.000000000000000000 ) ) ;
#738 = VECTOR ( 'NONE', #3699, 1000.000000000000000 ) ;
#739 = CARTESIAN_POINT ( 'NONE',  ( 20.35000000000000142, 5.275000000000007461, -4.700000000000000178 ) ) ;
#740 = ORIENTED_EDGE ( 'NONE', *, *, #5480, .F. ) ;
#741 = AXIS2_PLACEMENT_3D ( 'NONE', #2530, #1317, #1972 ) ;
#742 = LINE ( 'NONE', #3765, #5622 ) ;
#743 = ORIENTED_EDGE ( 'NONE', *, *, #4945, .T. ) ;
#744 = ORIENTED_EDGE ( 'NONE', *, *, #5231, .F. ) ;
#745 = VECTOR ( 'NONE', #566, 1000.000000000000000 ) ;
#746 = ORIENTED_EDGE ( 'NONE', *, *, #3649, .F. ) ;
#747 = DIRECTION ( 'NONE',  ( 0.000000000000000000, 0.000000000000000000, -1.000000000000000000 ) ) ;
#748 = EDGE_CURVE ( 'NONE', #1668, #7078, #6208, .T. ) ;
#749 = LINE ( 'NONE', #4883, #3005 ) ;
#750 = LINE ( 'NONE', #670, #5982 ) ;
#751 = VERTEX_POINT ( 'NONE', #122 ) ;
#752 = CARTESIAN_POINT ( 'NONE',  ( 4.500000000000007105, 3.454999999999999627, -5.999999999999982236 ) ) ;
#753 = ORIENTED_EDGE ( 'NONE', *, *, #4118, .T. ) ;
#754 = EDGE_LOOP ( 'NONE', ( #2820, #5321, #918, #938 ) ) ;
#755 = EDGE_CURVE ( 'NONE', #1586, #629, #3716, .T. ) ;
#756 = LINE ( 'NONE', #1826, #3332 ) ;
#757 = LINE ( 'NONE', #682, #1978 ) ;
#758 = CARTESIAN_POINT ( 'NONE',  ( 8.430000000000003268, 3.454999999999999627, -5.999999999999982236 ) ) ;
#759 = SURFACE_STYLE_USAGE ( .BOTH. , #4335 ) ;
#760 = CARTESIAN_POINT ( 'NONE',  ( -17.99999999999999289, 0.000000000000000000, -5.999999999999982236 ) ) ;
#761 = ORIENTED_EDGE ( 'NONE', *, *, #5987, .F. ) ;
#762 = ORIENTED_EDGE ( 'NONE', *, *, #2637, .F. ) ;
#763 = EDGE_CURVE ( 'NONE', #1620, #5016, #5047, .T. ) ;
#764 = PLANE ( 'NONE',  #6853 ) ;
#765 = LINE ( 'NONE', #3129, #5906 ) ;
#766 = DIRECTION ( 'NONE',  ( 0.000000000000000000, 0.000000000000000000, -1.000000000000000000 ) ) ;
#767 = ADVANCED_FACE ( 'NONE', ( #6837 ), #799, .F. ) ;
#768 = EDGE_CURVE ( 'NONE', #4892, #5864, #690, .T. ) ;
#769 = LINE ( 'NONE', #7380, #7617 ) ;
#770 = DIRECTION ( 'NONE',  ( 1.000000000000000000, 0.000000000000000000, -0.000000000000000000 ) ) ;
#771 = EDGE_CURVE ( 'NONE', #6923, #3064, #1397, .T. ) ;
#772 = EDGE_CURVE ( 'NONE', #7419, #2789, #3092, .T. ) ;
#773 = CARTESIAN_POINT ( 'NONE',  ( 17.80000000000000426, 6.100000000000000533, -3.699999999999995737 ) ) ;
#774 = LINE ( 'NONE', #4431, #3506 ) ;
#775 = PLANE ( 'NONE',  #2130 ) ;
#776 = PLANE ( 'NONE',  #4338 ) ;
#777 = ORIENTED_EDGE ( 'NONE', *, *, #7454, .T. ) ;
#778 = VERTEX_POINT ( 'NONE', #3757 ) ;
#779 = ORIENTED_EDGE ( 'NONE', *, *, #6955, .F. ) ;
#780 = CARTESIAN_POINT ( 'NONE',  ( -19.06999999999999673, 2.774999999999997247, -6.020000000000020890 ) ) ;
#781 = FACE_BOUND ( 'NONE', #4363, .T. ) ;
#782 = CARTESIAN_POINT ( 'NONE',  ( 0.000000000000000000, 0.4000000000000000222, -5.999999999999982236 ) ) ;
#783 = LINE ( 'NONE', #29, #4064 ) ;
#784 = ORIENTED_EDGE ( 'NONE', *, *, #4957, .F. ) ;
#785 = FACE_OUTER_BOUND ( 'NONE', #3478, .T. ) ;
#786 = VERTEX_POINT ( 'NONE', #84 ) ;
#787 = ORIENTED_EDGE ( 'NONE', *, *, #5885, .F. ) ;
#788 = AXIS2_PLACEMENT_3D ( 'NONE', #5712, #302, #2707 ) ;
#789 = CARTESIAN_POINT ( 'NONE',  ( -4.499999999999993783, 6.100000000000000533, -5.999999999999982236 ) ) ;
#790 = CARTESIAN_POINT ( 'NONE',  ( 18.00000000000001066, 0.3999999999999999112, -6.999999999999982236 ) ) ;
#791 = CARTESIAN_POINT ( 'NONE',  ( -5.929999999999994387, 4.094999999999999751, -4.700000000000000178 ) ) ;
#792 = DIRECTION ( 'NONE',  ( 0.000000000000000000, 0.3735499670562323349, -0.9276100592987809312 ) ) ;
#793 = EDGE_LOOP ( 'NONE', ( #1307, #31, #4456, #2446 ) ) ;
#794 = ADVANCED_BREP_SHAPE_REPRESENTATION ( '', ( #38, #7741 ), #4608 ) ;
#795 = EDGE_CURVE ( 'NONE', #3676, #2437, #2536, .T. ) ;
#796 = CARTESIAN_POINT ( 'NONE',  ( -18.91999999999999460, -3.399999999999999467, -5.870000000000021423 ) ) ;
#797 = CARTESIAN_POINT ( 'NONE',  ( -19.19999999999998153, 1.301022143997293101, -0.8443375672973876256 ) ) ;
#798 = PLANE ( 'NONE',  #1741 ) ;
#799 = PLANE ( 'NONE',  #5372 ) ;
#800 = CARTESIAN_POINT ( 'NONE',  ( 0.000000000000000000, -3.400000000000000355, -1.925000000000022471 ) ) ;
#801 = DIRECTION ( 'NONE',  ( 1.000000000000000000, 0.000000000000000000, -0.000000000000000000 ) ) ;
#802 = ORIENTED_EDGE ( 'NONE', *, *, #6395, .T. ) ;
#803 = EDGE_LOOP ( 'NONE', ( #5921, #10, #2583, #3777 ) ) ;
#804 = VECTOR ( 'NONE', #4794, 1000.000000000000000 ) ;
#805 = EDGE_CURVE ( 'NONE', #1881, #6565, #2503, .T. ) ;
#806 = EDGE_CURVE ( 'NONE', #4758, #3399, #1901, .T. ) ;
#807 = CARTESIAN_POINT ( 'NONE',  ( -18.42999999999999616, -2.987878387081802423, -5.380000000000022098 ) ) ;
#808 = CARTESIAN_POINT ( 'NONE',  ( 19.19999999999998153, 5.275000000000007461, -0.5556624327025825316 ) ) ;
#809 = CARTESIAN_POINT ( 'NONE',  ( 19.24999999999999645, 5.275000000000007461, -0.9309401076758581084 ) ) ;
#810 = LINE ( 'NONE', #2701, #5008 ) ;
#811 = DIRECTION ( 'NONE',  ( 0.000000000000000000, 1.000000000000000000, -0.000000000000000000 ) ) ;
#812 = EDGE_LOOP ( 'NONE', ( #5407, #6353, #7475, #4037 ) ) ;
#813 = EDGE_CURVE ( 'NONE', #1792, #1812, #5536, .T. ) ;
#814 = VERTEX_POINT ( 'NONE', #156 ) ;
#815 = EDGE_CURVE ( 'NONE', #6524, #6968, #729, .T. ) ;
#816 = VERTEX_POINT ( 'NONE', #3130 ) ;
#817 = DIRECTION ( 'NONE',  ( 0.000000000000000000, -1.000000000000000000, 0.000000000000000000 ) ) ;
#818 = LINE ( 'NONE', #5630, #3635 ) ;
#819 = CARTESIAN_POINT ( 'NONE',  ( -19.06999999999999673, -1.957994389717305994, -5.725791195256116239 ) ) ;
#820 = DIRECTION ( 'NONE',  ( -0.000000000000000000, -0.000000000000000000, 1.000000000000000000 ) ) ;
#821 = CIRCLE ( 'NONE', #2205, 0.1000000000000023231 ) ;
#822 = ORIENTED_EDGE ( 'NONE', *, *, #5290, .T. ) ;
#823 = CARTESIAN_POINT ( 'NONE',  ( 2.000000000000008882, 0.000000000000000000, -6.999999999999982236 ) ) ;
#824 = ORIENTED_EDGE ( 'NONE', *, *, #4700, .T. ) ;
#825 = AXIS2_PLACEMENT_3D ( 'NONE', #800, #3054, #85 ) ;
#826 = VERTEX_POINT ( 'NONE', #3789 ) ;
#827 = ORIENTED_EDGE ( 'NONE', *, *, #3727, .T. ) ;
#828 = MECHANICAL_DESIGN_GEOMETRIC_PRESENTATION_REPRESENTATION (  '', ( #5611 ), #6502 ) ;
#829 = DIRECTION ( 'NONE',  ( 0.000000000000000000, -1.000000000000000000, 0.000000000000000000 ) ) ;
#830 = CARTESIAN_POINT ( 'NONE',  ( 0.000000000000000000, 0.4000000000000000222, -5.999999999999982236 ) ) ;
#831 = CARTESIAN_POINT ( 'NONE',  ( 21.19999999999999929, 6.100000000000000533, -6.999999999999982236 ) ) ;
#832 = DIRECTION ( 'NONE',  ( 0.000000000000000000, 0.000000000000000000, 1.000000000000000000 ) ) ;
#833 = DIRECTION ( 'NONE',  ( 0.000000000000000000, 0.000000000000000000, 1.000000000000000000 ) ) ;
#834 = ORIENTED_EDGE ( 'NONE', *, *, #1377, .F. ) ;
#835 = VECTOR ( 'NONE', #7680, 1000.000000000000000 ) ;
#836 = DIRECTION ( 'NONE',  ( -0.000000000000000000, 1.000000000000000000, -0.000000000000000000 ) ) ;
#837 = PLANE ( 'NONE',  #3813 ) ;
#838 = EDGE_LOOP ( 'NONE', ( #5559, #6531, #4524, #1673 ) ) ;
#839 = EDGE_CURVE ( 'NONE', #184, #1812, #5608, .T. ) ;
#840 = PLANE ( 'NONE',  #2735 ) ;
#841 = DIRECTION ( 'NONE',  ( -0.000000000000000000, -0.000000000000000000, 1.000000000000000000 ) ) ;
#842 = DIRECTION ( 'NONE',  ( 0.000000000000000000, -0.3420201433256679358, -0.9396926207859087610 ) ) ;
#843 = CARTESIAN_POINT ( 'NONE',  ( -2.999999999999992450, 0.000000000000000000, -5.999999999999982236 ) ) ;
#844 = VECTOR ( 'NONE', #841, 1000.000000000000000 ) ;
#845 = VERTEX_POINT ( 'NONE', #3243 ) ;
#846 = ORIENTED_EDGE ( 'NONE', *, *, #1439, .T. ) ;
#847 = VECTOR ( 'NONE', #5959, 1000.000000000000000 ) ;
#848 = DIRECTION ( 'NONE',  ( 0.000000000000000000, 0.000000000000000000, -1.000000000000000000 ) ) ;
#849 = ADVANCED_FACE ( 'NONE', ( #4387 ), #5013, .F. ) ;
#850 = CARTESIAN_POINT ( 'NONE',  ( -5.929999999999994387, 4.094999999999999751, -4.700000000000000178 ) ) ;
#851 = DIRECTION ( 'NONE',  ( 0.000000000000000000, -0.000000000000000000, -1.000000000000000000 ) ) ;
#852 = LINE ( 'NONE', #6936, #6547 ) ;
#853 = ADVANCED_FACE ( 'NONE', ( #6758 ), #2021, .F. ) ;
#854 = VECTOR ( 'NONE', #3479, 1000.000000000000000 ) ;
#855 = CARTESIAN_POINT ( 'NONE',  ( -11.99999999999998934, 6.100000000000000533, -6.999999999999982236 ) ) ;
#856 = VERTEX_POINT ( 'NONE', #5657 ) ;
#857 = ORIENTED_EDGE ( 'NONE', *, *, #5932, .T. ) ;
#858 = AXIS2_PLACEMENT_3D ( 'NONE', #5815, #269, #356 ) ;
#859 = CARTESIAN_POINT ( 'NONE',  ( -0.4999999999999900080, 3.454999999999999627, -5.999999999999982236 ) ) ;
#860 = VECTOR ( 'NONE', #1733, 1000.000000000000000 ) ;
#861 = EDGE_CURVE ( 'NONE', #5990, #4680, #4275, .T. ) ;
#862 = LINE ( 'NONE', #6154, #7792 ) ;
#863 = VECTOR ( 'NONE', #1531, 1000.000000000000000 ) ;
#864 = VECTOR ( 'NONE', #5293, 1000.000000000000000 ) ;
#865 = CARTESIAN_POINT ( 'NONE',  ( 21.19999999999999929, 6.100000000000000533, -6.999999999999982236 ) ) ;
#866 = LINE ( 'NONE', #5461, #5881 ) ;
#867 = ADVANCED_FACE ( 'NONE', ( #3912 ), #2690, .F. ) ;
#868 = EDGE_CURVE ( 'NONE', #4272, #3933, #282, .T. ) ;
#869 = ORIENTED_EDGE ( 'NONE', *, *, #7057, .T. ) ;
#870 = LINE ( 'NONE', #308, #6135 ) ;
#871 = ORIENTED_EDGE ( 'NONE', *, *, #6324, .F. ) ;
#872 = VECTOR ( 'NONE', #3806, 1000.000000000000000 ) ;
#873 = ORIENTED_EDGE ( 'NONE', *, *, #6697, .F. ) ;
#874 = VECTOR ( 'NONE', #7235, 1000.000000000000000 ) ;
#875 = VECTOR ( 'NONE', #3498, 1000.000000000000000 ) ;
#876 = ORIENTED_EDGE ( 'NONE', *, *, #6124, .F. ) ;
#877 = EDGE_CURVE ( 'NONE', #1612, #4272, #7539, .T. ) ;
#878 = EDGE_CURVE ( 'NONE', #7239, #3977, #369, .T. ) ;
#879 = DIRECTION ( 'NONE',  ( 0.000000000000000000, -1.946735479746240487E-16, 1.000000000000000000 ) ) ;
#880 = DIRECTION ( 'NONE',  ( -0.000000000000000000, -0.000000000000000000, 1.000000000000000000 ) ) ;
#881 = CARTESIAN_POINT ( 'NONE',  ( 20.35000000000000142, 1.225000000000037614, -4.700000000000000178 ) ) ;
#882 = DIRECTION ( 'NONE',  ( 1.000000000000000000, 0.000000000000000000, 0.000000000000000000 ) ) ;
#883 = CARTESIAN_POINT ( 'NONE',  ( -14.06999999999999496, 3.454999999999999627, -5.999999999999982236 ) ) ;
#884 = ORIENTED_EDGE ( 'NONE', *, *, #2266, .F. ) ;
#885 = DIRECTION ( 'NONE',  ( 1.000000000000000000, 0.000000000000000000, 0.000000000000000000 ) ) ;
#886 = CARTESIAN_POINT ( 'NONE',  ( -21.19999999999999929, 4.275000000000021672, -1.224646799147336937E-16 ) ) ;
#887 = VERTEX_POINT ( 'NONE', #2777 ) ;
#888 = FACE_OUTER_BOUND ( 'NONE', #4557, .T. ) ;
#889 = FACE_OUTER_BOUND ( 'NONE', #6807, .T. ) ;
#890 = CARTESIAN_POINT ( 'NONE',  ( -16.56999999999999673, 4.094999999999999751, -5.999999999999982236 ) ) ;
#891 = CARTESIAN_POINT ( 'NONE',  ( -4.499999999999990230, 0.000000000000000000, -6.999999999999982236 ) ) ;
#892 = ORIENTED_EDGE ( 'NONE', *, *, #1603, .F. ) ;
#893 = ORIENTED_EDGE ( 'NONE', *, *, #1344, .F. ) ;
#894 = LINE ( 'NONE', #7459, #5857 ) ;
#895 = LINE ( 'NONE', #377, #2988 ) ;
#896 = DIRECTION ( 'NONE',  ( -0.000000000000000000, -0.9276100592987817084, -0.3735499670562298924 ) ) ;
#897 = LINE ( 'NONE', #210, #3254 ) ;
#898 = DIRECTION ( 'NONE',  ( -1.000000000000000000, 0.000000000000000000, 0.000000000000000000 ) ) ;
#899 = ORIENTED_EDGE ( 'NONE', *, *, #5170, .T. ) ;
#900 = VERTEX_POINT ( 'NONE', #1513 ) ;
#901 = ADVANCED_FACE ( 'NONE', ( #1556 ), #5861, .F. ) ;
#902 = ORIENTED_EDGE ( 'NONE', *, *, #5500, .T. ) ;
#903 = CARTESIAN_POINT ( 'NONE',  ( -18.42999999999999616, -2.987878387081802423, -5.380000000000022098 ) ) ;
#904 = FACE_OUTER_BOUND ( 'NONE', #4481, .T. ) ;
#905 = FACE_OUTER_BOUND ( 'NONE', #5134, .T. ) ;
#906 = CARTESIAN_POINT ( 'NONE',  ( 18.43000000000000327, 4.094999999999999751, -9.400000000000000355 ) ) ;
#907 = ORIENTED_EDGE ( 'NONE', *, *, #2169, .F. ) ;
#908 = ORIENTED_EDGE ( 'NONE', *, *, #419, .T. ) ;
#909 = CARTESIAN_POINT ( 'NONE',  ( -19.06999999999999673, 4.095000000000000639, -4.700000000000017053 ) ) ;
#910 = ORIENTED_EDGE ( 'NONE', *, *, #2250, .T. ) ;
#911 = EDGE_LOOP ( 'NONE', ( #2070, #6010, #6782, #4815 ) ) ;
#912 = EDGE_CURVE ( 'NONE', #7306, #4662, #7573, .T. ) ;
#913 = ORIENTED_EDGE ( 'NONE', *, *, #1261, .T. ) ;
#914 = CARTESIAN_POINT ( 'NONE',  ( -18.42999999999999616, 3.454999999999999627, 2.887878387081787679 ) ) ;
#915 = CARTESIAN_POINT ( 'NONE',  ( -20.29999999999999361, 0.4000000000000000222, -6.999999999999964473 ) ) ;
#916 = LINE ( 'NONE', #396, #6908 ) ;
#917 = LINE ( 'NONE', #2211, #2757 ) ;
#918 = ORIENTED_EDGE ( 'NONE', *, *, #4818, .F. ) ;
#919 = ADVANCED_FACE ( 'NONE', ( #5737 ), #3405, .F. ) ;
#920 = ADVANCED_FACE ( 'NONE', ( #1048 ), #1597, .F. ) ;
#921 = VECTOR ( 'NONE', #2860, 1000.000000000000000 ) ;
#922 = DIRECTION ( 'NONE',  ( -1.000000000000000000, 0.000000000000000000, -0.000000000000000000 ) ) ;
#923 = CARTESIAN_POINT ( 'NONE',  ( -18.42999999999999616, -2.887878387081802334, -5.380000000000020322 ) ) ;
#924 = ORIENTED_EDGE ( 'NONE', *, *, #479, .T. ) ;
#925 = DIRECTION ( 'NONE',  ( -1.000000000000000000, -0.000000000000000000, -0.000000000000000000 ) ) ;
#926 = CARTESIAN_POINT ( 'NONE',  ( -21.19999999999999929, 4.575000000000019718, -2.400000000000010569 ) ) ;
#927 = DIRECTION ( 'NONE',  ( -0.8660254037844433705, 0.000000000000000000, -0.4999999999999919509 ) ) ;
#928 = FACE_OUTER_BOUND ( 'NONE', #520, .T. ) ;
#929 = VECTOR ( 'NONE', #3689, 1000.000000000000000 ) ;
#930 = ORIENTED_EDGE ( 'NONE', *, *, #5641, .F. ) ;
#931 = LINE ( 'NONE', #409, #2062 ) ;
#932 = DIRECTION ( 'NONE',  ( 0.000000000000000000, -1.000000000000000000, 0.000000000000000000 ) ) ;
#933 = LINE ( 'NONE', #1563, #1236 ) ;
#934 = VECTOR ( 'NONE', #1139, 1000.000000000000000 ) ;
#935 = PRODUCT_DEFINITION_SHAPE ( 'NONE', 'NONE',  #7802 ) ;
#936 = FACE_BOUND ( 'NONE', #1173, .T. ) ;
#937 = FACE_OUTER_BOUND ( 'NONE', #7138, .T. ) ;
#938 = ORIENTED_EDGE ( 'NONE', *, *, #3639, .F. ) ;
#939 = ORIENTED_EDGE ( 'NONE', *, *, #2169, .T. ) ;
#940 = AXIS2_PLACEMENT_3D ( 'NONE', #1966, #6126, #111 ) ;
#941 = VERTEX_POINT ( 'NONE', #324 ) ;
#942 = PRODUCT_DEFINITION_CONTEXT ( 'detailed design', #1382, 'design' ) ;
#943 = LINE ( 'NONE', #4015, #6461 ) ;
#944 = DIRECTION ( 'NONE',  ( 1.000000000000000000, 0.000000000000000000, 0.000000000000000000 ) ) ;
#945 = EDGE_CURVE ( 'NONE', #5870, #7494, #6329, .T. ) ;
#946 = CARTESIAN_POINT ( 'NONE',  ( 21.19999999999999929, 0.000000000000000000, -6.999999999999964473 ) ) ;
#947 = DIRECTION ( 'NONE',  ( -0.000000000000000000, -1.000000000000000000, -0.000000000000000000 ) ) ;
#948 = ORIENTED_EDGE ( 'NONE', *, *, #1942, .T. ) ;
#949 = VERTEX_POINT ( 'NONE', #5129 ) ;
#950 = DIRECTION ( 'NONE',  ( 0.000000000000000000, 0.000000000000000000, -1.000000000000000000 ) ) ;
#951 = ORIENTED_EDGE ( 'NONE', *, *, #4279, .F. ) ;
#952 = VERTEX_POINT ( 'NONE', #5785 ) ;
#953 = ORIENTED_EDGE ( 'NONE', *, *, #6954, .F. ) ;
#954 = LINE ( 'NONE', #6235, #7383 ) ;
#955 = VECTOR ( 'NONE', #627, 1000.000000000000000 ) ;
#956 = COLOUR_RGB ( '',0.7960784313725489669, 0.8235294117647058432, 0.9372549019607843146 ) ;
#957 = ADVANCED_FACE ( 'NONE', ( #889 ), #4545, .F. ) ;
#958 = DIRECTION ( 'NONE',  ( 1.000000000000000000, -0.000000000000000000, 0.000000000000000000 ) ) ;
#959 = FACE_OUTER_BOUND ( 'NONE', #4950, .T. ) ;
#960 = DIRECTION ( 'NONE',  ( 1.000000000000000000, 0.000000000000000000, 0.000000000000000000 ) ) ;
#961 = VERTEX_POINT ( 'NONE', #3441 ) ;
#962 = DIRECTION ( 'NONE',  ( 0.000000000000000000, 0.3735499670562305030, 0.9276100592987815974 ) ) ;
#963 = ORIENTED_EDGE ( 'NONE', *, *, #5634, .T. ) ;
#964 = EDGE_CURVE ( 'NONE', #2482, #2682, #6410, .T. ) ;
#965 = ORIENTED_EDGE ( 'NONE', *, *, #5680, .T. ) ;
#966 = AXIS2_PLACEMENT_3D ( 'NONE', #6321, #3358, #1585 ) ;
#967 = LINE ( 'NONE', #6326, #1074 ) ;
#968 = ORIENTED_EDGE ( 'NONE', *, *, #5272, .F. ) ;
#969 = EDGE_CURVE ( 'NONE', #2853, #1958, #3284, .T. ) ;
#970 = DIRECTION ( 'NONE',  ( -0.000000000000000000, 1.000000000000000000, -0.000000000000000000 ) ) ;
#971 = DIRECTION ( 'NONE',  ( 0.000000000000000000, 0.000000000000000000, -1.000000000000000000 ) ) ;
#972 = LINE ( 'NONE', #5173, #4601 ) ;
#973 = PLANE ( 'NONE',  #221 ) ;
#974 = ORIENTED_EDGE ( 'NONE', *, *, #3790, .T. ) ;
#975 = VERTEX_POINT ( 'NONE', #1015 ) ;
#976 = CIRCLE ( 'NONE', #3361, 0.08000000000000281886 ) ;
#977 = LINE ( 'NONE', #5053, #1692 ) ;
#978 = EDGE_CURVE ( 'NONE', #4570, #184, #7612, .T. ) ;
#979 = CARTESIAN_POINT ( 'NONE',  ( 21.19999999999999929, 6.100000000000000533, -6.999999999999982236 ) ) ;
#980 = LINE ( 'NONE', #4596, #7769 ) ;
#981 = EDGE_CURVE ( 'NONE', #5859, #3599, #6926, .T. ) ;
#982 = DIRECTION ( 'NONE',  ( 0.000000000000000000, 1.000000000000000000, 0.000000000000000000 ) ) ;
#983 = VECTOR ( 'NONE', #7501, 1000.000000000000000 ) ;
#984 = LINE ( 'NONE', #3257, #3609 ) ;
#985 = ORIENTED_EDGE ( 'NONE', *, *, #5254, .F. ) ;
#986 = ORIENTED_EDGE ( 'NONE', *, *, #5446, .F. ) ;
#987 = ORIENTED_EDGE ( 'NONE', *, *, #969, .F. ) ;
#988 = AXIS2_PLACEMENT_3D ( 'NONE', #3052, #5458, #2308 ) ;
#989 =( REPRESENTATION_RELATIONSHIP ('NONE','NONE', #1840, #428 ) REPRESENTATION_RELATIONSHIP_WITH_TRANSFORMATION ( #2370 )SHAPE_REPRESENTATION_RELATIONSHIP( ) );
#990 = DIRECTION ( 'NONE',  ( 0.000000000000000000, 0.000000000000000000, 1.000000000000000000 ) ) ;
#991 = CARTESIAN_POINT ( 'NONE',  ( -5.929999999999994387, 3.454999999999999627, -9.400000000000000355 ) ) ;
#992 = AXIS2_PLACEMENT_3D ( 'NONE', #1430, #2020, #4421 ) ;
#993 = DIRECTION ( 'NONE',  ( 0.000000000000000000, -1.000000000000000000, 2.843808977011159210E-15 ) ) ;
#994 = DIRECTION ( 'NONE',  ( -0.3236155771181838392, -0.8891264907159890374, 0.3236155771181840057 ) ) ;
#995 = VERTEX_POINT ( 'NONE', #7491 ) ;
#996 = ORIENTED_EDGE ( 'NONE', *, *, #5272, .T. ) ;
#997 = VECTOR ( 'NONE', #3945, 1000.000000000000000 ) ;
#998 = AXIS2_PLACEMENT_3D ( 'NONE', #6631, #4955, #7359 ) ;
#999 = VECTOR ( 'NONE', #1903, 1000.000000000000000 ) ;
#1000 = CARTESIAN_POINT ( 'NONE',  ( -6.569999999999995843, 4.094999999999999751, -4.700000000000000178 ) ) ;
#1001 = VECTOR ( 'NONE', #4565, 1000.000000000000000 ) ;
#1002 = DIRECTION ( 'NONE',  ( 0.000000000000000000, -0.9276100592987797100, 0.3735499670562350549 ) ) ;
#1003 = PLANE ( 'NONE',  #4762 ) ;
#1004 = VECTOR ( 'NONE', #3137, 1000.000000000000000 ) ;
#1005 = CARTESIAN_POINT ( 'NONE',  ( 27.50000000000000000, 0.000000000000000000, 0.000000000000000000 ) ) ;
#1006 = CARTESIAN_POINT ( 'NONE',  ( 20.35000000000000142, 5.275000000000007461, -4.700000000000000178 ) ) ;
#1007 = EDGE_LOOP ( 'NONE', ( #3917, #846, #6645, #4616 ) ) ;
#1008 = VECTOR ( 'NONE', #3711, 1000.000000000000000 ) ;
#1009 = EDGE_CURVE ( 'NONE', #816, #7767, #2095, .T. ) ;
#1010 = AXIS2_PLACEMENT_3D ( 'NONE', #6873, #1466, #7071 ) ;
#1011 = PRODUCT_DEFINITION_SHAPE ( 'NONE', 'NONE',  #7796 ) ;
#1012 = DIRECTION ( 'NONE',  ( -0.000000000000000000, 0.000000000000000000, -1.000000000000000000 ) ) ;
#1013 = ORIENTED_EDGE ( 'NONE', *, *, #5370, .F. ) ;
#1014 = DIRECTION ( 'NONE',  ( 0.000000000000000000, -1.000000000000000000, 0.000000000000000000 ) ) ;
#1015 = CARTESIAN_POINT ( 'NONE',  ( -18.42999999999999616, -1.117762384446301605, -5.374208804743921597 ) ) ;
#1016 = LINE ( 'NONE', #3367, #2206 ) ;
#1017 = DIRECTION ( 'NONE',  ( 0.000000000000000000, 0.000000000000000000, -1.000000000000000000 ) ) ;
#1018 = ORIENTED_EDGE ( 'NONE', *, *, #3877, .F. ) ;
#1019 = VERTEX_POINT ( 'NONE', #3634 ) ;
#1020 = EDGE_CURVE ( 'NONE', #952, #301, #4230, .T. ) ;
#1021 = LINE ( 'NONE', #7544, #7595 ) ;
#1022 = CARTESIAN_POINT ( 'NONE',  ( -21.19999999999999929, 4.275000000000021672, -1.224646799147336937E-16 ) ) ;
#1023 = DIRECTION ( 'NONE',  ( 0.000000000000000000, -1.000000000000000000, 2.843808977011159210E-15 ) ) ;
#1024 = VECTOR ( 'NONE', #2969, 1000.000000000000000 ) ;
#1025 = DIRECTION ( 'NONE',  ( 0.000000000000000000, -0.9276100592987797100, 0.3735499670562350549 ) ) ;
#1026 = LINE ( 'NONE', #2818, #3937 ) ;
#1027 = ORIENTED_EDGE ( 'NONE', *, *, #4477, .T. ) ;
#1028 = ADVANCED_FACE ( 'NONE', ( #2420 ), #4192, .T. ) ;
#1029 = EDGE_CURVE ( 'NONE', #201, #6390, #2929, .T. ) ;
#1030 = DIRECTION ( 'NONE',  ( -0.000000000000000000, -0.000000000000000000, 1.000000000000000000 ) ) ;
#1031 = DIRECTION ( 'NONE',  ( -1.000000000000000000, -0.000000000000000000, 0.000000000000000000 ) ) ;
#1032 = DIRECTION ( 'NONE',  ( -1.000000000000000000, -0.000000000000000000, 0.000000000000000000 ) ) ;
#1033 = ORIENTED_EDGE ( 'NONE', *, *, #6203, .T. ) ;
#1034 = LINE ( 'NONE', #4022, #193 ) ;
#1035 = ORIENTED_EDGE ( 'NONE', *, *, #374, .T. ) ;
#1036 = ORIENTED_EDGE ( 'NONE', *, *, #531, .T. ) ;
#1037 = PRESENTATION_STYLE_ASSIGNMENT (( #1662 ) ) ;
#1038 = DIRECTION ( 'NONE',  ( -1.000000000000000000, 0.000000000000000000, 0.000000000000000000 ) ) ;
#1039 = PLANE ( 'NONE',  #7099 ) ;
#1040 = EDGE_LOOP ( 'NONE', ( #5183, #7027, #1310, #359 ) ) ;
#1041 = CARTESIAN_POINT ( 'NONE',  ( 19.50000000000000711, 6.100000000000000533, -5.999999999999982236 ) ) ;
#1042 = VERTEX_POINT ( 'NONE', #7084 ) ;
#1043 = EDGE_LOOP ( 'NONE', ( #2380, #2963, #6272, #5243 ) ) ;
#1044 = DIRECTION ( 'NONE',  ( -1.000000000000000000, 0.000000000000000000, -3.469446951953614978E-15 ) ) ;
#1045 = EDGE_LOOP ( 'NONE', ( #5169, #1652, #3502, #2008 ) ) ;
#1046 = LINE ( 'NONE', #7572, #7279 ) ;
#1047 = VECTOR ( 'NONE', #6269, 1000.000000000000000 ) ;
#1048 = FACE_OUTER_BOUND ( 'NONE', #2278, .T. ) ;
#1049 = DIRECTION ( 'NONE',  ( -0.000000000000000000, -0.000000000000000000, 1.000000000000000000 ) ) ;
#1050 = CARTESIAN_POINT ( 'NONE',  ( 18.00000000000000711, 0.000000000000000000, -5.999999999999982236 ) ) ;
#1051 = ADVANCED_FACE ( 'NONE', ( #7203, #4706 ), #4825, .F. ) ;
#1052 = VERTEX_POINT ( 'NONE', #1167 ) ;
#1053 = VECTOR ( 'NONE', #3507, 1000.000000000000000 ) ;
#1054 = AXIS2_PLACEMENT_3D ( 'NONE', #3182, #5439, #1339 ) ;
#1055 = CARTESIAN_POINT ( 'NONE',  ( -18.54999999999999361, 1.301022143997293101, -2.999999999999988898 ) ) ;
#1056 = FACE_OUTER_BOUND ( 'NONE', #4400, .T. ) ;
#1057 = PLANE ( 'NONE',  #3853 ) ;
#1058 = VECTOR ( 'NONE', #1842, 1000.000000000000000 ) ;
#1059 = EDGE_CURVE ( 'NONE', #1761, #4599, #1829, .T. ) ;
#1060 = CARTESIAN_POINT ( 'NONE',  ( 8.000000000000007105, 0.000000000000000000, -5.999999999999982236 ) ) ;
#1061 = ADVANCED_FACE ( 'NONE', ( #7119 ), #3554, .F. ) ;
#1062 = ORIENTED_EDGE ( 'NONE', *, *, #1216, .T. ) ;
#1063 = EDGE_CURVE ( 'NONE', #3894, #6161, #6642, .T. ) ;
#1064 = DIRECTION ( 'NONE',  ( 0.000000000000000000, -1.946735479746240487E-16, 1.000000000000000000 ) ) ;
#1065 = DIRECTION ( 'NONE',  ( 0.000000000000000000, -0.000000000000000000, 1.000000000000000000 ) ) ;
#1066 = EDGE_CURVE ( 'NONE', #5893, #6976, #5365, .T. ) ;
#1067 = DIRECTION ( 'NONE',  ( 1.000000000000000000, 0.000000000000000000, 0.000000000000000000 ) ) ;
#1068 = ADVANCED_FACE ( 'NONE', ( #1245 ), #1131, .T. ) ;
#1069 = ORIENTED_EDGE ( 'NONE', *, *, #1395, .T. ) ;
#1070 = FACE_OUTER_BOUND ( 'NONE', #297, .T. ) ;
#1071 = VERTEX_POINT ( 'NONE', #1794 ) ;
#1072 = EDGE_CURVE ( 'NONE', #6968, #1239, #645, .T. ) ;
#1073 = ORIENTED_EDGE ( 'NONE', *, *, #6317, .F. ) ;
#1074 = VECTOR ( 'NONE', #6243, 1000.000000000000000 ) ;
#1075 = PRODUCT_DEFINITION_SHAPE ( 'NONE', 'NONE',  #7801 ) ;
#1076 = DIRECTION ( 'NONE',  ( -0.000000000000000000, 1.000000000000000000, -0.000000000000000000 ) ) ;
#1077 = ADVANCED_FACE ( 'NONE', ( #4159 ), #4070, .T. ) ;
#1078 = DIRECTION ( 'NONE',  ( 1.000000000000000000, 0.000000000000000000, 0.000000000000000000 ) ) ;
#1079 = DIRECTION ( 'NONE',  ( -0.000000000000000000, -0.000000000000000000, 1.000000000000000000 ) ) ;
#1080 = VERTEX_POINT ( 'NONE', #3480 ) ;
#1081 = CARTESIAN_POINT ( 'NONE',  ( -19.06999999999999673, -2.618922410801314271, -5.967879242695142139 ) ) ;
#1082 = ORIENTED_EDGE ( 'NONE', *, *, #3602, .F. ) ;
#1083 = ORIENTED_EDGE ( 'NONE', *, *, #2416, .T. ) ;
#1084 = EDGE_LOOP ( 'NONE', ( #7212, #5067, #7485, #744 ) ) ;
#1085 = VECTOR ( 'NONE', #1049, 1000.000000000000000 ) ;
#1086 = DIRECTION ( 'NONE',  ( 0.000000000000000000, -1.000000000000000000, -0.000000000000000000 ) ) ;
#1087 = ORIENTED_EDGE ( 'NONE', *, *, #6452, .T. ) ;
#1088 = CARTESIAN_POINT ( 'NONE',  ( -19.24999999999999645, 6.100000000000000533, -0.9309401076758534455 ) ) ;
#1089 = CARTESIAN_POINT ( 'NONE',  ( -19.06999999999999673, 2.774999999999997247, -5.380000000000022098 ) ) ;
#1090 = CARTESIAN_POINT ( 'NONE',  ( 9.500000000000008882, 0.4000000000000000222, -5.999999999999982236 ) ) ;
#1091 = CARTESIAN_POINT ( 'NONE',  ( -11.56999999999999673, 4.094999999999999751, -9.400000000000000355 ) ) ;
#1092 = ORIENTED_EDGE ( 'NONE', *, *, #2936, .T. ) ;
#1093 = EDGE_LOOP ( 'NONE', ( #4966, #6870, #2224, #7434 ) ) ;
#1094 = AXIS2_PLACEMENT_3D ( 'NONE', #7565, #190, #270 ) ;
#1095 = ADVANCED_FACE ( 'NONE', ( #2339, #1715, #3013, #4789, #7689, #5939, #603, #6529, #3523, #526, #4745, #6570, #6604, #1204, #5562, #6091, #2491 ), #6751, .T. ) ;
#1096 = CARTESIAN_POINT ( 'NONE',  ( 19.14999999999997371, 5.275000000000007461, -0.4690598923241178775 ) ) ;
#1097 = CARTESIAN_POINT ( 'NONE',  ( -11.99999999999998934, 0.3999999999999999112, -6.999999999999982236 ) ) ;
#1098 = DIRECTION ( 'NONE',  ( -1.000000000000000000, -0.000000000000000000, -0.000000000000000000 ) ) ;
#1099 = DIRECTION ( 'NONE',  ( 0.000000000000000000, -1.946735479746240487E-16, 1.000000000000000000 ) ) ;
#1100 = DIRECTION ( 'NONE',  ( -3.469446951953614978E-15, 0.000000000000000000, 1.000000000000000000 ) ) ;
#1101 = ORIENTED_EDGE ( 'NONE', *, *, #5780, .T. ) ;
#1102 = AXIS2_PLACEMENT_3D ( 'NONE', #1925, #4407, #7328 ) ;
#1103 = EDGE_CURVE ( 'NONE', #6685, #539, #4859, .T. ) ;
#1104 = DIRECTION ( 'NONE',  ( 0.000000000000000000, -0.9276100592987817084, -0.3735499670562299479 ) ) ;
#1105 = CARTESIAN_POINT ( 'NONE',  ( 20.29999999999999716, 0.000000000000000000, 0.000000000000000000 ) ) ;
#1106 = AXIS2_PLACEMENT_3D ( 'NONE', #5195, #6514, #2248 ) ;
#1107 = CARTESIAN_POINT ( 'NONE',  ( 14.07000000000000561, 3.454999999999999627, -4.700000000000000178 ) ) ;
#1108 = CARTESIAN_POINT ( 'NONE',  ( 19.19999999999998153, 5.275000000000007461, -0.5556624327025833088 ) ) ;
#1109 = ORIENTED_EDGE ( 'NONE', *, *, #7369, .F. ) ;
#1110 = ORIENTED_EDGE ( 'NONE', *, *, #3427, .F. ) ;
#1111 = STYLED_ITEM ( 'NONE', ( #1037 ), #5236 ) ;
#1112 = ADVANCED_FACE ( 'NONE', ( #4965 ), #6128, .F. ) ;
#1113 = CARTESIAN_POINT ( 'NONE',  ( -19.06999999999999673, 3.455000000000000071, 2.887878387081787679 ) ) ;
#1114 = EDGE_CURVE ( 'NONE', #3871, #697, #4371, .T. ) ;
#1115 = LINE ( 'NONE', #5314, #6140 ) ;
#1116 = CARTESIAN_POINT ( 'NONE',  ( -18.42999999999999616, -1.718922410801315692, -5.132120757304897474 ) ) ;
#1117 = DIRECTION ( 'NONE',  ( -0.000000000000000000, -1.000000000000000000, -0.000000000000000000 ) ) ;
#1118 = SHAPE_DEFINITION_REPRESENTATION ( #5799, #428 ) ;
#1119 = ORIENTED_EDGE ( 'NONE', *, *, #233, .F. ) ;
#1120 = LINE ( 'NONE', #5283, #1345 ) ;
#1121 = VECTOR ( 'NONE', #2768, 1000.000000000000000 ) ;
#1122 = ORIENTED_EDGE ( 'NONE', *, *, #877, .F. ) ;
#1123 = ORIENTED_EDGE ( 'NONE', *, *, #5514, .T. ) ;
#1124 = VECTOR ( 'NONE', #2490, 1000.000000000000000 ) ;
#1125 = ORIENTED_EDGE ( 'NONE', *, *, #5975, .T. ) ;
#1126 = EDGE_CURVE ( 'NONE', #5312, #5289, #5598, .T. ) ;
#1127 = ADVANCED_FACE ( 'NONE', ( #3083, #2563 ), #1279, .F. ) ;
#1128 = FACE_OUTER_BOUND ( 'NONE', #407, .T. ) ;
#1129 = EDGE_LOOP ( 'NONE', ( #4436, #2234, #6561, #4150 ) ) ;
#1130 = CARTESIAN_POINT ( 'NONE',  ( 21.19999999999999929, 0.000000000000000000, 0.000000000000000000 ) ) ;
#1131 = CYLINDRICAL_SURFACE ( 'NONE', #5421, 0.7200000000000027489 ) ;
#1132 = VECTOR ( 'NONE', #2197, 1000.000000000000000 ) ;
#1133 = CARTESIAN_POINT ( 'NONE',  ( 0.000000000000000000, 0.000000000000000000, 0.000000000000000000 ) ) ;
#1134 = AXIS2_PLACEMENT_3D ( 'NONE', #14, #692, #538 ) ;
#1135 = DIRECTION ( 'NONE',  ( 0.000000000000000000, 1.000000000000000000, -0.000000000000000000 ) ) ;
#1136 = ORIENTED_EDGE ( 'NONE', *, *, #537, .F. ) ;
#1137 = VERTEX_POINT ( 'NONE', #6200 ) ;
#1138 = VECTOR ( 'NONE', #1226, 1000.000000000000000 ) ;
#1139 = DIRECTION ( 'NONE',  ( 1.000000000000000000, -0.000000000000000000, -0.000000000000000000 ) ) ;
#1140 = DIRECTION ( 'NONE',  ( 0.000000000000000000, 0.000000000000000000, 1.000000000000000000 ) ) ;
#1141 = LINE ( 'NONE', #5300, #71 ) ;
#1143 = DIRECTION ( 'NONE',  ( 1.000000000000000000, 0.000000000000000000, -0.000000000000000000 ) ) ;
#1142 = PRODUCT_DEFINITION_SHAPE ( 'NONE', 'NONE',  #7805 ) ;
#1144 = EDGE_LOOP ( 'NONE', ( #7476, #441, #3258, #1136, #439, #1699, #3849, #3265, #2374, #4059, #4024 ) ) ;
#1145 = VERTEX_POINT ( 'NONE', #2012 ) ;
#1146 = LINE ( 'NONE', #4800, #2555 ) ;
#1147 = PLANE ( 'NONE',  #3248 ) ;
#1148 = DIRECTION ( 'NONE',  ( 0.000000000000000000, 0.5000000000000008882, 0.8660254037844380415 ) ) ;
#1149 = LINE ( 'NONE', #5954, #3228 ) ;
#1150 = ORIENTED_EDGE ( 'NONE', *, *, #1295, .F. ) ;
#1151 = EDGE_CURVE ( 'NONE', #5905, #5045, #7334, .T. ) ;
#1152 = EDGE_LOOP ( 'NONE', ( #6148, #1018, #7679, #2924 ) ) ;
#1153 = LINE ( 'NONE', #7141, #1053 ) ;
#1154 = CARTESIAN_POINT ( 'NONE',  ( -14.49999999999998934, 0.000000000000000000, -6.999999999999982236 ) ) ;
#1155 = PLANE ( 'NONE',  #6914 ) ;
#1156 = CARTESIAN_POINT ( 'NONE',  ( 9.500000000000008882, 3.454999999999999627, -5.999999999999982236 ) ) ;
#1157 = SHAPE_DEFINITION_REPRESENTATION ( #7058, #1840 ) ;
#1158 = VERTEX_POINT ( 'NONE', #4897 ) ;
#1159 = DIRECTION ( 'NONE',  ( 0.000000000000000000, -1.000000000000000000, -0.000000000000000000 ) ) ;
#1160 = EDGE_LOOP ( 'NONE', ( #2633, #135, #2395, #5933 ) ) ;
#1161 = ADVANCED_FACE ( 'NONE', ( #75 ), #4334, .T. ) ;
#1162 = ORIENTED_EDGE ( 'NONE', *, *, #679, .T. ) ;
#1163 = ORIENTED_EDGE ( 'NONE', *, *, #2751, .F. ) ;
#1164 = CARTESIAN_POINT ( 'NONE',  ( 7.000000000000009770, 0.000000000000000000, -6.999999999999982236 ) ) ;
#1165 = ORIENTED_EDGE ( 'NONE', *, *, #4767, .F. ) ;
#1166 = DIRECTION ( 'NONE',  ( 0.000000000000000000, 3.794707603699131728E-14, -1.000000000000000000 ) ) ;
#1167 = CARTESIAN_POINT ( 'NONE',  ( -19.06999999999999673, -1.957994389717305994, -5.725791195256116239 ) ) ;
#1168 = DIRECTION ( 'NONE',  ( 0.000000000000000000, 0.000000000000000000, 1.000000000000000000 ) ) ;
#1169 = FACE_OUTER_BOUND ( 'NONE', #2185, .T. ) ;
#1170 = DIRECTION ( 'NONE',  ( -0.000000000000000000, -1.000000000000000000, -0.000000000000000000 ) ) ;
#1171 = EDGE_CURVE ( 'NONE', #7327, #7122, #3117, .T. ) ;
#1172 = ORIENTED_EDGE ( 'NONE', *, *, #2925, .T. ) ;
#1173 = EDGE_LOOP ( 'NONE', ( #7681, #3435, #2320, #3541 ) ) ;
#1174 = CARTESIAN_POINT ( 'NONE',  ( -19.06999999999999673, 3.454999999999999627, -9.400000000000000355 ) ) ;
#1175 = LINE ( 'NONE', #3563, #5379 ) ;
#1176 = LINE ( 'NONE', #3488, #6022 ) ;
#1177 = DIRECTION ( 'NONE',  ( 0.000000000000000000, -8.163404592832033571E-15, 1.000000000000000000 ) ) ;
#1178 = ORIENTED_EDGE ( 'NONE', *, *, #7349, .F. ) ;
#1179 = VERTEX_POINT ( 'NONE', #758 ) ;
#1180 = VECTOR ( 'NONE', #1849, 1000.000000000000000 ) ;
#1181 = UNCERTAINTY_MEASURE_WITH_UNIT (LENGTH_MEASURE( 1.000000000000000082E-05 ), #4860, 'distance_accuracy_value', 'NONE');
#1182 = LINE ( 'NONE', #4127, #1685 ) ;
#1183 = CARTESIAN_POINT ( 'NONE',  ( 12.00000000000000711, 3.454999999999999627, -5.999999999999982236 ) ) ;
#1184 = LINE ( 'NONE', #2866, #860 ) ;
#1185 = DIRECTION ( 'NONE',  ( 0.000000000000000000, -1.000000000000000000, 5.421010862427523403E-17 ) ) ;
#1186 = VERTEX_POINT ( 'NONE', #4298 ) ;
#1187 = VERTEX_POINT ( 'NONE', #6716 ) ;
#1188 = CARTESIAN_POINT ( 'NONE',  ( -18.42999999999999616, -2.618922410801314271, -5.967879242695142139 ) ) ;
#1189 = ADVANCED_FACE ( 'NONE', ( #6682 ), #5529, .T. ) ;
#1190 = LINE ( 'NONE', #5054, #7505 ) ;
#1191 = CARTESIAN_POINT ( 'NONE',  ( 21.19999999999999929, 6.100000000000000533, -6.999999999999982236 ) ) ;
#1192 = DIRECTION ( 'NONE',  ( 1.000000000000000000, -0.000000000000000000, -0.000000000000000000 ) ) ;
#1193 = VERTEX_POINT ( 'NONE', #1968 ) ;
#1194 = VECTOR ( 'NONE', #6688, 1000.000000000000000 ) ;
#1195 = CARTESIAN_POINT ( 'NONE',  ( -18.74999999999999645, 2.774999999999996803, -4.700000000000017053 ) ) ;
#1196 = VERTEX_POINT ( 'NONE', #1931 ) ;
#1197 = ORIENTED_EDGE ( 'NONE', *, *, #4039, .T. ) ;
#1198 = EDGE_LOOP ( 'NONE', ( #5566, #6951, #5637, #2294 ) ) ;
#1199 = AXIS2_PLACEMENT_3D ( 'NONE', #4067, #1044, #5858 ) ;
#1200 = EDGE_CURVE ( 'NONE', #7426, #99, #6790, .T. ) ;
#1201 = FACE_OUTER_BOUND ( 'NONE', #5878, .T. ) ;
#1202 = VERTEX_POINT ( 'NONE', #3154 ) ;
#1203 = DIRECTION ( 'NONE',  ( 0.000000000000000000, -0.000000000000000000, 1.000000000000000000 ) ) ;
#1204 = FACE_BOUND ( 'NONE', #5062, .T. ) ;
#1205 = ADVANCED_FACE ( 'NONE', ( #683 ), #3782, .T. ) ;
#1206 = PLANE ( 'NONE',  #4466 ) ;
#1207 = PLANE ( 'NONE',  #493 ) ;
#1208 = PLANE ( 'NONE',  #488 ) ;
#1209 = VERTEX_POINT ( 'NONE', #6829 ) ;
#1210 = EDGE_CURVE ( 'NONE', #5990, #6532, #3815, .T. ) ;
#1211 = CARTESIAN_POINT ( 'NONE',  ( -21.19999999999999929, 0.000000000000000000, -11.50000000000001776 ) ) ;
#1212 = CARTESIAN_POINT ( 'NONE',  ( -21.19999999999999929, 4.275000000000021672, -3.100000000000001865 ) ) ;
#1213 = DIRECTION ( 'NONE',  ( -3.469446951953614978E-15, 0.000000000000000000, 1.000000000000000000 ) ) ;
#1214 = EDGE_CURVE ( 'NONE', #3883, #1179, #3904, .T. ) ;
#1215 = VECTOR ( 'NONE', #1911, 1000.000000000000000 ) ;
#1216 = EDGE_CURVE ( 'NONE', #5532, #3185, #1546, .T. ) ;
#1217 = DIRECTION ( 'NONE',  ( -0.000000000000000000, 5.421010862427523403E-17, 1.000000000000000000 ) ) ;
#1218 = VECTOR ( 'NONE', #3244, 1000.000000000000000 ) ;
#1219 = ORIENTED_EDGE ( 'NONE', *, *, #7656, .T. ) ;
#1220 = ORIENTED_EDGE ( 'NONE', *, *, #5428, .T. ) ;
#1221 = PRODUCT_DEFINITION_FORMATION_WITH_SPECIFIED_SOURCE ( 'ANY', '', #4155, .NOT_KNOWN. ) ;
#1222 = ADVANCED_FACE ( 'NONE', ( #1628 ), #4028, .F. ) ;
#1223 = EDGE_CURVE ( 'NONE', #1202, #814, #5118, .T. ) ;
#1224 = DIRECTION ( 'NONE',  ( 1.000000000000000000, -0.000000000000000000, -0.000000000000000000 ) ) ;
#1225 = LINE ( 'NONE', #3029, #3754 ) ;
#1226 = DIRECTION ( 'NONE',  ( 0.000000000000000000, 0.000000000000000000, -1.000000000000000000 ) ) ;
#1227 = VECTOR ( 'NONE', #5079, 1000.000000000000000 ) ;
#1228 = CARTESIAN_POINT ( 'NONE',  ( -4.069999999999997620, 3.454999999999999627, -9.400000000000000355 ) ) ;
#1229 = ORIENTED_EDGE ( 'NONE', *, *, #5135, .T. ) ;
#1230 = ORIENTED_EDGE ( 'NONE', *, *, #5991, .T. ) ;
#1231 = DIRECTION ( 'NONE',  ( -0.000000000000000000, -0.9276100592987817084, -0.3735499670562298924 ) ) ;
#1232 = VECTOR ( 'NONE', #6814, 1000.000000000000114 ) ;
#1233 = PLANE ( 'NONE',  #2858 ) ;
#1234 = DIRECTION ( 'NONE',  ( 1.000000000000000000, 0.000000000000000000, -2.136358960562570493E-16 ) ) ;
#1235 = DIRECTION ( 'NONE',  ( 0.000000000000000000, 0.000000000000000000, 1.000000000000000000 ) ) ;
#1236 = VECTOR ( 'NONE', #1523, 1000.000000000000000 ) ;
#1237 = ORIENTED_EDGE ( 'NONE', *, *, #4226, .T. ) ;
#1238 = DIRECTION ( 'NONE',  ( 0.000000000000000000, 0.000000000000000000, 1.000000000000000000 ) ) ;
#1239 = VERTEX_POINT ( 'NONE', #5772 ) ;
#1240 = VECTOR ( 'NONE', #2998, 1000.000000000000000 ) ;
#1241 = ORIENTED_EDGE ( 'NONE', *, *, #3888, .T. ) ;
#1242 = ORIENTED_EDGE ( 'NONE', *, *, #5735, .F. ) ;
#1243 = LINE ( 'NONE', #4856, #3960 ) ;
#1244 = LINE ( 'NONE', #2562, #7388 ) ;
#1245 = FACE_OUTER_BOUND ( 'NONE', #1093, .T. ) ;
#1246 = VECTOR ( 'NONE', #2181, 1000.000000000000000 ) ;
#1247 = PLANE ( 'NONE',  #7167 ) ;
#1248 = ORIENTED_EDGE ( 'NONE', *, *, #2504, .F. ) ;
#1249 = EDGE_CURVE ( 'NONE', #4476, #4360, #2049, .T. ) ;
#1250 = AXIS2_PLACEMENT_3D ( 'NONE', #5486, #188, #7372 ) ;
#1251 = AXIS2_PLACEMENT_3D ( 'NONE', #4098, #7107, #2368 ) ;
#1252 = AXIS2_PLACEMENT_3D ( 'NONE', #991, #4048, #5839 ) ;
#1253 = LINE ( 'NONE', #650, #5584 ) ;
#1254 = VECTOR ( 'NONE', #4071, 1000.000000000000000 ) ;
#1255 = LINE ( 'NONE', #2346, #3371 ) ;
#1256 = DIRECTION ( 'NONE',  ( 0.000000000000000000, 0.000000000000000000, -1.000000000000000000 ) ) ;
#1257 = CARTESIAN_POINT ( 'NONE',  ( -21.19999999999999929, 4.275000000000021672, -3.100000000000001865 ) ) ;
#1258 = CARTESIAN_POINT ( 'NONE',  ( -9.499999999999992895, 6.100000000000000533, -5.999999999999982236 ) ) ;
#1259 = ORIENTED_EDGE ( 'NONE', *, *, #1690, .T. ) ;
#1260 = VECTOR ( 'NONE', #4433, 1000.000000000000000 ) ;
#1261 = EDGE_CURVE ( 'NONE', #2933, #6588, #236, .T. ) ;
#1262 = CIRCLE ( 'NONE', #2257, 0.1000000000000233619 ) ;
#1263 = VECTOR ( 'NONE', #6093, 1000.000000000000000 ) ;
#1264 = PLANE ( 'NONE',  #5061 ) ;
#1265 = CARTESIAN_POINT ( 'NONE',  ( 9.500000000000008882, 6.100000000000000533, -5.999999999999982236 ) ) ;
#1266 = CARTESIAN_POINT ( 'NONE',  ( 21.19999999999999929, 0.000000000000000000, -6.999999999999964473 ) ) ;
#1267 = DIRECTION ( 'NONE',  ( 1.000000000000000000, -0.000000000000000000, 0.000000000000000000 ) ) ;
#1268 = ORIENTED_EDGE ( 'NONE', *, *, #4187, .F. ) ;
#1269 = ADVANCED_FACE ( 'NONE', ( #6867 ), #3981, .F. ) ;
#1270 = ORIENTED_EDGE ( 'NONE', *, *, #4527, .T. ) ;
#1271 = LINE ( 'NONE', #549, #3176 ) ;
#1272 = DIRECTION ( 'NONE',  ( 0.000000000000000000, 0.000000000000000000, -1.000000000000000000 ) ) ;
#1273 = DIRECTION ( 'NONE',  ( -0.000000000000000000, 1.000000000000000000, -0.000000000000000000 ) ) ;
#1274 = DIRECTION ( 'NONE',  ( -0.000000000000000000, -0.000000000000000000, 1.000000000000000000 ) ) ;
#1275 = CARTESIAN_POINT ( 'NONE',  ( 21.19999999999999929, 0.000000000000000000, 0.000000000000000000 ) ) ;
#1276 = ORIENTED_EDGE ( 'NONE', *, *, #7443, .T. ) ;
#1277 = CARTESIAN_POINT ( 'NONE',  ( 21.19999999999999929, 6.100000000000000533, 0.000000000000000000 ) ) ;
#1278 = DIRECTION ( 'NONE',  ( -0.000000000000000000, -1.000000000000000000, -0.000000000000000000 ) ) ;
#1279 = PLANE ( 'NONE',  #1250 ) ;
#1280 = DIRECTION ( 'NONE',  ( 0.000000000000000000, 0.000000000000000000, 1.000000000000000000 ) ) ;
#1281 = DIRECTION ( 'NONE',  ( -0.000000000000000000, 1.000000000000000000, -0.000000000000000000 ) ) ;
#1282 = ORIENTED_EDGE ( 'NONE', *, *, #492, .F. ) ;
#1283 = ORIENTED_EDGE ( 'NONE', *, *, #512, .T. ) ;
#1284 = DIRECTION ( 'NONE',  ( 1.000000000000000000, 0.000000000000000000, 0.000000000000000000 ) ) ;
#1285 = EDGE_CURVE ( 'NONE', #697, #3432, #6438, .T. ) ;
#1286 = LINE ( 'NONE', #4274, #209 ) ;
#1287 = CARTESIAN_POINT ( 'NONE',  ( -19.06999999999999673, -2.987878387081802423, -6.020000000000021778 ) ) ;
#1288 = CARTESIAN_POINT ( 'NONE',  ( 21.19999999999999929, 0.000000000000000000, -6.999999999999964473 ) ) ;
#1289 = DIRECTION ( 'NONE',  ( -3.469446951953614189E-15, -0.000000000000000000, 1.000000000000000000 ) ) ;
#1290 = VERTEX_POINT ( 'NONE', #2134 ) ;
#1291 = CARTESIAN_POINT ( 'NONE',  ( -21.19999999999999929, 4.275000000000021672, -3.100000000000001865 ) ) ;
#1292 = EDGE_CURVE ( 'NONE', #99, #3684, #6320, .T. ) ;
#1293 = CARTESIAN_POINT ( 'NONE',  ( -19.06999999999999673, -2.987878387081802423, -6.020000000000021778 ) ) ;
#1294 = CARTESIAN_POINT ( 'NONE',  ( -19.06999999999999673, 3.455000000000000071, 2.887878387081787679 ) ) ;
#1295 = EDGE_CURVE ( 'NONE', #480, #6771, #916, .T. ) ;
#1296 = ORIENTED_EDGE ( 'NONE', *, *, #1285, .T. ) ;
#1297 = LINE ( 'NONE', #4249, #1232 ) ;
#1298 = EDGE_LOOP ( 'NONE', ( #6044, #6523, #7772, #2166 ) ) ;
#1299 = AXIS2_PLACEMENT_3D ( 'NONE', #3769, #216, #2001 ) ;
#1300 = CARTESIAN_POINT ( 'NONE',  ( -19.06999999999999673, 3.454999999999999627, -4.700000000000000178 ) ) ;
#1301 = VECTOR ( 'NONE', #7191, 1000.000000000000000 ) ;
#1302 = ADVANCED_FACE ( 'NONE', ( #1584 ), #1003, .F. ) ;
#1303 = EDGE_CURVE ( 'NONE', #2826, #2242, #6958, .T. ) ;
#1304 = FACE_OUTER_BOUND ( 'NONE', #1040, .T. ) ;
#1305 = LINE ( 'NONE', #66, #5206 ) ;
#1306 = VECTOR ( 'NONE', #3206, 999.9999999999998863 ) ;
#1307 = ORIENTED_EDGE ( 'NONE', *, *, #839, .T. ) ;
#1308 = FACE_OUTER_BOUND ( 'NONE', #3141, .T. ) ;
#1309 = VERTEX_POINT ( 'NONE', #2172 ) ;
#1310 = ORIENTED_EDGE ( 'NONE', *, *, #6460, .F. ) ;
#1311 = EDGE_CURVE ( 'NONE', #3134, #1848, #5037, .T. ) ;
#1312 = CARTESIAN_POINT ( 'NONE',  ( -0.9299999999999932765, 4.094999999999999751, -9.400000000000000355 ) ) ;
#1313 = AXIS2_PLACEMENT_3D ( 'NONE', #4237, #4339, #81 ) ;
#1314 = FACE_OUTER_BOUND ( 'NONE', #628, .T. ) ;
#1315 = CARTESIAN_POINT ( 'NONE',  ( 2.000000000000008882, 4.094999999999999751, -5.999999999999982236 ) ) ;
#1316 =( NAMED_UNIT ( * ) SI_UNIT ( $, .STERADIAN. ) SOLID_ANGLE_UNIT ( ) );
#1317 = DIRECTION ( 'NONE',  ( -0.000000000000000000, 1.000000000000000000, -0.000000000000000000 ) ) ;
#1318 = ORIENTED_EDGE ( 'NONE', *, *, #2455, .F. ) ;
#1319 = VECTOR ( 'NONE', #7081, 1000.000000000000000 ) ;
#1320 = VECTOR ( 'NONE', #6082, 1000.000000000000000 ) ;
#1321 = LINE ( 'NONE', #4273, #7467 ) ;
#1322 = PLANE ( 'NONE',  #1613 ) ;
#1323 = CARTESIAN_POINT ( 'NONE',  ( -18.42999999999999616, -3.399999999999999467, -5.870000000000021423 ) ) ;
#1324 = LINE ( 'NONE', #7277, #694 ) ;
#1325 = CARTESIAN_POINT ( 'NONE',  ( 17.00000000000001066, 0.000000000000000000, -5.999999999999982236 ) ) ;
#1326 = EDGE_CURVE ( 'NONE', #6762, #2026, #3856, .T. ) ;
#1327 = CARTESIAN_POINT ( 'NONE',  ( -1.569999999999994955, 4.094999999999999751, -5.999999999999982236 ) ) ;
#1328 = FACE_OUTER_BOUND ( 'NONE', #1785, .T. ) ;
#1329 = CARTESIAN_POINT ( 'NONE',  ( 1.570000000000005391, 4.094999999999999751, -4.700000000000000178 ) ) ;
#1330 = ORIENTED_EDGE ( 'NONE', *, *, #619, .T. ) ;
#1331 = CARTESIAN_POINT ( 'NONE',  ( -19.06999999999999673, 2.774999999999997247, -6.020000000000020890 ) ) ;
#1332 = ORIENTED_EDGE ( 'NONE', *, *, #3202, .T. ) ;
#1333 = AXIS2_PLACEMENT_3D ( 'NONE', #3047, #2453, #76 ) ;
#1334 = EDGE_CURVE ( 'NONE', #7624, #2796, #7602, .T. ) ;
#1335 = ORIENTED_EDGE ( 'NONE', *, *, #3750, .T. ) ;
#1336 = CARTESIAN_POINT ( 'NONE',  ( -21.19999999999999929, 0.000000000000000000, 0.000000000000000000 ) ) ;
#1337 = DIRECTION ( 'NONE',  ( 0.000000000000000000, 0.000000000000000000, 1.000000000000000000 ) ) ;
#1338 = PLANE ( 'NONE',  #4373 ) ;
#1339 = DIRECTION ( 'NONE',  ( 0.000000000000000000, 0.000000000000000000, -1.000000000000000000 ) ) ;
#1340 = ORIENTED_EDGE ( 'NONE', *, *, #4039, .F. ) ;
#1341 = PLANE ( 'NONE',  #5105 ) ;
#1342 = ORIENTED_EDGE ( 'NONE', *, *, #2984, .T. ) ;
#1343 = ORIENTED_EDGE ( 'NONE', *, *, #2268, .T. ) ;
#1344 = EDGE_CURVE ( 'NONE', #3425, #7251, #5728, .T. ) ;
#1345 = VECTOR ( 'NONE', #1707, 1000.000000000000000 ) ;
#1346 = ORIENTED_EDGE ( 'NONE', *, *, #4403, .F. ) ;
#1347 = ADVANCED_FACE ( 'NONE', ( #959 ), #7031, .F. ) ;
#1348 = DIRECTION ( 'NONE',  ( -0.3236155771181838947, 0.8891264907159889264, -0.3236155771181838947 ) ) ;
#1349 = CARTESIAN_POINT ( 'NONE',  ( -2.000000000000011990, 0.4000000000000000222, -6.938893903907271765E-15 ) ) ;
#1350 = CARTESIAN_POINT ( 'NONE',  ( 0.000000000000000000, 0.000000000000000000, -4.700000000000000178 ) ) ;
#1351 = ORIENTED_EDGE ( 'NONE', *, *, #36, .T. ) ;
#1352 = DIRECTION ( 'NONE',  ( 0.000000000000000000, 6.377659838149993194E-16, -1.000000000000000000 ) ) ;
#1353 = ORIENTED_EDGE ( 'NONE', *, *, #5897, .T. ) ;
#1354 = EDGE_CURVE ( 'NONE', #7122, #5218, #6094, .T. ) ;
#1355 = EDGE_CURVE ( 'NONE', #462, #4662, #5404, .T. ) ;
#1356 = VECTOR ( 'NONE', #2104, 1000.000000000000000 ) ;
#1357 = FACE_OUTER_BOUND ( 'NONE', #6187, .T. ) ;
#1358 = VECTOR ( 'NONE', #1930, 1000.000000000000000 ) ;
#1359 = LINE ( 'NONE', #3756, #6404 ) ;
#1360 = CARTESIAN_POINT ( 'NONE',  ( 21.19999999999999929, 0.000000000000000000, -6.999999999999964473 ) ) ;
#1361 = DIRECTION ( 'NONE',  ( 0.000000000000000000, 0.000000000000000000, -1.000000000000000000 ) ) ;
#1362 = FACE_OUTER_BOUND ( 'NONE', #706, .T. ) ;
#1363 = AXIS2_PLACEMENT_3D ( 'NONE', #222, #5631, #6944 ) ;
#1364 = VECTOR ( 'NONE', #1170, 1000.000000000000000 ) ;
#1365 = CARTESIAN_POINT ( 'NONE',  ( 11.57000000000000384, 3.454999999999999627, -4.700000000000000178 ) ) ;
#1366 = PLANE ( 'NONE',  #6411 ) ;
#1367 = AXIS2_PLACEMENT_3D ( 'NONE', #5309, #2281, #4684 ) ;
#1368 = DIRECTION ( 'NONE',  ( -0.000000000000000000, 0.000000000000000000, -1.000000000000000000 ) ) ;
#1369 = AXIS2_PLACEMENT_3D ( 'NONE', #165, #3096, #3209 ) ;
#1370 = VECTOR ( 'NONE', #3316, 1000.000000000000000 ) ;
#1371 = DIRECTION ( 'NONE',  ( 0.000000000000000000, -0.3735499670562308916, -0.9276100592987813753 ) ) ;
#1372 = ORIENTED_EDGE ( 'NONE', *, *, #3840, .F. ) ;
#1373 = VECTOR ( 'NONE', #1702, 1000.000000000000000 ) ;
#1374 = VERTEX_POINT ( 'NONE', #5851 ) ;
#1375 = CARTESIAN_POINT ( 'NONE',  ( 17.99999999999998579, 0.4000000000000000222, 6.245004513516501753E-14 ) ) ;
#1376 = CARTESIAN_POINT ( 'NONE',  ( 3.430000000000002380, 3.454999999999999627, -9.400000000000000355 ) ) ;
#1377 = EDGE_CURVE ( 'NONE', #5102, #3425, #1781, .T. ) ;
#1378 = DIRECTION ( 'NONE',  ( -1.000000000000000000, 0.000000000000000000, 0.000000000000000000 ) ) ;
#1379 = LINE ( 'NONE', #1887, #6990 ) ;
#1380 = ORIENTED_EDGE ( 'NONE', *, *, #2691, .T. ) ;
#1381 = CARTESIAN_POINT ( 'NONE',  ( 20.35000000000000142, 5.275000000000007461, -4.700000000000000178 ) ) ;
#1382 = APPLICATION_CONTEXT ( 'automotive_design' ) ;
#1383 = ORIENTED_EDGE ( 'NONE', *, *, #6614, .F. ) ;
#1384 = ORIENTED_EDGE ( 'NONE', *, *, #1918, .F. ) ;
#1385 = DIRECTION ( 'NONE',  ( 1.000000000000000000, -0.000000000000000000, 0.000000000000000000 ) ) ;
#1386 = EDGE_CURVE ( 'NONE', #3157, #5998, #3546, .T. ) ;
#1387 = CARTESIAN_POINT ( 'NONE',  ( -19.29754098552149344, 3.227459014478504251, 2.262714667361025889 ) ) ;
#1388 = DIRECTION ( 'NONE',  ( 0.000000000000000000, 0.000000000000000000, 1.000000000000000000 ) ) ;
#1389 = VERTEX_POINT ( 'NONE', #593 ) ;
#1390 = CARTESIAN_POINT ( 'NONE',  ( -19.06999999999999673, 4.094999999999999751, 2.887878387081786791 ) ) ;
#1391 = EDGE_CURVE ( 'NONE', #2078, #5949, #552, .T. ) ;
#1392 = ORIENTED_EDGE ( 'NONE', *, *, #4777, .F. ) ;
#1393 = VERTEX_POINT ( 'NONE', #1719 ) ;
#1394 = FACE_OUTER_BOUND ( 'NONE', #7362, .T. ) ;
#1395 = EDGE_CURVE ( 'NONE', #7365, #5854, #3511, .T. ) ;
#1396 = LINE ( 'NONE', #3679, #4124 ) ;
#1397 = LINE ( 'NONE', #4422, #7147 ) ;
#1398 = EDGE_CURVE ( 'NONE', #4819, #2897, #2957, .T. ) ;
#1399 = LINE ( 'NONE', #2022, #6375 ) ;
#1400 = CARTESIAN_POINT ( 'NONE',  ( 5.500000000000007994, 0.3999999999999999112, -5.999999999999982236 ) ) ;
#1401 = ORIENTED_EDGE ( 'NONE', *, *, #2436, .F. ) ;
#1402 = EDGE_LOOP ( 'NONE', ( #4770, #2467, #400, #4270 ) ) ;
#1403 = DIRECTION ( 'NONE',  ( 0.000000000000000000, 1.000000000000000000, -0.000000000000000000 ) ) ;
#1404 = DIRECTION ( 'NONE',  ( -1.000000000000000000, 0.000000000000000000, 0.000000000000000000 ) ) ;
#1405 = DIRECTION ( 'NONE',  ( 0.000000000000000000, -1.000000000000000000, 2.843808977011159210E-15 ) ) ;
#1406 = DIRECTION ( 'NONE',  ( 0.000000000000000000, 0.000000000000000000, 1.000000000000000000 ) ) ;
#1407 = DIRECTION ( 'NONE',  ( 1.000000000000000000, -0.000000000000000000, -0.000000000000000000 ) ) ;
#1408 = ORIENTED_EDGE ( 'NONE', *, *, #6804, .F. ) ;
#1409 = EDGE_LOOP ( 'NONE', ( #107, #4838, #2080, #532 ) ) ;
#1410 = CARTESIAN_POINT ( 'NONE',  ( 5.930000000000005045, 4.094999999999999751, -9.400000000000000355 ) ) ;
#1411 = LINE ( 'NONE', #7358, #4176 ) ;
#1412 = CYLINDRICAL_SURFACE ( 'NONE', #2375, 0.1000000000000233619 ) ;
#1413 = DIRECTION ( 'NONE',  ( 1.000000000000000000, -0.000000000000000000, -0.000000000000000000 ) ) ;
#1414 = ORIENTED_EDGE ( 'NONE', *, *, #7229, .F. ) ;
#1415 = CARTESIAN_POINT ( 'NONE',  ( 15.50000000000001421, 0.3999999999999999112, -6.999999999999982236 ) ) ;
#1416 = ORIENTED_EDGE ( 'NONE', *, *, #455, .T. ) ;
#1417 = EDGE_LOOP ( 'NONE', ( #7723, #3576, #761, #1924 ) ) ;
#1418 = ORIENTED_EDGE ( 'NONE', *, *, #655, .T. ) ;
#1419 = ADVANCED_FACE ( 'NONE', ( #514, #7638 ), #5357, .F. ) ;
#1420 = VECTOR ( 'NONE', #7665, 1000.000000000000000 ) ;
#1421 = CARTESIAN_POINT ( 'NONE',  ( 13.43000000000000504, 3.454999999999999627, -5.999999999999982236 ) ) ;
#1422 = CARTESIAN_POINT ( 'NONE',  ( -18.42999999999999616, -2.987878387081802423, -6.020000000000021778 ) ) ;
#1423 = DIRECTION ( 'NONE',  ( -1.000000000000000000, 0.000000000000000000, 0.000000000000000000 ) ) ;
#1424 = CARTESIAN_POINT ( 'NONE',  ( 10.93000000000000149, 3.454999999999999627, -4.700000000000000178 ) ) ;
#1425 = VERTEX_POINT ( 'NONE', #7760 ) ;
#1426 = EDGE_CURVE ( 'NONE', #6171, #2115, #1819, .T. ) ;
#1427 = DIRECTION ( 'NONE',  ( 1.000000000000000000, -0.000000000000000000, -0.000000000000000000 ) ) ;
#1428 = PRODUCT_DEFINITION ( 'UNKNOWN', '', #581, #3611 ) ;
#1429 = CARTESIAN_POINT ( 'NONE',  ( 14.50000000000000888, 0.3999999999999999112, -6.999999999999982236 ) ) ;
#1430 = CARTESIAN_POINT ( 'NONE',  ( -18.42999999999999616, -2.017762384446295520, -5.725791195256118016 ) ) ;
#1431 = CARTESIAN_POINT ( 'NONE',  ( -3.429999999999995719, 3.454999999999999627, -4.700000000000000178 ) ) ;
#1432 = LINE ( 'NONE', #4423, #5603 ) ;
#1433 = PLANE ( 'NONE',  #6536 ) ;
#1434 = ORIENTED_EDGE ( 'NONE', *, *, #7735, .T. ) ;
#1435 = ORIENTED_EDGE ( 'NONE', *, *, #6883, .T. ) ;
#1436 = VECTOR ( 'NONE', #7570, 1000.000000000000000 ) ;
#1437 = VECTOR ( 'NONE', #2075, 1000.000000000000000 ) ;
#1438 = EDGE_CURVE ( 'NONE', #1812, #1448, #6007, .T. ) ;
#1439 = EDGE_CURVE ( 'NONE', #4221, #3884, #5281, .T. ) ;
#1440 = LINE ( 'NONE', #2618, #929 ) ;
#1441 = CARTESIAN_POINT ( 'NONE',  ( 18.54999999999999716, 6.100000000000000533, -2.999999999999993339 ) ) ;
#1442 = LINE ( 'NONE', #4348, #1492 ) ;
#1443 = DIRECTION ( 'NONE',  ( 0.000000000000000000, 6.377659838149993194E-16, -1.000000000000000000 ) ) ;
#1444 = DIRECTION ( 'NONE',  ( 0.000000000000000000, 0.8660254037844381525, -0.5000000000000009992 ) ) ;
#1445 = ORIENTED_EDGE ( 'NONE', *, *, #2448, .T. ) ;
#1446 = EDGE_CURVE ( 'NONE', #5360, #2826, #3685, .T. ) ;
#1447 = ADVANCED_FACE ( 'NONE', ( #1705, #2918 ), #1039, .F. ) ;
#1448 = VERTEX_POINT ( 'NONE', #3430 ) ;
#1449 = CARTESIAN_POINT ( 'NONE',  ( 14.50000000000000888, 0.000000000000000000, -5.999999999999982236 ) ) ;
#1450 = PRESENTATION_STYLE_ASSIGNMENT (( #137 ) ) ;
#1451 = PLANE ( 'NONE',  #6162 ) ;
#1452 = DIRECTION ( 'NONE',  ( -1.000000000000000000, 0.000000000000000000, 0.000000000000000000 ) ) ;
#1453 = EDGE_LOOP ( 'NONE', ( #7076, #6372, #4823, #740 ) ) ;
#1454 = DIRECTION ( 'NONE',  ( -1.000000000000000000, 0.000000000000000000, 0.000000000000000000 ) ) ;
#1455 = ORIENTED_EDGE ( 'NONE', *, *, #3888, .F. ) ;
#1456 = CIRCLE ( 'NONE', #6118, 1.320000000000003393 ) ;
#1457 = ORIENTED_EDGE ( 'NONE', *, *, #771, .T. ) ;
#1458 = ORIENTED_EDGE ( 'NONE', *, *, #4572, .T. ) ;
#1459 = CARTESIAN_POINT ( 'NONE',  ( -0.4999999999999900080, 0.4000000000000000222, 0.000000000000000000 ) ) ;
#1460 = CARTESIAN_POINT ( 'NONE',  ( -18.57999999999999474, 3.605000000000000870, 3.299999999999982503 ) ) ;
#1461 = CARTESIAN_POINT ( 'NONE',  ( 4.070000000000003837, 3.454999999999999627, -4.700000000000000178 ) ) ;
#1462 = CARTESIAN_POINT ( 'NONE',  ( 10.00000000000000000, 0.000000000000000000, 0.000000000000000000 ) ) ;
#1463 = DIRECTION ( 'NONE',  ( 1.000000000000000000, 0.000000000000000000, -2.136358960562570493E-16 ) ) ;
#1464 = EDGE_LOOP ( 'NONE', ( #456, #1062, #7754, #3142 ) ) ;
#1465 = AXIS2_PLACEMENT_3D ( 'NONE', #4887, #6231, #7261 ) ;
#1466 = DIRECTION ( 'NONE',  ( 1.000000000000000000, 0.000000000000000000, 0.000000000000000000 ) ) ;
#1467 = DIRECTION ( 'NONE',  ( -0.000000000000000000, 1.000000000000000000, -0.000000000000000000 ) ) ;
#1468 = ORIENTED_EDGE ( 'NONE', *, *, #1799, .F. ) ;
#1469 = LINE ( 'NONE', #6409, #89 ) ;
#1470 = DIRECTION ( 'NONE',  ( 0.000000000000000000, -0.000000000000000000, 1.000000000000000000 ) ) ;
#1471 = CARTESIAN_POINT ( 'NONE',  ( 18.54999999999999716, 6.100000000000000533, -3.699999999999995737 ) ) ;
#1472 = PLANE ( 'NONE',  #1868 ) ;
#1473 = EDGE_CURVE ( 'NONE', #5965, #5893, #7108, .T. ) ;
#1474 = AXIS2_PLACEMENT_3D ( 'NONE', #4200, #6613, #1213 ) ;
#1475 = ORIENTED_EDGE ( 'NONE', *, *, #1800, .F. ) ;
#1476 = ORIENTED_EDGE ( 'NONE', *, *, #7438, .T. ) ;
#1477 = DIRECTION ( 'NONE',  ( 1.000000000000000000, 0.000000000000000000, 0.000000000000000000 ) ) ;
#1478 = CARTESIAN_POINT ( 'NONE',  ( 19.24999999999999645, 5.275000000000007461, -0.9309401076758581084 ) ) ;
#1479 = PLANE ( 'NONE',  #6163 ) ;
#1480 = EDGE_CURVE ( 'NONE', #4743, #1786, #4656, .T. ) ;
#1481 = DIRECTION ( 'NONE',  ( 0.000000000000000000, 0.000000000000000000, -1.000000000000000000 ) ) ;
#1482 = VECTOR ( 'NONE', #6328, 1000.000000000000000 ) ;
#1483 = DIRECTION ( 'NONE',  ( -3.469446951953614189E-15, -0.000000000000000000, 1.000000000000000000 ) ) ;
#1484 = ORIENTED_EDGE ( 'NONE', *, *, #125, .T. ) ;
#1485 = VERTEX_POINT ( 'NONE', #1664 ) ;
#1486 = EDGE_CURVE ( 'NONE', #2545, #3267, #3469, .T. ) ;
#1487 = ORIENTED_EDGE ( 'NONE', *, *, #7316, .T. ) ;
#1488 = VERTEX_POINT ( 'NONE', #5316 ) ;
#1489 = CARTESIAN_POINT ( 'NONE',  ( 1.570000000000005391, 3.454999999999999627, -4.700000000000000178 ) ) ;
#1490 = VECTOR ( 'NONE', #4811, 1000.000000000000000 ) ;
#1491 = PLANE ( 'NONE',  #6417 ) ;
#1492 = VECTOR ( 'NONE', #4912, 1000.000000000000000 ) ;
#1493 = CIRCLE ( 'NONE', #7288, 0.6999999999999914069 ) ;
#1494 = EDGE_CURVE ( 'NONE', #2847, #160, #7717, .T. ) ;
#1495 = LINE ( 'NONE', #4564, #5521 ) ;
#1496 = CARTESIAN_POINT ( 'NONE',  ( -19.06999999999999673, 2.774999999999997247, -5.380000000000021210 ) ) ;
#1497 = ORIENTED_EDGE ( 'NONE', *, *, #3319, .F. ) ;
#1498 = PLANE ( 'NONE',  #2222 ) ;
#1499 = ORIENTED_EDGE ( 'NONE', *, *, #655, .F. ) ;
#1500 = EDGE_LOOP ( 'NONE', ( #4522, #6232, #3073, #482 ) ) ;
#1501 = CIRCLE ( 'NONE', #7534, 0.09999999999999939493 ) ;
#1502 =( GEOMETRIC_REPRESENTATION_CONTEXT ( 3 ) GLOBAL_UNCERTAINTY_ASSIGNED_CONTEXT ( ( #1653 ) ) GLOBAL_UNIT_ASSIGNED_CONTEXT ( ( #6900, #4440, #4357 ) ) REPRESENTATION_CONTEXT ( 'NONE', 'WORKASPACE' ) );
#1503 = ORIENTED_EDGE ( 'NONE', *, *, #664, .F. ) ;
#1504 = CARTESIAN_POINT ( 'NONE',  ( 19.07000000000000384, 3.454999999999999627, -9.400000000000000355 ) ) ;
#1505 = CARTESIAN_POINT ( 'NONE',  ( 15.93000000000000682, 3.454999999999999627, -5.999999999999982236 ) ) ;
#1506 = DIRECTION ( 'NONE',  ( 0.000000000000000000, -1.000000000000000000, 2.843808977011159210E-15 ) ) ;
#1507 = LINE ( 'NONE', #5238, #5793 ) ;
#1508 = ORIENTED_EDGE ( 'NONE', *, *, #7547, .F. ) ;
#1509 = DIRECTION ( 'NONE',  ( -0.9396926207859087610, -0.3420201433256678802, -6.658227477999719404E-17 ) ) ;
#1510 = DIRECTION ( 'NONE',  ( 0.000000000000000000, -1.000000000000000000, 2.843808977011159210E-15 ) ) ;
#1511 = ORIENTED_EDGE ( 'NONE', *, *, #4279, .T. ) ;
#1512 = CARTESIAN_POINT ( 'NONE',  ( -18.91999999999999460, 3.945000000000000728, 3.299999999999982503 ) ) ;
#1513 = CARTESIAN_POINT ( 'NONE',  ( -18.42999999999999616, -2.987878387081802423, -5.380000000000022098 ) ) ;
#1514 = FACE_OUTER_BOUND ( 'NONE', #2556, .T. ) ;
#1515 = CARTESIAN_POINT ( 'NONE',  ( -7.999999999999991118, 3.454999999999999627, -5.999999999999982236 ) ) ;
#1516 = ORIENTED_EDGE ( 'NONE', *, *, #7753, .T. ) ;
#1517 = EDGE_LOOP ( 'NONE', ( #1248, #5723, #6952, #6586 ) ) ;
#1518 = VECTOR ( 'NONE', #2299, 1000.000000000000000 ) ;
#1519 = ORIENTED_EDGE ( 'NONE', *, *, #6316, .T. ) ;
#1520 = EDGE_CURVE ( 'NONE', #1179, #952, #6557, .T. ) ;
#1521 = LINE ( 'NONE', #5662, #7240 ) ;
#1522 = CARTESIAN_POINT ( 'NONE',  ( -16.99999999999998934, 6.100000000000000533, -6.999999999999982236 ) ) ;
#1523 = DIRECTION ( 'NONE',  ( -0.000000000000000000, -1.000000000000000000, -0.000000000000000000 ) ) ;
#1524 = CARTESIAN_POINT ( 'NONE',  ( 8.430000000000003268, 3.454999999999999627, -9.400000000000000355 ) ) ;
#1525 = CARTESIAN_POINT ( 'NONE',  ( -15.92999999999999616, 4.094999999999999751, -4.700000000000000178 ) ) ;
#1526 = EDGE_LOOP ( 'NONE', ( #1949, #6891, #4427, #2072 ) ) ;
#1527 = ORIENTED_EDGE ( 'NONE', *, *, #7700, .F. ) ;
#1528 = ORIENTED_EDGE ( 'NONE', *, *, #3271, .T. ) ;
#1529 = ADVANCED_FACE ( 'NONE', ( #6675 ), #5553, .F. ) ;
#1530 = LINE ( 'NONE', #1614, #663 ) ;
#1531 = DIRECTION ( 'NONE',  ( -0.000000000000000000, 1.000000000000000000, -0.000000000000000000 ) ) ;
#1532 = EDGE_CURVE ( 'NONE', #4326, #501, #783, .T. ) ;
#1533 = LINE ( 'NONE', #1573, #7394 ) ;
#1534 = DIRECTION ( 'NONE',  ( 1.000000000000000000, 0.000000000000000000, 0.000000000000000000 ) ) ;
#1535 = EDGE_LOOP ( 'NONE', ( #4135, #1970, #4114, #4438 ) ) ;
#1536 = ORIENTED_EDGE ( 'NONE', *, *, #2045, .T. ) ;
#1537 = CARTESIAN_POINT ( 'NONE',  ( -19.25000000000000000, 1.301022143997293101, -0.4690598923241179885 ) ) ;
#1538 = ORIENTED_EDGE ( 'NONE', *, *, #7785, .F. ) ;
#1539 = ORIENTED_EDGE ( 'NONE', *, *, #5381, .T. ) ;
#1540 = ORIENTED_EDGE ( 'NONE', *, *, #1292, .F. ) ;
#1541 = EDGE_CURVE ( 'NONE', #4406, #975, #6742, .T. ) ;
#1542 = EDGE_CURVE ( 'NONE', #3575, #7019, #1379, .T. ) ;
#1543 = EDGE_CURVE ( 'NONE', #2213, #568, #2442, .T. ) ;
#1544 = DIRECTION ( 'NONE',  ( 0.000000000000000000, 1.000000000000000000, -0.000000000000000000 ) ) ;
#1545 = DIRECTION ( 'NONE',  ( -0.000000000000000000, 2.843808977011159210E-15, 1.000000000000000000 ) ) ;
#1546 = LINE ( 'NONE', #5684, #7648 ) ;
#1547 = DIRECTION ( 'NONE',  ( 1.000000000000000000, 0.000000000000000000, 0.000000000000000000 ) ) ;
#1548 = DIRECTION ( 'NONE',  ( 0.000000000000000000, 0.000000000000000000, 1.000000000000000000 ) ) ;
#1549 = EDGE_LOOP ( 'NONE', ( #5166, #2313, #361, #2038 ) ) ;
#1550 = VERTEX_POINT ( 'NONE', #4850 ) ;
#1551 = EDGE_CURVE ( 'NONE', #5070, #7532, #3146, .T. ) ;
#1552 = VECTOR ( 'NONE', #1030, 1000.000000000000000 ) ;
#1553 = LINE ( 'NONE', #366, #1436 ) ;
#1554 = VERTEX_POINT ( 'NONE', #3038 ) ;
#1555 = LINE ( 'NONE', #3365, #2997 ) ;
#1556 = FACE_OUTER_BOUND ( 'NONE', #2653, .T. ) ;
#1557 = PLANE ( 'NONE',  #3831 ) ;
#1558 = FACE_OUTER_BOUND ( 'NONE', #2344, .T. ) ;
#1559 = VECTOR ( 'NONE', #91, 1000.000000000000000 ) ;
#1560 = ORIENTED_EDGE ( 'NONE', *, *, #708, .F. ) ;
#1561 = DIRECTION ( 'NONE',  ( -0.000000000000000000, -0.000000000000000000, 1.000000000000000000 ) ) ;
#1562 = DIRECTION ( 'NONE',  ( -0.000000000000000000, 1.000000000000000000, -0.000000000000000000 ) ) ;
#1563 = CARTESIAN_POINT ( 'NONE',  ( -21.19999999999999929, 0.000000000000000000, 0.000000000000000000 ) ) ;
#1564 = VECTOR ( 'NONE', #2782, 1000.000000000000000 ) ;
#1565 = CARTESIAN_POINT ( 'NONE',  ( 19.24999999999999645, 6.100000000000000533, -4.714890176717308726E-15 ) ) ;
#1566 = CARTESIAN_POINT ( 'NONE',  ( -4.499999999999993783, 0.000000000000000000, -5.999999999999982236 ) ) ;
#1567 = VERTEX_POINT ( 'NONE', #6706 ) ;
#1568 = EDGE_CURVE ( 'NONE', #3304, #6240, #705, .T. ) ;
#1569 = EDGE_LOOP ( 'NONE', ( #5332, #5296, #6656, #4408 ) ) ;
#1570 = AXIS2_PLACEMENT_3D ( 'NONE', #7686, #1086, #6444 ) ;
#1571 = DIRECTION ( 'NONE',  ( -0.000000000000000000, 1.000000000000000000, -0.000000000000000000 ) ) ;
#1572 = CARTESIAN_POINT ( 'NONE',  ( -18.91999999999999460, -3.399999999999999467, -5.530000000000022453 ) ) ;
#1573 = CARTESIAN_POINT ( 'NONE',  ( 15.50000000000001421, 0.000000000000000000, -6.999999999999982236 ) ) ;
#1574 = LINE ( 'NONE', #3974, #7442 ) ;
#1575 = VERTEX_POINT ( 'NONE', #4359 ) ;
#1576 = LINE ( 'NONE', #3975, #1962 ) ;
#1577 = VERTEX_POINT ( 'NONE', #5517 ) ;
#1578 = EDGE_CURVE ( 'NONE', #3112, #2529, #2520, .T. ) ;
#1579 = EDGE_LOOP ( 'NONE', ( #3174, #4952, #389, #6075 ) ) ;
#1580 = CARTESIAN_POINT ( 'NONE',  ( -18.42999999999999616, 2.774999999999997247, -5.380000000000020322 ) ) ;
#1581 = AXIS2_PLACEMENT_3D ( 'NONE', #1566, #7549, #3965 ) ;
#1582 = PRESENTATION_LAYER_ASSIGNMENT (  '', '', ( #4971 ) ) ;
#1583 = FACE_OUTER_BOUND ( 'NONE', #1642, .T. ) ;
#1584 = FACE_OUTER_BOUND ( 'NONE', #6520, .T. ) ;
#1585 = DIRECTION ( 'NONE',  ( 1.000000000000000000, 0.000000000000000000, 0.000000000000000000 ) ) ;
#1586 = VERTEX_POINT ( 'NONE', #5590 ) ;
#1587 = CARTESIAN_POINT ( 'NONE',  ( -12.99999999999999112, 0.3999999999999999112, -6.999999999999982236 ) ) ;
#1588 = ORIENTED_EDGE ( 'NONE', *, *, #1697, .F. ) ;
#1589 = ADVANCED_FACE ( 'NONE', ( #6158 ), #4993, .F. ) ;
#1590 = ORIENTED_EDGE ( 'NONE', *, *, #6650, .F. ) ;
#1591 = EDGE_CURVE ( 'NONE', #7494, #826, #750, .T. ) ;
#1592 = EDGE_CURVE ( 'NONE', #4337, #5345, #177, .T. ) ;
#1593 = PRODUCT_DEFINITION_FORMATION_WITH_SPECIFIED_SOURCE ( 'ANY', '', #3255, .NOT_KNOWN. ) ;
#1594 = FACE_OUTER_BOUND ( 'NONE', #2312, .T. ) ;
#1595 = ORIENTED_EDGE ( 'NONE', *, *, #5541, .T. ) ;
#1596 = LINE ( 'NONE', #6925, #1482 ) ;
#1597 = PLANE ( 'NONE',  #249 ) ;
#1598 = CARTESIAN_POINT ( 'NONE',  ( -19.49999999999998934, 6.100000000000000533, -6.999999999999982236 ) ) ;
#1599 = VECTOR ( 'NONE', #2290, 1000.000000000000000 ) ;
#1600 = DIRECTION ( 'NONE',  ( -0.000000000000000000, -0.000000000000000000, 1.000000000000000000 ) ) ;
#1601 = EDGE_CURVE ( 'NONE', #445, #1976, #7398, .T. ) ;
#1602 = ORIENTED_EDGE ( 'NONE', *, *, #2054, .F. ) ;
#1603 = EDGE_CURVE ( 'NONE', #7092, #3134, #2480, .T. ) ;
#1604 = ORIENTED_EDGE ( 'NONE', *, *, #5137, .T. ) ;
#1605 = VECTOR ( 'NONE', #7226, 1000.000000000000000 ) ;
#1606 = CARTESIAN_POINT ( 'NONE',  ( -19.06999999999999673, -1.087878387081799403, -5.380000000000019433 ) ) ;
#1607 = LINE ( 'NONE', #3413, #7032 ) ;
#1608 = LINE ( 'NONE', #5215, #6142 ) ;
#1609 = LINE ( 'NONE', #6973, #6919 ) ;
#1610 = AXIS2_PLACEMENT_3D ( 'NONE', #1441, #3622, #1272 ) ;
#1611 = CARTESIAN_POINT ( 'NONE',  ( -10.49999999999999112, 6.100000000000000533, -5.999999999999982236 ) ) ;
#1612 = VERTEX_POINT ( 'NONE', #4956 ) ;
#1613 = AXIS2_PLACEMENT_3D ( 'NONE', #6689, #3091, #5496 ) ;
#1614 = CARTESIAN_POINT ( 'NONE',  ( -21.19999999999999929, 2.549999999999999822, -11.49999999999999645 ) ) ;
#1615 = CARTESIAN_POINT ( 'NONE',  ( -4.499999999999993783, 0.3999999999999999112, -5.999999999999982236 ) ) ;
#1616 = VECTOR ( 'NONE', #1859, 1000.000000000000000 ) ;
#1617 = DIRECTION ( 'NONE',  ( -0.000000000000000000, 5.421010862427523403E-17, 1.000000000000000000 ) ) ;
#1618 = ORIENTED_EDGE ( 'NONE', *, *, #4236, .T. ) ;
#1619 = CARTESIAN_POINT ( 'NONE',  ( -19.06999999999999673, 4.094999999999999751, -4.700000000000017053 ) ) ;
#1620 = VERTEX_POINT ( 'NONE', #1920 ) ;
#1621 = EDGE_LOOP ( 'NONE', ( #2772, #2475, #5080, #6111 ) ) ;
#1622 = AXIS2_PLACEMENT_3D ( 'NONE', #634, #3037, #3732 ) ;
#1623 = VECTOR ( 'NONE', #2948, 1000.000000000000000 ) ;
#1624 = VECTOR ( 'NONE', #3132, 1000.000000000000000 ) ;
#1625 = ADVANCED_FACE ( 'NONE', ( #6632 ), #4324, .F. ) ;
#1626 = PLANE ( 'NONE',  #5245 ) ;
#1627 = CARTESIAN_POINT ( 'NONE',  ( -5.929999999999994387, 0.000000000000000000, -5.999999999999982236 ) ) ;
#1628 = FACE_OUTER_BOUND ( 'NONE', #3224, .T. ) ;
#1629 = AXIS2_PLACEMENT_3D ( 'NONE', #2198, #2793, #7628 ) ;
#1630 = ITEM_DEFINED_TRANSFORMATION ( 'NONE', 'NONE', #2974,  #7741 ) ;
#1631 = VERTEX_POINT ( 'NONE', #1956 ) ;
#1632 = DIRECTION ( 'NONE',  ( 0.000000000000000000, 1.000000000000000000, 0.000000000000000000 ) ) ;
#1633 = EDGE_LOOP ( 'NONE', ( #6734, #2061, #6931, #6907 ) ) ;
#1634 = ORIENTED_EDGE ( 'NONE', *, *, #1216, .F. ) ;
#1635 = AXIS2_PLACEMENT_3D ( 'NONE', #6402, #435, #962 ) ;
#1636 = EDGE_CURVE ( 'NONE', #2545, #5661, #1305, .T. ) ;
#1637 = DIRECTION ( 'NONE',  ( 0.000000000000000000, 1.000000000000000000, 0.000000000000000000 ) ) ;
#1638 = EDGE_LOOP ( 'NONE', ( #6314, #7375, #2729, #3423 ) ) ;
#1639 = CYLINDRICAL_SURFACE ( 'NONE', #3865, 0.08000000000000367928 ) ;
#1640 = DIRECTION ( 'NONE',  ( 1.000000000000000000, -0.000000000000000000, 0.000000000000000000 ) ) ;
#1641 = DIRECTION ( 'NONE',  ( -0.000000000000000000, -0.000000000000000000, 1.000000000000000000 ) ) ;
#1642 = EDGE_LOOP ( 'NONE', ( #5803, #7719, #5751, #5900 ) ) ;
#1643 = EDGE_LOOP ( 'NONE', ( #4533, #7552, #3768, #1820 ) ) ;
#1644 = ADVANCED_FACE ( 'NONE', ( #635 ), #7296, .F. ) ;
#1645 = EDGE_CURVE ( 'NONE', #3883, #2558, #3490, .T. ) ;
#1646 = CARTESIAN_POINT ( 'NONE',  ( -20.29999999999999716, 5.148076211353331821, -6.999999999999978684 ) ) ;
#1647 = DIRECTION ( 'NONE',  ( 0.000000000000000000, -1.000000000000000000, 0.000000000000000000 ) ) ;
#1648 = FACE_OUTER_BOUND ( 'NONE', #6809, .T. ) ;
#1649 = VECTOR ( 'NONE', #2264, 1000.000000000000000 ) ;
#1650 = CARTESIAN_POINT ( 'NONE',  ( -15.92999999999999616, 0.000000000000000000, -5.999999999999982236 ) ) ;
#1651 = PLANE ( 'NONE',  #2670 ) ;
#1652 = ORIENTED_EDGE ( 'NONE', *, *, #320, .T. ) ;
#1653 = UNCERTAINTY_MEASURE_WITH_UNIT (LENGTH_MEASURE( 1.000000000000000082E-05 ), #6900, 'distance_accuracy_value', 'NONE');
#1654 = DIRECTION ( 'NONE',  ( 1.000000000000000000, 0.000000000000000000, 0.000000000000000000 ) ) ;
#1655 = CARTESIAN_POINT ( 'NONE',  ( 18.43000000000000327, 3.454999999999999627, -9.400000000000000355 ) ) ;
#1656 = FACE_OUTER_BOUND ( 'NONE', #6608, .T. ) ;
#1657 = ORIENTED_EDGE ( 'NONE', *, *, #45, .F. ) ;
#1658 = DIRECTION ( 'NONE',  ( -1.000000000000000000, 0.000000000000000000, 0.000000000000000000 ) ) ;
#1659 = ORIENTED_EDGE ( 'NONE', *, *, #34, .T. ) ;
#1660 = ORIENTED_EDGE ( 'NONE', *, *, #3167, .T. ) ;
#1661 = CARTESIAN_POINT ( 'NONE',  ( -9.069999999999996732, 3.454999999999999627, -4.700000000000000178 ) ) ;
#1662 = SURFACE_STYLE_USAGE ( .BOTH. , #3509 ) ;
#1663 = CARTESIAN_POINT ( 'NONE',  ( 8.430000000000003268, 3.454999999999999627, -9.400000000000000355 ) ) ;
#1664 = CARTESIAN_POINT ( 'NONE',  ( -4.069999999999997620, 4.094999999999999751, -5.999999999999982236 ) ) ;
#1665 = CONTEXT_DEPENDENT_SHAPE_REPRESENTATION ( #724, #1011 ) ;
#1666 = DIRECTION ( 'NONE',  ( 0.000000000000000000, 0.000000000000000000, -1.000000000000000000 ) ) ;
#1667 = EDGE_LOOP ( 'NONE', ( #4985, #2256, #4987, #4392 ) ) ;
#1668 = VERTEX_POINT ( 'NONE', #3891 ) ;
#1669 = EDGE_LOOP ( 'NONE', ( #5122, #3907, #6196, #6842 ) ) ;
#1670 = EDGE_CURVE ( 'NONE', #4940, #445, #7473, .T. ) ;
#1671 = VERTEX_POINT ( 'NONE', #2710 ) ;
#1672 = CARTESIAN_POINT ( 'NONE',  ( -11.56999999999999673, 4.094999999999999751, -4.700000000000000178 ) ) ;
#1673 = ORIENTED_EDGE ( 'NONE', *, *, #4287, .F. ) ;
#1674 = FACE_OUTER_BOUND ( 'NONE', #189, .T. ) ;
#1675 = DIRECTION ( 'NONE',  ( -0.3236155771181850604, -0.3236155771181850604, -0.8891264907159880382 ) ) ;
#1676 = DIRECTION ( 'NONE',  ( 1.000000000000000000, 0.000000000000000000, 0.000000000000000000 ) ) ;
#1677 = DIRECTION ( 'NONE',  ( -1.000000000000000000, 0.000000000000000000, 0.000000000000000000 ) ) ;
#1678 = ORIENTED_EDGE ( 'NONE', *, *, #5885, .T. ) ;
#1679 = ADVANCED_FACE ( 'NONE', ( #344 ), #6389, .F. ) ;
#1680 = AXIS2_PLACEMENT_3D ( 'NONE', #903, #6980, #1064 ) ;
#1681 = VECTOR ( 'NONE', #1079, 1000.000000000000000 ) ;
#1682 = DIRECTION ( 'NONE',  ( -0.000000000000000000, -0.000000000000000000, 1.000000000000000000 ) ) ;
#1683 = LINE ( 'NONE', #7244, #3619 ) ;
#1684 = LINE ( 'NONE', #3920, #6262 ) ;
#1685 = VECTOR ( 'NONE', #6546, 1000.000000000000000 ) ;
#1686 = ORIENTED_EDGE ( 'NONE', *, *, #732, .F. ) ;
#1687 = DIRECTION ( 'NONE',  ( 0.000000000000000000, -1.946735479746240487E-16, 1.000000000000000000 ) ) ;
#1688 = EDGE_CURVE ( 'NONE', #4666, #4329, #6820, .T. ) ;
#1689 = ORIENTED_EDGE ( 'NONE', *, *, #633, .T. ) ;
#1690 = EDGE_CURVE ( 'NONE', #5363, #6074, #2162, .T. ) ;
#1691 = DIRECTION ( 'NONE',  ( -0.000000000000000000, -0.9396926207859095381, -0.3420201433256656598 ) ) ;
#1692 = VECTOR ( 'NONE', #2064, 1000.000000000000000 ) ;
#1693 = CARTESIAN_POINT ( 'NONE',  ( -5.499999999999991118, 0.000000000000000000, -6.999999999999982236 ) ) ;
#1694 = CARTESIAN_POINT ( 'NONE',  ( 19.07000000000000384, 3.454999999999999627, -9.400000000000000355 ) ) ;
#1695 = DIRECTION ( 'NONE',  ( 0.000000000000000000, 1.946735479746240487E-16, -1.000000000000000000 ) ) ;
#1696 = ORIENTED_EDGE ( 'NONE', *, *, #579, .T. ) ;
#1697 = EDGE_CURVE ( 'NONE', #2967, #63, #3932, .T. ) ;
#1698 = EDGE_CURVE ( 'NONE', #4570, #1792, #3346, .T. ) ;
#1699 = ORIENTED_EDGE ( 'NONE', *, *, #3737, .F. ) ;
#1700 = VECTOR ( 'NONE', #5362, 1000.000000000000000 ) ;
#1701 = PRODUCT_DEFINITION_SHAPE ( 'NONE', 'NONE',  #7797 ) ;
#1702 = DIRECTION ( 'NONE',  ( 1.000000000000000000, 0.000000000000000000, 0.000000000000000000 ) ) ;
#1703 = PRESENTATION_STYLE_ASSIGNMENT (( #7106 ) ) ;
#1704 = DIRECTION ( 'NONE',  ( -1.000000000000000000, -0.000000000000000000, -0.000000000000000000 ) ) ;
#1705 = FACE_BOUND ( 'NONE', #3287, .T. ) ;
#1706 = ORIENTED_EDGE ( 'NONE', *, *, #1520, .F. ) ;
#1707 = DIRECTION ( 'NONE',  ( 1.000000000000000000, -0.000000000000000000, -0.000000000000000000 ) ) ;
#1708 = ORIENTED_EDGE ( 'NONE', *, *, #3601, .T. ) ;
#1709 = VERTEX_POINT ( 'NONE', #4529 ) ;
#1710 = ORIENTED_EDGE ( 'NONE', *, *, #667, .F. ) ;
#1711 = ORIENTED_EDGE ( 'NONE', *, *, #1688, .T. ) ;
#1712 = LINE ( 'NONE', #5899, #1700 ) ;
#1713 = ORIENTED_EDGE ( 'NONE', *, *, #5394, .T. ) ;
#1714 = LINE ( 'NONE', #1828, #6534 ) ;
#1715 = FACE_BOUND ( 'NONE', #838, .T. ) ;
#1716 = DIRECTION ( 'NONE',  ( 0.000000000000000000, 0.000000000000000000, -1.000000000000000000 ) ) ;
#1717 = CARTESIAN_POINT ( 'NONE',  ( -18.42999999999999616, 3.455000000000000071, 2.887878387081787679 ) ) ;
#1718 = ORIENTED_EDGE ( 'NONE', *, *, #7237, .T. ) ;
#1719 = CARTESIAN_POINT ( 'NONE',  ( -18.57999999999999474, 3.945000000000000728, 3.299999999999982503 ) ) ;
#1720 = LINE ( 'NONE', #2345, #4205 ) ;
#1721 = EDGE_CURVE ( 'NONE', #7411, #3705, #6310, .T. ) ;
#1722 = DIRECTION ( 'NONE',  ( 0.000000000000000000, -1.000000000000000000, -0.000000000000000000 ) ) ;
#1723 = FACE_OUTER_BOUND ( 'NONE', #6076, .T. ) ;
#1724 = CARTESIAN_POINT ( 'NONE',  ( 19.19999999999998153, 5.275000000000007461, -0.8443375672973926216 ) ) ;
#1725 = ORIENTED_EDGE ( 'NONE', *, *, #4821, .F. ) ;
#1726 = EDGE_LOOP ( 'NONE', ( #7262, #2413, #3331, #4720 ) ) ;
#1727 = AXIS2_PLACEMENT_3D ( 'NONE', #346, #1454, #4606 ) ;
#1728 = VECTOR ( 'NONE', #5571, 1000.000000000000000 ) ;
#1729 = CARTESIAN_POINT ( 'NONE',  ( 21.19999999999999929, 0.000000000000000000, 0.000000000000000000 ) ) ;
#1730 = EDGE_CURVE ( 'NONE', #4978, #3268, #6347, .T. ) ;
#1731 = CARTESIAN_POINT ( 'NONE',  ( 9.070000000000005613, 3.454999999999999627, -4.700000000000000178 ) ) ;
#1732 = AXIS2_PLACEMENT_3D ( 'NONE', #5618, #5437, #1850 ) ;
#1733 = DIRECTION ( 'NONE',  ( 1.000000000000000000, -0.000000000000000000, -0.000000000000000000 ) ) ;
#1734 = ADVANCED_FACE ( 'NONE', ( #5675 ), #7516, .F. ) ;
#1735 = DIRECTION ( 'NONE',  ( 1.000000000000000000, 0.000000000000000000, -0.000000000000000000 ) ) ;
#1736 = EDGE_LOOP ( 'NONE', ( #5655, #3109, #930, #382 ) ) ;
#1737 = VECTOR ( 'NONE', #7056, 1000.000000000000000 ) ;
#1738 = ORIENTED_EDGE ( 'NONE', *, *, #768, .T. ) ;
#1739 = VECTOR ( 'NONE', #5259, 1000.000000000000000 ) ;
#1740 = CARTESIAN_POINT ( 'NONE',  ( -20.29999999999999361, 0.4000000000000000222, -6.999999999999964473 ) ) ;
#1741 = AXIS2_PLACEMENT_3D ( 'NONE', #7378, #5535, #4340 ) ;
#1742 = EDGE_CURVE ( 'NONE', #5420, #3112, #6229, .T. ) ;
#1743 = FILL_AREA_STYLE ('',( #2832 ) ) ;
#1744 = CARTESIAN_POINT ( 'NONE',  ( -1.999999999999988010, 0.3999999999999999112, -6.999999999999982236 ) ) ;
#1745 = CARTESIAN_POINT ( 'NONE',  ( 7.000000000000009770, 0.000000000000000000, -5.999999999999982236 ) ) ;
#1746 =( REPRESENTATION_RELATIONSHIP ('NONE','NONE', #1840, #6686 ) REPRESENTATION_RELATIONSHIP_WITH_TRANSFORMATION ( #3666 )SHAPE_REPRESENTATION_RELATIONSHIP( ) );
#1747 = ORIENTED_EDGE ( 'NONE', *, *, #4079, .T. ) ;
#1748 = DIRECTION ( 'NONE',  ( 0.000000000000000000, 3.794707603699131728E-14, -1.000000000000000000 ) ) ;
#1749 = ORIENTED_EDGE ( 'NONE', *, *, #5714, .T. ) ;
#1750 = VECTOR ( 'NONE', #7556, 1000.000000000000000 ) ;
#1751 = AXIS2_PLACEMENT_3D ( 'NONE', #6539, #1804, #1143 ) ;
#1752 = ORIENTED_EDGE ( 'NONE', *, *, #1875, .T. ) ;
#1753 = DIRECTION ( 'NONE',  ( -0.000000000000000000, -0.000000000000000000, 1.000000000000000000 ) ) ;
#1754 = ORIENTED_EDGE ( 'NONE', *, *, #6087, .T. ) ;
#1755 = VECTOR ( 'NONE', #3973, 1000.000000000000000 ) ;
#1756 = LINE ( 'NONE', #7083, #6768 ) ;
#1757 = DIRECTION ( 'NONE',  ( 0.000000000000000000, -5.421010862427523403E-17, -1.000000000000000000 ) ) ;
#1758 = AXIS2_PLACEMENT_3D ( 'NONE', #2543, #5545, #851 ) ;
#1759 = AXIS2_PLACEMENT_3D ( 'NONE', #7604, #1632, #3906 ) ;
#1760 = LINE ( 'NONE', #4162, #3015 ) ;
#1761 = VERTEX_POINT ( 'NONE', #1496 ) ;
#1762 = VECTOR ( 'NONE', #6380, 1000.000000000000000 ) ;
#1763 = DIRECTION ( 'NONE',  ( 0.000000000000000000, 0.000000000000000000, -1.000000000000000000 ) ) ;
#1764 = LINE ( 'NONE', #2392, #4001 ) ;
#1765 = CARTESIAN_POINT ( 'NONE',  ( 20.35000000000000497, 4.275000000000021672, -1.224646799147336937E-16 ) ) ;
#1766 = CARTESIAN_POINT ( 'NONE',  ( -18.42999999999999616, -2.256834363362278939, -5.132120757304894809 ) ) ;
#1767 = ORIENTED_EDGE ( 'NONE', *, *, #1029, .T. ) ;
#1768 = ORIENTED_EDGE ( 'NONE', *, *, #6306, .F. ) ;
#1769 = ADVANCED_FACE ( 'NONE', ( #7431 ), #5632, .F. ) ;
#1770 = CARTESIAN_POINT ( 'NONE',  ( -12.99999999999999112, 0.000000000000000000, -5.999999999999982236 ) ) ;
#1771 = LINE ( 'NONE', #5952, #2120 ) ;
#1772 = DIRECTION ( 'NONE',  ( 0.000000000000000000, 0.000000000000000000, 1.000000000000000000 ) ) ;
#1773 = CARTESIAN_POINT ( 'NONE',  ( -14.49999999999999289, 6.100000000000000533, -5.999999999999982236 ) ) ;
#1774 = EDGE_LOOP ( 'NONE', ( #6916, #5540, #4659, #7722 ) ) ;
#1775 = VERTEX_POINT ( 'NONE', #4405 ) ;
#1776 = EDGE_CURVE ( 'NONE', #6881, #7703, #101, .T. ) ;
#1777 = EDGE_CURVE ( 'NONE', #2789, #1881, #1574, .T. ) ;
#1778 = CARTESIAN_POINT ( 'NONE',  ( 7.000000000000009770, 0.000000000000000000, -5.999999999999982236 ) ) ;
#1779 = SURFACE_STYLE_FILL_AREA ( #1743 ) ;
#1780 = DIRECTION ( 'NONE',  ( 0.8660254037844433705, 0.000000000000000000, -0.4999999999999919509 ) ) ;
#1781 = LINE ( 'NONE', #5961, #666 ) ;
#1782 = APPLICATION_PROTOCOL_DEFINITION ( 'draft international standard', 'automotive_design', 1998, #5413 ) ;
#1783 = ORIENTED_EDGE ( 'NONE', *, *, #7238, .T. ) ;
#1784 = DIRECTION ( 'NONE',  ( -0.000000000000000000, 1.000000000000000000, -0.000000000000000000 ) ) ;
#1785 = EDGE_LOOP ( 'NONE', ( #3473, #3350, #1888, #6638 ) ) ;
#1786 = VERTEX_POINT ( 'NONE', #2037 ) ;
#1787 = EDGE_CURVE ( 'NONE', #1577, #1209, #497, .T. ) ;
#1788 = VERTEX_POINT ( 'NONE', #5028 ) ;
#1789 = EDGE_CURVE ( 'NONE', #3159, #6711, #6858, .T. ) ;
#1790 = EDGE_CURVE ( 'NONE', #1042, #6976, #866, .T. ) ;
#1791 = DIRECTION ( 'NONE',  ( 0.000000000000000000, -1.000000000000000000, 0.000000000000000000 ) ) ;
#1792 = VERTEX_POINT ( 'NONE', #7740 ) ;
#1793 = DIRECTION ( 'NONE',  ( 0.000000000000000000, 1.000000000000000000, 0.000000000000000000 ) ) ;
#1794 = CARTESIAN_POINT ( 'NONE',  ( -11.56999999999999673, 3.454999999999999627, -5.999999999999982236 ) ) ;
#1795 = FILL_AREA_STYLE ('',( #7204 ) ) ;
#1796 = CARTESIAN_POINT ( 'NONE',  ( 21.19999999999999929, 6.100000000000000533, -6.999999999999982236 ) ) ;
#1797 = PLANE ( 'NONE',  #6283 ) ;
#1798 = ORIENTED_EDGE ( 'NONE', *, *, #3279, .T. ) ;
#1799 = EDGE_CURVE ( 'NONE', #3515, #6123, #2311, .T. ) ;
#1800 = EDGE_CURVE ( 'NONE', #7494, #5837, #7246, .T. ) ;
#1801 = LINE ( 'NONE', #2855, #804 ) ;
#1802 = DIRECTION ( 'NONE',  ( -0.000000000000000000, -1.000000000000000000, -0.000000000000000000 ) ) ;
#1803 = DIRECTION ( 'NONE',  ( 0.000000000000000000, 1.000000000000000000, -0.000000000000000000 ) ) ;
#1804 = DIRECTION ( 'NONE',  ( 0.000000000000000000, 0.000000000000000000, 1.000000000000000000 ) ) ;
#1805 = EDGE_LOOP ( 'NONE', ( #7297, #7186, #871, #7260 ) ) ;
#1806 = ORIENTED_EDGE ( 'NONE', *, *, #5537, .T. ) ;
#1807 = VECTOR ( 'NONE', #747, 1000.000000000000000 ) ;
#1808 = CARTESIAN_POINT ( 'NONE',  ( -10.49999999999999112, 0.000000000000000000, -5.999999999999982236 ) ) ;
#1809 = LINE ( 'NONE', #1843, #3382 ) ;
#1810 = CARTESIAN_POINT ( 'NONE',  ( 0.9300000000000037126, 3.454999999999999627, -5.999999999999982236 ) ) ;
#1811 = LINE ( 'NONE', #7137, #329 ) ;
#1812 = VERTEX_POINT ( 'NONE', #7278 ) ;
#1813 = ORIENTED_EDGE ( 'NONE', *, *, #6124, .T. ) ;
#1814 = ORIENTED_EDGE ( 'NONE', *, *, #5000, .T. ) ;
#1815 = DIRECTION ( 'NONE',  ( -0.8660254037844432595, 0.000000000000000000, -0.4999999999999918954 ) ) ;
#1816 = CARTESIAN_POINT ( 'NONE',  ( -18.57999999999999474, 3.605000000000000870, 3.299999999999982503 ) ) ;
#1817 = EDGE_CURVE ( 'NONE', #351, #2762, #6102, .T. ) ;
#1818 = LINE ( 'NONE', #704, #93 ) ;
#1819 = LINE ( 'NONE', #5235, #1681 ) ;
#1820 = ORIENTED_EDGE ( 'NONE', *, *, #2717, .F. ) ;
#1821 = VECTOR ( 'NONE', #3090, 1000.000000000000000 ) ;
#1822 = CARTESIAN_POINT ( 'NONE',  ( -18.57999999999999474, -3.399999999999999467, -5.870000000000021423 ) ) ;
#1823 = EDGE_LOOP ( 'NONE', ( #4798, #131, #3778, #3728 ) ) ;
#1824 = ORIENTED_EDGE ( 'NONE', *, *, #815, .F. ) ;
#1825 = ORIENTED_EDGE ( 'NONE', *, *, #772, .F. ) ;
#1826 = CARTESIAN_POINT ( 'NONE',  ( 21.19999999999999929, 2.549999999999999822, -11.49999999999999645 ) ) ;
#1827 = ADVANCED_FACE ( 'NONE', ( #4201 ), #4716, .F. ) ;
#1828 = CARTESIAN_POINT ( 'NONE',  ( 9.070000000000005613, 0.000000000000000000, -5.999999999999982236 ) ) ;
#1829 = LINE ( 'NONE', #1089, #1518 ) ;
#1830 = DIRECTION ( 'NONE',  ( -0.000000000000000000, 1.000000000000000000, -0.000000000000000000 ) ) ;
#1831 = DIRECTION ( 'NONE',  ( -0.000000000000000000, -1.000000000000000000, -0.000000000000000000 ) ) ;
#1832 = ORIENTED_EDGE ( 'NONE', *, *, #5865, .F. ) ;
#1833 = ORIENTED_EDGE ( 'NONE', *, *, #1551, .T. ) ;
#1834 = CARTESIAN_POINT ( 'NONE',  ( 19.24999999999999645, 5.275000000000007461, -2.999999999999993339 ) ) ;
#1835 = EDGE_CURVE ( 'NONE', #4686, #2672, #1493, .T. ) ;
#1836 = LINE ( 'NONE', #6576, #7512 ) ;
#1837 = DIRECTION ( 'NONE',  ( 0.000000000000000000, 0.000000000000000000, -1.000000000000000000 ) ) ;
#1838 = CARTESIAN_POINT ( 'NONE',  ( 21.19999999999999929, 5.275000000000011013, 1.925929944387235853E-31 ) ) ;
#1839 = AXIS2_PLACEMENT_3D ( 'NONE', #3200, #2463, #6654 ) ;
#1840 = SHAPE_REPRESENTATION ( 'S16B-XH-A auto', ( #2468, #4096, #3215, #3600, #4234, #966, #2714, #1841, #185, #2974, #449, #6630, #2215, #1950, #7619, #4863, #1094, #7367 ), #2584 ) ;
#1841 = AXIS2_PLACEMENT_3D ( 'NONE', #3235, #6360, #2050 ) ;
#1842 = DIRECTION ( 'NONE',  ( 1.000000000000000000, 0.000000000000000000, 0.000000000000000000 ) ) ;
#1843 = CARTESIAN_POINT ( 'NONE',  ( 15.93000000000000682, 3.454999999999999627, -9.400000000000000355 ) ) ;
#1844 = LINE ( 'NONE', #7215, #357 ) ;
#1845 = AXIS2_PLACEMENT_3D ( 'NONE', #2359, #7216, #1735 ) ;
#1846 = DIRECTION ( 'NONE',  ( -1.000000000000000000, 0.000000000000000000, -3.469446951953614978E-15 ) ) ;
#1847 = EDGE_LOOP ( 'NONE', ( #3712, #3926, #2661, #4257 ) ) ;
#1848 = VERTEX_POINT ( 'NONE', #2464 ) ;
#1849 = DIRECTION ( 'NONE',  ( 0.000000000000000000, 1.000000000000000000, -0.000000000000000000 ) ) ;
#1850 = DIRECTION ( 'NONE',  ( 0.000000000000000000, 0.000000000000000000, -1.000000000000000000 ) ) ;
#1851 = DIRECTION ( 'NONE',  ( 0.000000000000000000, 0.000000000000000000, -1.000000000000000000 ) ) ;
#1852 = DIRECTION ( 'NONE',  ( 1.000000000000000000, -0.000000000000000000, -0.000000000000000000 ) ) ;
#1853 = ORIENTED_EDGE ( 'NONE', *, *, #4154, .F. ) ;
#1854 = DIRECTION ( 'NONE',  ( 0.000000000000000000, 1.000000000000000000, 0.000000000000000000 ) ) ;
#1855 = VECTOR ( 'NONE', #6276, 1000.000000000000000 ) ;
#1856 = ORIENTED_EDGE ( 'NONE', *, *, #5242, .T. ) ;
#1857 = EDGE_CURVE ( 'NONE', #1848, #6897, #4871, .T. ) ;
#1858 = CARTESIAN_POINT ( 'NONE',  ( -14.06999999999999496, 3.454999999999999627, -9.400000000000000355 ) ) ;
#1859 = DIRECTION ( 'NONE',  ( 1.000000000000000000, 0.000000000000000000, -2.136358960562570493E-16 ) ) ;
#1860 = DIRECTION ( 'NONE',  ( -1.000000000000000000, 0.000000000000000000, 0.000000000000000000 ) ) ;
#1861 = AXIS2_PLACEMENT_3D ( 'NONE', #7202, #1793, #1203 ) ;
#1862 = DIRECTION ( 'NONE',  ( 0.000000000000000000, 0.000000000000000000, -1.000000000000000000 ) ) ;
#1863 = ORIENTED_EDGE ( 'NONE', *, *, #5617, .F. ) ;
#1864 = EDGE_CURVE ( 'NONE', #900, #1881, #654, .T. ) ;
#1865 = AXIS2_PLACEMENT_3D ( 'NONE', #355, #7439, #7563 ) ;
#1866 = CARTESIAN_POINT ( 'NONE',  ( -2.999999999999992450, 3.454999999999999627, -5.999999999999982236 ) ) ;
#1867 = EDGE_CURVE ( 'NONE', #2672, #5164, #7128, .T. ) ;
#1868 = AXIS2_PLACEMENT_3D ( 'NONE', #843, #731, #1940 ) ;
#1869 = CARTESIAN_POINT ( 'NONE',  ( -17.99999999999999289, 0.000000000000000000, -5.999999999999982236 ) ) ;
#1870 = DIRECTION ( 'NONE',  ( 0.000000000000000000, -0.000000000000000000, 1.000000000000000000 ) ) ;
#1871 = FACE_OUTER_BOUND ( 'NONE', #4443, .T. ) ;
#1872 = DIRECTION ( 'NONE',  ( 1.000000000000000000, 0.000000000000000000, -2.136358960562570493E-16 ) ) ;
#1873 = ORIENTED_EDGE ( 'NONE', *, *, #708, .T. ) ;
#1874 = AXIS2_PLACEMENT_3D ( 'NONE', #4519, #167, #2580 ) ;
#1875 = EDGE_CURVE ( 'NONE', #6975, #6445, #5341, .T. ) ;
#1876 = EDGE_CURVE ( 'NONE', #2218, #7411, #3094, .T. ) ;
#1877 = EDGE_CURVE ( 'NONE', #224, #3297, #2348, .T. ) ;
#1878 = LINE ( 'NONE', #773, #7712 ) ;
#1879 = CARTESIAN_POINT ( 'NONE',  ( -21.19999999999999929, 6.100000000000000533, 0.000000000000000000 ) ) ;
#1880 = DIRECTION ( 'NONE',  ( 0.000000000000000000, -1.000000000000000000, 2.843808977011159210E-15 ) ) ;
#1881 = VERTEX_POINT ( 'NONE', #615 ) ;
#1882 = CARTESIAN_POINT ( 'NONE',  ( 1.570000000000005391, 0.000000000000000000, -5.999999999999982236 ) ) ;
#1883 = ORIENTED_EDGE ( 'NONE', *, *, #721, .T. ) ;
#1884 = ADVANCED_FACE ( 'NONE', ( #4756, #5499 ), #4123, .F. ) ;
#1885 = DIRECTION ( 'NONE',  ( 0.000000000000000000, 0.000000000000000000, -1.000000000000000000 ) ) ;
#1886 = CARTESIAN_POINT ( 'NONE',  ( 4.500000000000007105, 6.100000000000000533, -6.999999999999982236 ) ) ;
#1887 = CARTESIAN_POINT ( 'NONE',  ( -17.80000000000000426, 1.301022143997293101, -3.699999999999991296 ) ) ;
#1888 = ORIENTED_EDGE ( 'NONE', *, *, #3707, .F. ) ;
#1889 = PLANE ( 'NONE',  #1102 ) ;
#1890 = EDGE_LOOP ( 'NONE', ( #7684, #6313, #2703, #1499 ) ) ;
#1891 = ORIENTED_EDGE ( 'NONE', *, *, #4215, .T. ) ;
#1892 = DIRECTION ( 'NONE',  ( -0.000000000000000000, -0.000000000000000000, 1.000000000000000000 ) ) ;
#1893 = CARTESIAN_POINT ( 'NONE',  ( -5.499999999999991118, 4.094999999999999751, -5.999999999999982236 ) ) ;
#1894 = DIRECTION ( 'NONE',  ( 0.000000000000000000, 0.000000000000000000, -1.000000000000000000 ) ) ;
#1895 = LINE ( 'NONE', #115, #1263 ) ;
#1896 = ADVANCED_FACE ( 'NONE', ( #2942 ), #3532, .F. ) ;
#1897 = ORIENTED_EDGE ( 'NONE', *, *, #288, .F. ) ;
#1898 = ORIENTED_EDGE ( 'NONE', *, *, #6704, .F. ) ;
#1899 = CARTESIAN_POINT ( 'NONE',  ( 2.000000000000008882, 6.100000000000000533, -5.999999999999982236 ) ) ;
#1900 = LINE ( 'NONE', #1869, #6028 ) ;
#1901 = LINE ( 'NONE', #7379, #6646 ) ;
#1902 = FACE_OUTER_BOUND ( 'NONE', #6042, .T. ) ;
#1903 = DIRECTION ( 'NONE',  ( -1.000000000000000000, 0.000000000000000000, 0.000000000000000000 ) ) ;
#1904 = EDGE_CURVE ( 'NONE', #975, #2870, #2394, .T. ) ;
#1905 = EDGE_LOOP ( 'NONE', ( #5148, #4784, #5923, #7392 ) ) ;
#1906 = CARTESIAN_POINT ( 'NONE',  ( 16.57000000000000739, 3.454999999999999627, -4.700000000000000178 ) ) ;
#1907 = FACE_OUTER_BOUND ( 'NONE', #2531, .T. ) ;
#1908 = EDGE_CURVE ( 'NONE', #3475, #3525, #2979, .T. ) ;
#1909 = CARTESIAN_POINT ( 'NONE',  ( 14.07000000000000561, 3.454999999999999627, -9.400000000000000355 ) ) ;
#1910 = ORIENTED_EDGE ( 'NONE', *, *, #2466, .T. ) ;
#1911 = DIRECTION ( 'NONE',  ( -0.000000000000000000, 1.000000000000000000, -0.000000000000000000 ) ) ;
#1912 = VERTEX_POINT ( 'NONE', #6616 ) ;
#1913 = EDGE_CURVE ( 'NONE', #2638, #6881, #3024, .T. ) ;
#1914 = ORIENTED_EDGE ( 'NONE', *, *, #3893, .F. ) ;
#1915 = EDGE_CURVE ( 'NONE', #6588, #596, #6655, .T. ) ;
#1916 = VECTOR ( 'NONE', #1687, 1000.000000000000000 ) ;
#1917 = LINE ( 'NONE', #1336, #1807 ) ;
#1918 = EDGE_CURVE ( 'NONE', #5555, #2418, #124, .T. ) ;
#1919 = DIRECTION ( 'NONE',  ( 1.000000000000000000, -0.000000000000000000, 0.000000000000000000 ) ) ;
#1920 = CARTESIAN_POINT ( 'NONE',  ( -4.069999999999997620, 3.454999999999999627, -4.700000000000000178 ) ) ;
#1921 = VECTOR ( 'NONE', #331, 1000.000000000000000 ) ;
#1922 = ADVANCED_FACE ( 'NONE', ( #6293 ), #7456, .F. ) ;
#1923 = CONTEXT_DEPENDENT_SHAPE_REPRESENTATION ( #1746, #4078 ) ;
#1924 = ORIENTED_EDGE ( 'NONE', *, *, #7443, .F. ) ;
#1925 = CARTESIAN_POINT ( 'NONE',  ( -19.06999999999999673, 4.094999999999999751, -4.700000000000017053 ) ) ;
#1926 = ORIENTED_EDGE ( 'NONE', *, *, #36, .F. ) ;
#1927 = EDGE_LOOP ( 'NONE', ( #230, #893, #834, #1783 ) ) ;
#1928 = LINE ( 'NONE', #1277, #6731 ) ;
#1929 = CIRCLE ( 'NONE', #3696, 0.1000000000000233064 ) ;
#1930 = DIRECTION ( 'NONE',  ( -3.469446951953614189E-15, -0.000000000000000000, 1.000000000000000000 ) ) ;
#1931 = CARTESIAN_POINT ( 'NONE',  ( 19.09999999999998366, 5.275000000000007461, -0.6133974596215434616 ) ) ;
#1932 = SHAPE_REPRESENTATION_RELATIONSHIP ( 'NONE' , 'NONE' ,  #6435, #5306 ) ;
#1933 = CARTESIAN_POINT ( 'NONE',  ( -20.29999999999999361, 0.4000000000000000222, -6.999999999999964473 ) ) ;
#1934 = ORIENTED_EDGE ( 'NONE', *, *, #6215, .F. ) ;
#1935 = VECTOR ( 'NONE', #146, 1000.000000000000000 ) ;
#1936 = DIRECTION ( 'NONE',  ( -0.000000000000000000, 1.000000000000000000, -0.000000000000000000 ) ) ;
#1937 = CARTESIAN_POINT ( 'NONE',  ( 21.19999999999999929, 0.000000000000000000, -11.50000000000001776 ) ) ;
#1938 = DIRECTION ( 'NONE',  ( 0.000000000000000000, 0.000000000000000000, 1.000000000000000000 ) ) ;
#1939 = CARTESIAN_POINT ( 'NONE',  ( 20.29999999999999716, 0.000000000000000000, -11.50000000000001776 ) ) ;
#1940 = DIRECTION ( 'NONE',  ( 1.000000000000000000, 0.000000000000000000, -0.000000000000000000 ) ) ;
#1941 = ORIENTED_EDGE ( 'NONE', *, *, #1438, .F. ) ;
#1942 = EDGE_CURVE ( 'NONE', #3042, #1788, #2614, .T. ) ;
#1943 = VECTOR ( 'NONE', #1948, 1000.000000000000000 ) ;
#1944 = CARTESIAN_POINT ( 'NONE',  ( -10.92999999999999616, 4.094999999999999751, -4.700000000000000178 ) ) ;
#1945 = VECTOR ( 'NONE', #1716, 1000.000000000000000 ) ;
#1946 = DIRECTION ( 'NONE',  ( -0.000000000000000000, 1.000000000000000000, -0.000000000000000000 ) ) ;
#1947 = DIRECTION ( 'NONE',  ( 0.000000000000000000, -1.000000000000000000, 2.843808977011159210E-15 ) ) ;
#1948 = DIRECTION ( 'NONE',  ( -0.000000000000000000, 1.000000000000000000, -0.000000000000000000 ) ) ;
#1949 = ORIENTED_EDGE ( 'NONE', *, *, #3087, .T. ) ;
#1950 = AXIS2_PLACEMENT_3D ( 'NONE', #1005, #5774, #358 ) ;
#1951 = ORIENTED_EDGE ( 'NONE', *, *, #6977, .F. ) ;
#1952 = EDGE_CURVE ( 'NONE', #7765, #7401, #2060, .T. ) ;
#1953 = PLANE ( 'NONE',  #1299 ) ;
#1954 = DIRECTION ( 'NONE',  ( -0.8660254037844432595, 0.000000000000000000, -0.4999999999999918954 ) ) ;
#1955 = PLANE ( 'NONE',  #4510 ) ;
#1956 = CARTESIAN_POINT ( 'NONE',  ( -19.06999999999999673, 3.454999999999999627, -5.999999999999982236 ) ) ;
#1957 = CONTEXT_DEPENDENT_SHAPE_REPRESENTATION ( #2539, #2685 ) ;
#1958 = VERTEX_POINT ( 'NONE', #4976 ) ;
#1959 = LINE ( 'NONE', #2006, #6012 ) ;
#1960 = VERTEX_POINT ( 'NONE', #7314 ) ;
#1961 = ORIENTED_EDGE ( 'NONE', *, *, #5897, .F. ) ;
#1962 = VECTOR ( 'NONE', #6391, 1000.000000000000000 ) ;
#1963 = ORIENTED_EDGE ( 'NONE', *, *, #1072, .T. ) ;
#1964 = EDGE_CURVE ( 'NONE', #2043, #3297, #2538, .T. ) ;
#1965 = VECTOR ( 'NONE', #6801, 1000.000000000000000 ) ;
#1966 = CARTESIAN_POINT ( 'NONE',  ( 6.570000000000006501, 3.454999999999999627, -9.400000000000000355 ) ) ;
#1967 = LINE ( 'NONE', #3672, #4130 ) ;
#1968 = CARTESIAN_POINT ( 'NONE',  ( 1.570000000000005391, 4.094999999999999751, -4.700000000000000178 ) ) ;
#1969 = VECTOR ( 'NONE', #1562, 1000.000000000000000 ) ;
#1970 = ORIENTED_EDGE ( 'NONE', *, *, #3458, .F. ) ;
#1971 = DIRECTION ( 'NONE',  ( 0.000000000000000000, 0.000000000000000000, 1.000000000000000000 ) ) ;
#1972 = DIRECTION ( 'NONE',  ( 0.000000000000000000, 0.000000000000000000, 1.000000000000000000 ) ) ;
#1973 = ORIENTED_EDGE ( 'NONE', *, *, #4949, .T. ) ;
#1974 = VECTOR ( 'NONE', #4552, 1000.000000000000000 ) ;
#1975 = VECTOR ( 'NONE', #3605, 1000.000000000000000 ) ;
#1976 = VERTEX_POINT ( 'NONE', #5573 ) ;
#1977 = FACE_BOUND ( 'NONE', #5790, .T. ) ;
#1978 = VECTOR ( 'NONE', #187, 1000.000000000000000 ) ;
#1979 = FACE_OUTER_BOUND ( 'NONE', #1638, .T. ) ;
#1980 = CARTESIAN_POINT ( 'NONE',  ( -2.999999999999992450, 0.4000000000000000222, 0.000000000000000000 ) ) ;
#1981 = DIRECTION ( 'NONE',  ( 0.000000000000000000, 3.285461128743944150E-16, -1.000000000000000000 ) ) ;
#1982 = DIRECTION ( 'NONE',  ( -1.000000000000000000, 0.000000000000000000, 0.000000000000000000 ) ) ;
#1983 =( REPRESENTATION_RELATIONSHIP ('NONE','NONE', #1840, #6686 ) REPRESENTATION_RELATIONSHIP_WITH_TRANSFORMATION ( #470 )SHAPE_REPRESENTATION_RELATIONSHIP( ) );
#1984 = ORIENTED_EDGE ( 'NONE', *, *, #4315, .T. ) ;
#1985 = AXIS2_PLACEMENT_3D ( 'NONE', #2519, #5589, #4358 ) ;
#1986 = VECTOR ( 'NONE', #5619, 1000.000000000000000 ) ;
#1987 = VECTOR ( 'NONE', #7789, 999.9999999999998863 ) ;
#1988 = DIRECTION ( 'NONE',  ( 0.000000000000000000, -1.000000000000000000, 0.000000000000000000 ) ) ;
#1989 = VECTOR ( 'NONE', #3222, 1000.000000000000000 ) ;
#1990 = LINE ( 'NONE', #4254, #5502 ) ;
#1991 = FACE_OUTER_BOUND ( 'NONE', #1517, .T. ) ;
#1992 = VECTOR ( 'NONE', #4349, 1000.000000000000000 ) ;
#1993 = CARTESIAN_POINT ( 'NONE',  ( 4.500000000000007105, 0.000000000000000000, -5.999999999999982236 ) ) ;
#1994 = VECTOR ( 'NONE', #6775, 1000.000000000000000 ) ;
#1995 = VECTOR ( 'NONE', #3193, 1000.000000000000000 ) ;
#1996 = FACE_OUTER_BOUND ( 'NONE', #7299, .T. ) ;
#1997 = ORIENTED_EDGE ( 'NONE', *, *, #5189, .T. ) ;
#1998 = ADVANCED_FACE ( 'NONE', ( #3245 ), #6839, .F. ) ;
#1999 = ORIENTED_EDGE ( 'NONE', *, *, #1398, .T. ) ;
#2000 = EDGE_LOOP ( 'NONE', ( #753, #824, #3025, #2943 ) ) ;
#2001 = DIRECTION ( 'NONE',  ( 0.000000000000000000, 0.000000000000000000, -1.000000000000000000 ) ) ;
#2002 = DIRECTION ( 'NONE',  ( 0.000000000000000000, 0.000000000000000000, -1.000000000000000000 ) ) ;
#2003 = DIRECTION ( 'NONE',  ( -0.000000000000000000, 1.000000000000000000, -0.000000000000000000 ) ) ;
#2004 = CARTESIAN_POINT ( 'NONE',  ( -12.99999999999999112, 6.100000000000000533, -5.999999999999982236 ) ) ;
#2005 = ORIENTED_EDGE ( 'NONE', *, *, #2992, .T. ) ;
#2006 = CARTESIAN_POINT ( 'NONE',  ( -11.56999999999999673, 3.454999999999999627, -9.400000000000000355 ) ) ;
#2007 = EDGE_CURVE ( 'NONE', #7251, #701, #6726, .T. ) ;
#2008 = ORIENTED_EDGE ( 'NONE', *, *, #1952, .F. ) ;
#2009 = ADVANCED_FACE ( 'NONE', ( #1362 ), #1433, .F. ) ;
#2010 = CARTESIAN_POINT ( 'NONE',  ( -20.35000000000000142, 1.225000000000037614, -4.700000000000000178 ) ) ;
#2011 = CARTESIAN_POINT ( 'NONE',  ( -20.29999999999999361, 0.4000000000000000222, -6.999999999999964473 ) ) ;
#2012 = CARTESIAN_POINT ( 'NONE',  ( -14.06999999999999496, 4.094999999999999751, -4.700000000000000178 ) ) ;
#2013 = DIRECTION ( 'NONE',  ( -0.3236155771181853935, 0.3236155771181816188, -0.8891264907159891484 ) ) ;
#2014 = EDGE_CURVE ( 'NONE', #3399, #6289, #5539, .T. ) ;
#2015 = ORIENTED_EDGE ( 'NONE', *, *, #171, .F. ) ;
#2016 = ADVANCED_FACE ( 'NONE', ( #4937 ), #7344, .F. ) ;
#2017 = EDGE_CURVE ( 'NONE', #4941, #7616, #2506, .T. ) ;
#2018 = LINE ( 'NONE', #4418, #7480 ) ;
#2019 = CARTESIAN_POINT ( 'NONE',  ( -20.35000000000000142, 4.275000000000021672, -3.100000000000001865 ) ) ;
#2020 = DIRECTION ( 'NONE',  ( 1.000000000000000000, 0.000000000000000000, -0.000000000000000000 ) ) ;
#2021 = PLANE ( 'NONE',  #7308 ) ;
#2022 = CARTESIAN_POINT ( 'NONE',  ( -0.4999999999999900080, 0.000000000000000000, -6.999999999999982236 ) ) ;
#2023 = LINE ( 'NONE', #3824, #4768 ) ;
#2024 = ADVANCED_FACE ( 'NONE', ( #6210, #7418 ), #1472, .F. ) ;
#2025 = ADVANCED_FACE ( 'NONE', ( #6760 ), #3759, .T. ) ;
#2026 = VERTEX_POINT ( 'NONE', #1400 ) ;
#2027 = CARTESIAN_POINT ( 'NONE',  ( 19.14999999999997371, 6.100000000000000533, -0.9309401076758582194 ) ) ;
#2028 = LINE ( 'NONE', #3796, #335 ) ;
#2029 = CARTESIAN_POINT ( 'NONE',  ( 0.000000000000000000, 3.605000000000000870, 3.299999999999982503 ) ) ;
#2030 = CARTESIAN_POINT ( 'NONE',  ( -19.06999999999999673, 4.094999999999999751, 2.887878387081787679 ) ) ;
#2031 = CARTESIAN_POINT ( 'NONE',  ( -11.99999999999999289, 0.3999999999999999112, -5.999999999999982236 ) ) ;
#2032 = ORIENTED_EDGE ( 'NONE', *, *, #5533, .T. ) ;
#2033 = ORIENTED_EDGE ( 'NONE', *, *, #7268, .F. ) ;
#2034 = LINE ( 'NONE', #6773, #4057 ) ;
#2035 = ORIENTED_EDGE ( 'NONE', *, *, #7542, .T. ) ;
#2036 = DIRECTION ( 'NONE',  ( -0.000000000000000000, 1.000000000000000000, -0.000000000000000000 ) ) ;
#2037 = CARTESIAN_POINT ( 'NONE',  ( -21.19999999999999929, 0.000000000000000000, 0.000000000000000000 ) ) ;
#2038 = ORIENTED_EDGE ( 'NONE', *, *, #4185, .F. ) ;
#2039 = DIRECTION ( 'NONE',  ( 0.000000000000000000, 0.000000000000000000, -1.000000000000000000 ) ) ;
#2040 = ORIENTED_EDGE ( 'NONE', *, *, #375, .T. ) ;
#2041 = VECTOR ( 'NONE', #7324, 1000.000000000000000 ) ;
#2042 = ORIENTED_EDGE ( 'NONE', *, *, #1730, .F. ) ;
#2043 = VERTEX_POINT ( 'NONE', #4424 ) ;
#2044 = VECTOR ( 'NONE', #1117, 1000.000000000000000 ) ;
#2045 = EDGE_CURVE ( 'NONE', #3229, #5102, #5659, .T. ) ;
#2046 = AXIS2_PLACEMENT_3D ( 'NONE', #1770, #4169, #3570 ) ;
#2047 = FACE_OUTER_BOUND ( 'NONE', #1464, .T. ) ;
#2048 = LINE ( 'NONE', #5076, #7284 ) ;
#2049 = LINE ( 'NONE', #7528, #4128 ) ;
#2050 = DIRECTION ( 'NONE',  ( 1.000000000000000000, 0.000000000000000000, 0.000000000000000000 ) ) ;
#2051 = CARTESIAN_POINT ( 'NONE',  ( -21.19999999999999929, 4.275000000000021672, -3.100000000000001865 ) ) ;
#2052 = EDGE_LOOP ( 'NONE', ( #3310, #1408, #2828, #1999 ) ) ;
#2053 = PLANE ( 'NONE',  #5406 ) ;
#2054 = EDGE_CURVE ( 'NONE', #539, #7117, #2023, .T. ) ;
#2055 = CARTESIAN_POINT ( 'NONE',  ( -0.9299999999999932765, 3.454999999999999627, -4.700000000000000178 ) ) ;
#2056 = ORIENTED_EDGE ( 'NONE', *, *, #3566, .T. ) ;
#2057 = CARTESIAN_POINT ( 'NONE',  ( -16.99999999999998934, 0.3999999999999999112, -6.999999999999982236 ) ) ;
#2058 = DIRECTION ( 'NONE',  ( 1.000000000000000000, -0.000000000000000000, 0.000000000000000000 ) ) ;
#2059 = DIRECTION ( 'NONE',  ( -1.000000000000000000, 0.000000000000000000, 0.000000000000000000 ) ) ;
#2060 = LINE ( 'NONE', #3165, #7784 ) ;
#2061 = ORIENTED_EDGE ( 'NONE', *, *, #479, .F. ) ;
#2062 = VECTOR ( 'NONE', #1477, 1000.000000000000000 ) ;
#2063 = ADVANCED_FACE ( 'NONE', ( #1558 ), #5132, .F. ) ;
#2064 = DIRECTION ( 'NONE',  ( -3.469446951953614978E-15, 0.000000000000000000, 1.000000000000000000 ) ) ;
#2065 = DIRECTION ( 'NONE',  ( -3.469446951953614189E-15, -0.000000000000000000, 1.000000000000000000 ) ) ;
#2066 = CARTESIAN_POINT ( 'NONE',  ( -18.42999999999999616, 2.774999999999997247, -5.380000000000021210 ) ) ;
#2067 = DIRECTION ( 'NONE',  ( 0.000000000000000000, -1.946735479746240487E-16, 1.000000000000000000 ) ) ;
#2068 = LINE ( 'NONE', #6890, #6713 ) ;
#2069 = ORIENTED_EDGE ( 'NONE', *, *, #5301, .T. ) ;
#2070 = ORIENTED_EDGE ( 'NONE', *, *, #5370, .T. ) ;
#2071 = COLOUR_RGB ( '',1.000000000000000000, 1.000000000000000000, 1.000000000000000000 ) ;
#2072 = ORIENTED_EDGE ( 'NONE', *, *, #3028, .F. ) ;
#2073 = CARTESIAN_POINT ( 'NONE',  ( 20.29999999999999716, 0.000000000000000000, -11.50000000000001776 ) ) ;
#2074 = FACE_OUTER_BOUND ( 'NONE', #4750, .T. ) ;
#2075 = DIRECTION ( 'NONE',  ( -0.000000000000000000, -0.000000000000000000, 1.000000000000000000 ) ) ;
#2076 = ORIENTED_EDGE ( 'NONE', *, *, #6883, .F. ) ;
#2077 = PLANE ( 'NONE',  #2087 ) ;
#2078 = VERTEX_POINT ( 'NONE', #3443 ) ;
#2079 = ORIENTED_EDGE ( 'NONE', *, *, #1072, .F. ) ;
#2080 = ORIENTED_EDGE ( 'NONE', *, *, #82, .F. ) ;
#2081 = DIRECTION ( 'NONE',  ( -3.469446951953614978E-15, 0.000000000000000000, 1.000000000000000000 ) ) ;
#2082 = CARTESIAN_POINT ( 'NONE',  ( -19.06999999999999673, 4.094999999999999751, 2.887878387081786791 ) ) ;
#2083 = CARTESIAN_POINT ( 'NONE',  ( 19.14999999999997371, 6.100000000000000533, -0.4690598923241178775 ) ) ;
#2084 = DIRECTION ( 'NONE',  ( 0.000000000000000000, 0.000000000000000000, 1.000000000000000000 ) ) ;
#2085 = DIRECTION ( 'NONE',  ( 1.000000000000000000, 0.000000000000000000, -2.136358960562570493E-16 ) ) ;
#2086 = ORIENTED_EDGE ( 'NONE', *, *, #7510, .T. ) ;
#2087 = AXIS2_PLACEMENT_3D ( 'NONE', #7519, #7592, #5110 ) ;
#2088 = EDGE_CURVE ( 'NONE', #6565, #2213, #7006, .T. ) ;
#2089 = AXIS2_PLACEMENT_3D ( 'NONE', #4166, #5946, #5986 ) ;
#2090 = DIRECTION ( 'NONE',  ( -0.000000000000000000, -1.000000000000000000, -0.000000000000000000 ) ) ;
#2091 =( GEOMETRIC_REPRESENTATION_CONTEXT ( 3 ) GLOBAL_UNCERTAINTY_ASSIGNED_CONTEXT ( ( #7179 ) ) GLOBAL_UNIT_ASSIGNED_CONTEXT ( ( #4142, #2874, #7676 ) ) REPRESENTATION_CONTEXT ( 'NONE', 'WORKASPACE' ) );
#2092 = CARTESIAN_POINT ( 'NONE',  ( 21.19999999999999929, 0.000000000000000000, -6.999999999999964473 ) ) ;
#2093 = ORIENTED_EDGE ( 'NONE', *, *, #3837, .F. ) ;
#2094 = DIRECTION ( 'NONE',  ( 0.000000000000000000, -1.000000000000000000, 0.000000000000000000 ) ) ;
#2095 = LINE ( 'NONE', #7045, #1649 ) ;
#2096 = CARTESIAN_POINT ( 'NONE',  ( -18.42999999999999616, 3.455000000000000515, -4.700000000000017053 ) ) ;
#2097 = DIRECTION ( 'NONE',  ( -1.000000000000000000, 0.000000000000000000, -3.469446951953614978E-15 ) ) ;
#2098 = ORIENTED_EDGE ( 'NONE', *, *, #119, .T. ) ;
#2099 = ADVANCED_FACE ( 'NONE', ( #6414 ), #973, .F. ) ;
#2100 = VECTOR ( 'NONE', #2227, 1000.000000000000000 ) ;
#2101 = ORIENTED_EDGE ( 'NONE', *, *, #4331, .F. ) ;
#2102 = ORIENTED_EDGE ( 'NONE', *, *, #3557, .T. ) ;
#2103 = PLANE ( 'NONE',  #681 ) ;
#2104 = DIRECTION ( 'NONE',  ( -0.000000000000000000, -0.000000000000000000, 1.000000000000000000 ) ) ;
#2105 = PLANE ( 'NONE',  #2361 ) ;
#2106 = DIRECTION ( 'NONE',  ( 0.000000000000000000, 1.000000000000000000, -0.000000000000000000 ) ) ;
#2107 = AXIS2_PLACEMENT_3D ( 'NONE', #1130, #4824, #5901 ) ;
#2108 = LINE ( 'NONE', #1525, #413 ) ;
#2109 = VERTEX_POINT ( 'NONE', #7575 ) ;
#2110 = EDGE_CURVE ( 'NONE', #786, #2967, #5740, .T. ) ;
#2111 = ADVANCED_FACE ( 'NONE', ( #928 ), #5210, .F. ) ;
#2112 = VERTEX_POINT ( 'NONE', #327 ) ;
#2113 = VECTOR ( 'NONE', #5089, 1000.000000000000000 ) ;
#2114 = EDGE_CURVE ( 'NONE', #4476, #5624, #3327, .T. ) ;
#2115 = VERTEX_POINT ( 'NONE', #7541 ) ;
#2116 = ORIENTED_EDGE ( 'NONE', *, *, #1223, .F. ) ;
#2117 = CARTESIAN_POINT ( 'NONE',  ( -21.19999999999999929, 5.275000000000011013, -2.400000000000010569 ) ) ;
#2118 = VECTOR ( 'NONE', #1148, 1000.000000000000227 ) ;
#2119 = LINE ( 'NONE', #1693, #863 ) ;
#2120 = VECTOR ( 'NONE', #4764, 1000.000000000000000 ) ;
#2121 = VECTOR ( 'NONE', #5947, 1000.000000000000000 ) ;
#2122 = CARTESIAN_POINT ( 'NONE',  ( -6.569999999999995843, 3.454999999999999627, -5.999999999999982236 ) ) ;
#2123 = CARTESIAN_POINT ( 'NONE',  ( 21.19999999999999929, 0.000000000000000000, 0.000000000000000000 ) ) ;
#2124 = ORIENTED_EDGE ( 'NONE', *, *, #2266, .T. ) ;
#2125 = ORIENTED_EDGE ( 'NONE', *, *, #4278, .T. ) ;
#2126 = CARTESIAN_POINT ( 'NONE',  ( -13.42999999999999439, 3.454999999999999627, -9.400000000000000355 ) ) ;
#2127 = ORIENTED_EDGE ( 'NONE', *, *, #4364, .F. ) ;
#2128 = EDGE_CURVE ( 'NONE', #5167, #35, #2184, .T. ) ;
#2129 = ORIENTED_EDGE ( 'NONE', *, *, #7690, .T. ) ;
#2130 = AXIS2_PLACEMENT_3D ( 'NONE', #5098, #4982, #4554 ) ;
#2131 = PRODUCT_DEFINITION_SHAPE ( 'NONE', 'NONE',  #7799 ) ;
#2132 = CARTESIAN_POINT ( 'NONE',  ( -6.569999999999995843, 4.094999999999999751, -9.400000000000000355 ) ) ;
#2133 = DIRECTION ( 'NONE',  ( -0.000000000000000000, 2.843808977011159210E-15, 1.000000000000000000 ) ) ;
#2134 = CARTESIAN_POINT ( 'NONE',  ( -18.42999999999999616, 3.454999999999999627, -4.700000000000000178 ) ) ;
#2135 = CARTESIAN_POINT ( 'NONE',  ( 2.500000000000000000, 0.000000000000000000, 0.000000000000000000 ) ) ;
#2136 = FACE_OUTER_BOUND ( 'NONE', #7713, .T. ) ;
#2137 = ORIENTED_EDGE ( 'NONE', *, *, #5378, .T. ) ;
#2138 = ORIENTED_EDGE ( 'NONE', *, *, #3519, .T. ) ;
#2139 =( REPRESENTATION_RELATIONSHIP ('NONE','NONE', #1840, #6686 ) REPRESENTATION_RELATIONSHIP_WITH_TRANSFORMATION ( #5554 )SHAPE_REPRESENTATION_RELATIONSHIP( ) );
#2140 = DIRECTION ( 'NONE',  ( 0.000000000000000000, -0.3420201433256679358, -0.9396926207859087610 ) ) ;
#2141 = EDGE_LOOP ( 'NONE', ( #7405, #892, #5547, #6573 ) ) ;
#2142 = EDGE_CURVE ( 'NONE', #949, #941, #4628, .T. ) ;
#2143 = CARTESIAN_POINT ( 'NONE',  ( -19.24999999999999645, 5.275000000000007461, 0.000000000000000000 ) ) ;
#2144 = DIRECTION ( 'NONE',  ( -1.000000000000000000, 0.000000000000000000, -0.000000000000000000 ) ) ;
#2145 = CARTESIAN_POINT ( 'NONE',  ( -18.42999999999999616, -3.399999999999999467, -5.380000000000022098 ) ) ;
#2146 = LINE ( 'NONE', #1515, #5651 ) ;
#2147 = VERTEX_POINT ( 'NONE', #4036 ) ;
#2148 = VECTOR ( 'NONE', #5208, 1000.000000000000000 ) ;
#2149 = EDGE_LOOP ( 'NONE', ( #908, #587, #1657, #2687 ) ) ;
#2150 = LINE ( 'NONE', #2813, #5071 ) ;
#2151 = EDGE_CURVE ( 'NONE', #673, #1488, #2146, .T. ) ;
#2152 = LINE ( 'NONE', #5096, #1739 ) ;
#2153 = CARTESIAN_POINT ( 'NONE',  ( 20.35000000000000497, 5.275000000000011013, -2.400000000000010569 ) ) ;
#2154 = CARTESIAN_POINT ( 'NONE',  ( -18.42999999999999616, -2.887878387081802334, -6.020000000000020890 ) ) ;
#2155 = CARTESIAN_POINT ( 'NONE',  ( -5.499999999999991118, 6.100000000000000533, -5.999999999999982236 ) ) ;
#2156 = ORIENTED_EDGE ( 'NONE', *, *, #1543, .F. ) ;
#2157 = VERTEX_POINT ( 'NONE', #5696 ) ;
#2158 = LINE ( 'NONE', #5838, #1552 ) ;
#2159 = EDGE_CURVE ( 'NONE', #7401, #5045, #2852, .T. ) ;
#2160 = DIRECTION ( 'NONE',  ( -0.000000000000000000, -0.000000000000000000, 1.000000000000000000 ) ) ;
#2161 = DIRECTION ( 'NONE',  ( 0.000000000000000000, 0.3735499670562350549, 0.9276100592987797100 ) ) ;
#2162 = LINE ( 'NONE', #7701, #4381 ) ;
#2163 = EDGE_CURVE ( 'NONE', #5782, #4202, #4590, .T. ) ;
#2164 = ORIENTED_EDGE ( 'NONE', *, *, #2885, .T. ) ;
#2165 = CARTESIAN_POINT ( 'NONE',  ( 12.00000000000000711, 4.094999999999999751, -5.999999999999982236 ) ) ;
#2166 = ORIENTED_EDGE ( 'NONE', *, *, #4619, .T. ) ;
#2167 = ORIENTED_EDGE ( 'NONE', *, *, #6041, .T. ) ;
#2168 = EDGE_CURVE ( 'NONE', #1612, #5905, #2809, .T. ) ;
#2169 = EDGE_CURVE ( 'NONE', #3408, #6633, #7614, .T. ) ;
#2170 = DIRECTION ( 'NONE',  ( 0.000000000000000000, 0.000000000000000000, 1.000000000000000000 ) ) ;
#2171 = CARTESIAN_POINT ( 'NONE',  ( 2.000000000000008882, 6.100000000000000533, -5.999999999999982236 ) ) ;
#2172 = CARTESIAN_POINT ( 'NONE',  ( -10.92999999999999616, 4.094999999999999751, -4.700000000000000178 ) ) ;
#2173 = DIRECTION ( 'NONE',  ( 0.000000000000000000, 0.000000000000000000, 1.000000000000000000 ) ) ;
#2174 = VERTEX_POINT ( 'NONE', #2223 ) ;
#2175 = CARTESIAN_POINT ( 'NONE',  ( -0.9299999999999932765, 4.094999999999999751, -4.700000000000000178 ) ) ;
#2176 = ORIENTED_EDGE ( 'NONE', *, *, #5875, .T. ) ;
#2177 = ORIENTED_EDGE ( 'NONE', *, *, #6607, .F. ) ;
#2178 = VECTOR ( 'NONE', #4953, 1000.000000000000000 ) ;
#2179 = DIRECTION ( 'NONE',  ( 1.000000000000000000, 0.000000000000000000, 0.000000000000000000 ) ) ;
#2180 = ORIENTED_EDGE ( 'NONE', *, *, #6942, .T. ) ;
#2181 = DIRECTION ( 'NONE',  ( 0.000000000000000000, 1.000000000000000000, -2.843808977011159210E-15 ) ) ;
#2182 = CARTESIAN_POINT ( 'NONE',  ( 14.07000000000000561, 4.094999999999999751, -9.400000000000000355 ) ) ;
#2183 = DIRECTION ( 'NONE',  ( -0.000000000000000000, 1.000000000000000000, -0.000000000000000000 ) ) ;
#2184 = LINE ( 'NONE', #5862, #5131 ) ;
#2185 = EDGE_LOOP ( 'NONE', ( #659, #5650, #1813, #5764 ) ) ;
#2186 = DIRECTION ( 'NONE',  ( 0.000000000000000000, 0.000000000000000000, -1.000000000000000000 ) ) ;
#2187 = DIRECTION ( 'NONE',  ( 0.000000000000000000, 0.000000000000000000, 1.000000000000000000 ) ) ;
#2188 = FACE_OUTER_BOUND ( 'NONE', #4591, .T. ) ;
#2189 = VECTOR ( 'NONE', #688, 1000.000000000000000 ) ;
#2190 = DIRECTION ( 'NONE',  ( 0.000000000000000000, 0.3735499670562351104, 0.9276100592987798210 ) ) ;
#2191 = CARTESIAN_POINT ( 'NONE',  ( 0.9300000000000037126, 4.094999999999999751, -9.400000000000000355 ) ) ;
#2192 = ORIENTED_EDGE ( 'NONE', *, *, #7095, .F. ) ;
#2193 = EDGE_CURVE ( 'NONE', #2904, #4940, #7047, .T. ) ;
#2194 = VECTOR ( 'NONE', #3671, 1000.000000000000000 ) ;
#2195 = ORIENTED_EDGE ( 'NONE', *, *, #166, .T. ) ;
#2196 = CYLINDRICAL_SURFACE ( 'NONE', #541, 1.320000000000003393 ) ;
#2197 = DIRECTION ( 'NONE',  ( -1.000000000000000000, 0.000000000000000000, 0.000000000000000000 ) ) ;
#2198 = CARTESIAN_POINT ( 'NONE',  ( -19.06999999999999673, -2.887878387081802778, -5.300000000000016698 ) ) ;
#2199 = FACE_OUTER_BOUND ( 'NONE', #4991, .T. ) ;
#2200 = ORIENTED_EDGE ( 'NONE', *, *, #4954, .F. ) ;
#2201 = ORIENTED_EDGE ( 'NONE', *, *, #7745, .T. ) ;
#2202 = ADVANCED_FACE ( 'NONE', ( #6449 ), #5251, .F. ) ;
#2203 = EDGE_CURVE ( 'NONE', #5624, #4000, #4506, .T. ) ;
#2204 = FACE_OUTER_BOUND ( 'NONE', #338, .T. ) ;
#2205 = AXIS2_PLACEMENT_3D ( 'NONE', #6667, #6769, #7389 ) ;
#2206 = VECTOR ( 'NONE', #5048, 1000.000000000000000 ) ;
#2207 = DIRECTION ( 'NONE',  ( -3.469446951953614978E-15, 0.000000000000000000, 1.000000000000000000 ) ) ;
#2208 = DIRECTION ( 'NONE',  ( -0.000000000000000000, 1.000000000000000000, -0.000000000000000000 ) ) ;
#2209 = ITEM_DEFINED_TRANSFORMATION ( 'NONE', 'NONE', #2714,  #7741 ) ;
#2210 = ORIENTED_EDGE ( 'NONE', *, *, #5689, .T. ) ;
#2211 = CARTESIAN_POINT ( 'NONE',  ( -18.42999999999999616, 4.094999999999999751, -9.400000000000000355 ) ) ;
#2212 = ORIENTED_EDGE ( 'NONE', *, *, #5478, .F. ) ;
#2213 = VERTEX_POINT ( 'NONE', #6331 ) ;
#2214 = EDGE_CURVE ( 'NONE', #7287, #5182, #7162, .T. ) ;
#2215 = AXIS2_PLACEMENT_3D ( 'NONE', #5163, #2173, #7483 ) ;
#2216 = ADVANCED_FACE ( 'NONE', ( #528 ), #1247, .F. ) ;
#2217 = CARTESIAN_POINT ( 'NONE',  ( 4.500000000000007105, 6.100000000000000533, -5.999999999999982236 ) ) ;
#2218 = VERTEX_POINT ( 'NONE', #4792 ) ;
#2219 = CARTESIAN_POINT ( 'NONE',  ( 21.19999999999999929, 4.275000000000021672, -1.224646799147336937E-16 ) ) ;
#2220 = DIRECTION ( 'NONE',  ( -0.000000000000000000, -0.000000000000000000, -1.000000000000000000 ) ) ;
#2221 =( NAMED_UNIT ( * ) SI_UNIT ( $, .STERADIAN. ) SOLID_ANGLE_UNIT ( ) );
#2222 = AXIS2_PLACEMENT_3D ( 'NONE', #5156, #390, #6985 ) ;
#2223 = CARTESIAN_POINT ( 'NONE',  ( 6.570000000000006501, 4.094999999999999751, -5.999999999999982236 ) ) ;
#2224 = ORIENTED_EDGE ( 'NONE', *, *, #5875, .F. ) ;
#2225 = AXIS2_PLACEMENT_3D ( 'NONE', #3799, #811, #3922 ) ;
#2226 = DIRECTION ( 'NONE',  ( -0.000000000000000000, -0.000000000000000000, 1.000000000000000000 ) ) ;
#2227 = DIRECTION ( 'NONE',  ( -0.000000000000000000, -0.000000000000000000, 1.000000000000000000 ) ) ;
#2228 = CARTESIAN_POINT ( 'NONE',  ( -15.92999999999999616, 3.454999999999999627, -4.700000000000000178 ) ) ;
#2229 = VECTOR ( 'NONE', #6137, 1000.000000000000000 ) ;
#2230 = DIRECTION ( 'NONE',  ( 0.000000000000000000, 0.000000000000000000, -1.000000000000000000 ) ) ;
#2231 = PRESENTATION_LAYER_ASSIGNMENT (  '', '', ( #203 ) ) ;
#2232 = PLANE ( 'NONE',  #6088 ) ;
#2233 = ORIENTED_EDGE ( 'NONE', *, *, #7229, .T. ) ;
#2234 = ORIENTED_EDGE ( 'NONE', *, *, #813, .T. ) ;
#2235 = DIRECTION ( 'NONE',  ( 0.000000000000000000, 0.000000000000000000, -1.000000000000000000 ) ) ;
#2236 = LINE ( 'NONE', #2791, #875 ) ;
#2237 = VECTOR ( 'NONE', #4191, 1000.000000000000000 ) ;
#2238 = EDGE_CURVE ( 'NONE', #3374, #4050, #7236, .T. ) ;
#2239 = DIRECTION ( 'NONE',  ( -3.469446951953614978E-15, 0.000000000000000000, 1.000000000000000000 ) ) ;
#2240 = EDGE_LOOP ( 'NONE', ( #4696, #4805, #2902, #6754 ) ) ;
#2241 = FACE_OUTER_BOUND ( 'NONE', #7355, .T. ) ;
#2242 = VERTEX_POINT ( 'NONE', #1717 ) ;
#2243 = ORIENTED_EDGE ( 'NONE', *, *, #2445, .T. ) ;
#2244 = VECTOR ( 'NONE', #6170, 1000.000000000000000 ) ;
#2245 = VECTOR ( 'NONE', #2161, 1000.000000000000227 ) ;
#2246 = AXIS2_PLACEMENT_3D ( 'NONE', #7133, #3690, #6033 ) ;
#2247 = DIRECTION ( 'NONE',  ( -0.000000000000000000, 0.000000000000000000, -1.000000000000000000 ) ) ;
#2248 = DIRECTION ( 'NONE',  ( 0.000000000000000000, 0.000000000000000000, -1.000000000000000000 ) ) ;
#2249 = VECTOR ( 'NONE', #947, 1000.000000000000000 ) ;
#2250 = EDGE_CURVE ( 'NONE', #2558, #6986, #607, .T. ) ;
#2251 = CARTESIAN_POINT ( 'NONE',  ( 19.09999999999998366, 5.275000000000007461, -0.7866025403784336900 ) ) ;
#2252 = CARTESIAN_POINT ( 'NONE',  ( -18.91999999999999460, 4.336808689942017736E-16, 3.299999999999982503 ) ) ;
#2253 = CIRCLE ( 'NONE', #4517, 0.7200000000000027489 ) ;
#2254 = ORIENTED_EDGE ( 'NONE', *, *, #6770, .F. ) ;
#2255 = DIRECTION ( 'NONE',  ( 1.000000000000000000, -0.000000000000000000, 0.000000000000000000 ) ) ;
#2256 = ORIENTED_EDGE ( 'NONE', *, *, #3790, .F. ) ;
#2257 = AXIS2_PLACEMENT_3D ( 'NONE', #2823, #420, #7064 ) ;
#2258 = ORIENTED_EDGE ( 'NONE', *, *, #7745, .F. ) ;
#2259 = VERTEX_POINT ( 'NONE', #3017 ) ;
#2260 = LINE ( 'NONE', #4665, #1319 ) ;
#2261 = ORIENTED_EDGE ( 'NONE', *, *, #6845, .T. ) ;
#2262 = ADVANCED_FACE ( 'NONE', ( #2931 ), #4707, .T. ) ;
#2263 = FACE_OUTER_BOUND ( 'NONE', #3701, .T. ) ;
#2264 = DIRECTION ( 'NONE',  ( -1.000000000000000000, -0.000000000000000000, -0.000000000000000000 ) ) ;
#2265 = CARTESIAN_POINT ( 'NONE',  ( -7.999999999999991118, 0.000000000000000000, -5.999999999999982236 ) ) ;
#2266 = EDGE_CURVE ( 'NONE', #4326, #7664, #3483, .T. ) ;
#2267 = ORIENTED_EDGE ( 'NONE', *, *, #2110, .T. ) ;
#2269 = ORIENTED_EDGE ( 'NONE', *, *, #1009, .T. ) ;
#2268 = EDGE_CURVE ( 'NONE', #7703, #3575, #7692, .T. ) ;
#2270 = CARTESIAN_POINT ( 'NONE',  ( 19.50000000000000711, 0.4000000000000000222, -5.999999999999982236 ) ) ;
#2271 = ADVANCED_FACE ( 'NONE', ( #4748 ), #4828, .F. ) ;
#2272 = DIRECTION ( 'NONE',  ( 0.000000000000000000, 0.000000000000000000, -1.000000000000000000 ) ) ;
#2273 = PLANE ( 'NONE',  #5501 ) ;
#2274 = ADVANCED_FACE ( 'NONE', ( #4269 ), #1797, .F. ) ;
#2275 = VECTOR ( 'NONE', #5694, 1000.000000000000000 ) ;
#2276 = ORIENTED_EDGE ( 'NONE', *, *, #7658, .F. ) ;
#2277 = FACE_OUTER_BOUND ( 'NONE', #6752, .T. ) ;
#2278 = EDGE_LOOP ( 'NONE', ( #1087, #6852, #3138, #7114 ) ) ;
#2279 = LINE ( 'NONE', #4682, #1058 ) ;
#2280 = PLANE ( 'NONE',  #1252 ) ;
#2281 = DIRECTION ( 'NONE',  ( 1.000000000000000000, 0.000000000000000000, 0.000000000000000000 ) ) ;
#2282 = FACE_OUTER_BOUND ( 'NONE', #3459, .T. ) ;
#2283 = EDGE_LOOP ( 'NONE', ( #7425, #508, #2551, #1528 ) ) ;
#2284 = EDGE_LOOP ( 'NONE', ( #779, #5777, #2722, #3838 ) ) ;
#2285 = LINE ( 'NONE', #7105, #5798 ) ;
#2286 = DIRECTION ( 'NONE',  ( 0.000000000000000000, 1.000000000000000000, -0.000000000000000000 ) ) ;
#2287 = CARTESIAN_POINT ( 'NONE',  ( -12.99999999999999112, 3.454999999999999627, -5.999999999999982236 ) ) ;
#2288 = CONTEXT_DEPENDENT_SHAPE_REPRESENTATION ( #1983, #1142 ) ;
#2289 = ORIENTED_EDGE ( 'NONE', *, *, #3504, .T. ) ;
#2290 = DIRECTION ( 'NONE',  ( -0.000000000000000000, -0.000000000000000000, 1.000000000000000000 ) ) ;
#2291 = VERTEX_POINT ( 'NONE', #3556 ) ;
#2292 = ORIENTED_EDGE ( 'NONE', *, *, #1151, .F. ) ;
#2293 = VERTEX_POINT ( 'NONE', #7206 ) ;
#2294 = ORIENTED_EDGE ( 'NONE', *, *, #2014, .T. ) ;
#2295 = EDGE_CURVE ( 'NONE', #87, #4817, #5940, .T. ) ;
#2296 = DIRECTION ( 'NONE',  ( 0.000000000000000000, 0.000000000000000000, -1.000000000000000000 ) ) ;
#2297 = ORIENTED_EDGE ( 'NONE', *, *, #2007, .F. ) ;
#2298 = DIRECTION ( 'NONE',  ( -1.000000000000000000, -0.000000000000000000, 0.000000000000000000 ) ) ;
#2299 = DIRECTION ( 'NONE',  ( 1.000000000000000000, 0.000000000000000000, 0.000000000000000000 ) ) ;
#2300 =( NAMED_UNIT ( * ) PLANE_ANGLE_UNIT ( ) SI_UNIT ( $, .RADIAN. ) );
#2301 = CARTESIAN_POINT ( 'NONE',  ( -20.35000000000000142, 4.575000000000019718, -3.100000000000001865 ) ) ;
#2302 = ORIENTED_EDGE ( 'NONE', *, *, #861, .F. ) ;
#2303 = VERTEX_POINT ( 'NONE', #2301 ) ;
#2304 = VECTOR ( 'NONE', #3730, 1000.000000000000000 ) ;
#2305 = ADVANCED_FACE ( 'NONE', ( #6683 ), #2423, .T. ) ;
#2306 = AXIS2_PLACEMENT_3D ( 'NONE', #2083, #4494, #4181 ) ;
#2307 = DIRECTION ( 'NONE',  ( -0.000000000000000000, -1.000000000000000000, -0.000000000000000000 ) ) ;
#2308 = DIRECTION ( 'NONE',  ( -0.000000000000000000, 0.000000000000000000, 1.000000000000000000 ) ) ;
#2309 = CARTESIAN_POINT ( 'NONE',  ( 12.99999999999998757, 0.4000000000000000222, 4.510281037539694659E-14 ) ) ;
#2310 = AXIS2_PLACEMENT_3D ( 'NONE', #4724, #656, #7097 ) ;
#2311 = LINE ( 'NONE', #1258, #3007 ) ;
#2312 = EDGE_LOOP ( 'NONE', ( #373, #3203, #5282, #2200 ) ) ;
#2313 = ORIENTED_EDGE ( 'NONE', *, *, #5958, .T. ) ;
#2314 = ADVANCED_FACE ( 'NONE', ( #7120 ), #1208, .F. ) ;
#2315 = DIRECTION ( 'NONE',  ( 1.000000000000000000, 0.000000000000000000, 0.000000000000000000 ) ) ;
#2316 = VECTOR ( 'NONE', #7053, 1000.000000000000000 ) ;
#2317 = LINE ( 'NONE', #1183, #3125 ) ;
#2318 = CARTESIAN_POINT ( 'NONE',  ( 19.24999999999999645, 6.100000000000000533, -2.999999999999993339 ) ) ;
#2319 = DIRECTION ( 'NONE',  ( 0.000000000000000000, 0.000000000000000000, 1.000000000000000000 ) ) ;
#2320 = ORIENTED_EDGE ( 'NONE', *, *, #2869, .T. ) ;
#2321 = ORIENTED_EDGE ( 'NONE', *, *, #3527, .T. ) ;
#2322 = VECTOR ( 'NONE', #4368, 1000.000000000000000 ) ;
#2323 = PRODUCT ( 'S16B-XH-A auto', 'S16B-XH-A auto', '', ( #3470 ) ) ;
#2324 = VECTOR ( 'NONE', #7259, 1000.000000000000000 ) ;
#2325 = DIRECTION ( 'NONE',  ( 1.000000000000000000, -0.000000000000000000, 0.000000000000000000 ) ) ;
#2326 = CARTESIAN_POINT ( 'NONE',  ( -5.499999999999991118, 3.454999999999999627, -5.999999999999982236 ) ) ;
#2327 = DIRECTION ( 'NONE',  ( -0.3236155771181838947, 0.8891264907159889264, 0.3236155771181838947 ) ) ;
#2328 = CARTESIAN_POINT ( 'NONE',  ( -16.56999999999999673, 3.454999999999999627, -9.400000000000000355 ) ) ;
#2329 = APPLICATION_PROTOCOL_DEFINITION ( 'draft international standard', 'automotive_design', 1998, #1382 ) ;
#2330 = ORIENTED_EDGE ( 'NONE', *, *, #1817, .F. ) ;
#2331 = CARTESIAN_POINT ( 'NONE',  ( -18.42999999999999616, 0.000000000000000000, -5.999999999999982236 ) ) ;
#2332 = ORIENTED_EDGE ( 'NONE', *, *, #2268, .F. ) ;
#2333 = ORIENTED_EDGE ( 'NONE', *, *, #3657, .T. ) ;
#2334 = VECTOR ( 'NONE', #5088, 1000.000000000000000 ) ;
#2335 = DIRECTION ( 'NONE',  ( -3.469446951953614189E-15, -0.000000000000000000, 1.000000000000000000 ) ) ;
#2336 = APPLICATION_CONTEXT ( 'automotive_design' ) ;
#2337 = ORIENTED_EDGE ( 'NONE', *, *, #6989, .F. ) ;
#2338 = DIRECTION ( 'NONE',  ( 0.000000000000000000, -1.000000000000000000, 0.000000000000000000 ) ) ;
#2339 = FACE_BOUND ( 'NONE', #1535, .T. ) ;
#2340 = CARTESIAN_POINT ( 'NONE',  ( 19.07000000000000384, 4.094999999999999751, -4.700000000000000178 ) ) ;
#2341 = LINE ( 'NONE', #5978, #4512 ) ;
#2342 = EDGE_CURVE ( 'NONE', #2303, #4701, #2341, .T. ) ;
#2343 = ORIENTED_EDGE ( 'NONE', *, *, #4079, .F. ) ;
#2344 = EDGE_LOOP ( 'NONE', ( #1229, #675, #5937, #7242 ) ) ;
#2345 = CARTESIAN_POINT ( 'NONE',  ( -18.91999999999999460, 4.336808689942017736E-16, 3.299999999999982503 ) ) ;
#2346 = CARTESIAN_POINT ( 'NONE',  ( 21.19999999999999929, 0.000000000000000000, 0.000000000000000000 ) ) ;
#2347 = LINE ( 'NONE', #3606, #4491 ) ;
#2348 = LINE ( 'NONE', #4167, #2121 ) ;
#2349 = EDGE_CURVE ( 'NONE', #6633, #35, #1760, .T. ) ;
#2350 = ORIENTED_EDGE ( 'NONE', *, *, #4866, .T. ) ;
#2351 = PRODUCT_RELATED_PRODUCT_CATEGORY ( 'part', '', ( #5143 ) ) ;
#2352 = EDGE_LOOP ( 'NONE', ( #5855, #6948, #2276, #5635 ) ) ;
#2353 = VECTOR ( 'NONE', #6997, 1000.000000000000000 ) ;
#2354 = PLANE ( 'NONE',  #2046 ) ;
#2355 = FACE_OUTER_BOUND ( 'NONE', #3492, .T. ) ;
#2356 = VECTOR ( 'NONE', #6004, 1000.000000000000000 ) ;
#2357 = EDGE_CURVE ( 'NONE', #6383, #224, #7778, .T. ) ;
#2358 = PLANE ( 'NONE',  #5791 ) ;
#2359 = CARTESIAN_POINT ( 'NONE',  ( 12.00000000000000711, 0.000000000000000000, -5.999999999999982236 ) ) ;
#2360 = ORIENTED_EDGE ( 'NONE', *, *, #5301, .F. ) ;
#2361 = AXIS2_PLACEMENT_3D ( 'NONE', #4676, #6336, #4516 ) ;
#2362 = ORIENTED_EDGE ( 'NONE', *, *, #5470, .T. ) ;
#2363 = AXIS2_PLACEMENT_3D ( 'NONE', #411, #5178, #7580 ) ;
#2364 = ORIENTED_EDGE ( 'NONE', *, *, #6989, .T. ) ;
#2365 = CARTESIAN_POINT ( 'NONE',  ( -18.42999999999999616, 2.774999999999997247, -6.020000000000020890 ) ) ;
#2366 = VECTOR ( 'NONE', #1014, 1000.000000000000000 ) ;
#2367 = EDGE_CURVE ( 'NONE', #5965, #2482, #6019, .T. ) ;
#2368 = DIRECTION ( 'NONE',  ( 0.000000000000000000, 0.000000000000000000, 1.000000000000000000 ) ) ;
#2369 = DIRECTION ( 'NONE',  ( 1.000000000000000000, -0.000000000000000000, -0.000000000000000000 ) ) ;
#2370 = ITEM_DEFINED_TRANSFORMATION ( 'NONE', 'NONE', #4096,  #7741 ) ;
#2371 = PLANE ( 'NONE',  #7263 ) ;
#2372 = ORIENTED_EDGE ( 'NONE', *, *, #169, .F. ) ;
#2373 = ORIENTED_EDGE ( 'NONE', *, *, #3893, .T. ) ;
#2374 = ORIENTED_EDGE ( 'NONE', *, *, #2498, .T. ) ;
#2375 = AXIS2_PLACEMENT_3D ( 'NONE', #5065, #2036, #176 ) ;
#2376 = VECTOR ( 'NONE', #458, 1000.000000000000227 ) ;
#2377 = AXIS2_PLACEMENT_3D ( 'NONE', #7493, #4669, #406 ) ;
#2378 = ORIENTED_EDGE ( 'NONE', *, *, #3828, .T. ) ;
#2379 = DIRECTION ( 'NONE',  ( -0.000000000000000000, 1.000000000000000000, -0.000000000000000000 ) ) ;
#2380 = ORIENTED_EDGE ( 'NONE', *, *, #4999, .F. ) ;
#2381 = VECTOR ( 'NONE', #1617, 1000.000000000000000 ) ;
#2382 = LINE ( 'NONE', #7118, #5257 ) ;
#2383 = CARTESIAN_POINT ( 'NONE',  ( 20.29999999999999716, 0.000000000000000000, -11.50000000000001776 ) ) ;
#2384 = VECTOR ( 'NONE', #5260, 1000.000000000000000 ) ;
#2385 = VECTOR ( 'NONE', #2085, 1000.000000000000000 ) ;
#2386 = PLANE ( 'NONE',  #3880 ) ;
#2387 = CARTESIAN_POINT ( 'NONE',  ( -19.06999999999999673, -2.987878387081802423, -6.020000000000021778 ) ) ;
#2388 = ORIENTED_EDGE ( 'NONE', *, *, #3078, .T. ) ;
#2389 = VECTOR ( 'NONE', #836, 1000.000000000000000 ) ;
#2390 = ADVANCED_FACE ( 'NONE', ( #685, #6129 ), #719, .F. ) ;
#2391 = DIRECTION ( 'NONE',  ( 0.000000000000000000, -1.000000000000000000, 0.000000000000000000 ) ) ;
#2392 = CARTESIAN_POINT ( 'NONE',  ( -10.49999999999999112, 0.000000000000000000, -6.999999999999982236 ) ) ;
#2393 = CARTESIAN_POINT ( 'NONE',  ( 19.50000000000000711, 3.454999999999999627, -5.999999999999982236 ) ) ;
#2394 = LINE ( 'NONE', #3567, #7654 ) ;
#2395 = ORIENTED_EDGE ( 'NONE', *, *, #7478, .F. ) ;
#2396 = ORIENTED_EDGE ( 'NONE', *, *, #6470, .F. ) ;
#2397 = EDGE_CURVE ( 'NONE', #1960, #4892, #3675, .T. ) ;
#2398 =( REPRESENTATION_RELATIONSHIP ('NONE','NONE', #1840, #6686 ) REPRESENTATION_RELATIONSHIP_WITH_TRANSFORMATION ( #5852 )SHAPE_REPRESENTATION_RELATIONSHIP( ) );
#2399 = LINE ( 'NONE', #3027, #3565 ) ;
#2400 = AXIS2_PLACEMENT_3D ( 'NONE', #5974, #564, #7653 ) ;
#2401 = DIRECTION ( 'NONE',  ( 0.000000000000000000, 0.000000000000000000, 1.000000000000000000 ) ) ;
#2402 = LINE ( 'NONE', #6108, #7791 ) ;
#2403 = CARTESIAN_POINT ( 'NONE',  ( -1.569999999999994955, 3.454999999999999627, -9.400000000000000355 ) ) ;
#2404 = ORIENTED_EDGE ( 'NONE', *, *, #6707, .F. ) ;
#2405 = ORIENTED_EDGE ( 'NONE', *, *, #732, .T. ) ;
#2406 = ORIENTED_EDGE ( 'NONE', *, *, #4901, .T. ) ;
#2407 = EDGE_CURVE ( 'NONE', #786, #2796, #3119, .T. ) ;
#2408 = PLANE ( 'NONE',  #5574 ) ;
#2409 = DIRECTION ( 'NONE',  ( -0.000000000000000000, 1.000000000000000000, -0.000000000000000000 ) ) ;
#2410 = PLANE ( 'NONE',  #1985 ) ;
#2411 = CARTESIAN_POINT ( 'NONE',  ( -12.99999999999999112, 0.000000000000000000, -5.999999999999982236 ) ) ;
#2412 = DIRECTION ( 'NONE',  ( 1.000000000000000000, 0.000000000000000000, 0.000000000000000000 ) ) ;
#2413 = ORIENTED_EDGE ( 'NONE', *, *, #912, .T. ) ;
#2414 = EDGE_LOOP ( 'NONE', ( #3588, #3288, #2032, #1110 ) ) ;
#2415 = ORIENTED_EDGE ( 'NONE', *, *, #1543, .T. ) ;
#2416 = EDGE_CURVE ( 'NONE', #4151, #68, #3156, .T. ) ;
#2417 = CARTESIAN_POINT ( 'NONE',  ( -20.35000000000000142, 5.275000000000007461, 0.000000000000000000 ) ) ;
#2418 = VERTEX_POINT ( 'NONE', #5565 ) ;
#2419 = CARTESIAN_POINT ( 'NONE',  ( 21.19999999999999929, 0.000000000000000000, 0.000000000000000000 ) ) ;
#2420 = FACE_OUTER_BOUND ( 'NONE', #1298, .T. ) ;
#2421 = PRESENTATION_STYLE_ASSIGNMENT (( #759 ) ) ;
#2422 = FACE_OUTER_BOUND ( 'NONE', #7130, .T. ) ;
#2423 = PLANE ( 'NONE',  #2873 ) ;
#2424 = ORIENTED_EDGE ( 'NONE', *, *, #5149, .F. ) ;
#2425 = PLANE ( 'NONE',  #7346 ) ;
#2426 = DIRECTION ( 'NONE',  ( 0.000000000000000000, -1.000000000000000000, 0.000000000000000000 ) ) ;
#2427 = DIRECTION ( 'NONE',  ( -0.000000000000000000, -0.000000000000000000, 1.000000000000000000 ) ) ;
#2428 = DIRECTION ( 'NONE',  ( 0.000000000000000000, 0.000000000000000000, -1.000000000000000000 ) ) ;
#2429 = ORIENTED_EDGE ( 'NONE', *, *, #7451, .T. ) ;
#2430 = VECTOR ( 'NONE', #5472, 1000.000000000000000 ) ;
#2431 = CARTESIAN_POINT ( 'NONE',  ( -18.42999999999999616, -2.256834363362282048, -5.132120757304897474 ) ) ;
#2432 = DIRECTION ( 'NONE',  ( 0.000000000000000000, 5.421010862427523403E-17, 1.000000000000000000 ) ) ;
#2433 = LINE ( 'NONE', #3653, #7174 ) ;
#2434 = FACE_OUTER_BOUND ( 'NONE', #3809, .T. ) ;
#2435 = ORIENTED_EDGE ( 'NONE', *, *, #6707, .T. ) ;
#2436 = EDGE_CURVE ( 'NONE', #7401, #1612, #5531, .T. ) ;
#2437 = VERTEX_POINT ( 'NONE', #1424 ) ;
#2438 =( REPRESENTATION_RELATIONSHIP ('NONE','NONE', #1840, #6686 ) REPRESENTATION_RELATIONSHIP_WITH_TRANSFORMATION ( #2919 )SHAPE_REPRESENTATION_RELATIONSHIP( ) );
#2439 = CARTESIAN_POINT ( 'NONE',  ( 19.24999999999999645, 1.301022143997293101, -0.4690598923241179330 ) ) ;
#2440 = CARTESIAN_POINT ( 'NONE',  ( -6.569999999999995843, 3.454999999999999627, -4.700000000000000178 ) ) ;
#2441 = LINE ( 'NONE', #3181, #5004 ) ;
#2442 = LINE ( 'NONE', #4291, #4455 ) ;
#2443 = VECTOR ( 'NONE', #3126, 1000.000000000000000 ) ;
#2444 = CARTESIAN_POINT ( 'NONE',  ( -18.42999999999999616, -2.987878387081802423, -6.020000000000020890 ) ) ;
#2445 = EDGE_CURVE ( 'NONE', #5819, #2558, #4415, .T. ) ;
#2446 = ORIENTED_EDGE ( 'NONE', *, *, #710, .F. ) ;
#2447 = EDGE_CURVE ( 'NONE', #301, #5819, #4968, .T. ) ;
#2448 = EDGE_CURVE ( 'NONE', #491, #2672, #1895, .T. ) ;
#2449 = ORIENTED_EDGE ( 'NONE', *, *, #7608, .F. ) ;
#2450 = CARTESIAN_POINT ( 'NONE',  ( 18.54999999999999716, 1.301022143997293101, -3.699999999999993960 ) ) ;
#2451 = LINE ( 'NONE', #1387, #342 ) ;
#2452 = CARTESIAN_POINT ( 'NONE',  ( 3.430000000000002380, 0.000000000000000000, -5.999999999999982236 ) ) ;
#2453 = DIRECTION ( 'NONE',  ( 0.000000000000000000, 0.000000000000000000, 1.000000000000000000 ) ) ;
#2454 = CARTESIAN_POINT ( 'NONE',  ( -15.49999999999999112, 4.094999999999999751, -5.999999999999982236 ) ) ;
#2455 = EDGE_CURVE ( 'NONE', #4599, #480, #7176, .T. ) ;
#2456 = EDGE_CURVE ( 'NONE', #1019, #4961, #5488, .T. ) ;
#2457 = ORIENTED_EDGE ( 'NONE', *, *, #1377, .T. ) ;
#2458 = ADVANCED_FACE ( 'NONE', ( #7373 ), #4899, .T. ) ;
#2459 = VECTOR ( 'NONE', #6927, 1000.000000000000000 ) ;
#2460 = FACE_OUTER_BOUND ( 'NONE', #4080, .T. ) ;
#2461 = DIRECTION ( 'NONE',  ( -0.000000000000000000, -1.000000000000000000, -0.000000000000000000 ) ) ;
#2462 = CARTESIAN_POINT ( 'NONE',  ( -17.80000000000000426, 5.275000000000007461, -3.699999999999991296 ) ) ;
#2463 = DIRECTION ( 'NONE',  ( -1.000000000000000000, 0.000000000000000000, -0.000000000000000000 ) ) ;
#2464 = CARTESIAN_POINT ( 'NONE',  ( -18.42999999999999616, -2.256834363362278495, -5.132120757304895697 ) ) ;
#2465 = VECTOR ( 'NONE', #927, 999.9999999999998863 ) ;
#2466 = EDGE_CURVE ( 'NONE', #826, #845, #4375, .T. ) ;
#2467 = ORIENTED_EDGE ( 'NONE', *, *, #5254, .T. ) ;
#2468 = AXIS2_PLACEMENT_3D ( 'NONE', #646, #1280, #6868 ) ;
#2469 = CARTESIAN_POINT ( 'NONE',  ( -18.91999999999999460, 4.336808689942017736E-16, 3.299999999999982503 ) ) ;
#2470 = DIRECTION ( 'NONE',  ( 0.8660254037844432595, 0.000000000000000000, -0.4999999999999918954 ) ) ;
#2471 = LINE ( 'NONE', #4876, #5652 ) ;
#2472 = ORIENTED_EDGE ( 'NONE', *, *, #1730, .T. ) ;
#2473 = AXIS2_PLACEMENT_3D ( 'NONE', #2126, #5763, #950 ) ;
#2474 = DIRECTION ( 'NONE',  ( -0.000000000000000000, 1.000000000000000000, -0.000000000000000000 ) ) ;
#2475 = ORIENTED_EDGE ( 'NONE', *, *, #2930, .T. ) ;
#2476 = LINE ( 'NONE', #6672, #3683 ) ;
#2477 = ADVANCED_FACE ( 'NONE', ( #6831 ), #3816, .T. ) ;
#2478 = DIRECTION ( 'NONE',  ( 0.8660254037844432595, 0.000000000000000000, 0.4999999999999918954 ) ) ;
#2479 = CARTESIAN_POINT ( 'NONE',  ( -20.29999999999999361, 0.4000000000000000222, -6.999999999999964473 ) ) ;
#2480 = LINE ( 'NONE', #4920, #7241 ) ;
#2481 = ORIENTED_EDGE ( 'NONE', *, *, #6893, .F. ) ;
#2482 = VERTEX_POINT ( 'NONE', #1390 ) ;
#2483 = CARTESIAN_POINT ( 'NONE',  ( -18.42999999999999616, 3.455000000000000071, -4.700000000000017053 ) ) ;
#2484 = AXIS2_PLACEMENT_3D ( 'NONE', #1504, #3901, #3313 ) ;
#2485 = ORIENTED_EDGE ( 'NONE', *, *, #5941, .F. ) ;
#2486 = EDGE_LOOP ( 'NONE', ( #3294, #3338, #239, #5395 ) ) ;
#2487 = EDGE_CURVE ( 'NONE', #3626, #2615, #4019, .T. ) ;
#2488 = FACE_OUTER_BOUND ( 'NONE', #4661, .T. ) ;
#2489 = AXIS2_PLACEMENT_3D ( 'NONE', #3233, #3357, #1506 ) ;
#2490 = DIRECTION ( 'NONE',  ( -0.000000000000000000, 1.000000000000000000, -0.000000000000000000 ) ) ;
#2491 = FACE_OUTER_BOUND ( 'NONE', #6736, .T. ) ;
#2492 = VECTOR ( 'NONE', #602, 1000.000000000000000 ) ;
#2493 = DIRECTION ( 'NONE',  ( 1.000000000000000000, 0.000000000000000000, -0.000000000000000000 ) ) ;
#2494 = ORIENTED_EDGE ( 'NONE', *, *, #4082, .T. ) ;
#2495 = AXIS2_PLACEMENT_3D ( 'NONE', #2383, #6489, #5902 ) ;
#2496 = VECTOR ( 'NONE', #2798, 1000.000000000000000 ) ;
#2497 = ORIENTED_EDGE ( 'NONE', *, *, #7632, .F. ) ;
#2498 = EDGE_CURVE ( 'NONE', #4743, #7287, #7305, .T. ) ;
#2499 = VECTOR ( 'NONE', #1946, 1000.000000000000000 ) ;
#2500 = CARTESIAN_POINT ( 'NONE',  ( -19.06999999999999673, -2.017762384446295520, -5.725791195256118016 ) ) ;
#2501 = VECTOR ( 'NONE', #42, 1000.000000000000000 ) ;
#2502 = DIRECTION ( 'NONE',  ( 0.000000000000000000, 3.285461128743944150E-16, -1.000000000000000000 ) ) ;
#2503 = LINE ( 'NONE', #7312, #2229 ) ;
#2504 = EDGE_CURVE ( 'NONE', #3885, #5070, #2643, .T. ) ;
#2505 = DIRECTION ( 'NONE',  ( 1.000000000000000000, 0.000000000000000000, -0.000000000000000000 ) ) ;
#2506 = LINE ( 'NONE', #1325, #3121 ) ;
#2507 = ORIENTED_EDGE ( 'NONE', *, *, #3426, .T. ) ;
#2508 = AXIS2_PLACEMENT_3D ( 'NONE', #6300, #7463, #1443 ) ;
#2509 = ADVANCED_FACE ( 'NONE', ( #2605 ), #4454, .F. ) ;
#2510 = EDGE_CURVE ( 'NONE', #856, #4994, #4140, .T. ) ;
#2511 = DIRECTION ( 'NONE',  ( -0.000000000000000000, 1.000000000000000000, -0.000000000000000000 ) ) ;
#2512 = CARTESIAN_POINT ( 'NONE',  ( -18.42999999999999616, 3.454999999999999627, -4.700000000000000178 ) ) ;
#2513 = LINE ( 'NONE', #1909, #6783 ) ;
#2514 = VERTEX_POINT ( 'NONE', #5853 ) ;
#2515 = CARTESIAN_POINT ( 'NONE',  ( 19.14999999999997371, 1.301022143997293101, -0.9309401076758582194 ) ) ;
#2516 = ORIENTED_EDGE ( 'NONE', *, *, #5634, .F. ) ;
#2517 = ORIENTED_EDGE ( 'NONE', *, *, #3850, .F. ) ;
#2518 = CARTESIAN_POINT ( 'NONE',  ( -19.06999999999999673, 3.455000000000000515, -4.700000000000017053 ) ) ;
#2519 = CARTESIAN_POINT ( 'NONE',  ( 5.930000000000005045, 3.454999999999999627, -9.400000000000000355 ) ) ;
#2520 = LINE ( 'NONE', #2004, #1320 ) ;
#2521 = ORIENTED_EDGE ( 'NONE', *, *, #5428, .F. ) ;
#2522 = VECTOR ( 'NONE', #1675, 1000.000000000000227 ) ;
#2523 = PLANE ( 'NONE',  #5367 ) ;
#2524 = ORIENTED_EDGE ( 'NONE', *, *, #5983, .T. ) ;
#2525 = EDGE_LOOP ( 'NONE', ( #3776, #2696, #3026, #1283 ) ) ;
#2526 = PLANE ( 'NONE',  #940 ) ;
#2527 = DIRECTION ( 'NONE',  ( 0.000000000000000000, -1.000000000000000000, -0.000000000000000000 ) ) ;
#2528 = DIRECTION ( 'NONE',  ( 0.000000000000000000, 0.000000000000000000, 1.000000000000000000 ) ) ;
#2529 = VERTEX_POINT ( 'NONE', #4497 ) ;
#2530 = CARTESIAN_POINT ( 'NONE',  ( -19.14999999999998792, 1.301022143997293101, -0.6999999999999833022 ) ) ;
#2531 = EDGE_LOOP ( 'NONE', ( #5084, #777, #1109, #5843 ) ) ;
#2532 = EDGE_CURVE ( 'NONE', #5640, #1848, #6164, .T. ) ;
#2533 = AXIS2_PLACEMENT_3D ( 'NONE', #6266, #1337, #3731 ) ;
#2534 = LINE ( 'NONE', #7339, #1194 ) ;
#2535 = DIRECTION ( 'NONE',  ( 0.000000000000000000, -1.000000000000000000, 0.000000000000000000 ) ) ;
#2536 = LINE ( 'NONE', #3822, #844 ) ;
#2537 = FACE_OUTER_BOUND ( 'NONE', #7682, .T. ) ;
#2538 = LINE ( 'NONE', #3286, #999 ) ;
#2539 =( REPRESENTATION_RELATIONSHIP ('NONE','NONE', #1840, #6686 ) REPRESENTATION_RELATIONSHIP_WITH_TRANSFORMATION ( #3583 )SHAPE_REPRESENTATION_RELATIONSHIP( ) );
#2540 = EDGE_CURVE ( 'NONE', #3933, #3742, #1507, .T. ) ;
#2541 = EDGE_CURVE ( 'NONE', #3617, #699, #917, .T. ) ;
#2542 = CARTESIAN_POINT ( 'NONE',  ( -0.9299999999999932765, 0.000000000000000000, -5.999999999999982236 ) ) ;
#2543 = CARTESIAN_POINT ( 'NONE',  ( 21.19999999999999929, 6.100000000000000533, 0.000000000000000000 ) ) ;
#2544 = LINE ( 'NONE', #4946, #6416 ) ;
#2545 = VERTEX_POINT ( 'NONE', #883 ) ;
#2546 = CARTESIAN_POINT ( 'NONE',  ( 21.19999999999999929, 6.100000000000000533, -6.999999999999982236 ) ) ;
#2547 = ORIENTED_EDGE ( 'NONE', *, *, #4777, .T. ) ;
#2548 = EDGE_CURVE ( 'NONE', #7624, #6225, #3859, .T. ) ;
#2549 = ORIENTED_EDGE ( 'NONE', *, *, #6197, .F. ) ;
#2550 = VECTOR ( 'NONE', #1654, 1000.000000000000000 ) ;
#2551 = ORIENTED_EDGE ( 'NONE', *, *, #2833, .F. ) ;
#2552 = CARTESIAN_POINT ( 'NONE',  ( 12.00000000000000711, 0.3999999999999999112, -6.999999999999982236 ) ) ;
#2553 = DIRECTION ( 'NONE',  ( -0.000000000000000000, -0.000000000000000000, 1.000000000000000000 ) ) ;
#2554 = DIRECTION ( 'NONE',  ( -3.469446951953614978E-15, 0.000000000000000000, 1.000000000000000000 ) ) ;
#2555 = VECTOR ( 'NONE', #1224, 1000.000000000000000 ) ;
#2556 = EDGE_LOOP ( 'NONE', ( #2180, #4854, #143, #6587 ) ) ;
#2557 = FACE_OUTER_BOUND ( 'NONE', #2912, .T. ) ;
#2558 = VERTEX_POINT ( 'NONE', #317 ) ;
#2559 = EDGE_LOOP ( 'NONE', ( #6323, #4639, #7104, #4119 ) ) ;
#2560 = CARTESIAN_POINT ( 'NONE',  ( -19.24999999999999645, 6.100000000000000533, -2.999999999999988898 ) ) ;
#2561 = VECTOR ( 'NONE', #533, 1000.000000000000000 ) ;
#2562 = CARTESIAN_POINT ( 'NONE',  ( -7.999999999999991118, 0.4000000000000000222, 0.000000000000000000 ) ) ;
#2563 = FACE_OUTER_BOUND ( 'NONE', #6551, .T. ) ;
#2564 = DIRECTION ( 'NONE',  ( 1.000000000000000000, 0.000000000000000000, -2.136358960562570493E-16 ) ) ;
#2565 = ORIENTED_EDGE ( 'NONE', *, *, #2750, .F. ) ;
#2566 = VECTOR ( 'NONE', #2179, 1000.000000000000000 ) ;
#2567 = DIRECTION ( 'NONE',  ( 0.000000000000000000, 0.9276100592987817084, 0.3735499670562299479 ) ) ;
#2568 = EDGE_CURVE ( 'NONE', #3503, #6635, #6915, .T. ) ;
#2569 = DIRECTION ( 'NONE',  ( -0.000000000000000000, -0.000000000000000000, 1.000000000000000000 ) ) ;
#2570 = DIRECTION ( 'NONE',  ( -0.000000000000000000, 2.843808977011159210E-15, 1.000000000000000000 ) ) ;
#2571 = CARTESIAN_POINT ( 'NONE',  ( -1.999999999999991340, 0.3999999999999999112, -5.999999999999982236 ) ) ;
#2572 = CARTESIAN_POINT ( 'NONE',  ( -20.35000000000000142, 5.275000000000007461, -4.700000000000000178 ) ) ;
#2573 = ORIENTED_EDGE ( 'NONE', *, *, #6062, .T. ) ;
#2574 = ORIENTED_EDGE ( 'NONE', *, *, #3410, .F. ) ;
#2575 = VECTOR ( 'NONE', #1483, 1000.000000000000000 ) ;
#2576 = DIRECTION ( 'NONE',  ( -0.000000000000000000, 1.000000000000000000, -0.000000000000000000 ) ) ;
#2577 = VECTOR ( 'NONE', #6691, 1000.000000000000000 ) ;
#2578 = EDGE_CURVE ( 'NONE', #6186, #4888, #2839, .T. ) ;
#2579 = CARTESIAN_POINT ( 'NONE',  ( 21.19999999999999929, 6.100000000000000533, 0.000000000000000000 ) ) ;
#2580 = DIRECTION ( 'NONE',  ( 0.000000000000000000, 0.3735499670562346664, 0.9276100592987798210 ) ) ;
#2581 = ADVANCED_FACE ( 'NONE', ( #6281 ), #3277, .F. ) ;
#2582 = CARTESIAN_POINT ( 'NONE',  ( -16.99999999999999289, 6.100000000000000533, -5.999999999999982236 ) ) ;
#2583 = ORIENTED_EDGE ( 'NONE', *, *, #2698, .T. ) ;
#2584 =( GEOMETRIC_REPRESENTATION_CONTEXT ( 3 ) GLOBAL_UNCERTAINTY_ASSIGNED_CONTEXT ( ( #5992 ) ) GLOBAL_UNIT_ASSIGNED_CONTEXT ( ( #6830, #4539, #5038 ) ) REPRESENTATION_CONTEXT ( 'NONE', 'WORKASPACE' ) );
#2585 = VERTEX_POINT ( 'NONE', #5730 ) ;
#2586 = DIRECTION ( 'NONE',  ( -0.000000000000000000, -0.000000000000000000, 1.000000000000000000 ) ) ;
#2587 = EDGE_CURVE ( 'NONE', #6342, #6363, #5686, .T. ) ;
#2588 = CARTESIAN_POINT ( 'NONE',  ( -19.19999999999998508, 5.275000000000007461, -0.5556624327025825316 ) ) ;
#2589 = VECTOR ( 'NONE', #7400, 1000.000000000000000 ) ;
#2590 = CARTESIAN_POINT ( 'NONE',  ( 6.570000000000006501, 4.094999999999999751, -9.400000000000000355 ) ) ;
#2591 = DIRECTION ( 'NONE',  ( -0.000000000000000000, 1.000000000000000000, -0.000000000000000000 ) ) ;
#2592 = EDGE_CURVE ( 'NONE', #1209, #7009, #6959, .T. ) ;
#2593 = ORIENTED_EDGE ( 'NONE', *, *, #255, .T. ) ;
#2594 = CARTESIAN_POINT ( 'NONE',  ( -0.4999999999999900080, 6.100000000000000533, -6.999999999999982236 ) ) ;
#2595 = ORIENTED_EDGE ( 'NONE', *, *, #5932, .F. ) ;
#2596 = VECTOR ( 'NONE', #7464, 1000.000000000000000 ) ;
#2597 = EDGE_CURVE ( 'NONE', #3977, #2218, #3398, .T. ) ;
#2598 = VECTOR ( 'NONE', #50, 1000.000000000000000 ) ;
#2599 = ADVANCED_FACE ( 'NONE', ( #2136 ), #271, .T. ) ;
#2600 = DIRECTION ( 'NONE',  ( 1.000000000000000000, 0.000000000000000000, -0.000000000000000000 ) ) ;
#2601 = DIRECTION ( 'NONE',  ( -1.000000000000000000, 0.000000000000000000, 0.000000000000000000 ) ) ;
#2602 = DIRECTION ( 'NONE',  ( 0.000000000000000000, 1.404634393503488270E-16, -1.000000000000000000 ) ) ;
#2603 = VECTOR ( 'NONE', #3272, 1000.000000000000000 ) ;
#2604 = DIRECTION ( 'NONE',  ( 1.000000000000000000, 0.000000000000000000, 0.000000000000000000 ) ) ;
#2605 = FACE_OUTER_BOUND ( 'NONE', #3551, .T. ) ;
#2606 = ORIENTED_EDGE ( 'NONE', *, *, #2792, .T. ) ;
#2607 = VECTOR ( 'NONE', #7055, 1000.000000000000000 ) ;
#2608 = DIRECTION ( 'NONE',  ( -0.000000000000000000, -1.000000000000000000, -0.000000000000000000 ) ) ;
#2609 = FACE_OUTER_BOUND ( 'NONE', #1409, .T. ) ;
#2610 = AXIS2_PLACEMENT_3D ( 'NONE', #2419, #5328, #6528 ) ;
#2611 = DIRECTION ( 'NONE',  ( -1.000000000000000000, 0.000000000000000000, 0.000000000000000000 ) ) ;
#2612 = CARTESIAN_POINT ( 'NONE',  ( 18.43000000000000327, 3.454999999999999627, -9.400000000000000355 ) ) ;
#2613 = CARTESIAN_POINT ( 'NONE',  ( 17.00000000000001066, 6.100000000000000533, -5.999999999999982236 ) ) ;
#2614 = LINE ( 'NONE', #3201, #352 ) ;
#2615 = VERTEX_POINT ( 'NONE', #5817 ) ;
#2616 = VECTOR ( 'NONE', #5715, 1000.000000000000000 ) ;
#2617 = AXIS2_PLACEMENT_3D ( 'NONE', #2652, #4307, #200 ) ;
#2618 = CARTESIAN_POINT ( 'NONE',  ( -20.29999999999999361, 0.4000000000000000222, -6.999999999999964473 ) ) ;
#2619 = LINE ( 'NONE', #207, #7152 ) ;
#2620 = FACE_OUTER_BOUND ( 'NONE', #227, .T. ) ;
#2621 = AXIS2_PLACEMENT_3D ( 'NONE', #6035, #7351, #585 ) ;
#2622 = LINE ( 'NONE', #2030, #1260 ) ;
#2623 = VECTOR ( 'NONE', #6227, 1000.000000000000000 ) ;
#2624 = VECTOR ( 'NONE', #77, 1000.000000000000000 ) ;
#2625 = CARTESIAN_POINT ( 'NONE',  ( -20.35000000000000142, 4.275000000000021672, -4.700000000000000178 ) ) ;
#2626 = VERTEX_POINT ( 'NONE', #3948 ) ;
#2627 = EDGE_CURVE ( 'NONE', #3042, #6390, #6361, .T. ) ;
#2628 = EDGE_LOOP ( 'NONE', ( #4213, #248, #3518, #2404 ) ) ;
#2629 = DIRECTION ( 'NONE',  ( 0.000000000000000000, 1.000000000000000000, -0.000000000000000000 ) ) ;
#2630 = FILL_AREA_STYLE ('',( #7428 ) ) ;
#2631 = LINE ( 'NONE', #4484, #6663 ) ;
#2632 = DIRECTION ( 'NONE',  ( 1.000000000000000000, 0.000000000000000000, -2.136358960562570493E-16 ) ) ;
#2633 = ORIENTED_EDGE ( 'NONE', *, *, #3317, .T. ) ;
#2634 = DIRECTION ( 'NONE',  ( 0.000000000000000000, 0.000000000000000000, 1.000000000000000000 ) ) ;
#2635 = ORIENTED_EDGE ( 'NONE', *, *, #4286, .F. ) ;
#2636 = VERTEX_POINT ( 'NONE', #2175 ) ;
#2637 = EDGE_CURVE ( 'NONE', #3425, #7496, #7484, .T. ) ;
#2638 = VERTEX_POINT ( 'NONE', #2771 ) ;
#2639 = CARTESIAN_POINT ( 'NONE',  ( -18.42999999999999616, -2.887878387081802334, -5.380000000000021210 ) ) ;
#2640 = DIRECTION ( 'NONE',  ( -0.000000000000000000, 1.000000000000000000, -0.000000000000000000 ) ) ;
#2641 = DIRECTION ( 'NONE',  ( -0.000000000000000000, 5.421010862427523403E-17, 1.000000000000000000 ) ) ;
#2642 = DIRECTION ( 'NONE',  ( 1.000000000000000000, 0.000000000000000000, 0.000000000000000000 ) ) ;
#2643 = LINE ( 'NONE', #5600, #3637 ) ;
#2644 = ORIENTED_EDGE ( 'NONE', *, *, #4753, .F. ) ;
#2645 = EDGE_CURVE ( 'NONE', #5914, #2838, #4579, .T. ) ;
#2646 = CARTESIAN_POINT ( 'NONE',  ( -18.42999999999999616, -2.618922410801314271, -5.967879242695142139 ) ) ;
#2647 = LINE ( 'NONE', #4500, #426 ) ;
#2648 = ORIENTED_EDGE ( 'NONE', *, *, #5492, .T. ) ;
#2649 = CARTESIAN_POINT ( 'NONE',  ( -19.09999999999998366, 6.100000000000000533, -0.7866025403784290271 ) ) ;
#2650 = DIRECTION ( 'NONE',  ( 0.000000000000000000, -1.000000000000000000, 0.000000000000000000 ) ) ;
#2651 = DIRECTION ( 'NONE',  ( 1.000000000000000000, -0.000000000000000000, -0.000000000000000000 ) ) ;
#2652 = CARTESIAN_POINT ( 'NONE',  ( -18.74999999999999645, 2.774999999999996803, -4.700000000000017053 ) ) ;
#2653 = EDGE_LOOP ( 'NONE', ( #5109, #7230, #2635, #7094 ) ) ;
#2654 = VERTEX_POINT ( 'NONE', #1587 ) ;
#2655 = CARTESIAN_POINT ( 'NONE',  ( 6.570000000000006501, 3.454999999999999627, -9.400000000000000355 ) ) ;
#2656 = LINE ( 'NONE', #7461, #4117 ) ;
#2657 = DIRECTION ( 'NONE',  ( 0.000000000000000000, -1.000000000000000000, 2.843808977011159210E-15 ) ) ;
#2658 = LINE ( 'NONE', #1796, #874 ) ;
#2659 = CARTESIAN_POINT ( 'NONE',  ( -1.569999999999994955, 4.094999999999999751, -4.700000000000000178 ) ) ;
#2660 = VERTEX_POINT ( 'NONE', #5200 ) ;
#2661 = ORIENTED_EDGE ( 'NONE', *, *, #255, .F. ) ;
#2662 = DIRECTION ( 'NONE',  ( -0.000000000000000000, 1.000000000000000000, -0.000000000000000000 ) ) ;
#2663 = CARTESIAN_POINT ( 'NONE',  ( -12.99999999999999112, 4.094999999999999751, -5.999999999999982236 ) ) ;
#2664 = EDGE_CURVE ( 'NONE', #63, #7449, #7036, .T. ) ;
#2665 = DIRECTION ( 'NONE',  ( 0.000000000000000000, 5.421010862427523403E-17, 1.000000000000000000 ) ) ;
#2666 = DIRECTION ( 'NONE',  ( 0.000000000000000000, 0.000000000000000000, -1.000000000000000000 ) ) ;
#2667 = ORIENTED_EDGE ( 'NONE', *, *, #5792, .T. ) ;
#2668 = FACE_OUTER_BOUND ( 'NONE', #5371, .T. ) ;
#2669 = ORIENTED_EDGE ( 'NONE', *, *, #6545, .F. ) ;
#2670 = AXIS2_PLACEMENT_3D ( 'NONE', #3450, #4043, #5834 ) ;
#2671 = ORIENTED_EDGE ( 'NONE', *, *, #6079, .F. ) ;
#2672 = VERTEX_POINT ( 'NONE', #4738 ) ;
#2673 = VECTOR ( 'NONE', #4099, 1000.000000000000000 ) ;
#2674 = CIRCLE ( 'NONE', #4942, 0.1000000000000233619 ) ;
#2675 = CARTESIAN_POINT ( 'NONE',  ( 11.57000000000000384, 4.094999999999999751, -9.400000000000000355 ) ) ;
#2676 = ADVANCED_FACE ( 'NONE', ( #2920 ), #7764, .F. ) ;
#2677 = CARTESIAN_POINT ( 'NONE',  ( -18.42999999999999616, -1.356834363362291240, -5.967879242695142139 ) ) ;
#2678 = CARTESIAN_POINT ( 'NONE',  ( 1.570000000000005391, 4.094999999999999751, -9.400000000000000355 ) ) ;
#2679 = CARTESIAN_POINT ( 'NONE',  ( 37.50000000000000000, 0.000000000000000000, 0.000000000000000000 ) ) ;
#2680 = DIRECTION ( 'NONE',  ( 0.000000000000000000, 0.000000000000000000, 1.000000000000000000 ) ) ;
#2682 = VERTEX_POINT ( 'NONE', #2959 ) ;
#2681 = ADVANCED_FACE ( 'NONE', ( #6634 ), #7077, .T. ) ;
#2683 = AXIS2_PLACEMENT_3D ( 'NONE', #2092, #3863, #1510 ) ;
#2684 = CARTESIAN_POINT ( 'NONE',  ( 0.9300000000000037126, 3.454999999999999627, -4.700000000000000178 ) ) ;
#2685 = PRODUCT_DEFINITION_SHAPE ( 'NONE', 'NONE',  #7809 ) ;
#2686 = DIRECTION ( 'NONE',  ( -1.000000000000000000, 0.000000000000000000, 0.000000000000000000 ) ) ;
#2687 = ORIENTED_EDGE ( 'NONE', *, *, #2540, .F. ) ;
#2688 = EDGE_CURVE ( 'NONE', #1485, #5581, #5319, .T. ) ;
#2689 = LINE ( 'NONE', #4034, #5779 ) ;
#2690 = PLANE ( 'NONE',  #3902 ) ;
#2691 = EDGE_CURVE ( 'NONE', #5956, #1668, #4983, .T. ) ;
#2692 = LINE ( 'NONE', #2145, #2334 ) ;
#2693 = CARTESIAN_POINT ( 'NONE',  ( -20.29999999999999361, 0.4000000000000000222, -6.999999999999964473 ) ) ;
#2694 = ORIENTED_EDGE ( 'NONE', *, *, #463, .F. ) ;
#2695 = VECTOR ( 'NONE', #2804, 1000.000000000000000 ) ;
#2696 = ORIENTED_EDGE ( 'NONE', *, *, #4322, .F. ) ;
#2697 = DIRECTION ( 'NONE',  ( -0.000000000000000000, 1.000000000000000000, -0.000000000000000000 ) ) ;
#2698 = EDGE_CURVE ( 'NONE', #6348, #3019, #6052, .T. ) ;
#2699 = LINE ( 'NONE', #6934, #1356 ) ;
#2700 = CARTESIAN_POINT ( 'NONE',  ( -19.06999999999999673, 2.774999999999997247, -5.380000000000021210 ) ) ;
#2701 = CARTESIAN_POINT ( 'NONE',  ( -19.06999999999999673, 2.774999999999997247, -6.020000000000020890 ) ) ;
#2702 = FACE_OUTER_BOUND ( 'NONE', #4300, .T. ) ;
#2703 = ORIENTED_EDGE ( 'NONE', *, *, #6639, .F. ) ;
#2704 = ORIENTED_EDGE ( 'NONE', *, *, #3866, .T. ) ;
#2705 = VERTEX_POINT ( 'NONE', #1081 ) ;
#2706 = AXIS2_PLACEMENT_3D ( 'NONE', #4546, #842, #2778 ) ;
#2707 = DIRECTION ( 'NONE',  ( 0.000000000000000000, -0.000000000000000000, 1.000000000000000000 ) ) ;
#2708 = DIRECTION ( 'NONE',  ( -1.000000000000000000, 0.000000000000000000, 0.000000000000000000 ) ) ;
#2709 = LINE ( 'NONE', #865, #1755 ) ;
#2710 = CARTESIAN_POINT ( 'NONE',  ( 20.29999999999999716, 5.148076211353326492, -6.999999999999987566 ) ) ;
#2711 = ORIENTED_EDGE ( 'NONE', *, *, #4467, .T. ) ;
#2712 = DIRECTION ( 'NONE',  ( 0.000000000000000000, -1.000000000000000000, 0.000000000000000000 ) ) ;
#2713 = VERTEX_POINT ( 'NONE', #472 ) ;
#2714 = AXIS2_PLACEMENT_3D ( 'NONE', #1462, #3947, #4453 ) ;
#2715 = ORIENTED_EDGE ( 'NONE', *, *, #1645, .F. ) ;
#2716 = ORIENTED_EDGE ( 'NONE', *, *, #4187, .T. ) ;
#2717 = EDGE_CURVE ( 'NONE', #2904, #1071, #555, .T. ) ;
#2718 = LINE ( 'NONE', #6956, #597 ) ;
#2719 = PLANE ( 'NONE',  #1865 ) ;
#2720 = DIRECTION ( 'NONE',  ( 0.8660254037844432595, -0.000000000000000000, -0.4999999999999918954 ) ) ;
#2721 = CARTESIAN_POINT ( 'NONE',  ( -20.29999999999999361, 0.4000000000000000222, -6.999999999999964473 ) ) ;
#2722 = ORIENTED_EDGE ( 'NONE', *, *, #2367, .F. ) ;
#2723 = VECTOR ( 'NONE', #6440, 1000.000000000000000 ) ;
#2724 = EDGE_CURVE ( 'NONE', #3185, #2109, #1120, .T. ) ;
#2725 = VECTOR ( 'NONE', #5376, 1000.000000000000000 ) ;
#2726 = CARTESIAN_POINT ( 'NONE',  ( -17.80000000000000426, 1.301022143997293101, -3.699999999999991296 ) ) ;
#2727 = AXIS2_PLACEMENT_3D ( 'NONE', #1580, #2600, #6396 ) ;
#2728 = FACE_OUTER_BOUND ( 'NONE', #2052, .T. ) ;
#2729 = ORIENTED_EDGE ( 'NONE', *, *, #633, .F. ) ;
#2730 = CARTESIAN_POINT ( 'NONE',  ( 20.29999999999999716, 0.000000000000000000, -6.999999999999964473 ) ) ;
#2731 = DIRECTION ( 'NONE',  ( -1.000000000000000000, 0.000000000000000000, 0.000000000000000000 ) ) ;
#2732 = FACE_OUTER_BOUND ( 'NONE', #3658, .T. ) ;
#2733 = CARTESIAN_POINT ( 'NONE',  ( -6.569999999999995843, 3.454999999999999627, -9.400000000000000355 ) ) ;
#2734 = ORIENTED_EDGE ( 'NONE', *, *, #3427, .T. ) ;
#2735 = AXIS2_PLACEMENT_3D ( 'NONE', #49, #155, #3715 ) ;
#2736 = EDGE_CURVE ( 'NONE', #2291, #287, #7150, .T. ) ;
#2737 = AXIS2_PLACEMENT_3D ( 'NONE', #281, #6446, #6290 ) ;
#2738 = ORIENTED_EDGE ( 'NONE', *, *, #7599, .T. ) ;
#2739 = EDGE_CURVE ( 'NONE', #5361, #3617, #32, .T. ) ;
#2740 = DIRECTION ( 'NONE',  ( 0.000000000000000000, 0.000000000000000000, 1.000000000000000000 ) ) ;
#2741 = ADVANCED_FACE ( 'NONE', ( #7794 ), #2371, .F. ) ;
#2742 = LINE ( 'NONE', #1478, #5373 ) ;
#2743 = CARTESIAN_POINT ( 'NONE',  ( 11.57000000000000384, 3.454999999999999627, -5.999999999999982236 ) ) ;
#2744 = FACE_OUTER_BOUND ( 'NONE', #2980, .T. ) ;
#2745 = VECTOR ( 'NONE', #7024, 1000.000000000000000 ) ;
#2746 = DIRECTION ( 'NONE',  ( 1.000000000000000000, 0.000000000000000000, -0.000000000000000000 ) ) ;
#2747 = ORIENTED_EDGE ( 'NONE', *, *, #4004, .T. ) ;
#2748 = ORIENTED_EDGE ( 'NONE', *, *, #6250, .F. ) ;
#2749 = VECTOR ( 'NONE', #1641, 1000.000000000000000 ) ;
#2750 = EDGE_CURVE ( 'NONE', #6095, #2904, #4182, .T. ) ;
#2751 = EDGE_CURVE ( 'NONE', #4534, #5819, #3585, .T. ) ;
#2752 = AXIS2_PLACEMENT_3D ( 'NONE', #5154, #7557, #6983 ) ;
#2753 = CARTESIAN_POINT ( 'NONE',  ( 15.93000000000000682, 3.454999999999999627, -4.700000000000000178 ) ) ;
#2754 = AXIS2_PLACEMENT_3D ( 'NONE', #6474, #922, #467 ) ;
#2755 = DIRECTION ( 'NONE',  ( 0.000000000000000000, 1.000000000000000000, 0.000000000000000000 ) ) ;
#2756 = AXIS2_PLACEMENT_3D ( 'NONE', #5020, #7422, #1023 ) ;
#2757 = VECTOR ( 'NONE', #5776, 1000.000000000000000 ) ;
#2758 = DIRECTION ( 'NONE',  ( -0.000000000000000000, 2.843808977011159210E-15, 1.000000000000000000 ) ) ;
#2759 = DIRECTION ( 'NONE',  ( -1.000000000000000000, 0.000000000000000000, 0.000000000000000000 ) ) ;
#2760 = ORIENTED_EDGE ( 'NONE', *, *, #1395, .F. ) ;
#2761 = CARTESIAN_POINT ( 'NONE',  ( -6.569999999999995843, 3.454999999999999627, -4.700000000000000178 ) ) ;
#2762 = VERTEX_POINT ( 'NONE', #4814 ) ;
#2763 = EDGE_LOOP ( 'NONE', ( #7232, #5286, #5708, #5692 ) ) ;
#2764 = VECTOR ( 'NONE', #7015, 1000.000000000000000 ) ;
#2765 = PRODUCT_DEFINITION_SHAPE ( 'NONE', 'NONE',  #7803 ) ;
#2766 = DIRECTION ( 'NONE',  ( 0.000000000000000000, -0.000000000000000000, 1.000000000000000000 ) ) ;
#2767 = CARTESIAN_POINT ( 'NONE',  ( 21.19999999999999929, 6.100000000000000533, -6.999999999999982236 ) ) ;
#2768 = DIRECTION ( 'NONE',  ( 0.000000000000000000, 1.000000000000000000, 0.000000000000000000 ) ) ;
#2769 = DIRECTION ( 'NONE',  ( 1.000000000000000000, 0.000000000000000000, 0.000000000000000000 ) ) ;
#2770 = EDGE_LOOP ( 'NONE', ( #5247, #3692, #1163, #3578 ) ) ;
#2771 = CARTESIAN_POINT ( 'NONE',  ( -19.24999999999999645, 5.275000000000007461, -0.9309401076758534455 ) ) ;
#2772 = ORIENTED_EDGE ( 'NONE', *, *, #6104, .T. ) ;
#2773 = ORIENTED_EDGE ( 'NONE', *, *, #5792, .F. ) ;
#2774 = FACE_OUTER_BOUND ( 'NONE', #1198, .T. ) ;
#2775 = ORIENTED_EDGE ( 'NONE', *, *, #4185, .T. ) ;
#2776 = DIRECTION ( 'NONE',  ( -0.000000000000000000, -0.000000000000000000, 1.000000000000000000 ) ) ;
#2777 = CARTESIAN_POINT ( 'NONE',  ( 12.00000000000000711, 6.100000000000000533, -5.999999999999982236 ) ) ;
#2778 = DIRECTION ( 'NONE',  ( 1.000000000000000000, -0.000000000000000000, 0.000000000000000000 ) ) ;
#2779 = DIRECTION ( 'NONE',  ( -1.000000000000000000, 0.000000000000000000, 0.000000000000000000 ) ) ;
#2780 = EDGE_CURVE ( 'NONE', #7537, #941, #4658, .T. ) ;
#2781 = EDGE_LOOP ( 'NONE', ( #4294, #3216, #4480, #5253 ) ) ;
#2782 = DIRECTION ( 'NONE',  ( 1.000000000000000000, -0.000000000000000000, -0.000000000000000000 ) ) ;
#2783 = CARTESIAN_POINT ( 'NONE',  ( 20.29999999999999716, 0.4000000000000000222, 0.000000000000000000 ) ) ;
#2784 = CARTESIAN_POINT ( 'NONE',  ( 2.000000000000008882, 3.454999999999999627, -5.999999999999982236 ) ) ;
#2785 = ADVANCED_FACE ( 'NONE', ( #3513 ), #6597, .T. ) ;
#2786 = CARTESIAN_POINT ( 'NONE',  ( -18.42999999999999616, -1.117762384446300938, -5.374208804743923373 ) ) ;
#2787 = FACE_OUTER_BOUND ( 'NONE', #3360, .T. ) ;
#2788 = EDGE_CURVE ( 'NONE', #5212, #975, #976, .T. ) ;
#2789 = VERTEX_POINT ( 'NONE', #1822 ) ;
#2790 = CARTESIAN_POINT ( 'NONE',  ( 20.35000000000000142, 5.275000000000007461, 0.000000000000000000 ) ) ;
#2791 = CARTESIAN_POINT ( 'NONE',  ( 13.00000000000001066, 0.000000000000000000, -6.999999999999982236 ) ) ;
#2792 = EDGE_CURVE ( 'NONE', #4586, #1374, #6480, .T. ) ;
#2793 = DIRECTION ( 'NONE',  ( -1.000000000000000000, -0.000000000000000000, -0.000000000000000000 ) ) ;
#2794 = LINE ( 'NONE', #909, #711 ) ;
#2795 = VERTEX_POINT ( 'NONE', #4695 ) ;
#2796 = VERTEX_POINT ( 'NONE', #7111 ) ;
#2797 = DIRECTION ( 'NONE',  ( -0.000000000000000000, 1.000000000000000000, -0.000000000000000000 ) ) ;
#2798 = DIRECTION ( 'NONE',  ( -0.000000000000000000, -0.000000000000000000, 1.000000000000000000 ) ) ;
#2799 = CARTESIAN_POINT ( 'NONE',  ( 5.499999999999987566, 0.4000000000000000222, 1.908195823574483702E-14 ) ) ;
#2800 = ORIENTED_EDGE ( 'NONE', *, *, #3652, .F. ) ;
#2801 = DIRECTION ( 'NONE',  ( 0.000000000000000000, -0.000000000000000000, -1.000000000000000000 ) ) ;
#2802 = ORIENTED_EDGE ( 'NONE', *, *, #2456, .F. ) ;
#2803 = AXIS2_PLACEMENT_3D ( 'NONE', #4525, #6385, #990 ) ;
#2804 = DIRECTION ( 'NONE',  ( -0.000000000000000000, -0.000000000000000000, 1.000000000000000000 ) ) ;
#2805 = ORIENTED_EDGE ( 'NONE', *, *, #3827, .T. ) ;
#2806 = CARTESIAN_POINT ( 'NONE',  ( 4.500000000000007105, 0.000000000000000000, -5.999999999999982236 ) ) ;
#2807 = CARTESIAN_POINT ( 'NONE',  ( 18.43000000000000327, 0.000000000000000000, -5.999999999999982236 ) ) ;
#2808 = PLANE ( 'NONE',  #2834 ) ;
#2809 = LINE ( 'NONE', #6491, #3874 ) ;
#2810 = ORIENTED_EDGE ( 'NONE', *, *, #3260, .T. ) ;
#2811 = ORIENTED_EDGE ( 'NONE', *, *, #2349, .T. ) ;
#2812 = EDGE_CURVE ( 'NONE', #1071, #445, #1959, .T. ) ;
#2813 = CARTESIAN_POINT ( 'NONE',  ( -13.42999999999999439, 4.094999999999999751, -4.700000000000000178 ) ) ;
#2814 = FACE_OUTER_BOUND ( 'NONE', #5806, .T. ) ;
#2815 = DIRECTION ( 'NONE',  ( -0.000000000000000000, 1.000000000000000000, -0.000000000000000000 ) ) ;
#2816 = VECTOR ( 'NONE', #3402, 1000.000000000000000 ) ;
#2817 = PLANE ( 'NONE',  #7181 ) ;
#2818 = CARTESIAN_POINT ( 'NONE',  ( -7.999999999999991118, 6.100000000000000533, -5.999999999999982236 ) ) ;
#2819 = AXIS2_PLACEMENT_3D ( 'NONE', #3624, #139, #1235 ) ;
#2820 = ORIENTED_EDGE ( 'NONE', *, *, #4821, .T. ) ;
#2821 = EDGE_CURVE ( 'NONE', #2218, #7561, #5477, .T. ) ;
#2822 = CARTESIAN_POINT ( 'NONE',  ( 3.430000000000002380, 3.454999999999999627, -4.700000000000000178 ) ) ;
#2823 = CARTESIAN_POINT ( 'NONE',  ( -19.14999999999997371, 5.275000000000007461, -0.9309401076758535565 ) ) ;
#2824 = PRODUCT_RELATED_PRODUCT_CATEGORY ( 'part', '', ( #4155 ) ) ;
#2825 = CARTESIAN_POINT ( 'NONE',  ( 2.000000000000008882, 0.000000000000000000, -5.999999999999982236 ) ) ;
#2826 = VERTEX_POINT ( 'NONE', #2483 ) ;
#2827 = LINE ( 'NONE', #5226, #4970 ) ;
#2828 = ORIENTED_EDGE ( 'NONE', *, *, #5050, .T. ) ;
#2829 = ORIENTED_EDGE ( 'NONE', *, *, #2541, .F. ) ;
#2830 = ADVANCED_FACE ( 'NONE', ( #7298 ), #1889, .T. ) ;
#2831 = ADVANCED_FACE ( 'NONE', ( #1308 ), #67, .F. ) ;
#2832 = FILL_AREA_STYLE_COLOUR ( '', #7635 ) ;
#2833 = EDGE_CURVE ( 'NONE', #2870, #6252, #4293, .T. ) ;
#2834 = AXIS2_PLACEMENT_3D ( 'NONE', #6412, #5209, #2059 ) ;
#2835 = DIRECTION ( 'NONE',  ( 0.000000000000000000, 0.000000000000000000, 1.000000000000000000 ) ) ;
#2836 = CARTESIAN_POINT ( 'NONE',  ( -19.06999999999999673, -2.987878387081802423, -6.020000000000020890 ) ) ;
#2837 = CONTEXT_DEPENDENT_SHAPE_REPRESENTATION ( #6120, #2131 ) ;
#2838 = VERTEX_POINT ( 'NONE', #2594 ) ;
#2839 = LINE ( 'NONE', #4540, #2385 ) ;
#2840 = ORIENTED_EDGE ( 'NONE', *, *, #3519, .F. ) ;
#2841 = ORIENTED_EDGE ( 'NONE', *, *, #2407, .F. ) ;
#2842 = EDGE_LOOP ( 'NONE', ( #192, #5626, #5265, #948 ) ) ;
#2843 = DIRECTION ( 'NONE',  ( 0.000000000000000000, 0.000000000000000000, -1.000000000000000000 ) ) ;
#2844 = ADVANCED_FACE ( 'NONE', ( #6710 ), #6677, .F. ) ;
#2845 = ADVANCED_FACE ( 'NONE', ( #707 ), #5556, .F. ) ;
#2846 = DIRECTION ( 'NONE',  ( 0.000000000000000000, -0.3420201433256679358, 0.9396926207859087610 ) ) ;
#2847 = VERTEX_POINT ( 'NONE', #3225 ) ;
#2848 = CARTESIAN_POINT ( 'NONE',  ( 0.000000000000000000, 0.4000000000000000222, -5.999999999999982236 ) ) ;
#2849 = CARTESIAN_POINT ( 'NONE',  ( 10.49999999999998579, 0.4000000000000000222, 3.642919299551290481E-14 ) ) ;
#2850 = LINE ( 'NONE', #2970, #1085 ) ;
#2851 = VECTOR ( 'NONE', #1784, 1000.000000000000000 ) ;
#2852 = LINE ( 'NONE', #3407, #6666 ) ;
#2853 = VERTEX_POINT ( 'NONE', #1415 ) ;
#2854 = EDGE_LOOP ( 'NONE', ( #7061, #7465, #968, #424 ) ) ;
#2855 = CARTESIAN_POINT ( 'NONE',  ( -17.80000000000000426, 1.301022143997293101, 0.000000000000000000 ) ) ;
#2856 = CARTESIAN_POINT ( 'NONE',  ( -19.06999999999999673, 2.774999999999997247, -6.020000000000020002 ) ) ;
#2857 = DIRECTION ( 'NONE',  ( -0.000000000000000000, 5.421010862427523403E-17, 1.000000000000000000 ) ) ;
#2858 = AXIS2_PLACEMENT_3D ( 'NONE', #27, #7256, #251 ) ;
#2859 = ORIENTED_EDGE ( 'NONE', *, *, #4007, .T. ) ;
#2860 = DIRECTION ( 'NONE',  ( -0.000000000000000000, 5.421010862427523403E-17, 1.000000000000000000 ) ) ;
#2861 = ORIENTED_EDGE ( 'NONE', *, *, #4869, .F. ) ;
#2862 = DIRECTION ( 'NONE',  ( 0.000000000000000000, 1.000000000000000000, 8.163404592832033571E-15 ) ) ;
#2863 = AXIS2_PLACEMENT_3D ( 'NONE', #716, #7304, #1388 ) ;
#2864 = CARTESIAN_POINT ( 'NONE',  ( -11.99999999999999289, 0.000000000000000000, -5.999999999999982236 ) ) ;
#2865 = VECTOR ( 'NONE', #6603, 1000.000000000000000 ) ;
#2866 = CARTESIAN_POINT ( 'NONE',  ( 12.00000000000000711, 6.100000000000000533, -5.999999999999982236 ) ) ;
#2867 = CARTESIAN_POINT ( 'NONE',  ( -0.9299999999999932765, 4.094999999999999751, -5.999999999999982236 ) ) ;
#2868 = ORIENTED_EDGE ( 'NONE', *, *, #1578, .F. ) ;
#2869 = EDGE_CURVE ( 'NONE', #6532, #6165, #5593, .T. ) ;
#2870 = VERTEX_POINT ( 'NONE', #4995 ) ;
#2871 = VECTOR ( 'NONE', #3071, 1000.000000000000000 ) ;
#2872 = FACE_OUTER_BOUND ( 'NONE', #47, .T. ) ;
#2873 = AXIS2_PLACEMENT_3D ( 'NONE', #6644, #5903, #5369 ) ;
#2874 =( NAMED_UNIT ( * ) PLANE_ANGLE_UNIT ( ) SI_UNIT ( $, .RADIAN. ) );
#2875 = DIRECTION ( 'NONE',  ( -0.000000000000000000, -0.000000000000000000, 1.000000000000000000 ) ) ;
#2876 = DIRECTION ( 'NONE',  ( 1.000000000000000000, 0.000000000000000000, 0.000000000000000000 ) ) ;
#2877 = VECTOR ( 'NONE', #1830, 1000.000000000000000 ) ;
#2878 = ORIENTED_EDGE ( 'NONE', *, *, #1426, .F. ) ;
#2879 = CARTESIAN_POINT ( 'NONE',  ( 16.57000000000000739, 3.454999999999999627, -9.400000000000000355 ) ) ;
#2880 = ORIENTED_EDGE ( 'NONE', *, *, #6955, .T. ) ;
#2881 = ORIENTED_EDGE ( 'NONE', *, *, #7281, .T. ) ;
#2882 = ADVANCED_FACE ( 'NONE', ( #2557 ), #1341, .F. ) ;
#2883 = CIRCLE ( 'NONE', #5786, 0.6999999999999914069 ) ;
#2884 = ORIENTED_EDGE ( 'NONE', *, *, #4403, .T. ) ;
#2885 = EDGE_CURVE ( 'NONE', #1158, #7644, #3110, .T. ) ;
#2886 = ORIENTED_EDGE ( 'NONE', *, *, #265, .T. ) ;
#2887 = PRODUCT_DEFINITION_SHAPE ( 'NONE', 'NONE',  #7037 ) ;
#2888 = LINE ( 'NONE', #5246, #6106 ) ;
#2889 = ORIENTED_EDGE ( 'NONE', *, *, #3657, .F. ) ;
#2890 = LINE ( 'NONE', #7233, #4881 ) ;
#2891 = DIRECTION ( 'NONE',  ( -0.000000000000000000, -0.000000000000000000, 1.000000000000000000 ) ) ;
#2892 = DIRECTION ( 'NONE',  ( 0.000000000000000000, 0.000000000000000000, 1.000000000000000000 ) ) ;
#2893 = DIRECTION ( 'NONE',  ( 0.000000000000000000, -1.946735479746240487E-16, 1.000000000000000000 ) ) ;
#2894 = EDGE_CURVE ( 'NONE', #2636, #3434, #3808, .T. ) ;
#2895 = ORIENTED_EDGE ( 'NONE', *, *, #5835, .F. ) ;
#2896 = ADVANCED_FACE ( 'NONE', ( #785 ), #2523, .T. ) ;
#2897 = VERTEX_POINT ( 'NONE', #2444 ) ;
#2898 = LINE ( 'NONE', #7089, #4840 ) ;
#2899 = PLANE ( 'NONE',  #4362 ) ;
#2900 = LINE ( 'NONE', #2462, #5896 ) ;
#2901 = CARTESIAN_POINT ( 'NONE',  ( -20.29999999999999716, 2.549999999999999822, -11.49999999999999645 ) ) ;
#2902 = ORIENTED_EDGE ( 'NONE', *, *, #3373, .F. ) ;
#2903 = DIRECTION ( 'NONE',  ( 1.000000000000000000, 0.000000000000000000, 0.000000000000000000 ) ) ;
#2904 = VERTEX_POINT ( 'NONE', #4361 ) ;
#2905 = ORIENTED_EDGE ( 'NONE', *, *, #2128, .F. ) ;
#2906 = UNCERTAINTY_MEASURE_WITH_UNIT (LENGTH_MEASURE( 1.000000000000000082E-05 ), #5564, 'distance_accuracy_value', 'NONE');
#2907 = LINE ( 'NONE', #4085, #547 ) ;
#2908 = DIRECTION ( 'NONE',  ( 0.000000000000000000, 0.000000000000000000, 1.000000000000000000 ) ) ;
#2909 = CARTESIAN_POINT ( 'NONE',  ( 19.07000000000000384, 4.094999999999999751, -9.400000000000000355 ) ) ;
#2910 = CARTESIAN_POINT ( 'NONE',  ( -18.42999999999999616, -2.017762384446297297, -5.725791195256118016 ) ) ;
#2911 = ORIENTED_EDGE ( 'NONE', *, *, #7088, .F. ) ;
#2912 = EDGE_LOOP ( 'NONE', ( #1747, #6622, #2429, #9 ) ) ;
#2913 = CLOSED_SHELL ( 'NONE', ( #3059, #636, #231, #616, #1998, #5489, #3829, #4681, #6205, #4045, #3740, #625, #215, #2477, #7255, #3328, #7597, #5969, #7498, #6884, #2305, #3997, #5842, #4559, #7280, #4137, #5279, #5741, #5669, #7340, #2025, #5738, #4379, #178, #3465, #1068, #4271, #3354, #381, #7551, #4799, #7412, #2262, #4722 ) ) ;
#2914 = CARTESIAN_POINT ( 'NONE',  ( -19.25000000000000000, 5.275000000000007461, -0.4690598923241179885 ) ) ;
#2915 = ADVANCED_FACE ( 'NONE', ( #4852 ), #6780, .F. ) ;
#2916 = CARTESIAN_POINT ( 'NONE',  ( -8.429999999999994387, 3.454999999999999627, -4.700000000000000178 ) ) ;
#2917 = CARTESIAN_POINT ( 'NONE',  ( 21.19999999999999929, 6.100000000000000533, 0.000000000000000000 ) ) ;
#2918 = FACE_OUTER_BOUND ( 'NONE', #7290, .T. ) ;
#2919 = ITEM_DEFINED_TRANSFORMATION ( 'NONE', 'NONE', #4234,  #7741 ) ;
#2920 = FACE_OUTER_BOUND ( 'NONE', #5331, .T. ) ;
#2921 = ORIENTED_EDGE ( 'NONE', *, *, #7023, .T. ) ;
#2922 = VERTEX_POINT ( 'NONE', #6084 ) ;
#2923 = EDGE_LOOP ( 'NONE', ( #1883, #2773, #2076, #4771 ) ) ;
#2924 = ORIENTED_EDGE ( 'NONE', *, *, #4312, .T. ) ;
#2925 = EDGE_CURVE ( 'NONE', #5327, #1393, #3775, .T. ) ;
#2926 = FACE_OUTER_BOUND ( 'NONE', #2352, .T. ) ;
#2927 = ORIENTED_EDGE ( 'NONE', *, *, #7088, .T. ) ;
#2928 = CARTESIAN_POINT ( 'NONE',  ( -19.06999999999999673, -1.087878387081802289, -5.300000000000016698 ) ) ;
#2929 = LINE ( 'NONE', #5329, #4911 ) ;
#2930 = EDGE_CURVE ( 'NONE', #6244, #3807, #5068, .T. ) ;
#2931 = FACE_OUTER_BOUND ( 'NONE', #3303, .T. ) ;
#2932 = VERTEX_POINT ( 'NONE', #3391 ) ;
#2933 = VERTEX_POINT ( 'NONE', #3895 ) ;
#2934 = AXIS2_PLACEMENT_3D ( 'NONE', #3261, #5063, #1885 ) ;
#2935 = ADVANCED_FACE ( 'NONE', ( #7474 ), #2077, .F. ) ;
#2936 = EDGE_CURVE ( 'NONE', #2897, #3399, #1034, .T. ) ;
#2937 = LINE ( 'NONE', #5336, #3952 ) ;
#2938 = DIRECTION ( 'NONE',  ( -0.000000000000000000, -1.000000000000000000, -0.000000000000000000 ) ) ;
#2939 = PLANE ( 'NONE',  #1474 ) ;
#2940 = VECTOR ( 'NONE', #6810, 1000.000000000000000 ) ;
#2941 = ADVANCED_FACE ( 'NONE', ( #6350 ), #5677, .T. ) ;
#2942 = FACE_OUTER_BOUND ( 'NONE', #1633, .T. ) ;
#2943 = ORIENTED_EDGE ( 'NONE', *, *, #7352, .F. ) ;
#2944 = ORIENTED_EDGE ( 'NONE', *, *, #2568, .F. ) ;
#2945 = ADVANCED_FACE ( 'NONE', ( #5719 ), #3349, .F. ) ;
#2946 = DIRECTION ( 'NONE',  ( -3.469446951953614189E-15, -0.000000000000000000, 1.000000000000000000 ) ) ;
#2947 = AXIS2_PLACEMENT_3D ( 'NONE', #7414, #4864, #7273 ) ;
#2948 = DIRECTION ( 'NONE',  ( 0.000000000000000000, 1.000000000000000000, 0.000000000000000000 ) ) ;
#2949 = LINE ( 'NONE', #5348, #4382 ) ;
#2950 = DIRECTION ( 'NONE',  ( 0.8660254037844433705, -0.000000000000000000, 0.4999999999999919509 ) ) ;
#2951 = EDGE_LOOP ( 'NONE', ( #4228, #399, #3667, #4687 ) ) ;
#2952 = VERTEX_POINT ( 'NONE', #2761 ) ;
#2953 = AXIS2_PLACEMENT_3D ( 'NONE', #4227, #6166, #37 ) ;
#2954 = DIRECTION ( 'NONE',  ( -0.3236155771181853935, -0.3236155771181816188, 0.8891264907159891484 ) ) ;
#2955 = SURFACE_SIDE_STYLE ('',( #1779 ) ) ;
#2956 = CARTESIAN_POINT ( 'NONE',  ( -19.19999999999998508, 5.275000000000007461, -0.5556624327025833088 ) ) ;
#2957 = LINE ( 'NONE', #2836, #4699 ) ;
#2958 = CONTEXT_DEPENDENT_SHAPE_REPRESENTATION ( #3946, #1075 ) ;
#2959 = CARTESIAN_POINT ( 'NONE',  ( -18.42999999999999616, 4.094999999999999751, 2.887878387081787679 ) ) ;
#2960 = ORIENTED_EDGE ( 'NONE', *, *, #1913, .F. ) ;
#2961 = ORIENTED_EDGE ( 'NONE', *, *, #7087, .T. ) ;
#2962 = ADVANCED_FACE ( 'NONE', ( #2199 ), #4532, .F. ) ;
#2963 = ORIENTED_EDGE ( 'NONE', *, *, #2357, .T. ) ;
#2964 = AXIS2_PLACEMENT_3D ( 'NONE', #6850, #4434, #4520 ) ;
#2965 = VECTOR ( 'NONE', #2183, 1000.000000000000000 ) ;
#2966 = CARTESIAN_POINT ( 'NONE',  ( -13.42999999999999439, 3.454999999999999627, -4.700000000000000178 ) ) ;
#2967 = VERTEX_POINT ( 'NONE', #3424 ) ;
#2968 = PLANE ( 'NONE',  #2610 ) ;
#2969 = DIRECTION ( 'NONE',  ( 0.000000000000000000, 1.000000000000000000, -0.000000000000000000 ) ) ;
#2970 = CARTESIAN_POINT ( 'NONE',  ( 15.93000000000000682, 4.094999999999999751, -9.400000000000000355 ) ) ;
#2971 = LINE ( 'NONE', #414, #1762 ) ;
#2972 = DIRECTION ( 'NONE',  ( 0.000000000000000000, 0.000000000000000000, -1.000000000000000000 ) ) ;
#2973 = EDGE_LOOP ( 'NONE', ( #4301, #2167, #2861, #6580 ) ) ;
#2974 = AXIS2_PLACEMENT_3D ( 'NONE', #3858, #3905, #5729 ) ;
#2975 = EDGE_CURVE ( 'NONE', #5581, #1620, #6860, .T. ) ;
#2976 = CARTESIAN_POINT ( 'NONE',  ( -15.49999999999999112, 0.3999999999999999112, -6.999999999999982236 ) ) ;
#2977 = DIRECTION ( 'NONE',  ( 1.000000000000000000, -0.000000000000000000, -0.000000000000000000 ) ) ;
#2978 = DIRECTION ( 'NONE',  ( -0.000000000000000000, -1.000000000000000000, -0.000000000000000000 ) ) ;
#2979 = LINE ( 'NONE', #5377, #5915 ) ;
#2980 = EDGE_LOOP ( 'NONE', ( #6121, #500, #498, #2138 ) ) ;
#2981 = ADVANCED_FACE ( 'NONE', ( #2668 ), #1498, .F. ) ;
#2982 = ORIENTED_EDGE ( 'NONE', *, *, #4236, .F. ) ;
#2983 = VECTOR ( 'NONE', #994, 999.9999999999998863 ) ;
#2984 = EDGE_CURVE ( 'NONE', #3329, #6086, #6312, .T. ) ;
#2985 = AXIS2_PLACEMENT_3D ( 'NONE', #5425, #4755, #1256 ) ;
#2986 = CARTESIAN_POINT ( 'NONE',  ( -19.06999999999999673, 3.454999999999999627, -4.700000000000000178 ) ) ;
#2987 = CARTESIAN_POINT ( 'NONE',  ( -5.929999999999994387, 4.094999999999999751, -9.400000000000000355 ) ) ;
#2988 = VECTOR ( 'NONE', #932, 1000.000000000000000 ) ;
#2989 = CARTESIAN_POINT ( 'NONE',  ( -18.42999999999999616, -2.857994389717300798, -5.374208804743921597 ) ) ;
#2990 = PLANE ( 'NONE',  #6643 ) ;
#2991 = ORIENTED_EDGE ( 'NONE', *, *, #7555, .T. ) ;
#2992 = EDGE_CURVE ( 'NONE', #287, #1042, #2794, .T. ) ;
#2993 = ADVANCED_FACE ( 'NONE', ( #3935 ), #3305, .F. ) ;
#2994 = ORIENTED_EDGE ( 'NONE', *, *, #44, .F. ) ;
#2995 = AXIS2_PLACEMENT_3D ( 'NONE', #2856, #4471, #4595 ) ;
#2996 = DIRECTION ( 'NONE',  ( 1.000000000000000000, 0.000000000000000000, 0.000000000000000000 ) ) ;
#2997 = VECTOR ( 'NONE', #5207, 1000.000000000000000 ) ;
#2998 = DIRECTION ( 'NONE',  ( -0.000000000000000000, -1.000000000000000000, -0.000000000000000000 ) ) ;
#2999 = LINE ( 'NONE', #1627, #6541 ) ;
#3000 = CARTESIAN_POINT ( 'NONE',  ( -19.06999999999999673, -1.087878387081801623, -5.380000000000021210 ) ) ;
#3001 = ORIENTED_EDGE ( 'NONE', *, *, #5481, .T. ) ;
#3002 = DIRECTION ( 'NONE',  ( -1.000000000000000000, -0.000000000000000000, 0.000000000000000000 ) ) ;
#3003 = ORIENTED_EDGE ( 'NONE', *, *, #5958, .F. ) ;
#3004 = ORIENTED_EDGE ( 'NONE', *, *, #3991, .T. ) ;
#3005 = VECTOR ( 'NONE', #7295, 1000.000000000000000 ) ;
#3006 = VECTOR ( 'NONE', #3572, 1000.000000000000000 ) ;
#3007 = VECTOR ( 'NONE', #1289, 1000.000000000000000 ) ;
#3008 = VERTEX_POINT ( 'NONE', #6271 ) ;
#3009 = LINE ( 'NONE', #7609, #5592 ) ;
#3010 = ORIENTED_EDGE ( 'NONE', *, *, #7080, .T. ) ;
#3011 = CIRCLE ( 'NONE', #2508, 0.6800000000000034905 ) ;
#3012 = CARTESIAN_POINT ( 'NONE',  ( -9.499999999999992895, 6.100000000000000533, -5.999999999999982236 ) ) ;
#3013 = FACE_BOUND ( 'NONE', #1805, .T. ) ;
#3014 = FACE_OUTER_BOUND ( 'NONE', #5699, .T. ) ;
#3015 = VECTOR ( 'NONE', #6572, 1000.000000000000000 ) ;
#3016 = CARTESIAN_POINT ( 'NONE',  ( -21.19999999999999929, 4.275000000000021672, -3.100000000000001865 ) ) ;
#3017 = CARTESIAN_POINT ( 'NONE',  ( -19.09999999999998721, 5.275000000000007461, -0.6133974596215390207 ) ) ;
#3018 = ORIENTED_EDGE ( 'NONE', *, *, #5177, .T. ) ;
#3019 = VERTEX_POINT ( 'NONE', #7559 ) ;
#3020 = CARTESIAN_POINT ( 'NONE',  ( -4.069999999999997620, 4.094999999999999751, -9.400000000000000355 ) ) ;
#3021 = EDGE_CURVE ( 'NONE', #4586, #4813, #870, .T. ) ;
#3022 = CARTESIAN_POINT ( 'NONE',  ( 18.54999999999999716, 5.275000000000007461, -2.999999999999993339 ) ) ;
#3023 = LINE ( 'NONE', #4868, #3103 ) ;
#3024 = LINE ( 'NONE', #5426, #4891 ) ;
#3025 = ORIENTED_EDGE ( 'NONE', *, *, #2238, .F. ) ;
#3026 = ORIENTED_EDGE ( 'NONE', *, *, #768, .F. ) ;
#3027 = CARTESIAN_POINT ( 'NONE',  ( 8.000000000000007105, 6.100000000000000533, -5.999999999999982236 ) ) ;
#3028 = EDGE_CURVE ( 'NONE', #3548, #2293, #6950, .T. ) ;
#3029 = CARTESIAN_POINT ( 'NONE',  ( 0.9300000000000037126, 3.454999999999999627, -9.400000000000000355 ) ) ;
#3030 = CARTESIAN_POINT ( 'NONE',  ( 19.19999999999998153, 5.275000000000007461, -0.8443375672973935098 ) ) ;
#3031 = DIRECTION ( 'NONE',  ( 0.000000000000000000, 1.000000000000000000, -0.000000000000000000 ) ) ;
#3032 = ORIENTED_EDGE ( 'NONE', *, *, #861, .T. ) ;
#3033 = ORIENTED_EDGE ( 'NONE', *, *, #3250, .F. ) ;
#3034 = LINE ( 'NONE', #4846, #4197 ) ;
#3035 = EDGE_CURVE ( 'NONE', #6119, #6633, #1576, .T. ) ;
#3036 = CARTESIAN_POINT ( 'NONE',  ( -21.19999999999999929, 2.549999999999999822, -11.49999999999999645 ) ) ;
#3037 = DIRECTION ( 'NONE',  ( 0.000000000000000000, -1.000000000000000000, -0.000000000000000000 ) ) ;
#3038 = CARTESIAN_POINT ( 'NONE',  ( -19.49999999999999289, 0.3999999999999999112, -5.999999999999982236 ) ) ;
#3039 = EDGE_CURVE ( 'NONE', #2897, #3860, #7025, .T. ) ;
#3040 = ORIENTED_EDGE ( 'NONE', *, *, #2045, .F. ) ;
#3041 = CARTESIAN_POINT ( 'NONE',  ( 0.000000000000000000, -3.400000000000000355, -1.925000000000022471 ) ) ;
#3042 = VERTEX_POINT ( 'NONE', #1619 ) ;
#3043 = ORIENTED_EDGE ( 'NONE', *, *, #6834, .T. ) ;
#3044 = CARTESIAN_POINT ( 'NONE',  ( -20.29999999999999361, 0.4000000000000000222, -6.999999999999964473 ) ) ;
#3045 = PLANE ( 'NONE',  #4002 ) ;
#3046 = DIRECTION ( 'NONE',  ( -0.000000000000000000, 1.000000000000000000, -0.000000000000000000 ) ) ;
#3047 = CARTESIAN_POINT ( 'NONE',  ( 0.000000000000000000, 0.000000000000000000, 0.000000000000000000 ) ) ;
#3048 = DIRECTION ( 'NONE',  ( 0.9396926207859087610, -0.3420201433256677692, -6.658227477999718172E-17 ) ) ;
#3049 = ORIENTED_EDGE ( 'NONE', *, *, #4143, .T. ) ;
#3050 = ORIENTED_EDGE ( 'NONE', *, *, #6078, .T. ) ;
#3051 = DIRECTION ( 'NONE',  ( 0.000000000000000000, -0.000000000000000000, 1.000000000000000000 ) ) ;
#3052 = CARTESIAN_POINT ( 'NONE',  ( -19.06999999999999673, -1.718922410801318135, -5.132120757304899250 ) ) ;
#3053 = DIRECTION ( 'NONE',  ( -0.000000000000000000, 1.000000000000000000, -0.000000000000000000 ) ) ;
#3054 = DIRECTION ( 'NONE',  ( -0.000000000000000000, 1.000000000000000000, 1.946735479746240487E-16 ) ) ;
#3055 = CARTESIAN_POINT ( 'NONE',  ( -20.29999999999999361, 0.4000000000000000222, -6.999999999999964473 ) ) ;
#3056 = AXIS2_PLACEMENT_3D ( 'NONE', #3179, #5551, #3217 ) ;
#3057 = ORIENTED_EDGE ( 'NONE', *, *, #1261, .F. ) ;
#3059 = ADVANCED_FACE ( 'NONE', ( #1070 ), #4649, .T. ) ;
#3058 = AXIS2_PLACEMENT_3D ( 'NONE', #4812, #7224, #4218 ) ;
#3060 = VECTOR ( 'NONE', #5463, 1000.000000000000000 ) ;
#3061 = DIRECTION ( 'NONE',  ( 0.000000000000000000, 0.000000000000000000, -1.000000000000000000 ) ) ;
#3062 = CARTESIAN_POINT ( 'NONE',  ( -18.42999999999999616, 3.455000000000000515, -4.700000000000017053 ) ) ;
#3063 = CARTESIAN_POINT ( 'NONE',  ( 19.24999999999999645, 6.100000000000000533, -0.4690598923241179330 ) ) ;
#3064 = VERTEX_POINT ( 'NONE', #5997 ) ;
#3065 = PLANE ( 'NONE',  #7739 ) ;
#3066 = ORIENTED_EDGE ( 'NONE', *, *, #748, .F. ) ;
#3067 = ORIENTED_EDGE ( 'NONE', *, *, #6704, .T. ) ;
#3068 = EDGE_CURVE ( 'NONE', #4157, #4728, #5349, .T. ) ;
#3069 = CARTESIAN_POINT ( 'NONE',  ( -20.29999999999999361, 0.4000000000000000222, -6.999999999999964473 ) ) ;
#3070 = CARTESIAN_POINT ( 'NONE',  ( -18.42999999999999616, 2.774999999999997247, -5.380000000000022098 ) ) ;
#3071 = DIRECTION ( 'NONE',  ( -1.000000000000000000, 0.000000000000000000, 0.000000000000000000 ) ) ;
#3072 = CARTESIAN_POINT ( 'NONE',  ( 7.999999999999986677, 0.4000000000000000222, 2.775557561562887249E-14 ) ) ;
#3073 = ORIENTED_EDGE ( 'NONE', *, *, #2017, .F. ) ;
#3074 = VECTOR ( 'NONE', #5083, 1000.000000000000000 ) ;
#3075 = DIRECTION ( 'NONE',  ( -0.000000000000000000, 1.000000000000000000, 0.000000000000000000 ) ) ;
#3076 = EDGE_LOOP ( 'NONE', ( #3183, #7217, #5410, #4295 ) ) ;
#3077 = VECTOR ( 'NONE', #2554, 1000.000000000000000 ) ;
#3078 = EDGE_CURVE ( 'NONE', #6109, #6060, #1811, .T. ) ;
#3079 = ORIENTED_EDGE ( 'NONE', *, *, #5514, .F. ) ;
#3080 = ADVANCED_FACE ( 'NONE', ( #3501 ), #4209, .F. ) ;
#3081 = CARTESIAN_POINT ( 'NONE',  ( 7.000000000000009770, 6.100000000000000533, -5.999999999999982236 ) ) ;
#3082 = CARTESIAN_POINT ( 'NONE',  ( -20.29999999999999361, 0.4000000000000000222, -6.999999999999964473 ) ) ;
#3083 = FACE_BOUND ( 'NONE', #3403, .T. ) ;
#3084 = DIRECTION ( 'NONE',  ( -0.000000000000000000, 1.000000000000000000, -0.000000000000000000 ) ) ;
#3085 = VERTEX_POINT ( 'NONE', #2867 ) ;
#3086 = EDGE_CURVE ( 'NONE', #5676, #1425, #7670, .T. ) ;
#3087 = EDGE_CURVE ( 'NONE', #3548, #58, #7625, .T. ) ;
#3088 =( GEOMETRIC_REPRESENTATION_CONTEXT ( 3 ) GLOBAL_UNCERTAINTY_ASSIGNED_CONTEXT ( ( #5184 ) ) GLOBAL_UNIT_ASSIGNED_CONTEXT ( ( #5366, #5976, #3596 ) ) REPRESENTATION_CONTEXT ( 'NONE', 'WORKASPACE' ) );
#3089 = ORIENTED_EDGE ( 'NONE', *, *, #6806, .F. ) ;
#3090 = DIRECTION ( 'NONE',  ( 1.000000000000000000, -0.000000000000000000, -0.000000000000000000 ) ) ;
#3091 = DIRECTION ( 'NONE',  ( 0.000000000000000000, -1.000000000000000000, -0.000000000000000000 ) ) ;
#3092 = LINE ( 'NONE', #1323, #1965 ) ;
#3093 = DIRECTION ( 'NONE',  ( 1.000000000000000000, 0.000000000000000000, 0.000000000000000000 ) ) ;
#3094 = LINE ( 'NONE', #3055, #5523 ) ;
#3095 = LINE ( 'NONE', #1291, #286 ) ;
#3096 = DIRECTION ( 'NONE',  ( 1.000000000000000000, 0.000000000000000000, -0.000000000000000000 ) ) ;
#3097 = CARTESIAN_POINT ( 'NONE',  ( 21.19999999999999929, 6.100000000000000533, -6.999999999999982236 ) ) ;
#3098 = ORIENTED_EDGE ( 'NONE', *, *, #2597, .T. ) ;
#3099 = VECTOR ( 'NONE', #3472, 1000.000000000000000 ) ;
#3100 = DIRECTION ( 'NONE',  ( 0.000000000000000000, 1.000000000000000000, 0.000000000000000000 ) ) ;
#3101 = ORIENTED_EDGE ( 'NONE', *, *, #7586, .T. ) ;
#3102 = ORIENTED_EDGE ( 'NONE', *, *, #6373, .F. ) ;
#3103 = VECTOR ( 'NONE', #5338, 1000.000000000000000 ) ;
#3104 = VECTOR ( 'NONE', #6475, 1000.000000000000000 ) ;
#3105 = FACE_OUTER_BOUND ( 'NONE', #256, .T. ) ;
#3106 = ADVANCED_FACE ( 'NONE', ( #4769, #6621 ), #7184, .F. ) ;
#3107 = CARTESIAN_POINT ( 'NONE',  ( 13.43000000000000504, 4.094999999999999751, -4.700000000000000178 ) ) ;
#3108 = DIRECTION ( 'NONE',  ( 0.000000000000000000, 1.000000000000000000, -0.000000000000000000 ) ) ;
#3109 = ORIENTED_EDGE ( 'NONE', *, *, #6324, .T. ) ;
#3110 = LINE ( 'NONE', #7363, #6387 ) ;
#3111 = VECTOR ( 'NONE', #2461, 1000.000000000000000 ) ;
#3112 = VERTEX_POINT ( 'NONE', #1773 ) ;
#3113 = ORIENTED_EDGE ( 'NONE', *, *, #6871, .F. ) ;
#3114 = LINE ( 'NONE', #2417, #1935 ) ;
#3115 = ADVANCED_FACE ( 'NONE', ( #2282 ), #5920, .F. ) ;
#3116 = DIRECTION ( 'NONE',  ( -3.469446951953614978E-15, 0.000000000000000000, 1.000000000000000000 ) ) ;
#3117 = LINE ( 'NONE', #5003, #3744 ) ;
#3118 = CIRCLE ( 'NONE', #2737, 0.7200000000000027489 ) ;
#3119 = LINE ( 'NONE', #7336, #229 ) ;
#3120 = ORIENTED_EDGE ( 'NONE', *, *, #3687, .F. ) ;
#3121 = VECTOR ( 'NONE', #3718, 1000.000000000000000 ) ;
#3122 = AXIS2_PLACEMENT_3D ( 'NONE', #1350, #3746, #5450 ) ;
#3123 = VECTOR ( 'NONE', #2640, 1000.000000000000000 ) ;
#3124 = VERTEX_POINT ( 'NONE', #3574 ) ;
#3125 = VECTOR ( 'NONE', #7707, 1000.000000000000000 ) ;
#3126 = DIRECTION ( 'NONE',  ( 0.000000000000000000, 0.000000000000000000, -1.000000000000000000 ) ) ;
#3127 = AXIS2_PLACEMENT_3D ( 'NONE', #5006, #3749, #1352 ) ;
#3128 = EDGE_CURVE ( 'NONE', #1196, #5380, #5745, .T. ) ;
#3129 = CARTESIAN_POINT ( 'NONE',  ( -1.569999999999994955, 0.000000000000000000, -5.999999999999982236 ) ) ;
#3130 = CARTESIAN_POINT ( 'NONE',  ( 8.000000000000010658, 6.100000000000000533, -6.999999999999982236 ) ) ;
#3131 = CARTESIAN_POINT ( 'NONE',  ( -20.35000000000000142, 4.275000000000021672, 0.000000000000000000 ) ) ;
#3132 = DIRECTION ( 'NONE',  ( 1.000000000000000000, -0.000000000000000000, -0.000000000000000000 ) ) ;
#3133 = VECTOR ( 'NONE', #5620, 1000.000000000000000 ) ;
#3134 = VERTEX_POINT ( 'NONE', #2910 ) ;
#3135 = PLANE ( 'NONE',  #671 ) ;
#3136 = PLANE ( 'NONE',  #1758 ) ;
#3137 = DIRECTION ( 'NONE',  ( -0.000000000000000000, -0.000000000000000000, 1.000000000000000000 ) ) ;
#3138 = ORIENTED_EDGE ( 'NONE', *, *, #3866, .F. ) ;
#3139 = LINE ( 'NONE', #1882, #5351 ) ;
#3140 = ORIENTED_EDGE ( 'NONE', *, *, #7139, .T. ) ;
#3141 = EDGE_LOOP ( 'NONE', ( #3774, #5342, #161, #6221 ) ) ;
#3142 = ORIENTED_EDGE ( 'NONE', *, *, #4353, .F. ) ;
#3143 = CARTESIAN_POINT ( 'NONE',  ( -3.429999999999995719, 4.094999999999999751, -9.400000000000000355 ) ) ;
#3144 = ORIENTED_EDGE ( 'NONE', *, *, #3544, .F. ) ;
#3145 = FACE_OUTER_BOUND ( 'NONE', #1736, .T. ) ;
#3146 = LINE ( 'NONE', #3072, #3077 ) ;
#3147 = VERTEX_POINT ( 'NONE', #4172 ) ;
#3148 = AXIS2_PLACEMENT_3D ( 'NONE', #7234, #4668, #7159 ) ;
#3149 = DIRECTION ( 'NONE',  ( 0.000000000000000000, -0.000000000000000000, 1.000000000000000000 ) ) ;
#3150 = EDGE_LOOP ( 'NONE', ( #1519, #2254, #1768, #4044 ) ) ;
#3151 = EDGE_CURVE ( 'NONE', #3268, #5914, #2827, .T. ) ;
#3152 = PLANE ( 'NONE',  #7726 ) ;
#3153 = DIRECTION ( 'NONE',  ( 0.000000000000000000, 0.000000000000000000, 1.000000000000000000 ) ) ;
#3154 = CARTESIAN_POINT ( 'NONE',  ( 19.09999999999998366, 6.100000000000000533, -0.7866025403784336900 ) ) ;
#3155 = ORIENTED_EDGE ( 'NONE', *, *, #7307, .F. ) ;
#3156 = LINE ( 'NONE', #7410, #621 ) ;
#3157 = VERTEX_POINT ( 'NONE', #4133 ) ;
#3158 = EDGE_CURVE ( 'NONE', #3268, #7239, #1149, .T. ) ;
#3159 = VERTEX_POINT ( 'NONE', #3539 ) ;
#3160 = ADVANCED_FACE ( 'NONE', ( #2241 ), #2990, .T. ) ;
#3161 = CARTESIAN_POINT ( 'NONE',  ( 16.57000000000000739, 3.454999999999999627, -5.999999999999982236 ) ) ;
#3162 = FACE_OUTER_BOUND ( 'NONE', #6054, .T. ) ;
#3163 = DIRECTION ( 'NONE',  ( -0.000000000000000000, -0.000000000000000000, 1.000000000000000000 ) ) ;
#3164 = PLANE ( 'NONE',  #4225 ) ;
#3165 = CARTESIAN_POINT ( 'NONE',  ( 9.500000000000008882, 0.4000000000000000222, 0.000000000000000000 ) ) ;
#3166 = EDGE_CURVE ( 'NONE', #348, #2437, #4685, .T. ) ;
#3167 = EDGE_CURVE ( 'NONE', #699, #5949, #545, .T. ) ;
#3168 = LINE ( 'NONE', #5577, #1559 ) ;
#3169 = ADVANCED_FACE ( 'NONE', ( #4051 ), #5310, .F. ) ;
#3170 = DIRECTION ( 'NONE',  ( 1.000000000000000000, -0.000000000000000000, -0.000000000000000000 ) ) ;
#3171 = PLANE ( 'NONE',  #5527 ) ;
#3172 = LINE ( 'NONE', #6038, #196 ) ;
#3173 = ORIENTED_EDGE ( 'NONE', *, *, #3589, .F. ) ;
#3174 = ORIENTED_EDGE ( 'NONE', *, *, #6405, .T. ) ;
#3175 = ADVANCED_FACE ( 'NONE', ( #1996 ), #3065, .F. ) ;
#3176 = VECTOR ( 'NONE', #2996, 1000.000000000000000 ) ;
#3177 = EDGE_CURVE ( 'NONE', #2585, #2705, #1297, .T. ) ;
#3178 = ORIENTED_EDGE ( 'NONE', *, *, #5726, .F. ) ;
#3179 = CARTESIAN_POINT ( 'NONE',  ( -18.91999999999999460, 4.336808689942017736E-16, 3.299999999999982503 ) ) ;
#3180 = EDGE_LOOP ( 'NONE', ( #4318, #2716, #4844, #310 ) ) ;
#3181 = CARTESIAN_POINT ( 'NONE',  ( 6.570000000000006501, 3.454999999999999627, -4.700000000000000178 ) ) ;
#3182 = CARTESIAN_POINT ( 'NONE',  ( 12.00000000000000711, 0.000000000000000000, -5.999999999999982236 ) ) ;
#3183 = ORIENTED_EDGE ( 'NONE', *, *, #7438, .F. ) ;
#3184 = DIRECTION ( 'NONE',  ( 0.000000000000000000, 1.000000000000000000, 0.000000000000000000 ) ) ;
#3185 = VERTEX_POINT ( 'NONE', #2582 ) ;
#3186 = ORIENTED_EDGE ( 'NONE', *, *, #945, .T. ) ;
#3187 = LINE ( 'NONE', #2132, #3857 ) ;
#3188 = VECTOR ( 'NONE', #5605, 1000.000000000000000 ) ;
#3189 = CARTESIAN_POINT ( 'NONE',  ( 19.24999999999999645, 1.301022143997293101, -4.714890176717308726E-15 ) ) ;
#3190 = CARTESIAN_POINT ( 'NONE',  ( -18.42999999999999616, -3.399999999999999467, -6.020000000000021778 ) ) ;
#3191 = ORIENTED_EDGE ( 'NONE', *, *, #6893, .T. ) ;
#3192 = SURFACE_SIDE_STYLE ('',( #6717 ) ) ;
#3193 = DIRECTION ( 'NONE',  ( -0.000000000000000000, -0.000000000000000000, -1.000000000000000000 ) ) ;
#3194 = ORIENTED_EDGE ( 'NONE', *, *, #6131, .F. ) ;
#3195 = VECTOR ( 'NONE', #6714, 1000.000000000000000 ) ;
#3196 = DIRECTION ( 'NONE',  ( 0.000000000000000000, 1.000000000000000000, -0.000000000000000000 ) ) ;
#3197 = CARTESIAN_POINT ( 'NONE',  ( 7.000000000000009770, 0.4000000000000000222, 0.000000000000000000 ) ) ;
#3198 = FACE_OUTER_BOUND ( 'NONE', #3934, .T. ) ;
#3199 = DIRECTION ( 'NONE',  ( 1.000000000000000000, -0.000000000000000000, -0.000000000000000000 ) ) ;
#3200 = CARTESIAN_POINT ( 'NONE',  ( -19.06999999999999673, -2.887878387081802334, -5.380000000000021210 ) ) ;
#3201 = CARTESIAN_POINT ( 'NONE',  ( -19.06999999999999673, 4.095000000000000639, -4.700000000000017053 ) ) ;
#3202 = EDGE_CURVE ( 'NONE', #7009, #87, #742, .T. ) ;
#3203 = ORIENTED_EDGE ( 'NONE', *, *, #7272, .T. ) ;
#3204 = ORIENTED_EDGE ( 'NONE', *, *, #7218, .T. ) ;
#3205 = AXIS2_PLACEMENT_3D ( 'NONE', #3616, #1846, #3655 ) ;
#3206 = DIRECTION ( 'NONE',  ( -0.3236155771181838392, -0.8891264907159890374, -0.3236155771181840057 ) ) ;
#3207 = VECTOR ( 'NONE', #1427, 1000.000000000000000 ) ;
#3208 = CARTESIAN_POINT ( 'NONE',  ( -20.29999999999999361, 0.4000000000000000222, -6.999999999999964473 ) ) ;
#3209 = DIRECTION ( 'NONE',  ( 0.000000000000000000, 3.285461128743944150E-16, -1.000000000000000000 ) ) ;
#3210 = EDGE_CURVE ( 'NONE', #328, #7327, #5432, .T. ) ;
#3211 = DIRECTION ( 'NONE',  ( 1.000000000000000000, 0.000000000000000000, -0.000000000000000000 ) ) ;
#3212 = DIRECTION ( 'NONE',  ( -0.000000000000000000, 1.000000000000000000, -0.000000000000000000 ) ) ;
#3213 = EDGE_CURVE ( 'NONE', #5967, #6685, #3139, .T. ) ;
#3214 = ORIENTED_EDGE ( 'NONE', *, *, #3166, .T. ) ;
#3215 = AXIS2_PLACEMENT_3D ( 'NONE', #3982, #2084, #960 ) ;
#3216 = ORIENTED_EDGE ( 'NONE', *, *, #4007, .F. ) ;
#3217 = DIRECTION ( 'NONE',  ( 0.000000000000000000, -1.000000000000000000, 0.000000000000000000 ) ) ;
#3218 = SURFACE_SIDE_STYLE ('',( #5104 ) ) ;
#3219 = VECTOR ( 'NONE', #5844, 1000.000000000000000 ) ;
#3220 = ADVANCED_FACE ( 'NONE', ( #7250 ), #20, .F. ) ;
#3221 = DIRECTION ( 'NONE',  ( 1.000000000000000000, 0.000000000000000000, 0.000000000000000000 ) ) ;
#3222 = DIRECTION ( 'NONE',  ( -3.469446951953614189E-15, -0.000000000000000000, 1.000000000000000000 ) ) ;
#3223 = ADVANCED_FACE ( 'NONE', ( #2434 ), #776, .F. ) ;
#3224 = EDGE_LOOP ( 'NONE', ( #1590, #7175, #1073, #4168 ) ) ;
#3225 = CARTESIAN_POINT ( 'NONE',  ( -9.499999999999989342, 0.3999999999999999112, -6.999999999999982236 ) ) ;
#3226 = ORIENTED_EDGE ( 'NONE', *, *, #720, .F. ) ;
#3227 = EDGE_LOOP ( 'NONE', ( #557, #4489, #1335, #3049 ) ) ;
#3228 = VECTOR ( 'NONE', #6468, 1000.000000000000000 ) ;
#3229 = VERTEX_POINT ( 'NONE', #132 ) ;
#3230 = VECTOR ( 'NONE', #293, 1000.000000000000000 ) ;
#3231 = LINE ( 'NONE', #2639, #79 ) ;
#3232 = CARTESIAN_POINT ( 'NONE',  ( 21.19999999999999929, 0.000000000000000000, -6.999999999999964473 ) ) ;
#3233 = CARTESIAN_POINT ( 'NONE',  ( 21.19999999999999929, 0.000000000000000000, -6.999999999999964473 ) ) ;
#3234 = COLOUR_RGB ( '',0.7960784313725489669, 0.8235294117647058432, 0.9372549019607843146 ) ;
#3235 = CARTESIAN_POINT ( 'NONE',  ( 12.50000000000000000, 0.000000000000000000, 0.000000000000000000 ) ) ;
#3236 = CARTESIAN_POINT ( 'NONE',  ( 9.070000000000005613, 3.454999999999999627, -4.700000000000000178 ) ) ;
#3237 = EDGE_LOOP ( 'NONE', ( #6181, #1963, #1951, #6851 ) ) ;
#3238 = LINE ( 'NONE', #5883, #3207 ) ;
#3239 = LINE ( 'NONE', #5654, #7110 ) ;
#3240 = EDGE_LOOP ( 'NONE', ( #2747, #70, #6743, #5717 ) ) ;
#3241 = VECTOR ( 'NONE', #3116, 1000.000000000000000 ) ;
#3242 = CYLINDRICAL_SURFACE ( 'NONE', #6525, 0.07999999999999674039 ) ;
#3243 = CARTESIAN_POINT ( 'NONE',  ( -5.499999999999991118, 6.100000000000000533, -6.999999999999982236 ) ) ;
#3244 = DIRECTION ( 'NONE',  ( 1.000000000000000000, -0.000000000000000000, 0.000000000000000000 ) ) ;
#3245 = FACE_OUTER_BOUND ( 'NONE', #2559, .T. ) ;
#3246 = VERTEX_POINT ( 'NONE', #4984 ) ;
#3247 = VECTOR ( 'NONE', #5315, 1000.000000000000000 ) ;
#3248 = AXIS2_PLACEMENT_3D ( 'NONE', #4725, #7748, #2470 ) ;
#3249 = VECTOR ( 'NONE', #2779, 1000.000000000000000 ) ;
#3250 = EDGE_CURVE ( 'NONE', #5894, #2922, #6700, .T. ) ;
#3251 = CARTESIAN_POINT ( 'NONE',  ( 19.09999999999998366, 6.100000000000000533, -0.6133974596215423514 ) ) ;
#3252 = LINE ( 'NONE', #4882, #6264 ) ;
#3253 = DIRECTION ( 'NONE',  ( -0.000000000000000000, 2.843808977011159210E-15, 1.000000000000000000 ) ) ;
#3254 = VECTOR ( 'NONE', #3764, 1000.000000000000000 ) ;
#3255 = PRODUCT ( 'pin^SxB-XH-A ass_bent', 'pin^SxB-XH-A ass_bent', '', ( #5198 ) ) ;
#3256 = CARTESIAN_POINT ( 'NONE',  ( -20.35000000000000142, 1.225000000000037614, -4.700000000000000178 ) ) ;
#3257 = CARTESIAN_POINT ( 'NONE',  ( -15.92999999999999616, 3.454999999999999627, -9.400000000000000355 ) ) ;
#3258 = ORIENTED_EDGE ( 'NONE', *, *, #6591, .F. ) ;
#3259 = EDGE_LOOP ( 'NONE', ( #1162, #2267, #3886, #6340 ) ) ;
#3260 = EDGE_CURVE ( 'NONE', #2638, #6133, #4948, .T. ) ;
#3261 = CARTESIAN_POINT ( 'NONE',  ( 11.57000000000000384, 3.454999999999999627, -9.400000000000000355 ) ) ;
#3262 = LINE ( 'NONE', #3889, #1994 ) ;
#3263 = PLANE ( 'NONE',  #1363 ) ;
#3264 = CARTESIAN_POINT ( 'NONE',  ( -14.49999999999999289, 6.100000000000000533, -5.999999999999982236 ) ) ;
#3265 = ORIENTED_EDGE ( 'NONE', *, *, #1480, .F. ) ;
#3266 = CARTESIAN_POINT ( 'NONE',  ( -8.429999999999994387, 3.454999999999999627, -4.700000000000000178 ) ) ;
#3267 = VERTEX_POINT ( 'NONE', #4350 ) ;
#3268 = VERTEX_POINT ( 'NONE', #698 ) ;
#3269 = VERTEX_POINT ( 'NONE', #4317 ) ;
#3270 = EDGE_CURVE ( 'NONE', #4352, #1202, #821, .T. ) ;
#3271 = EDGE_CURVE ( 'NONE', #2870, #2932, #3172, .T. ) ;
#3272 = DIRECTION ( 'NONE',  ( -1.000000000000000000, 0.000000000000000000, 0.000000000000000000 ) ) ;
#3273 = VECTOR ( 'NONE', #4626, 1000.000000000000000 ) ;
#3274 = FACE_BOUND ( 'NONE', #4511, .T. ) ;
#3275 = CARTESIAN_POINT ( 'NONE',  ( 8.430000000000003268, 0.000000000000000000, -5.999999999999982236 ) ) ;
#3276 = CARTESIAN_POINT ( 'NONE',  ( 32.50000000000000000, 0.000000000000000000, 0.000000000000000000 ) ) ;
#3277 = PLANE ( 'NONE',  #6047 ) ;
#3278 = ORIENTED_EDGE ( 'NONE', *, *, #1311, .F. ) ;
#3279 = EDGE_CURVE ( 'NONE', #1554, #1960, #5508, .T. ) ;
#3280 = CARTESIAN_POINT ( 'NONE',  ( -19.06999999999999673, -2.987878387081802423, -6.020000000000021778 ) ) ;
#3281 = CARTESIAN_POINT ( 'NONE',  ( -18.42999999999999616, 2.774999999999997247, -5.380000000000020322 ) ) ;
#3282 = ORIENTED_EDGE ( 'NONE', *, *, #4118, .F. ) ;
#3283 = CARTESIAN_POINT ( 'NONE',  ( -18.42999999999999616, -2.887878387081802778, -5.300000000000016698 ) ) ;
#3284 = LINE ( 'NONE', #5086, #3273 ) ;
#3285 = FACE_OUTER_BOUND ( 'NONE', #4731, .T. ) ;
#3286 = CARTESIAN_POINT ( 'NONE',  ( -18.42999999999999616, 2.774999999999997247, -6.020000000000020890 ) ) ;
#3287 = EDGE_LOOP ( 'NONE', ( #5227, #3418, #6467, #6451 ) ) ;
#3288 = ORIENTED_EDGE ( 'NONE', *, *, #2498, .F. ) ;
#3289 = LINE ( 'NONE', #291, #5075 ) ;
#3290 = CARTESIAN_POINT ( 'NONE',  ( -21.19999999999999929, 6.100000000000000533, -6.999999999999982236 ) ) ;
#3291 = CARTESIAN_POINT ( 'NONE',  ( 21.19999999999999929, 0.000000000000000000, -6.999999999999964473 ) ) ;
#3292 = CARTESIAN_POINT ( 'NONE',  ( -0.4999999999999900080, 4.094999999999999751, -5.999999999999982236 ) ) ;
#3293 = DIRECTION ( 'NONE',  ( 0.000000000000000000, 0.5000000000000008882, 0.8660254037844380415 ) ) ;
#3294 = ORIENTED_EDGE ( 'NONE', *, *, #5298, .F. ) ;
#3295 = EDGE_CURVE ( 'NONE', #1958, #4941, #5468, .T. ) ;
#3296 = EDGE_LOOP ( 'NONE', ( #2481, #6483, #7471, #4292 ) ) ;
#3297 = VERTEX_POINT ( 'NONE', #1331 ) ;
#3298 = ORIENTED_EDGE ( 'NONE', *, *, #6659, .F. ) ;
#3299 = DIRECTION ( 'NONE',  ( 1.000000000000000000, -0.000000000000000000, -0.000000000000000000 ) ) ;
#3300 = DIRECTION ( 'NONE',  ( -0.000000000000000000, 1.000000000000000000, -0.000000000000000000 ) ) ;
#3301 = CARTESIAN_POINT ( 'NONE',  ( 15.50000000000001066, 6.100000000000000533, -5.999999999999982236 ) ) ;
#3302 = DIRECTION ( 'NONE',  ( -3.469446951953614978E-15, 0.000000000000000000, 1.000000000000000000 ) ) ;
#3303 = EDGE_LOOP ( 'NONE', ( #6233, #5469, #3397, #1092 ) ) ;
#3304 = VERTEX_POINT ( 'NONE', #6073 ) ;
#3305 = PLANE ( 'NONE',  #1727 ) ;
#3306 = ORIENTED_EDGE ( 'NONE', *, *, #7632, .T. ) ;
#3307 = ADVANCED_FACE ( 'NONE', ( #59 ), #98, .F. ) ;
#3308 = VECTOR ( 'NONE', #2662, 1000.000000000000000 ) ;
#3309 = ORIENTED_EDGE ( 'NONE', *, *, #1344, .T. ) ;
#3310 = ORIENTED_EDGE ( 'NONE', *, *, #3039, .T. ) ;
#3311 = VECTOR ( 'NONE', #6516, 1000.000000000000000 ) ;
#3312 = VECTOR ( 'NONE', #4761, 1000.000000000000000 ) ;
#3313 = DIRECTION ( 'NONE',  ( 0.000000000000000000, 0.000000000000000000, -1.000000000000000000 ) ) ;
#3314 = DIRECTION ( 'NONE',  ( 4.956352788505188906E-16, -0.000000000000000000, -1.000000000000000000 ) ) ;
#3315 = DIRECTION ( 'NONE',  ( -0.000000000000000000, 2.843808977011159210E-15, 1.000000000000000000 ) ) ;
#3316 = DIRECTION ( 'NONE',  ( 0.000000000000000000, 0.000000000000000000, -1.000000000000000000 ) ) ;
#3317 = EDGE_CURVE ( 'NONE', #4501, #63, #4915, .T. ) ;
#3318 = ORIENTED_EDGE ( 'NONE', *, *, #6495, .T. ) ;
#3319 = EDGE_CURVE ( 'NONE', #5905, #7436, #6735, .T. ) ;
#3320 = CIRCLE ( 'NONE', #5333, 0.7199999999999958655 ) ;
#3321 = DIRECTION ( 'NONE',  ( -1.000000000000000000, -0.000000000000000000, -0.000000000000000000 ) ) ;
#3322 = DIRECTION ( 'NONE',  ( -0.000000000000000000, 1.000000000000000000, -0.000000000000000000 ) ) ;
#3323 = VERTEX_POINT ( 'NONE', #855 ) ;
#3324 = CARTESIAN_POINT ( 'NONE',  ( -19.06999999999999673, 4.094999999999999751, -4.700000000000000178 ) ) ;
#3325 = CARTESIAN_POINT ( 'NONE',  ( 0.000000000000000000, 0.4000000000000000222, -5.999999999999982236 ) ) ;
#3326 = LINE ( 'NONE', #5739, #1945 ) ;
#3327 = LINE ( 'NONE', #2693, #4640 ) ;
#3328 = ADVANCED_FACE ( 'NONE', ( #937 ), #380, .T. ) ;
#3329 = VERTEX_POINT ( 'NONE', #4555 ) ;
#3330 = EDGE_CURVE ( 'NONE', #160, #1080, #3380, .T. ) ;
#3331 = ORIENTED_EDGE ( 'NONE', *, *, #1355, .F. ) ;
#3332 = VECTOR ( 'NONE', #4332, 1000.000000000000227 ) ;
#3333 = DIRECTION ( 'NONE',  ( 1.000000000000000000, 0.000000000000000000, 0.000000000000000000 ) ) ;
#3334 = CARTESIAN_POINT ( 'NONE',  ( -19.06999999999999673, -2.887878387081802334, -6.020000000000020002 ) ) ;
#3335 = LINE ( 'NONE', #2228, #6895 ) ;
#3336 = LINE ( 'NONE', #5749, #3133 ) ;
#3337 = CARTESIAN_POINT ( 'NONE',  ( 14.07000000000000561, 4.094999999999999751, -4.700000000000000178 ) ) ;
#3338 = ORIENTED_EDGE ( 'NONE', *, *, #1126, .F. ) ;
#3339 = ORIENTED_EDGE ( 'NONE', *, *, #6373, .T. ) ;
#3340 = ORIENTED_EDGE ( 'NONE', *, *, #4416, .T. ) ;
#3341 = VECTOR ( 'NONE', #5460, 1000.000000000000000 ) ;
#3342 = ORIENTED_EDGE ( 'NONE', *, *, #2751, .T. ) ;
#3343 = CARTESIAN_POINT ( 'NONE',  ( 18.00000000000000711, 0.000000000000000000, -5.999999999999982236 ) ) ;
#3344 = CYLINDRICAL_SURFACE ( 'NONE', #6665, 0.08000000000000281886 ) ;
#3345 = CARTESIAN_POINT ( 'NONE',  ( -14.49999999999999289, 0.000000000000000000, -5.999999999999982236 ) ) ;
#3346 = LINE ( 'NONE', #906, #3876 ) ;
#3347 = ORIENTED_EDGE ( 'NONE', *, *, #419, .F. ) ;
#3348 = ORIENTED_EDGE ( 'NONE', *, *, #4416, .F. ) ;
#3349 = PLANE ( 'NONE',  #2473 ) ;
#3350 = ORIENTED_EDGE ( 'NONE', *, *, #7165, .F. ) ;
#3351 = PRESENTATION_LAYER_ASSIGNMENT (  '', '', ( #5611 ) ) ;
#3352 = ORIENTED_EDGE ( 'NONE', *, *, #5826, .F. ) ;
#3353 = ORIENTED_EDGE ( 'NONE', *, *, #6316, .F. ) ;
#3354 = ADVANCED_FACE ( 'NONE', ( #2787 ), #3835, .T. ) ;
#3355 = DIRECTION ( 'NONE',  ( -1.000000000000000000, 0.000000000000000000, 0.000000000000000000 ) ) ;
#3356 = DIRECTION ( 'NONE',  ( -1.000000000000000000, -0.000000000000000000, -0.000000000000000000 ) ) ;
#3357 = DIRECTION ( 'NONE',  ( -0.000000000000000000, 2.843808977011159210E-15, 1.000000000000000000 ) ) ;
#3358 = DIRECTION ( 'NONE',  ( 0.000000000000000000, 0.000000000000000000, 1.000000000000000000 ) ) ;
#3359 = DIRECTION ( 'NONE',  ( 1.000000000000000000, 0.000000000000000000, 0.000000000000000000 ) ) ;
#3360 = EDGE_LOOP ( 'NONE', ( #787, #7225, #7742, #6720 ) ) ;
#3361 = AXIS2_PLACEMENT_3D ( 'NONE', #6009, #3002, #1748 ) ;
#3362 = ADVANCED_FACE ( 'NONE', ( #5145 ), #5022, .T. ) ;
#3363 = LINE ( 'NONE', #321, #2816 ) ;
#3364 = ORIENTED_EDGE ( 'NONE', *, *, #3151, .F. ) ;
#3365 = CARTESIAN_POINT ( 'NONE',  ( 11.57000000000000384, 4.094999999999999751, -9.400000000000000355 ) ) ;
#3366 = DIRECTION ( 'NONE',  ( 1.000000000000000000, -0.000000000000000000, 0.000000000000000000 ) ) ;
#3367 = CARTESIAN_POINT ( 'NONE',  ( -0.4999999999999900080, 6.100000000000000533, -5.999999999999982236 ) ) ;
#3368 = DIRECTION ( 'NONE',  ( -3.469446951953614189E-15, -0.000000000000000000, 1.000000000000000000 ) ) ;
#3369 = AXIS2_PLACEMENT_3D ( 'NONE', #6379, #333, #5179 ) ;
#3370 = VERTEX_POINT ( 'NONE', #5181 ) ;
#3371 = VECTOR ( 'NONE', #2938, 1000.000000000000000 ) ;
#3372 = VECTOR ( 'NONE', #442, 1000.000000000000000 ) ;
#3373 = EDGE_CURVE ( 'NONE', #6053, #649, #984, .T. ) ;
#3374 = VERTEX_POINT ( 'NONE', #2031 ) ;
#3375 = CARTESIAN_POINT ( 'NONE',  ( -13.42999999999999439, 3.454999999999999627, -4.700000000000000178 ) ) ;
#3376 = FACE_OUTER_BOUND ( 'NONE', #3180, .T. ) ;
#3377 = FACE_OUTER_BOUND ( 'NONE', #5482, .T. ) ;
#3378 = CARTESIAN_POINT ( 'NONE',  ( -14.06999999999999496, 4.094999999999999751, -9.400000000000000355 ) ) ;
#3379 = VECTOR ( 'NONE', #6515, 1000.000000000000227 ) ;
#3380 = LINE ( 'NONE', #4474, #3968 ) ;
#3381 = ORIENTED_EDGE ( 'NONE', *, *, #5882, .F. ) ;
#3382 = VECTOR ( 'NONE', #4247, 1000.000000000000000 ) ;
#3383 = ORIENTED_EDGE ( 'NONE', *, *, #5388, .F. ) ;
#3384 = VECTOR ( 'NONE', #4242, 1000.000000000000000 ) ;
#3385 = DIRECTION ( 'NONE',  ( 0.000000000000000000, 0.000000000000000000, -1.000000000000000000 ) ) ;
#3386 = AXIS2_PLACEMENT_3D ( 'NONE', #1266, #5431, #1947 ) ;
#3387 = LINE ( 'NONE', #5874, #7782 ) ;
#3388 = VECTOR ( 'NONE', #1548, 1000.000000000000000 ) ;
#3389 = DIRECTION ( 'NONE',  ( 0.000000000000000000, -0.000000000000000000, 1.000000000000000000 ) ) ;
#3390 = ORIENTED_EDGE ( 'NONE', *, *, #3373, .T. ) ;
#3391 = CARTESIAN_POINT ( 'NONE',  ( -19.06999999999999673, -1.356834363362289464, -5.967879242695141251 ) ) ;
#3392 = ORIENTED_EDGE ( 'NONE', *, *, #5445, .F. ) ;
#3393 = ORIENTED_EDGE ( 'NONE', *, *, #580, .T. ) ;
#3394 = CIRCLE ( 'NONE', #7131, 0.6999999999999914069 ) ;
#3395 = LINE ( 'NONE', #235, #211 ) ;
#3396 = CARTESIAN_POINT ( 'NONE',  ( -18.42999999999999616, -2.017762384446297741, -5.725791195256117128 ) ) ;
#3397 = ORIENTED_EDGE ( 'NONE', *, *, #3039, .F. ) ;
#3398 = LINE ( 'NONE', #5121, #7404 ) ;
#3399 = VERTEX_POINT ( 'NONE', #7584 ) ;
#3400 = EDGE_CURVE ( 'NONE', #6133, #5613, #5602, .T. ) ;
#3401 = VECTOR ( 'NONE', #3046, 1000.000000000000000 ) ;
#3402 = DIRECTION ( 'NONE',  ( -1.000000000000000000, 0.000000000000000000, 0.000000000000000000 ) ) ;
#3403 = EDGE_LOOP ( 'NONE', ( #2124, #5284, #965, #1487 ) ) ;
#3404 = CARTESIAN_POINT ( 'NONE',  ( -18.91999999999999460, 3.605000000000000870, 3.299999999999982503 ) ) ;
#3405 = PLANE ( 'NONE',  #6808 ) ;
#3406 = DIRECTION ( 'NONE',  ( -3.469446951953614978E-15, 0.000000000000000000, 1.000000000000000000 ) ) ;
#3407 = CARTESIAN_POINT ( 'NONE',  ( 9.500000000000008882, 0.000000000000000000, -6.999999999999982236 ) ) ;
#3408 = VERTEX_POINT ( 'NONE', #3337 ) ;
#3409 = EDGE_LOOP ( 'NONE', ( #4958, #5350, #1678, #1230 ) ) ;
#3410 = EDGE_CURVE ( 'NONE', #539, #6795, #6220, .T. ) ;
#3411 = ADVANCED_FACE ( 'NONE', ( #2702 ), #5750, .F. ) ;
#3412 = LINE ( 'NONE', #3375, #1564 ) ;
#3413 = CARTESIAN_POINT ( 'NONE',  ( 0.000000000000000000, 3.945000000000000728, 3.299999999999982503 ) ) ;
#3414 = LINE ( 'NONE', #5097, #2384 ) ;
#3415 = DIRECTION ( 'NONE',  ( -0.000000000000000000, -0.000000000000000000, 1.000000000000000000 ) ) ;
#3416 = DIRECTION ( 'NONE',  ( 1.000000000000000000, 0.000000000000000000, -0.000000000000000000 ) ) ;
#3417 = EDGE_CURVE ( 'NONE', #1912, #826, #5667, .T. ) ;
#3418 = ORIENTED_EDGE ( 'NONE', *, *, #4857, .T. ) ;
#3419 = EDGE_CURVE ( 'NONE', #1958, #144, #7424, .T. ) ;
#3420 = CARTESIAN_POINT ( 'NONE',  ( 19.07000000000000384, 3.454999999999999627, -5.999999999999982236 ) ) ;
#3421 = CARTESIAN_POINT ( 'NONE',  ( -20.29999999999999716, 5.148076211353326492, -6.999999999999987566 ) ) ;
#3422 = DIRECTION ( 'NONE',  ( 1.000000000000000000, -0.000000000000000000, -0.000000000000000000 ) ) ;
#3423 = ORIENTED_EDGE ( 'NONE', *, *, #4582, .F. ) ;
#3424 = CARTESIAN_POINT ( 'NONE',  ( 18.00000000000000711, 6.100000000000000533, -5.999999999999982236 ) ) ;
#3425 = VERTEX_POINT ( 'NONE', #5623 ) ;
#3426 = EDGE_CURVE ( 'NONE', #7092, #2705, #212, .T. ) ;
#3427 = EDGE_CURVE ( 'NONE', #4701, #7523, #7506, .T. ) ;
#3428 = EDGE_LOOP ( 'NONE', ( #3342, #2243, #2715, #5237 ) ) ;
#3429 = CARTESIAN_POINT ( 'NONE',  ( -5.929999999999994387, 4.094999999999999751, -9.400000000000000355 ) ) ;
#3430 = CARTESIAN_POINT ( 'NONE',  ( 19.07000000000000384, 3.454999999999999627, -4.700000000000000178 ) ) ;
#3431 = CONTEXT_DEPENDENT_SHAPE_REPRESENTATION ( #7033, #2765 ) ;
#3432 = VERTEX_POINT ( 'NONE', #254 ) ;
#3433 = DIRECTION ( 'NONE',  ( 0.000000000000000000, 0.000000000000000000, -1.000000000000000000 ) ) ;
#3434 = VERTEX_POINT ( 'NONE', #2659 ) ;
#3435 = ORIENTED_EDGE ( 'NONE', *, *, #1210, .T. ) ;
#3436 = ORIENTED_EDGE ( 'NONE', *, *, #5993, .F. ) ;
#3437 = VECTOR ( 'NONE', #817, 1000.000000000000000 ) ;
#3438 = FACE_OUTER_BOUND ( 'NONE', #2628, .T. ) ;
#3439 = ORIENTED_EDGE ( 'NONE', *, *, #4582, .T. ) ;
#3440 = LINE ( 'NONE', #5973, #3372 ) ;
#3441 = CARTESIAN_POINT ( 'NONE',  ( 20.29999999999999716, 0.000000000000000000, 0.000000000000000000 ) ) ;
#3442 = SURFACE_STYLE_USAGE ( .BOTH. , #7776 ) ;
#3443 = CARTESIAN_POINT ( 'NONE',  ( -19.06999999999999673, 4.094999999999999751, -5.999999999999982236 ) ) ;
#3444 = ORIENTED_EDGE ( 'NONE', *, *, #1601, .T. ) ;
#3445 = CARTESIAN_POINT ( 'NONE',  ( -0.4999999999999900080, 0.000000000000000000, -5.999999999999982236 ) ) ;
#3446 = EDGE_CURVE ( 'NONE', #3019, #5965, #2068, .T. ) ;
#3447 = PLANE ( 'NONE',  #6399 ) ;
#3448 = DIRECTION ( 'NONE',  ( 0.000000000000000000, -1.000000000000000000, 2.843808977011159210E-15 ) ) ;
#3449 = AXIS2_PLACEMENT_3D ( 'NONE', #3281, #5691, #1012 ) ;
#3450 = CARTESIAN_POINT ( 'NONE',  ( -1.999999999999991340, 0.000000000000000000, -5.999999999999982236 ) ) ;
#3451 = ORIENTED_EDGE ( 'NONE', *, *, #2894, .F. ) ;
#3452 = ORIENTED_EDGE ( 'NONE', *, *, #6693, .T. ) ;
#3453 = UNCERTAINTY_MEASURE_WITH_UNIT (LENGTH_MEASURE( 1.000000000000000082E-05 ), #41, 'distance_accuracy_value', 'NONE');
#3454 = FACE_OUTER_BOUND ( 'NONE', #1847, .T. ) ;
#3455 = EDGE_CURVE ( 'NONE', #1567, #3042, #5705, .T. ) ;
#3456 = DIRECTION ( 'NONE',  ( 0.000000000000000000, 0.000000000000000000, 1.000000000000000000 ) ) ;
#3457 = CARTESIAN_POINT ( 'NONE',  ( -18.42999999999999616, -1.087878387081802289, -5.300000000000016698 ) ) ;
#3458 = EDGE_CURVE ( 'NONE', #501, #7306, #2108, .T. ) ;
#3459 = EDGE_LOOP ( 'NONE', ( #6282, #5240, #6694, #170 ) ) ;
#3460 = DIRECTION ( 'NONE',  ( -1.000000000000000000, 0.000000000000000000, 0.000000000000000000 ) ) ;
#3461 = ORIENTED_EDGE ( 'NONE', *, *, #1426, .T. ) ;
#3462 = ORIENTED_EDGE ( 'NONE', *, *, #6650, .T. ) ;
#3463 = CIRCLE ( 'NONE', #55, 0.08000000000000397071 ) ;
#3464 = DIRECTION ( 'NONE',  ( 1.000000000000000000, 0.000000000000000000, -2.136358960562570493E-16 ) ) ;
#3465 = ADVANCED_FACE ( 'NONE', ( #6456 ), #5869, .T. ) ;
#3466 = ADVANCED_FACE ( 'NONE', ( #415 ), #5913, .F. ) ;
#3467 = CARTESIAN_POINT ( 'NONE',  ( -6.999999999999988454, 0.000000000000000000, -6.999999999999982236 ) ) ;
#3468 = CARTESIAN_POINT ( 'NONE',  ( -18.20245901447849945, 3.227459014478504251, 2.262714667361025889 ) ) ;
#3469 = LINE ( 'NONE', #2287, #7708 ) ;
#3470 = PRODUCT_CONTEXT ( 'NONE', #5971, 'mechanical' ) ;
#3471 = ORIENTED_EDGE ( 'NONE', *, *, #330, .F. ) ;
#3472 = DIRECTION ( 'NONE',  ( -0.000000000000000000, -0.000000000000000000, 1.000000000000000000 ) ) ;
#3473 = ORIENTED_EDGE ( 'NONE', *, *, #5941, .T. ) ;
#3474 = ORIENTED_EDGE ( 'NONE', *, *, #1066, .F. ) ;
#3475 = VERTEX_POINT ( 'NONE', #5217 ) ;
#3476 = ORIENTED_EDGE ( 'NONE', *, *, #5042, .T. ) ;
#3477 = CARTESIAN_POINT ( 'NONE',  ( -20.29999999999999716, 0.000000000000000000, 0.000000000000000000 ) ) ;
#3478 = EDGE_LOOP ( 'NONE', ( #588, #3654, #1, #5211 ) ) ;
#3479 = DIRECTION ( 'NONE',  ( -1.000000000000000000, 0.000000000000000000, 0.000000000000000000 ) ) ;
#3480 = CARTESIAN_POINT ( 'NONE',  ( -7.999999999999991118, 0.4000000000000000222, -5.999999999999982236 ) ) ;
#3481 = CARTESIAN_POINT ( 'NONE',  ( 7.000000000000009770, 6.100000000000000533, -6.999999999999982236 ) ) ;
#3482 = VECTOR ( 'NONE', #4102, 1000.000000000000000 ) ;
#3483 = LINE ( 'NONE', #2454, #5391 ) ;
#3484 = ORIENTED_EDGE ( 'NONE', *, *, #7307, .T. ) ;
#3485 = ORIENTED_EDGE ( 'NONE', *, *, #1200, .T. ) ;
#3486 = DIRECTION ( 'NONE',  ( -0.000000000000000000, -1.000000000000000000, -0.000000000000000000 ) ) ;
#3487 = LINE ( 'NONE', #5375, #6766 ) ;
#3488 = CARTESIAN_POINT ( 'NONE',  ( -12.99999999999999112, 0.000000000000000000, -6.999999999999982236 ) ) ;
#3489 = VECTOR ( 'NONE', #6423, 1000.000000000000000 ) ;
#3490 = LINE ( 'NONE', #5302, #1437 ) ;
#3491 = VECTOR ( 'NONE', #3661, 1000.000000000000000 ) ;
#3492 = EDGE_LOOP ( 'NONE', ( #548, #4173, #6303, #2177 ) ) ;
#3493 = CARTESIAN_POINT ( 'NONE',  ( -18.57999999999999474, -3.399999999999999467, -5.380000000000022098 ) ) ;
#3494 = ORIENTED_EDGE ( 'NONE', *, *, #4174, .T. ) ;
#3495 = EDGE_CURVE ( 'NONE', #3860, #7426, #5304, .T. ) ;
#3496 =( REPRESENTATION_RELATIONSHIP ('NONE','NONE', #1840, #6435 ) REPRESENTATION_RELATIONSHIP_WITH_TRANSFORMATION ( #702 )SHAPE_REPRESENTATION_RELATIONSHIP( ) );
#3497 = DIRECTION ( 'NONE',  ( -0.000000000000000000, -0.000000000000000000, 1.000000000000000000 ) ) ;
#3498 = DIRECTION ( 'NONE',  ( -0.000000000000000000, 1.000000000000000000, -0.000000000000000000 ) ) ;
#3499 = AXIS2_PLACEMENT_3D ( 'NONE', #5570, #6207, #5607 ) ;
#3500 = CARTESIAN_POINT ( 'NONE',  ( -19.24999999999999645, 5.275000000000007461, -2.999999999999988898 ) ) ;
#3501 = FACE_OUTER_BOUND ( 'NONE', #434, .T. ) ;
#3502 = ORIENTED_EDGE ( 'NONE', *, *, #2159, .F. ) ;
#3503 = VERTEX_POINT ( 'NONE', #1611 ) ;
#3504 = EDGE_CURVE ( 'NONE', #287, #2482, #6500, .T. ) ;
#3505 = VECTOR ( 'NONE', #880, 1000.000000000000000 ) ;
#3506 = VECTOR ( 'NONE', #3170, 1000.000000000000000 ) ;
#3507 = DIRECTION ( 'NONE',  ( -0.000000000000000000, 1.000000000000000000, -0.000000000000000000 ) ) ;
#3508 = AXIS2_PLACEMENT_3D ( 'NONE', #6058, #3048, #2893 ) ;
#3509 = SURFACE_SIDE_STYLE ('',( #4778 ) ) ;
#3510 = CARTESIAN_POINT ( 'NONE',  ( -10.49999999999999112, 0.000000000000000000, -5.999999999999982236 ) ) ;
#3511 = LINE ( 'NONE', #3000, #5059 ) ;
#3512 = AXIS2_PLACEMENT_3D ( 'NONE', #6549, #5809, #5919 ) ;
#3513 = FACE_OUTER_BOUND ( 'NONE', #4222, .T. ) ;
#3514 = ORIENTED_EDGE ( 'NONE', *, *, #2250, .F. ) ;
#3515 = VERTEX_POINT ( 'NONE', #4081 ) ;
#3516 = ADVANCED_FACE ( 'NONE', ( #7016 ), #1651, .F. ) ;
#3517 = EDGE_CURVE ( 'NONE', #609, #7251, #452, .T. ) ;
#3518 = ORIENTED_EDGE ( 'NONE', *, *, #1864, .F. ) ;
#3519 = EDGE_CURVE ( 'NONE', #2615, #4758, #6427, .T. ) ;
#3520 = DIRECTION ( 'NONE',  ( 1.000000000000000000, -0.000000000000000000, -0.000000000000000000 ) ) ;
#3521 = ORIENTED_EDGE ( 'NONE', *, *, #7590, .F. ) ;
#3522 = LINE ( 'NONE', #7729, #5383 ) ;
#3523 = FACE_BOUND ( 'NONE', #5108, .T. ) ;
#3524 = CARTESIAN_POINT ( 'NONE',  ( -18.57999999999999474, 4.336808689942017736E-16, 3.299999999999982503 ) ) ;
#3525 = VERTEX_POINT ( 'NONE', #5263 ) ;
#3526 = ORIENTED_EDGE ( 'NONE', *, *, #1789, .T. ) ;
#3527 = EDGE_CURVE ( 'NONE', #6123, #7124, #1026, .T. ) ;
#3528 = CARTESIAN_POINT ( 'NONE',  ( 5.500000000000011546, 0.000000000000000000, -6.999999999999982236 ) ) ;
#3529 = CARTESIAN_POINT ( 'NONE',  ( -19.19999999999998153, 6.100000000000000533, -0.8443375672973876256 ) ) ;
#3530 = LINE ( 'NONE', #2309, #4986 ) ;
#3531 = VECTOR ( 'NONE', #443, 1000.000000000000000 ) ;
#3532 = PLANE ( 'NONE',  #5515 ) ;
#3533 = ORIENTED_EDGE ( 'NONE', *, *, #3836, .T. ) ;
#3534 = ORIENTED_EDGE ( 'NONE', *, *, #1029, .F. ) ;
#3535 = CARTESIAN_POINT ( 'NONE',  ( 0.000000000000000000, 3.945000000000000728, 3.299999999999982503 ) ) ;
#3536 = LINE ( 'NONE', #3062, #5522 ) ;
#3537 = ADVANCED_FACE ( 'NONE', ( #2277 ), #2232, .F. ) ;
#3538 = DIRECTION ( 'NONE',  ( -0.3236155771181850604, 0.3236155771181850604, 0.8891264907159880382 ) ) ;
#3539 = CARTESIAN_POINT ( 'NONE',  ( -6.569999999999995843, 4.094999999999999751, -5.999999999999982236 ) ) ;
#3540 = ORIENTED_EDGE ( 'NONE', *, *, #5794, .T. ) ;
#3541 = ORIENTED_EDGE ( 'NONE', *, *, #7144, .T. ) ;
#3542 = CARTESIAN_POINT ( 'NONE',  ( 21.19999999999999929, 4.275000000000021672, -3.100000000000001865 ) ) ;
#3543 = FACE_OUTER_BOUND ( 'NONE', #1453, .T. ) ;
#3544 = EDGE_CURVE ( 'NONE', #7703, #856, #1153, .T. ) ;
#3545 = CARTESIAN_POINT ( 'NONE',  ( -2.999999999999992450, 0.4000000000000000222, -5.999999999999982236 ) ) ;
#3546 = LINE ( 'NONE', #5888, #1301 ) ;
#3547 = CARTESIAN_POINT ( 'NONE',  ( 9.070000000000005613, 4.094999999999999751, -9.400000000000000355 ) ) ;
#3548 = VERTEX_POINT ( 'NONE', #2914 ) ;
#3549 = VERTEX_POINT ( 'NONE', #4139 ) ;
#3550 = DIRECTION ( 'NONE',  ( -0.000000000000000000, 1.000000000000000000, -0.000000000000000000 ) ) ;
#3551 = EDGE_LOOP ( 'NONE', ( #7173, #641, #4816, #6432 ) ) ;
#3552 = ADVANCED_FACE ( 'NONE', ( #3579 ), #4470, .F. ) ;
#3553 = CARTESIAN_POINT ( 'NONE',  ( 9.500000000000008882, 6.100000000000000533, -5.999999999999982236 ) ) ;
#3554 = PLANE ( 'NONE',  #2400 ) ;
#3555 = LINE ( 'NONE', #1650, #745 ) ;
#3556 = CARTESIAN_POINT ( 'NONE',  ( -18.42999999999999616, 4.094999999999999751, -4.700000000000017053 ) ) ;
#3557 = EDGE_CURVE ( 'NONE', #2026, #1389, #6003, .T. ) ;
#3559 = ORIENTED_EDGE ( 'NONE', *, *, #4089, .F. ) ;
#3558 = EDGE_CURVE ( 'NONE', #6923, #7122, #7756, .T. ) ;
#3560 = VECTOR ( 'NONE', #7427, 1000.000000000000000 ) ;
#3561 = FACE_OUTER_BOUND ( 'NONE', #4962, .T. ) ;
#3562 = EDGE_CURVE ( 'NONE', #6968, #6540, #589, .T. ) ;
#3563 = CARTESIAN_POINT ( 'NONE',  ( 2.000000000000008882, 0.000000000000000000, -5.999999999999982236 ) ) ;
#3564 = LINE ( 'NONE', #2393, #2598 ) ;
#3565 = VECTOR ( 'NONE', #2946, 1000.000000000000000 ) ;
#3566 = EDGE_CURVE ( 'NONE', #3269, #7330, #4252, .T. ) ;
#3567 = CARTESIAN_POINT ( 'NONE',  ( -18.42999999999999616, -1.117762384446302049, -5.374208804743922485 ) ) ;
#3568 = EDGE_LOOP ( 'NONE', ( #2911, #7270, #6747, #1036 ) ) ;
#3569 = ORIENTED_EDGE ( 'NONE', *, *, #813, .F. ) ;
#3570 = DIRECTION ( 'NONE',  ( 0.000000000000000000, 0.000000000000000000, -1.000000000000000000 ) ) ;
#3571 = VECTOR ( 'NONE', #4903, 1000.000000000000000 ) ;
#3572 = DIRECTION ( 'NONE',  ( -1.000000000000000000, -0.000000000000000000, -0.000000000000000000 ) ) ;
#3573 = DIRECTION ( 'NONE',  ( -0.000000000000000000, -0.000000000000000000, 1.000000000000000000 ) ) ;
#3574 = CARTESIAN_POINT ( 'NONE',  ( 5.500000000000011546, 6.100000000000000533, -6.999999999999982236 ) ) ;
#3575 = VERTEX_POINT ( 'NONE', #510 ) ;
#3576 = ORIENTED_EDGE ( 'NONE', *, *, #4303, .T. ) ;
#3577 = AXIS2_PLACEMENT_3D ( 'NONE', #7200, #3520, #2296 ) ;
#3578 = ORIENTED_EDGE ( 'NONE', *, *, #6062, .F. ) ;
#3579 = FACE_OUTER_BOUND ( 'NONE', #7768, .T. ) ;
#3580 = FACE_OUTER_BOUND ( 'NONE', #754, .T. ) ;
#3581 = FACE_OUTER_BOUND ( 'NONE', #3240, .T. ) ;
#3582 = DIRECTION ( 'NONE',  ( 1.000000000000000000, 0.000000000000000000, -0.000000000000000000 ) ) ;
#3583 = ITEM_DEFINED_TRANSFORMATION ( 'NONE', 'NONE', #4863,  #7741 ) ;
#3584 = VERTEX_POINT ( 'NONE', #4775 ) ;
#3585 = LINE ( 'NONE', #3547, #3099 ) ;
#3586 = VERTEX_POINT ( 'NONE', #1113 ) ;
#3587 = EDGE_LOOP ( 'NONE', ( #722, #3998, #1318, #2040, #746, #2485 ) ) ;
#3588 = ORIENTED_EDGE ( 'NONE', *, *, #4673, .F. ) ;
#3589 = EDGE_CURVE ( 'NONE', #1389, #4961, #6555, .T. ) ;
#3590 = VECTOR ( 'NONE', #3212, 1000.000000000000000 ) ;
#3591 = VECTOR ( 'NONE', #3406, 1000.000000000000000 ) ;
#3592 = DIRECTION ( 'NONE',  ( -3.469446951953614978E-15, 0.000000000000000000, 1.000000000000000000 ) ) ;
#3593 = ORIENTED_EDGE ( 'NONE', *, *, #878, .T. ) ;
#3594 = CARTESIAN_POINT ( 'NONE',  ( 13.43000000000000504, 4.094999999999999751, -5.999999999999982236 ) ) ;
#3595 = DIRECTION ( 'NONE',  ( 0.000000000000000000, -1.000000000000000000, 5.421010862427523403E-17 ) ) ;
#3596 =( NAMED_UNIT ( * ) SI_UNIT ( $, .STERADIAN. ) SOLID_ANGLE_UNIT ( ) );
#3597 = CARTESIAN_POINT ( 'NONE',  ( -16.56999999999999673, 4.094999999999999751, -4.700000000000000178 ) ) ;
#3598 = DIRECTION ( 'NONE',  ( -1.000000000000000000, 0.000000000000000000, 0.000000000000000000 ) ) ;
#3599 = VERTEX_POINT ( 'NONE', #3542 ) ;
#3600 = AXIS2_PLACEMENT_3D ( 'NONE', #2135, #6238, #1547 ) ;
#3601 = EDGE_CURVE ( 'NONE', #6436, #5754, #1271, .T. ) ;
#3602 = EDGE_CURVE ( 'NONE', #5588, #1393, #2476, .T. ) ;
#3603 = DIRECTION ( 'NONE',  ( -0.000000000000000000, 1.000000000000000000, -0.000000000000000000 ) ) ;
#3604 = VECTOR ( 'NONE', #7433, 1000.000000000000000 ) ;
#3605 = DIRECTION ( 'NONE',  ( 0.000000000000000000, 0.000000000000000000, -1.000000000000000000 ) ) ;
#3606 = CARTESIAN_POINT ( 'NONE',  ( -3.429999999999995719, 3.454999999999999627, -9.400000000000000355 ) ) ;
#3607 = CARTESIAN_POINT ( 'NONE',  ( 21.19999999999999929, 4.575000000000019718, -2.400000000000010569 ) ) ;
#3608 = EDGE_LOOP ( 'NONE', ( #2406, #4916, #2079, #1824 ) ) ;
#3609 = VECTOR ( 'NONE', #5801, 1000.000000000000000 ) ;
#3610 = EDGE_CURVE ( 'NONE', #3134, #3626, #6628, .T. ) ;
#3611 = PRODUCT_DEFINITION_CONTEXT ( 'detailed design', #2336, 'design' ) ;
#3612 = LINE ( 'NONE', #5951, #5455 ) ;
#3613 = DIRECTION ( 'NONE',  ( 1.000000000000000000, 0.000000000000000000, -0.000000000000000000 ) ) ;
#3614 = MECHANICAL_DESIGN_GEOMETRIC_PRESENTATION_REPRESENTATION (  '', ( #203 ), #2091 ) ;
#3615 = CARTESIAN_POINT ( 'NONE',  ( 20.29999999999999716, 0.4000000000000000222, 0.000000000000000000 ) ) ;
#3616 = CARTESIAN_POINT ( 'NONE',  ( 13.00000000000000888, 0.000000000000000000, -5.999999999999982236 ) ) ;
#3617 = VERTEX_POINT ( 'NONE', #4178 ) ;
#3618 = VERTEX_POINT ( 'NONE', #6589 ) ;
#3619 = VECTOR ( 'NONE', #6063, 1000.000000000000000 ) ;
#3620 = CARTESIAN_POINT ( 'NONE',  ( -18.42999999999999616, -1.087878387081801623, -6.020000000000020890 ) ) ;
#3621 = VECTOR ( 'NONE', #1002, 1000.000000000000114 ) ;
#3622 = DIRECTION ( 'NONE',  ( 0.000000000000000000, 1.000000000000000000, -0.000000000000000000 ) ) ;
#3623 = FACE_OUTER_BOUND ( 'NONE', #2240, .T. ) ;
#3624 = CARTESIAN_POINT ( 'NONE',  ( 0.9300000000000037126, 3.454999999999999627, -9.400000000000000355 ) ) ;
#3625 = DIRECTION ( 'NONE',  ( -1.000000000000000000, 0.000000000000000000, 0.000000000000000000 ) ) ;
#3626 = VERTEX_POINT ( 'NONE', #1188 ) ;
#3627 = AXIS2_PLACEMENT_3D ( 'NONE', #7145, #7759, #4779 ) ;
#3628 = VECTOR ( 'NONE', #1982, 1000.000000000000000 ) ;
#3629 = ORIENTED_EDGE ( 'NONE', *, *, #478, .F. ) ;
#3630 = AXIS2_PLACEMENT_3D ( 'NONE', #4485, #1534, #2666 ) ;
#3631 = FACE_OUTER_BOUND ( 'NONE', #7366, .T. ) ;
#3632 = VECTOR ( 'NONE', #5841, 1000.000000000000000 ) ;
#3633 = DIRECTION ( 'NONE',  ( 0.000000000000000000, -0.000000000000000000, -1.000000000000000000 ) ) ;
#3634 = CARTESIAN_POINT ( 'NONE',  ( 5.500000000000007994, 6.100000000000000533, -5.999999999999982236 ) ) ;
#3635 = VECTOR ( 'NONE', #2160, 1000.000000000000000 ) ;
#3636 = SHAPE_REPRESENTATION_RELATIONSHIP ( 'NONE' , 'NONE' ,  #6686, #794 ) ;
#3637 = VECTOR ( 'NONE', #191, 1000.000000000000000 ) ;
#3638 = CARTESIAN_POINT ( 'NONE',  ( 8.430000000000003268, 3.454999999999999627, -4.700000000000000178 ) ) ;
#3639 = EDGE_CURVE ( 'NONE', #3267, #322, #4880, .T. ) ;
#3640 = ORIENTED_EDGE ( 'NONE', *, *, #6977, .T. ) ;
#3641 = ORIENTED_EDGE ( 'NONE', *, *, #429, .F. ) ;
#3642 = DIRECTION ( 'NONE',  ( 0.000000000000000000, 1.000000000000000000, -0.000000000000000000 ) ) ;
#3643 = FACE_OUTER_BOUND ( 'NONE', #300, .T. ) ;
#3644 = CARTESIAN_POINT ( 'NONE',  ( 18.00000000000001066, 0.000000000000000000, -6.999999999999982236 ) ) ;
#3645 = FACE_OUTER_BOUND ( 'NONE', #4523, .T. ) ;
#3646 = CARTESIAN_POINT ( 'NONE',  ( 4.500000000000007105, 6.100000000000000533, -5.999999999999982236 ) ) ;
#3647 = ADVANCED_FACE ( 'NONE', ( #5399 ), #2408, .F. ) ;
#3648 = ORIENTED_EDGE ( 'NONE', *, *, #3455, .F. ) ;
#3649 = EDGE_CURVE ( 'NONE', #490, #5212, #5313, .T. ) ;
#3650 = CARTESIAN_POINT ( 'NONE',  ( 2.000000000000008882, 0.4000000000000000222, -5.999999999999982236 ) ) ;
#3651 = CARTESIAN_POINT ( 'NONE',  ( -18.42999999999999616, 4.094999999999999751, -4.700000000000017053 ) ) ;
#3652 = EDGE_CURVE ( 'NONE', #3323, #5518, #3034, .T. ) ;
#3653 = CARTESIAN_POINT ( 'NONE',  ( -19.06999999999999673, 4.094999999999999751, 2.887878387081787679 ) ) ;
#3654 = ORIENTED_EDGE ( 'NONE', *, *, #2992, .F. ) ;
#3655 = DIRECTION ( 'NONE',  ( -3.469446951953614978E-15, 0.000000000000000000, 1.000000000000000000 ) ) ;
#3656 = ORIENTED_EDGE ( 'NONE', *, *, #1103, .T. ) ;
#3657 = EDGE_CURVE ( 'NONE', #5837, #5555, #665, .T. ) ;
#3658 = EDGE_LOOP ( 'NONE', ( #5100, #857, #6450, #4377 ) ) ;
#3659 = ORIENTED_EDGE ( 'NONE', *, *, #3202, .F. ) ;
#3660 = CARTESIAN_POINT ( 'NONE',  ( 19.19999999999998153, 1.301022143997293101, -0.5556624327025833088 ) ) ;
#3661 = DIRECTION ( 'NONE',  ( 1.000000000000000000, 0.000000000000000000, -2.136358960562570493E-16 ) ) ;
#3662 = EDGE_CURVE ( 'NONE', #6363, #4476, #61, .T. ) ;
#3663 = CARTESIAN_POINT ( 'NONE',  ( 20.35000000000000142, 5.275000000000007461, 0.000000000000000000 ) ) ;
#3664 = DIRECTION ( 'NONE',  ( -0.000000000000000000, 1.000000000000000000, 1.404634393503488270E-16 ) ) ;
#3665 = EDGE_CURVE ( 'NONE', #887, #2922, #703, .T. ) ;
#3666 = ITEM_DEFINED_TRANSFORMATION ( 'NONE', 'NONE', #1950,  #7741 ) ;
#3667 = ORIENTED_EDGE ( 'NONE', *, *, #1334, .F. ) ;
#3668 = CARTESIAN_POINT ( 'NONE',  ( 14.50000000000000888, 0.000000000000000000, -5.999999999999982236 ) ) ;
#3669 = ORIENTED_EDGE ( 'NONE', *, *, #45, .T. ) ;
#3670 = ORIENTED_EDGE ( 'NONE', *, *, #1063, .T. ) ;
#3671 = DIRECTION ( 'NONE',  ( 0.000000000000000000, 0.000000000000000000, -1.000000000000000000 ) ) ;
#3672 = CARTESIAN_POINT ( 'NONE',  ( 5.930000000000005045, 3.454999999999999627, -4.700000000000000178 ) ) ;
#3673 = DIRECTION ( 'NONE',  ( 0.000000000000000000, -1.000000000000000000, 0.000000000000000000 ) ) ;
#3674 = SURFACE_STYLE_FILL_AREA ( #4826 ) ;
#3675 = LINE ( 'NONE', #7441, #5400 ) ;
#3676 = VERTEX_POINT ( 'NONE', #4401 ) ;
#3677 = EDGE_LOOP ( 'NONE', ( #2156, #2435, #2201, #1165 ) ) ;
#3678 = CARTESIAN_POINT ( 'NONE',  ( 10.93000000000000149, 4.094999999999999751, -9.400000000000000355 ) ) ;
#3679 = CARTESIAN_POINT ( 'NONE',  ( -19.06999999999999673, -2.887878387081802334, -5.380000000000021210 ) ) ;
#3680 = CARTESIAN_POINT ( 'NONE',  ( -8.429999999999994387, 4.094999999999999751, -9.400000000000000355 ) ) ;
#3681 = DIRECTION ( 'NONE',  ( 0.000000000000000000, -1.000000000000000000, 0.000000000000000000 ) ) ;
#3682 = DIRECTION ( 'NONE',  ( -0.8660254037844433705, 0.000000000000000000, 0.4999999999999919509 ) ) ;
#3683 = VECTOR ( 'NONE', #2954, 1000.000000000000114 ) ;
#3684 = VERTEX_POINT ( 'NONE', #6189 ) ;
#3685 = CIRCLE ( 'NONE', #3058, 0.6800000000000034905 ) ;
#3686 = ORIENTED_EDGE ( 'NONE', *, *, #1787, .T. ) ;
#3687 = EDGE_CURVE ( 'NONE', #5943, #7468, #4289, .T. ) ;
#3688 = AXIS2_PLACEMENT_3D ( 'NONE', #7420, #206, #736 ) ;
#3689 = DIRECTION ( 'NONE',  ( 1.000000000000000000, 0.000000000000000000, -2.136358960562570493E-16 ) ) ;
#3690 = DIRECTION ( 'NONE',  ( 1.000000000000000000, 0.000000000000000000, -0.000000000000000000 ) ) ;
#3691 = CARTESIAN_POINT ( 'NONE',  ( 8.430000000000003268, 3.454999999999999627, -4.700000000000000178 ) ) ;
#3692 = ORIENTED_EDGE ( 'NONE', *, *, #2447, .T. ) ;
#3693 = CARTESIAN_POINT ( 'NONE',  ( -15.92999999999999616, 4.094999999999999751, -9.400000000000000355 ) ) ;
#3694 = ORIENTED_EDGE ( 'NONE', *, *, #1915, .F. ) ;
#3695 = ORIENTED_EDGE ( 'NONE', *, *, #7542, .F. ) ;
#3696 = AXIS2_PLACEMENT_3D ( 'NONE', #1096, #2307, #7125 ) ;
#3697 = EDGE_CURVE ( 'NONE', #6119, #5167, #136, .T. ) ;
#3698 = LINE ( 'NONE', #2518, #2041 ) ;
#3699 = DIRECTION ( 'NONE',  ( 1.000000000000000000, 0.000000000000000000, 0.000000000000000000 ) ) ;
#3700 = CARTESIAN_POINT ( 'NONE',  ( -11.56999999999999673, 3.454999999999999627, -9.400000000000000355 ) ) ;
#3701 = EDGE_LOOP ( 'NONE', ( #6568, #6270, #2378, #7520 ) ) ;
#3702 = AXIS2_PLACEMENT_3D ( 'NONE', #4189, #2846, #7116 ) ;
#3703 = CARTESIAN_POINT ( 'NONE',  ( -19.06999999999999673, -1.117762384446300938, -5.374208804743923373 ) ) ;
#3704 = ORIENTED_EDGE ( 'NONE', *, *, #1835, .F. ) ;
#3705 = VERTEX_POINT ( 'NONE', #4439 ) ;
#3706 = EDGE_LOOP ( 'NONE', ( #3461, #1476, #7566, #3559 ) ) ;
#3707 = EDGE_CURVE ( 'NONE', #7330, #5854, #6817, .T. ) ;
#3708 = CARTESIAN_POINT ( 'NONE',  ( -3.429999999999995719, 3.454999999999999627, -4.700000000000000178 ) ) ;
#3709 = DIRECTION ( 'NONE',  ( -0.000000000000000000, 1.000000000000000000, -0.000000000000000000 ) ) ;
#3710 = DIRECTION ( 'NONE',  ( -1.000000000000000000, 0.000000000000000000, -3.469446951953614978E-15 ) ) ;
#3711 = DIRECTION ( 'NONE',  ( 0.000000000000000000, 0.000000000000000000, -1.000000000000000000 ) ) ;
#3712 = ORIENTED_EDGE ( 'NONE', *, *, #1864, .T. ) ;
#3713 = ORIENTED_EDGE ( 'NONE', *, *, #3527, .F. ) ;
#3714 = DIRECTION ( 'NONE',  ( 1.000000000000000000, -0.000000000000000000, -0.000000000000000000 ) ) ;
#3715 = DIRECTION ( 'NONE',  ( 0.000000000000000000, 0.9276100592987797100, -0.3735499670562350549 ) ) ;
#3716 = LINE ( 'NONE', #3680, #7761 ) ;
#3717 = PLANE ( 'NONE',  #7253 ) ;
#3718 = DIRECTION ( 'NONE',  ( -0.000000000000000000, 1.000000000000000000, -0.000000000000000000 ) ) ;
#3719 = ORIENTED_EDGE ( 'NONE', *, *, #755, .T. ) ;
#3720 = ORIENTED_EDGE ( 'NONE', *, *, #531, .F. ) ;
#3721 = FACE_OUTER_BOUND ( 'NONE', #422, .T. ) ;
#3722 = CARTESIAN_POINT ( 'NONE',  ( -19.06999999999999673, 2.774999999999997247, -6.020000000000020890 ) ) ;
#3723 = DIRECTION ( 'NONE',  ( 0.000000000000000000, 3.285461128743944150E-16, -1.000000000000000000 ) ) ;
#3724 = EDGE_LOOP ( 'NONE', ( #2137, #1259, #5202, #109 ) ) ;
#3725 = VECTOR ( 'NONE', #6508, 1000.000000000000000 ) ;
#3726 = CARTESIAN_POINT ( 'NONE',  ( 0.000000000000000000, 0.4000000000000000222, -5.999999999999982236 ) ) ;
#3727 = EDGE_CURVE ( 'NONE', #6240, #3873, #5586, .T. ) ;
#3728 = ORIENTED_EDGE ( 'NONE', *, *, #6168, .F. ) ;
#3729 = VECTOR ( 'NONE', #2857, 1000.000000000000000 ) ;
#3730 = DIRECTION ( 'NONE',  ( -0.000000000000000000, -0.000000000000000000, -1.000000000000000000 ) ) ;
#3731 = DIRECTION ( 'NONE',  ( 1.000000000000000000, 0.000000000000000000, -0.000000000000000000 ) ) ;
#3732 = DIRECTION ( 'NONE',  ( 0.000000000000000000, 0.000000000000000000, -1.000000000000000000 ) ) ;
#3733 = DIRECTION ( 'NONE',  ( 0.000000000000000000, 0.3735499670562308916, 0.9276100592987813753 ) ) ;
#3734 = ORIENTED_EDGE ( 'NONE', *, *, #3271, .F. ) ;
#3735 = DIRECTION ( 'NONE',  ( -1.000000000000000000, 0.000000000000000000, -3.469446951953614978E-15 ) ) ;
#3736 = ORIENTED_EDGE ( 'NONE', *, *, #3167, .F. ) ;
#3737 = EDGE_CURVE ( 'NONE', #4531, #5320, #258, .T. ) ;
#3738 = VECTOR ( 'NONE', #121, 1000.000000000000000 ) ;
#3739 = ORIENTED_EDGE ( 'NONE', *, *, #6892, .F. ) ;
#3740 = ADVANCED_FACE ( 'NONE', ( #3105 ), #7393, .F. ) ;
#3741 = VECTOR ( 'NONE', #5656, 1000.000000000000000 ) ;
#3742 = VERTEX_POINT ( 'NONE', #2552 ) ;
#3743 = LINE ( 'NONE', #6089, #2322 ) ;
#3744 = VECTOR ( 'NONE', #1894, 1000.000000000000000 ) ;
#3745 = DIRECTION ( 'NONE',  ( 1.000000000000000000, 0.000000000000000000, 0.000000000000000000 ) ) ;
#3746 = DIRECTION ( 'NONE',  ( -0.000000000000000000, 0.000000000000000000, 1.000000000000000000 ) ) ;
#3747 = EDGE_LOOP ( 'NONE', ( #1220, #60, #7035, #2330 ) ) ;
#3748 = AXIS2_PLACEMENT_3D ( 'NONE', #1663, #592, #5280 ) ;
#3749 = DIRECTION ( 'NONE',  ( 1.000000000000000000, 0.000000000000000000, -0.000000000000000000 ) ) ;
#3750 = EDGE_CURVE ( 'NONE', #5942, #995, #6738, .T. ) ;
#3751 = ORIENTED_EDGE ( 'NONE', *, *, #5344, .F. ) ;
#3752 = VECTOR ( 'NONE', #6578, 1000.000000000000000 ) ;
#3753 = VECTOR ( 'NONE', #4802, 1000.000000000000000 ) ;
#3754 = VECTOR ( 'NONE', #5430, 1000.000000000000000 ) ;
#3755 = DIRECTION ( 'NONE',  ( 0.000000000000000000, 0.000000000000000000, 1.000000000000000000 ) ) ;
#3756 = CARTESIAN_POINT ( 'NONE',  ( -19.24999999999999645, 6.100000000000000533, 0.000000000000000000 ) ) ;
#3757 = CARTESIAN_POINT ( 'NONE',  ( -5.929999999999994387, 3.454999999999999627, -5.999999999999982236 ) ) ;
#3758 = LINE ( 'NONE', #7313, #3341 ) ;
#3759 = PLANE ( 'NONE',  #6155 ) ;
#3760 = ADVANCED_FACE ( 'NONE', ( #6703 ), #1953, .F. ) ;
#3761 = VECTOR ( 'NONE', #2090, 1000.000000000000000 ) ;
#3762 = CARTESIAN_POINT ( 'NONE',  ( 14.50000000000000888, 0.4000000000000000222, -5.999999999999982236 ) ) ;
#3763 = CARTESIAN_POINT ( 'NONE',  ( 12.00000000000000711, 0.000000000000000000, -5.999999999999982236 ) ) ;
#3764 = DIRECTION ( 'NONE',  ( 1.000000000000000000, 0.000000000000000000, 0.000000000000000000 ) ) ;
#3765 = CARTESIAN_POINT ( 'NONE',  ( -20.29999999999999716, 0.4000000000000000222, 0.000000000000000000 ) ) ;
#3766 = ORIENTED_EDGE ( 'NONE', *, *, #7352, .T. ) ;
#3767 = VERTEX_POINT ( 'NONE', #6226 ) ;
#3768 = ORIENTED_EDGE ( 'NONE', *, *, #2812, .F. ) ;
#3769 = CARTESIAN_POINT ( 'NONE',  ( 9.070000000000005613, 3.454999999999999627, -9.400000000000000355 ) ) ;
#3770 = EDGE_CURVE ( 'NONE', #2795, #7019, #6113, .T. ) ;
#3771 = CARTESIAN_POINT ( 'NONE',  ( 13.00000000000000888, 6.100000000000000533, -5.999999999999982236 ) ) ;
#3772 = LINE ( 'NONE', #2479, #5136 ) ;
#3773 = CARTESIAN_POINT ( 'NONE',  ( -10.92999999999999616, 3.454999999999999627, -4.700000000000000178 ) ) ;
#3774 = ORIENTED_EDGE ( 'NONE', *, *, #3794, .T. ) ;
#3775 = LINE ( 'NONE', #6194, #454 ) ;
#3776 = ORIENTED_EDGE ( 'NONE', *, *, #7264, .F. ) ;
#3777 = ORIENTED_EDGE ( 'NONE', *, *, #3446, .T. ) ;
#3778 = ORIENTED_EDGE ( 'NONE', *, *, #5135, .F. ) ;
#3779 = EDGE_CURVE ( 'NONE', #7228, #2174, #6152, .T. ) ;
#3780 = LINE ( 'NONE', #7370, #7348 ) ;
#3781 = DIRECTION ( 'NONE',  ( -0.3236155771181850604, -0.3236155771181850604, -0.8891264907159880382 ) ) ;
#3782 = PLANE ( 'NONE',  #349 ) ;
#3783 = VERTEX_POINT ( 'NONE', #1300 ) ;
#3784 = CARTESIAN_POINT ( 'NONE',  ( -18.42999999999999616, -2.887878387081802778, -5.300000000000016698 ) ) ;
#3785 = ORIENTED_EDGE ( 'NONE', *, *, #2151, .T. ) ;
#3786 = EDGE_CURVE ( 'NONE', #6225, #3147, #4356, .T. ) ;
#3787 = CARTESIAN_POINT ( 'NONE',  ( -20.29999999999999716, 2.549999999999999822, -11.49999999999999645 ) ) ;
#3788 = LINE ( 'NONE', #4934, #4502 ) ;
#3789 = CARTESIAN_POINT ( 'NONE',  ( -5.499999999999991118, 6.100000000000000533, -5.999999999999982236 ) ) ;
#3790 = EDGE_CURVE ( 'NONE', #6897, #7092, #2034, .T. ) ;
#3791 = DIRECTION ( 'NONE',  ( -0.000000000000000000, 1.000000000000000000, -0.000000000000000000 ) ) ;
#3792 = DIRECTION ( 'NONE',  ( 0.000000000000000000, -1.000000000000000000, 0.000000000000000000 ) ) ;
#3793 = ORIENTED_EDGE ( 'NONE', *, *, #3985, .F. ) ;
#3794 = EDGE_CURVE ( 'NONE', #4157, #4568, #5672, .T. ) ;
#3795 = CARTESIAN_POINT ( 'NONE',  ( -19.09999999999998721, 1.301022143997293101, -0.6133974596215392427 ) ) ;
#3796 = CARTESIAN_POINT ( 'NONE',  ( 21.19999999999999929, 6.100000000000000533, 0.000000000000000000 ) ) ;
#3797 = DIRECTION ( 'NONE',  ( -0.000000000000000000, 0.9396926207859083169, -0.3420201433256692125 ) ) ;
#3798 = CARTESIAN_POINT ( 'NONE',  ( -18.54999999999999361, 1.301022143997293101, -3.699999999999991296 ) ) ;
#3799 = CARTESIAN_POINT ( 'NONE',  ( -19.14999999999997371, 6.100000000000000533, -0.9309401076758535565 ) ) ;
#3800 = ORIENTED_EDGE ( 'NONE', *, *, #4820, .F. ) ;
#3801 = VECTOR ( 'NONE', #5099, 1000.000000000000000 ) ;
#3802 = ORIENTED_EDGE ( 'NONE', *, *, #3900, .T. ) ;
#3803 = DIRECTION ( 'NONE',  ( -0.000000000000000000, -0.000000000000000000, 1.000000000000000000 ) ) ;
#3804 = FACE_OUTER_BOUND ( 'NONE', #4083, .T. ) ;
#3805 = LINE ( 'NONE', #819, #4765 ) ;
#3806 = DIRECTION ( 'NONE',  ( 1.000000000000000000, -0.000000000000000000, -0.000000000000000000 ) ) ;
#3807 = VERTEX_POINT ( 'NONE', #3842 ) ;
#3808 = LINE ( 'NONE', #106, #4483 ) ;
#3809 = EDGE_LOOP ( 'NONE', ( #3533, #2372, #7605, #924 ) ) ;
#3810 = EDGE_LOOP ( 'NONE', ( #2524, #2350, #4052, #5229 ) ) ;
#3811 = ORIENTED_EDGE ( 'NONE', *, *, #2436, .T. ) ;
#3812 = CARTESIAN_POINT ( 'NONE',  ( 6.570000000000006501, 4.094999999999999751, -4.700000000000000178 ) ) ;
#3813 = AXIS2_PLACEMENT_3D ( 'NONE', #5168, #6288, #2686 ) ;
#3814 = CARTESIAN_POINT ( 'NONE',  ( -19.06999999999999673, -2.987878387081802423, -5.380000000000022098 ) ) ;
#3815 = LINE ( 'NONE', #2452, #473 ) ;
#3816 = PLANE ( 'NONE',  #6418 ) ;
#3817 = ORIENTED_EDGE ( 'NONE', *, *, #5480, .T. ) ;
#3818 = ADVANCED_FACE ( 'NONE', ( #4320 ), #6265, .F. ) ;
#3819 = CARTESIAN_POINT ( 'NONE',  ( 20.35000000000000142, 5.275000000000007461, -4.700000000000000178 ) ) ;
#3820 = DIRECTION ( 'NONE',  ( 0.8660254037844432595, 0.000000000000000000, 0.4999999999999918954 ) ) ;
#3821 = DIRECTION ( 'NONE',  ( 0.000000000000000000, 0.000000000000000000, -1.000000000000000000 ) ) ;
#3822 = CARTESIAN_POINT ( 'NONE',  ( 10.93000000000000149, 3.454999999999999627, -9.400000000000000355 ) ) ;
#3823 = DIRECTION ( 'NONE',  ( -1.000000000000000000, 0.000000000000000000, 0.000000000000000000 ) ) ;
#3824 = CARTESIAN_POINT ( 'NONE',  ( 0.9300000000000037126, 0.000000000000000000, -5.999999999999982236 ) ) ;
#3825 = EDGE_LOOP ( 'NONE', ( #4372, #7744, #1863, #1122 ) ) ;
#3826 = EDGE_LOOP ( 'NONE', ( #1082, #985, #3534, #4184 ) ) ;
#3827 = EDGE_CURVE ( 'NONE', #1788, #480, #3698, .T. ) ;
#3828 = EDGE_CURVE ( 'NONE', #1786, #4531, #1917, .T. ) ;
#3829 = ADVANCED_FACE ( 'NONE', ( #5807 ), #2196, .T. ) ;
#3830 = CARTESIAN_POINT ( 'NONE',  ( 21.19999999999999929, 2.549999999999999822, -11.49999999999999645 ) ) ;
#3831 = AXIS2_PLACEMENT_3D ( 'NONE', #5824, #7613, #6878 ) ;
#3832 = CARTESIAN_POINT ( 'NONE',  ( -19.24999999999999645, 5.275000000000007461, 0.000000000000000000 ) ) ;
#3833 = LINE ( 'NONE', #7350, #2499 ) ;
#3834 = DIRECTION ( 'NONE',  ( -0.000000000000000000, -0.000000000000000000, 1.000000000000000000 ) ) ;
#3835 = PLANE ( 'NONE',  #574 ) ;
#3836 = EDGE_CURVE ( 'NONE', #5320, #5827, #1530, .T. ) ;
#3837 = EDGE_CURVE ( 'NONE', #1425, #1187, #7588, .T. ) ;
#3838 = ORIENTED_EDGE ( 'NONE', *, *, #3446, .F. ) ;
#3839 = EDGE_CURVE ( 'NONE', #6841, #1620, #4111, .T. ) ;
#3840 = EDGE_CURVE ( 'NONE', #3626, #3618, #7553, .T. ) ;
#3841 = ORIENTED_EDGE ( 'NONE', *, *, #4806, .F. ) ;
#3842 = CARTESIAN_POINT ( 'NONE',  ( -8.429999999999994387, 3.454999999999999627, -4.700000000000000178 ) ) ;
#3843 = CARTESIAN_POINT ( 'NONE',  ( -18.42999999999999616, 3.454999999999999627, -9.400000000000000355 ) ) ;
#3844 = VECTOR ( 'NONE', #4567, 1000.000000000000000 ) ;
#3845 = CARTESIAN_POINT ( 'NONE',  ( -18.42999999999999616, -1.957994389717305994, -5.725791195256116239 ) ) ;
#3846 = CARTESIAN_POINT ( 'NONE',  ( -6.569999999999995843, 0.000000000000000000, -5.999999999999982236 ) ) ;
#3847 = ORIENTED_EDGE ( 'NONE', *, *, #2812, .T. ) ;
#3848 = CARTESIAN_POINT ( 'NONE',  ( -18.42999999999999616, -3.399999999999999467, -5.380000000000022098 ) ) ;
#3849 = ORIENTED_EDGE ( 'NONE', *, *, #3828, .F. ) ;
#3850 = EDGE_CURVE ( 'NONE', #7606, #116, #5873, .T. ) ;
#3851 = ORIENTED_EDGE ( 'NONE', *, *, #4730, .T. ) ;
#3852 = ORIENTED_EDGE ( 'NONE', *, *, #7121, .T. ) ;
#3853 = AXIS2_PLACEMENT_3D ( 'NONE', #3291, #3963, #3448 ) ;
#3854 = CARTESIAN_POINT ( 'NONE',  ( -19.19999999999998508, 1.301022143997293101, -0.5556624327025833088 ) ) ;
#3855 = FACE_OUTER_BOUND ( 'NONE', #2525, .T. ) ;
#3856 = LINE ( 'NONE', #2799, #733 ) ;
#3857 = VECTOR ( 'NONE', #6356, 1000.000000000000000 ) ;
#3858 = CARTESIAN_POINT ( 'NONE',  ( 17.50000000000000000, 0.000000000000000000, 0.000000000000000000 ) ) ;
#3859 = LINE ( 'NONE', #2721, #4776 ) ;
#3860 = VERTEX_POINT ( 'NONE', #4603 ) ;
#3861 = FACE_OUTER_BOUND ( 'NONE', #6392, .T. ) ;
#3862 = VECTOR ( 'NONE', #1860, 1000.000000000000000 ) ;
#3863 = DIRECTION ( 'NONE',  ( -0.000000000000000000, 2.843808977011159210E-15, 1.000000000000000000 ) ) ;
#3864 = ORIENTED_EDGE ( 'NONE', *, *, #6804, .T. ) ;
#3865 = AXIS2_PLACEMENT_3D ( 'NONE', #3283, #925, #5736 ) ;
#3866 = EDGE_CURVE ( 'NONE', #2514, #7671, #5151, .T. ) ;
#3867 = DIRECTION ( 'NONE',  ( -0.000000000000000000, -0.000000000000000000, 1.000000000000000000 ) ) ;
#3868 = DIRECTION ( 'NONE',  ( 0.000000000000000000, 0.000000000000000000, -1.000000000000000000 ) ) ;
#3869 = CARTESIAN_POINT ( 'NONE',  ( -19.50000000000001421, 0.4000000000000000222, -6.765421556309553979E-14 ) ) ;
#3870 = DIRECTION ( 'NONE',  ( -1.000000000000000000, 0.000000000000000000, -0.000000000000000000 ) ) ;
#3871 = VERTEX_POINT ( 'NONE', #2822 ) ;
#3872 = VECTOR ( 'NONE', #315, 1000.000000000000000 ) ;
#3873 = VERTEX_POINT ( 'NONE', #7020 ) ;
#3874 = VECTOR ( 'NONE', #4547, 1000.000000000000000 ) ;
#3875 = CARTESIAN_POINT ( 'NONE',  ( -15.49999999999999112, 6.100000000000000533, -6.999999999999982236 ) ) ;
#3876 = VECTOR ( 'NONE', #820, 1000.000000000000000 ) ;
#3877 = EDGE_CURVE ( 'NONE', #116, #4202, #4482, .T. ) ;
#3878 = DIRECTION ( 'NONE',  ( 1.000000000000000000, -0.000000000000000000, -0.000000000000000000 ) ) ;
#3879 = DIRECTION ( 'NONE',  ( -0.000000000000000000, 1.000000000000000000, -0.000000000000000000 ) ) ;
#3880 = AXIS2_PLACEMENT_3D ( 'NONE', #5418, #4827, #7059 ) ;
#3881 = FACE_OUTER_BOUND ( 'NONE', #5989, .T. ) ;
#3882 = CARTESIAN_POINT ( 'NONE',  ( -18.42999999999999616, 2.774999999999997247, -5.380000000000021210 ) ) ;
#3883 = VERTEX_POINT ( 'NONE', #5185 ) ;
#3884 = VERTEX_POINT ( 'NONE', #1489 ) ;
#3885 = VERTEX_POINT ( 'NONE', #5222 ) ;
#3886 = ORIENTED_EDGE ( 'NONE', *, *, #3951, .F. ) ;
#3887 = CARTESIAN_POINT ( 'NONE',  ( -13.42999999999999439, 3.454999999999999627, -4.700000000000000178 ) ) ;
#3888 = EDGE_CURVE ( 'NONE', #6685, #1193, #2158, .T. ) ;
#3889 = CARTESIAN_POINT ( 'NONE',  ( 12.00000000000000711, 0.000000000000000000, -6.999999999999982236 ) ) ;
#3890 = DIRECTION ( 'NONE',  ( 1.000000000000000000, 0.000000000000000000, 0.000000000000000000 ) ) ;
#3891 = CARTESIAN_POINT ( 'NONE',  ( -19.09999999999998721, 6.100000000000000533, -0.6133974596215392427 ) ) ;
#3892 = EDGE_CURVE ( 'NONE', #2952, #7558, #7513, .T. ) ;
#3893 = EDGE_CURVE ( 'NONE', #2109, #4360, #943, .T. ) ;
#3894 = VERTEX_POINT ( 'NONE', #3420 ) ;
#3895 = CARTESIAN_POINT ( 'NONE',  ( 3.000000000000009770, 6.100000000000000533, -6.999999999999982236 ) ) ;
#3896 = ORIENTED_EDGE ( 'NONE', *, *, #7403, .F. ) ;
#3897 = VERTEX_POINT ( 'NONE', #2117 ) ;
#3898 = ORIENTED_EDGE ( 'NONE', *, *, #4808, .F. ) ;
#3899 = EDGE_CURVE ( 'NONE', #1080, #7124, #4642, .T. ) ;
#3900 = EDGE_CURVE ( 'NONE', #5167, #3157, #7063, .T. ) ;
#3901 = DIRECTION ( 'NONE',  ( 0.000000000000000000, -1.000000000000000000, -0.000000000000000000 ) ) ;
#3902 = AXIS2_PLACEMENT_3D ( 'NONE', #5823, #3956, #2731 ) ;
#3903 = LINE ( 'NONE', #915, #5912 ) ;
#3904 = LINE ( 'NONE', #3275, #4259 ) ;
#3905 = DIRECTION ( 'NONE',  ( 0.000000000000000000, 0.000000000000000000, 1.000000000000000000 ) ) ;
#3906 = DIRECTION ( 'NONE',  ( 0.000000000000000000, 0.000000000000000000, 1.000000000000000000 ) ) ;
#3907 = ORIENTED_EDGE ( 'NONE', *, *, #4808, .T. ) ;
#3908 = PLANE ( 'NONE',  #1010 ) ;
#3909 = CARTESIAN_POINT ( 'NONE',  ( -18.42999999999999616, 3.454999999999999627, 2.887878387081787679 ) ) ;
#3910 = ORIENTED_EDGE ( 'NONE', *, *, #3639, .T. ) ;
#3911 = CARTESIAN_POINT ( 'NONE',  ( -17.99999999999999289, 6.100000000000000533, -5.999999999999982236 ) ) ;
#3912 = FACE_OUTER_BOUND ( 'NONE', #3296, .T. ) ;
#3913 = LINE ( 'NONE', #405, #447 ) ;
#3914 = DIRECTION ( 'NONE',  ( -3.469446951953614978E-15, 0.000000000000000000, 1.000000000000000000 ) ) ;
#3915 = VERTEX_POINT ( 'NONE', #3887 ) ;
#3916 = CLOSED_SHELL ( 'NONE', ( #1028, #2830, #6729, #524, #1922, #2896, #2785, #5087, #2681, #1189, #1205, #2941, #6443, #2676, #4909, #3925, #3160, #7724, #1625, #4141, #2314, #393 ) ) ;
#3917 = ORIENTED_EDGE ( 'NONE', *, *, #312, .T. ) ;
#3918 = DIRECTION ( 'NONE',  ( -1.000000000000000000, -0.000000000000000000, -0.000000000000000000 ) ) ;
#3919 = CARTESIAN_POINT ( 'NONE',  ( 21.19999999999999929, 6.100000000000000533, -6.999999999999982236 ) ) ;
#3920 = CARTESIAN_POINT ( 'NONE',  ( 21.19999999999999929, 6.100000000000000533, -6.999999999999982236 ) ) ;
#3921 = DIRECTION ( 'NONE',  ( -0.000000000000000000, -0.000000000000000000, 1.000000000000000000 ) ) ;
#3922 = DIRECTION ( 'NONE',  ( 0.000000000000000000, 0.000000000000000000, -1.000000000000000000 ) ) ;
#3923 = ORIENTED_EDGE ( 'NONE', *, *, #2592, .F. ) ;
#3924 = ORIENTED_EDGE ( 'NONE', *, *, #6122, .F. ) ;
#3925 = ADVANCED_FACE ( 'NONE', ( #3454 ), #4047, .T. ) ;
#3926 = ORIENTED_EDGE ( 'NONE', *, *, #1777, .F. ) ;
#3927 = ORIENTED_EDGE ( 'NONE', *, *, #6507, .T. ) ;
#3928 = ORIENTED_EDGE ( 'NONE', *, *, #1303, .F. ) ;
#3929 = DIRECTION ( 'NONE',  ( -0.000000000000000000, -1.000000000000000000, -0.000000000000000000 ) ) ;
#3930 = LINE ( 'NONE', #3421, #1132 ) ;
#3931 = CARTESIAN_POINT ( 'NONE',  ( 0.9300000000000037126, 4.094999999999999751, -4.700000000000000178 ) ) ;
#3932 = LINE ( 'NONE', #5066, #872 ) ;
#3933 = VERTEX_POINT ( 'NONE', #3970 ) ;
#3934 = EDGE_LOOP ( 'NONE', ( #4475, #1910, #2015, #1475 ) ) ;
#3935 = FACE_OUTER_BOUND ( 'NONE', #1726, .T. ) ;
#3936 = VERTEX_POINT ( 'NONE', #4561 ) ;
#3937 = VECTOR ( 'NONE', #7623, 1000.000000000000000 ) ;
#3938 = ORIENTED_EDGE ( 'NONE', *, *, #3279, .F. ) ;
#3939 = ADVANCED_FACE ( 'NONE', ( #457 ), #340, .F. ) ;
#3940 = ORIENTED_EDGE ( 'NONE', *, *, #5394, .F. ) ;
#3941 = EDGE_CURVE ( 'NONE', #6445, #1196, #6211, .T. ) ;
#3942 = AXIS2_PLACEMENT_3D ( 'NONE', #6067, #5384, #6618 ) ;
#3943 = DIRECTION ( 'NONE',  ( 0.000000000000000000, 0.000000000000000000, -1.000000000000000000 ) ) ;
#3944 = LINE ( 'NONE', #5771, #3505 ) ;
#3945 = DIRECTION ( 'NONE',  ( -3.469446951953614189E-15, -0.000000000000000000, 1.000000000000000000 ) ) ;
#3946 =( REPRESENTATION_RELATIONSHIP ('NONE','NONE', #1840, #6686 ) REPRESENTATION_RELATIONSHIP_WITH_TRANSFORMATION ( #6478 )SHAPE_REPRESENTATION_RELATIONSHIP( ) );
#3947 = DIRECTION ( 'NONE',  ( 0.000000000000000000, 0.000000000000000000, 1.000000000000000000 ) ) ;
#3948 = CARTESIAN_POINT ( 'NONE',  ( -2.999999999999992450, 6.100000000000000533, -5.999999999999982236 ) ) ;
#3949 = ORIENTED_EDGE ( 'NONE', *, *, #2510, .T. ) ;
#3950 = EDGE_LOOP ( 'NONE', ( #6882, #3990, #1832, #453 ) ) ;
#3951 = EDGE_CURVE ( 'NONE', #3147, #2967, #6941, .T. ) ;
#3952 = VECTOR ( 'NONE', #5907, 1000.000000000000000 ) ;
#3953 = CARTESIAN_POINT ( 'NONE',  ( 18.54999999999999716, 1.301022143997293101, -2.999999999999993339 ) ) ;
#3954 = EDGE_LOOP ( 'NONE', ( #4115, #910, #7113, #648 ) ) ;
#3955 = CARTESIAN_POINT ( 'NONE',  ( -1.569999999999994955, 3.454999999999999627, -9.400000000000000355 ) ) ;
#3956 = DIRECTION ( 'NONE',  ( -0.000000000000000000, 0.000000000000000000, -1.000000000000000000 ) ) ;
#3957 = DIRECTION ( 'NONE',  ( -1.000000000000000000, 0.000000000000000000, 0.000000000000000000 ) ) ;
#3958 = DIRECTION ( 'NONE',  ( -0.3236155771181838947, 0.8891264907159889264, 0.3236155771181838947 ) ) ;
#3959 = ORIENTED_EDGE ( 'NONE', *, *, #7646, .T. ) ;
#3960 = VECTOR ( 'NONE', #7265, 1000.000000000000000 ) ;
#3961 = CARTESIAN_POINT ( 'NONE',  ( 10.50000000000000533, 0.3999999999999999112, -5.999999999999982236 ) ) ;
#3962 = CARTESIAN_POINT ( 'NONE',  ( -7.999999999999991118, 0.3999999999999999112, -6.999999999999982236 ) ) ;
#3963 = DIRECTION ( 'NONE',  ( -0.000000000000000000, 2.843808977011159210E-15, 1.000000000000000000 ) ) ;
#3964 = FACE_BOUND ( 'NONE', #3227, .T. ) ;
#3965 = DIRECTION ( 'NONE',  ( -3.469446951953614978E-15, 0.000000000000000000, 1.000000000000000000 ) ) ;
#3966 = ORIENTED_EDGE ( 'NONE', *, *, #1103, .F. ) ;
#3967 = ORIENTED_EDGE ( 'NONE', *, *, #3166, .F. ) ;
#3968 = VECTOR ( 'NONE', #6339, 1000.000000000000000 ) ;
#3969 =( GEOMETRIC_REPRESENTATION_CONTEXT ( 3 ) GLOBAL_UNCERTAINTY_ASSIGNED_CONTEXT ( ( #6462 ) ) GLOBAL_UNIT_ASSIGNED_CONTEXT ( ( #487, #2300, #5487 ) ) REPRESENTATION_CONTEXT ( 'NONE', 'WORKASPACE' ) );
#3970 = CARTESIAN_POINT ( 'NONE',  ( 12.00000000000000711, 0.4000000000000000222, -5.999999999999982236 ) ) ;
#3971 = CARTESIAN_POINT ( 'NONE',  ( -20.35000000000000142, 4.575000000000019718, -2.400000000000010569 ) ) ;
#3972 = EDGE_CURVE ( 'NONE', #3936, #3134, #4308, .T. ) ;
#3973 = DIRECTION ( 'NONE',  ( -1.000000000000000000, -0.000000000000000000, -0.000000000000000000 ) ) ;
#3974 = CARTESIAN_POINT ( 'NONE',  ( -18.57999999999999474, -3.399999999999999467, -5.380000000000022098 ) ) ;
#3975 = CARTESIAN_POINT ( 'NONE',  ( 13.43000000000000504, 4.094999999999999751, -9.400000000000000355 ) ) ;
#3976 = ORIENTED_EDGE ( 'NONE', *, *, #2724, .F. ) ;
#3977 = VERTEX_POINT ( 'NONE', #3650 ) ;
#3978 = LINE ( 'NONE', #3854, #7766 ) ;
#3979 = ADVANCED_FACE ( 'NONE', ( #5268 ), #7667, .F. ) ;
#3980 = CARTESIAN_POINT ( 'NONE',  ( 19.19999999999998153, 1.301022143997293101, -0.5556624327025833088 ) ) ;
#3981 = PLANE ( 'NONE',  #858 ) ;
#3982 = CARTESIAN_POINT ( 'NONE',  ( 0.000000000000000000, 0.000000000000000000, 0.000000000000000000 ) ) ;
#3983 = ORIENTED_EDGE ( 'NONE', *, *, #330, .T. ) ;
#3984 = CARTESIAN_POINT ( 'NONE',  ( 19.14999999999998792, 1.301022143997293101, -0.6999999999999879652 ) ) ;
#3985 = EDGE_CURVE ( 'NONE', #816, #5363, #2399, .T. ) ;
#3986 = ORIENTED_EDGE ( 'NONE', *, *, #1742, .F. ) ;
#3987 = AXIS2_PLACEMENT_3D ( 'NONE', #4149, #5441, #1238 ) ;
#3988 = CIRCLE ( 'NONE', #1610, 0.7000000000000009548 ) ;
#3989 = DIRECTION ( 'NONE',  ( 1.000000000000000000, -0.000000000000000000, 0.000000000000000000 ) ) ;
#3990 = ORIENTED_EDGE ( 'NONE', *, *, #1592, .T. ) ;
#3991 = EDGE_CURVE ( 'NONE', #7644, #4686, #1146, .T. ) ;
#3992 = CARTESIAN_POINT ( 'NONE',  ( -4.499999999999993783, 0.000000000000000000, -5.999999999999982236 ) ) ;
#3993 = CARTESIAN_POINT ( 'NONE',  ( 21.19999999999999929, 0.000000000000000000, 0.000000000000000000 ) ) ;
#3994 = ADVANCED_BREP_SHAPE_REPRESENTATION ( '', ( #5255, #7741 ), #3088 ) ;
#3995 = CARTESIAN_POINT ( 'NONE',  ( -2.999999999999992450, 6.100000000000000533, -5.999999999999982236 ) ) ;
#3996 = CARTESIAN_POINT ( 'NONE',  ( -1.999999999999991340, 6.100000000000000533, -5.999999999999982236 ) ) ;
#3997 = ADVANCED_FACE ( 'NONE', ( #7213 ), #7747, .T. ) ;
#3998 = ORIENTED_EDGE ( 'NONE', *, *, #325, .F. ) ;
#4000 = VERTEX_POINT ( 'NONE', #6032 ) ;
#3999 = EDGE_CURVE ( 'NONE', #4888, #7631, #3612, .T. ) ;
#4001 = VECTOR ( 'NONE', #4165, 1000.000000000000000 ) ;
#4002 = AXIS2_PLACEMENT_3D ( 'NONE', #5449, #4858, #7266 ) ;
#4003 = CARTESIAN_POINT ( 'NONE',  ( 21.19999999999999929, 6.100000000000000533, -6.999999999999982236 ) ) ;
#4004 = EDGE_CURVE ( 'NONE', #3475, #3503, #502, .T. ) ;
#4005 = CARTESIAN_POINT ( 'NONE',  ( 0.000000000000000000, 0.4000000000000000222, -5.999999999999982236 ) ) ;
#4006 = CARTESIAN_POINT ( 'NONE',  ( 6.570000000000006501, 3.454999999999999627, -4.700000000000000178 ) ) ;
#4007 = EDGE_CURVE ( 'NONE', #5476, #2615, #2279, .T. ) ;
#4008 = CARTESIAN_POINT ( 'NONE',  ( -19.06999999999999673, -2.256834363362282048, -5.132120757304897474 ) ) ;
#4009 = AXIS2_PLACEMENT_3D ( 'NONE', #2825, #1772, #6466 ) ;
#4010 = CARTESIAN_POINT ( 'NONE',  ( -18.42999999999999616, -2.887878387081802334, -6.020000000000020890 ) ) ;
#4011 = VECTOR ( 'NONE', #4170, 999.9999999999998863 ) ;
#4012 = ORIENTED_EDGE ( 'NONE', *, *, #1636, .F. ) ;
#4013 = VECTOR ( 'NONE', #6692, 1000.000000000000000 ) ;
#4014 = ORIENTED_EDGE ( 'NONE', *, *, #5993, .T. ) ;
#4015 = CARTESIAN_POINT ( 'NONE',  ( -15.49999999999999112, 6.100000000000000533, -5.999999999999982236 ) ) ;
#4016 = CIRCLE ( 'NONE', #4146, 1.320000000000003393 ) ;
#4017 = DIRECTION ( 'NONE',  ( 0.000000000000000000, 0.000000000000000000, 1.000000000000000000 ) ) ;
#4018 = STYLED_ITEM ( 'NONE', ( #1450 ), #38 ) ;
#4019 = CIRCLE ( 'NONE', #5138, 0.7200000000000038591 ) ;
#4020 = CARTESIAN_POINT ( 'NONE',  ( -21.19999999999999929, 4.575000000000019718, -3.100000000000001865 ) ) ;
#4021 = ORIENTED_EDGE ( 'NONE', *, *, #5541, .F. ) ;
#4022 = CARTESIAN_POINT ( 'NONE',  ( -18.42999999999999616, -2.987878387081802423, -6.020000000000020890 ) ) ;
#4023 = ORIENTED_EDGE ( 'NONE', *, *, #7087, .F. ) ;
#4024 = ORIENTED_EDGE ( 'NONE', *, *, #7403, .T. ) ;
#4025 = PRODUCT_DEFINITION_SHAPE ( 'NONE', 'NONE',  #7810 ) ;
#4026 = LINE ( 'NONE', #2326, #3104 ) ;
#4027 = PLANE ( 'NONE',  #7529 ) ;
#4028 = PLANE ( 'NONE',  #2489 ) ;
#4029 = CARTESIAN_POINT ( 'NONE',  ( 20.29999999999999716, 0.4000000000000000222, -6.999999999999973355 ) ) ;
#4030 = ORIENTED_EDGE ( 'NONE', *, *, #6564, .T. ) ;
#4031 = ADVANCED_FACE ( 'NONE', ( #6661 ), #7180, .F. ) ;
#4032 = LINE ( 'NONE', #7771, #7115 ) ;
#4033 = ORIENTED_EDGE ( 'NONE', *, *, #771, .F. ) ;
#4034 = CARTESIAN_POINT ( 'NONE',  ( -18.42999999999999616, -1.087878387081801623, -5.380000000000021210 ) ) ;
#4035 = CARTESIAN_POINT ( 'NONE',  ( 21.19999999999999929, 4.275000000000021672, -3.100000000000001865 ) ) ;
#4036 = CARTESIAN_POINT ( 'NONE',  ( 6.570000000000006501, 4.094999999999999751, -4.700000000000000178 ) ) ;
#4037 = ORIENTED_EDGE ( 'NONE', *, *, #3779, .F. ) ;
#4038 = ORIENTED_EDGE ( 'NONE', *, *, #6296, .T. ) ;
#4039 = EDGE_CURVE ( 'NONE', #5146, #3432, #623, .T. ) ;
#4040 = CARTESIAN_POINT ( 'NONE',  ( 14.50000000000000888, 6.100000000000000533, -5.999999999999982236 ) ) ;
#4041 = CARTESIAN_POINT ( 'NONE',  ( -19.09999999999998366, 1.301022143997293101, -0.7866025403784290271 ) ) ;
#4042 = CARTESIAN_POINT ( 'NONE',  ( -21.19999999999999929, 5.275000000000011013, -2.400000000000010569 ) ) ;
#4043 = DIRECTION ( 'NONE',  ( -1.000000000000000000, 0.000000000000000000, -3.469446951953614978E-15 ) ) ;
#4044 = ORIENTED_EDGE ( 'NONE', *, *, #1541, .T. ) ;
#4045 = ADVANCED_FACE ( 'NONE', ( #6581 ), #1264, .F. ) ;
#4046 = EDGE_CURVE ( 'NONE', #7219, #1976, #2907, .T. ) ;
#4047 = PLANE ( 'NONE',  #1680 ) ;
#4048 = DIRECTION ( 'NONE',  ( 0.000000000000000000, -1.000000000000000000, -0.000000000000000000 ) ) ;
#4049 = CARTESIAN_POINT ( 'NONE',  ( -19.06999999999999673, -2.256834363362278495, -5.132120757304895697 ) ) ;
#4050 = VERTEX_POINT ( 'NONE', #5916 ) ;
#4051 = FACE_OUTER_BOUND ( 'NONE', #6484, .T. ) ;
#4052 = ORIENTED_EDGE ( 'NONE', *, *, #34, .F. ) ;
#4053 = ORIENTED_EDGE ( 'NONE', *, *, #5073, .T. ) ;
#4054 = LINE ( 'NONE', #1661, #3761 ) ;
#4055 = PLANE ( 'NONE',  #3748 ) ;
#4056 = CARTESIAN_POINT ( 'NONE',  ( 1.570000000000005391, 3.454999999999999627, -4.700000000000000178 ) ) ;
#4057 = VECTOR ( 'NONE', #6855, 1000.000000000000114 ) ;
#4058 = ITEM_DEFINED_TRANSFORMATION ( 'NONE', 'NONE', #966,  #7741 ) ;
#4059 = ORIENTED_EDGE ( 'NONE', *, *, #2214, .T. ) ;
#4060 = CARTESIAN_POINT ( 'NONE',  ( -19.06999999999999673, -3.399999999999999467, -5.380000000000022098 ) ) ;
#4061 = ORIENTED_EDGE ( 'NONE', *, *, #4087, .T. ) ;
#4062 = ORIENTED_EDGE ( 'NONE', *, *, #2925, .F. ) ;
#4063 = ORIENTED_EDGE ( 'NONE', *, *, #5975, .F. ) ;
#4064 = VECTOR ( 'NONE', #1274, 1000.000000000000000 ) ;
#4065 = EDGE_LOOP ( 'NONE', ( #4091, #80, #6746, #7577 ) ) ;
#4066 = VECTOR ( 'NONE', #2576, 1000.000000000000000 ) ;
#4067 = CARTESIAN_POINT ( 'NONE',  ( -9.499999999999992895, 0.000000000000000000, -5.999999999999982236 ) ) ;
#4068 = ORIENTED_EDGE ( 'NONE', *, *, #5149, .T. ) ;
#4069 = CARTESIAN_POINT ( 'NONE',  ( 10.93000000000000149, 4.094999999999999751, -5.999999999999982236 ) ) ;
#4070 = PLANE ( 'NONE',  #2495 ) ;
#4071 = DIRECTION ( 'NONE',  ( -3.469446951953614189E-15, -0.000000000000000000, 1.000000000000000000 ) ) ;
#4072 = EDGE_CURVE ( 'NONE', #6540, #949, #7706, .T. ) ;
#4073 = ORIENTED_EDGE ( 'NONE', *, *, #1446, .T. ) ;
#4074 = ORIENTED_EDGE ( 'NONE', *, *, #763, .F. ) ;
#4075 = DIRECTION ( 'NONE',  ( 0.000000000000000000, 0.000000000000000000, -1.000000000000000000 ) ) ;
#4076 = CARTESIAN_POINT ( 'NONE',  ( -14.06999999999999496, 3.454999999999999627, -4.700000000000000178 ) ) ;
#4077 = FACE_OUTER_BOUND ( 'NONE', #4556, .T. ) ;
#4078 = PRODUCT_DEFINITION_SHAPE ( 'NONE', 'NONE',  #7807 ) ;
#4079 = EDGE_CURVE ( 'NONE', #1575, #961, #5346, .T. ) ;
#4080 = EDGE_LOOP ( 'NONE', ( #3983, #5612, #4657, #7252 ) ) ;
#4081 = CARTESIAN_POINT ( 'NONE',  ( -9.499999999999989342, 6.100000000000000533, -6.999999999999982236 ) ) ;
#4082 = EDGE_CURVE ( 'NONE', #5894, #68, #1182, .T. ) ;
#4083 = EDGE_LOOP ( 'NONE', ( #3032, #7337, #4914, #6251 ) ) ;
#4084 = ADVANCED_FACE ( 'NONE', ( #542 ), #2354, .F. ) ;
#4085 = CARTESIAN_POINT ( 'NONE',  ( -10.92999999999999616, 3.454999999999999627, -9.400000000000000355 ) ) ;
#4086 = PLANE ( 'NONE',  #5271 ) ;
#4087 = EDGE_CURVE ( 'NONE', #5949, #3783, #5994, .T. ) ;
#4088 = DIRECTION ( 'NONE',  ( -0.000000000000000000, -0.000000000000000000, 1.000000000000000000 ) ) ;
#4089 = EDGE_CURVE ( 'NONE', #6171, #673, #6143, .T. ) ;
#4090 = DIRECTION ( 'NONE',  ( -0.000000000000000000, -1.000000000000000000, -0.000000000000000000 ) ) ;
#4091 = ORIENTED_EDGE ( 'NONE', *, *, #5805, .T. ) ;
#4092 = EDGE_CURVE ( 'NONE', #2437, #4152, #4943, .T. ) ;
#4093 = ORIENTED_EDGE ( 'NONE', *, *, #1867, .T. ) ;
#4094 = DIRECTION ( 'NONE',  ( 0.000000000000000000, -0.000000000000000000, -1.000000000000000000 ) ) ;
#4095 = DIRECTION ( 'NONE',  ( 0.000000000000000000, 1.000000000000000000, 0.000000000000000000 ) ) ;
#4096 = AXIS2_PLACEMENT_3D ( 'NONE', #4898, #1971, #7530 ) ;
#4097 = EDGE_CURVE ( 'NONE', #814, #2762, #2674, .T. ) ;
#4098 = CARTESIAN_POINT ( 'NONE',  ( 15.93000000000000682, 3.454999999999999627, -9.400000000000000355 ) ) ;
#4099 = DIRECTION ( 'NONE',  ( -0.000000000000000000, -0.000000000000000000, 1.000000000000000000 ) ) ;
#4100 = CONTEXT_DEPENDENT_SHAPE_REPRESENTATION ( #4553, #7535 ) ;
#4101 = EDGE_LOOP ( 'NONE', ( #4196, #3306, #1508, #6669 ) ) ;
#4102 = DIRECTION ( 'NONE',  ( 0.000000000000000000, -1.000000000000000000, 0.000000000000000000 ) ) ;
#4103 = EDGE_LOOP ( 'NONE', ( #1343, #7466, #1604, #3144 ) ) ;
#4104 = ORIENTED_EDGE ( 'NONE', *, *, #2717, .T. ) ;
#4105 = ORIENTED_EDGE ( 'NONE', *, *, #5435, .F. ) ;
#4106 = ORIENTED_EDGE ( 'NONE', *, *, #4619, .F. ) ;
#4107 = CARTESIAN_POINT ( 'NONE',  ( -17.99999999999999289, 0.3999999999999999112, -6.999999999999982236 ) ) ;
#4108 = ORIENTED_EDGE ( 'NONE', *, *, #7690, .F. ) ;
#4109 = CARTESIAN_POINT ( 'NONE',  ( 3.430000000000002380, 4.094999999999999751, -5.999999999999982236 ) ) ;
#4110 = DIRECTION ( 'NONE',  ( 0.000000000000000000, 0.000000000000000000, 1.000000000000000000 ) ) ;
#4111 = LINE ( 'NONE', #4627, #7364 ) ;
#4112 = VECTOR ( 'NONE', #263, 1000.000000000000000 ) ;
#4113 = DIRECTION ( 'NONE',  ( 1.000000000000000000, -0.000000000000000000, 0.000000000000000000 ) ) ;
#4114 = ORIENTED_EDGE ( 'NONE', *, *, #559, .F. ) ;
#4115 = ORIENTED_EDGE ( 'NONE', *, *, #1645, .T. ) ;
#4116 = AXIS2_PLACEMENT_3D ( 'NONE', #6497, #1098, #6690 ) ;
#4117 = VECTOR ( 'NONE', #2065, 1000.000000000000000 ) ;
#4118 = EDGE_CURVE ( 'NONE', #5591, #3323, #6730, .T. ) ;
#4119 = ORIENTED_EDGE ( 'NONE', *, *, #2455, .T. ) ;
#4120 = CARTESIAN_POINT ( 'NONE',  ( -19.06999999999999673, -1.117762384446300938, -5.374208804743923373 ) ) ;
#4121 = CARTESIAN_POINT ( 'NONE',  ( 17.00000000000001066, 0.000000000000000000, -5.999999999999982236 ) ) ;
#4122 = FACE_OUTER_BOUND ( 'NONE', #1007, .T. ) ;
#4123 = PLANE ( 'NONE',  #1751 ) ;
#4124 = VECTOR ( 'NONE', #4904, 1000.000000000000000 ) ;
#4125 = VERTEX_POINT ( 'NONE', #1327 ) ;
#4126 = EDGE_CURVE ( 'NONE', #1137, #751, #1878, .T. ) ;
#4127 = CARTESIAN_POINT ( 'NONE',  ( 13.00000000000000888, 6.100000000000000533, -5.999999999999982236 ) ) ;
#4128 = VECTOR ( 'NONE', #6278, 1000.000000000000000 ) ;
#4129 = DIRECTION ( 'NONE',  ( 0.000000000000000000, 0.000000000000000000, -1.000000000000000000 ) ) ;
#4130 = VECTOR ( 'NONE', #1278, 1000.000000000000000 ) ;
#4131 = LINE ( 'NONE', #4726, #2745 ) ;
#4132 = VECTOR ( 'NONE', #6139, 1000.000000000000000 ) ;
#4133 = CARTESIAN_POINT ( 'NONE',  ( 14.07000000000000561, 3.454999999999999627, -5.999999999999982236 ) ) ;
#4134 = ORIENTED_EDGE ( 'NONE', *, *, #5865, .T. ) ;
#4135 = ORIENTED_EDGE ( 'NONE', *, *, #912, .F. ) ;
#4136 = AXIS2_PLACEMENT_3D ( 'NONE', #5850, #7716, #2843 ) ;
#4137 = ADVANCED_FACE ( 'NONE', ( #5616 ), #4280, .T. ) ;
#4138 = VECTOR ( 'NONE', #5504, 1000.000000000000000 ) ;
#4139 = CARTESIAN_POINT ( 'NONE',  ( -13.42999999999999439, 4.094999999999999751, -4.700000000000000178 ) ) ;
#4140 = CIRCLE ( 'NONE', #1759, 0.7000000000000027311 ) ;
#4141 = ADVANCED_FACE ( 'NONE', ( #3721 ), #3135, .F. ) ;
#4142 =( LENGTH_UNIT ( ) NAMED_UNIT ( * ) SI_UNIT ( .MILLI., .METRE. ) );
#4143 = EDGE_CURVE ( 'NONE', #995, #3085, #5543, .T. ) ;
#4144 = LINE ( 'NONE', #2956, #483 ) ;
#4145 = DIRECTION ( 'NONE',  ( -3.469446951953614978E-15, 0.000000000000000000, 1.000000000000000000 ) ) ;
#4146 = AXIS2_PLACEMENT_3D ( 'NONE', #4913, #4314, #3723 ) ;
#4147 = SHAPE_DEFINITION_REPRESENTATION ( #2887, #6686 ) ;
#4148 = ORIENTED_EDGE ( 'NONE', *, *, #5040, .T. ) ;
#4149 = CARTESIAN_POINT ( 'NONE',  ( -19.14999999999998792, 6.100000000000000533, -0.6999999999999833022 ) ) ;
#4150 = ORIENTED_EDGE ( 'NONE', *, *, #978, .F. ) ;
#4151 = VERTEX_POINT ( 'NONE', #128 ) ;
#4152 = VERTEX_POINT ( 'NONE', #1365 ) ;
#4153 = EDGE_CURVE ( 'NONE', #1309, #4940, #7347, .T. ) ;
#4154 = EDGE_CURVE ( 'NONE', #1158, #3599, #3095, .T. ) ;
#4155 = PRODUCT ( 'SxB-XH-A_16', 'SxB-XH-A_16', '', ( #7075 ) ) ;
#4156 = CARTESIAN_POINT ( 'NONE',  ( -13.42999999999999439, 4.094999999999999751, -9.400000000000000355 ) ) ;
#4157 = VERTEX_POINT ( 'NONE', #3762 ) ;
#4158 = CARTESIAN_POINT ( 'NONE',  ( -9.069999999999996732, 3.454999999999999627, -9.400000000000000355 ) ) ;
#4159 = FACE_OUTER_BOUND ( 'NONE', #5563, .T. ) ;
#4160 = PRESENTATION_STYLE_ASSIGNMENT (( #3442 ) ) ;
#4161 = DIRECTION ( 'NONE',  ( -0.000000000000000000, -0.9276100592987817084, -0.3735499670562298924 ) ) ;
#4162 = CARTESIAN_POINT ( 'NONE',  ( 13.43000000000000504, 3.454999999999999627, -4.700000000000000178 ) ) ;
#4163 = ORIENTED_EDGE ( 'NONE', *, *, #7590, .T. ) ;
#4164 = DIRECTION ( 'NONE',  ( 0.000000000000000000, 0.000000000000000000, -1.000000000000000000 ) ) ;
#4165 = DIRECTION ( 'NONE',  ( -0.000000000000000000, 1.000000000000000000, -0.000000000000000000 ) ) ;
#4166 = CARTESIAN_POINT ( 'NONE',  ( -19.06999999999999673, 4.094999999999999751, -4.700000000000017053 ) ) ;
#4167 = CARTESIAN_POINT ( 'NONE',  ( -19.06999999999999673, -3.399999999999999467, -6.020000000000021778 ) ) ;
#4168 = ORIENTED_EDGE ( 'NONE', *, *, #5402, .F. ) ;
#4169 = DIRECTION ( 'NONE',  ( 1.000000000000000000, 0.000000000000000000, 0.000000000000000000 ) ) ;
#4170 = DIRECTION ( 'NONE',  ( -0.3236155771181838392, -0.8891264907159890374, 0.3236155771181840057 ) ) ;
#4171 = LINE ( 'NONE', #7135, #2118 ) ;
#4172 = CARTESIAN_POINT ( 'NONE',  ( 18.00000000000000711, 0.3999999999999999112, -5.999999999999982236 ) ) ;
#4173 = ORIENTED_EDGE ( 'NONE', *, *, #119, .F. ) ;
#4174 = EDGE_CURVE ( 'NONE', #2654, #5591, #1440, .T. ) ;
#4175 = ORIENTED_EDGE ( 'NONE', *, *, #6071, .F. ) ;
#4176 = VECTOR ( 'NONE', #3300, 1000.000000000000000 ) ;
#4177 = EDGE_LOOP ( 'NONE', ( #4106, #6479, #4235, #4073 ) ) ;
#4178 = CARTESIAN_POINT ( 'NONE',  ( -18.42999999999999616, 4.094999999999999751, -5.999999999999982236 ) ) ;
#4179 = PLANE ( 'NONE',  #1106 ) ;
#4180 = LINE ( 'NONE', #1191, #7651 ) ;
#4181 = DIRECTION ( 'NONE',  ( 0.000000000000000000, 0.000000000000000000, -1.000000000000000000 ) ) ;
#4182 = LINE ( 'NONE', #6519, #5233 ) ;
#4183 = ORIENTED_EDGE ( 'NONE', *, *, #2159, .T. ) ;
#4184 = ORIENTED_EDGE ( 'NONE', *, *, #5537, .F. ) ;
#4185 = EDGE_CURVE ( 'NONE', #3374, #3475, #3168, .T. ) ;
#4186 = EDGE_LOOP ( 'NONE', ( #5471, #3736, #6085, #2516 ) ) ;
#4187 = EDGE_CURVE ( 'NONE', #2259, #1668, #4980, .T. ) ;
#4188 = ORIENTED_EDGE ( 'NONE', *, *, #6697, .T. ) ;
#4189 = CARTESIAN_POINT ( 'NONE',  ( -19.06999999999999673, -2.987878387081802423, -5.380000000000022098 ) ) ;
#4190 = ORIENTED_EDGE ( 'NONE', *, *, #969, .T. ) ;
#4191 = DIRECTION ( 'NONE',  ( -0.000000000000000000, 1.000000000000000000, -0.000000000000000000 ) ) ;
#4192 = PLANE ( 'NONE',  #7673 ) ;
#4193 = FACE_OUTER_BOUND ( 'NONE', #4101, .T. ) ;
#4194 = CARTESIAN_POINT ( 'NONE',  ( 19.50000000000000711, 0.000000000000000000, -5.999999999999982236 ) ) ;
#4195 = EDGE_CURVE ( 'NONE', #3399, #7426, #4393, .T. ) ;
#4196 = ORIENTED_EDGE ( 'NONE', *, *, #2780, .T. ) ;
#4197 = VECTOR ( 'NONE', #7254, 1000.000000000000000 ) ;
#4198 = CARTESIAN_POINT ( 'NONE',  ( 4.070000000000003837, 3.454999999999999627, -9.400000000000000355 ) ) ;
#4199 = LINE ( 'NONE', #12, #7770 ) ;
#4200 = CARTESIAN_POINT ( 'NONE',  ( 10.50000000000000533, 0.000000000000000000, -5.999999999999982236 ) ) ;
#4201 = FACE_OUTER_BOUND ( 'NONE', #3237, .T. ) ;
#4202 = VERTEX_POINT ( 'NONE', #3830 ) ;
#4203 = ORIENTED_EDGE ( 'NONE', *, *, #2054, .T. ) ;
#4204 = DIRECTION ( 'NONE',  ( 0.000000000000000000, -0.3735499670562300034, 0.9276100592987818194 ) ) ;
#4205 = VECTOR ( 'NONE', #2391, 1000.000000000000000 ) ;
#4206 = CARTESIAN_POINT ( 'NONE',  ( -17.99999999999999289, 6.100000000000000533, -5.999999999999982236 ) ) ;
#4207 = AXIS2_PLACEMENT_3D ( 'NONE', #6050, #6192, #7360 ) ;
#4208 = LINE ( 'NONE', #5466, #228 ) ;
#4209 = PLANE ( 'NONE',  #7377 ) ;
#4210 = ORIENTED_EDGE ( 'NONE', *, *, #3068, .T. ) ;
#4211 = ORIENTED_EDGE ( 'NONE', *, *, #7268, .T. ) ;
#4212 = AXIS2_PLACEMENT_3D ( 'NONE', #7536, #2140, #3989 ) ;
#4213 = ORIENTED_EDGE ( 'NONE', *, *, #2088, .F. ) ;
#4214 = CARTESIAN_POINT ( 'NONE',  ( 0.000000000000000000, 0.4000000000000000222, -5.999999999999982236 ) ) ;
#4215 = EDGE_CURVE ( 'NONE', #3246, #6393, #4429, .T. ) ;
#4216 = LINE ( 'NONE', #2440, #1240 ) ;
#4217 = PLANE ( 'NONE',  #998 ) ;
#4218 = DIRECTION ( 'NONE',  ( 0.000000000000000000, 6.377659838149993194E-16, -1.000000000000000000 ) ) ;
#4219 = ORIENTED_EDGE ( 'NONE', *, *, #118, .F. ) ;
#4220 = CARTESIAN_POINT ( 'NONE',  ( -4.069999999999997620, 0.000000000000000000, -5.999999999999982236 ) ) ;
#4221 = VERTEX_POINT ( 'NONE', #6846 ) ;
#4222 = EDGE_LOOP ( 'NONE', ( #7560, #4670, #3695, #5101 ) ) ;
#4223 = ORIENTED_EDGE ( 'NONE', *, *, #3270, .F. ) ;
#4224 = VECTOR ( 'NONE', #7067, 1000.000000000000000 ) ;
#4225 = AXIS2_PLACEMENT_3D ( 'NONE', #1257, #6065, #6179 ) ;
#4226 = EDGE_CURVE ( 'NONE', #5414, #1775, #693, .T. ) ;
#4227 = CARTESIAN_POINT ( 'NONE',  ( 15.50000000000001066, 0.000000000000000000, -5.999999999999982236 ) ) ;
#4228 = ORIENTED_EDGE ( 'NONE', *, *, #2017, .T. ) ;
#4229 = CARTESIAN_POINT ( 'NONE',  ( 4.500000000000007105, 0.3999999999999999112, -6.999999999999982236 ) ) ;
#4230 = LINE ( 'NONE', #5416, #6566 ) ;
#4231 = PRODUCT_DEFINITION ( 'UNKNOWN', '', #1221, #5755 ) ;
#4232 = CARTESIAN_POINT ( 'NONE',  ( -11.99999999999999289, 0.000000000000000000, -5.999999999999982236 ) ) ;
#4233 = ORIENTED_EDGE ( 'NONE', *, *, #6362, .T. ) ;
#4234 = AXIS2_PLACEMENT_3D ( 'NONE', #6280, #5005, #6400 ) ;
#4235 = ORIENTED_EDGE ( 'NONE', *, *, #4767, .T. ) ;
#4236 = EDGE_CURVE ( 'NONE', #7124, #3767, #7282, .T. ) ;
#4237 = CARTESIAN_POINT ( 'NONE',  ( -0.9299999999999932765, 4.094999999999999751, -9.400000000000000355 ) ) ;
#4238 = AXIS2_PLACEMENT_3D ( 'NONE', #3984, #6869, #4617 ) ;
#4239 = CARTESIAN_POINT ( 'NONE',  ( -4.069999999999997620, 3.454999999999999627, -5.999999999999982236 ) ) ;
#4240 = CARTESIAN_POINT ( 'NONE',  ( -18.57999999999999474, 4.336808689942017736E-16, 3.299999999999982503 ) ) ;
#4241 = EDGE_CURVE ( 'NONE', #1374, #5676, #7317, .T. ) ;
#4242 = DIRECTION ( 'NONE',  ( -0.000000000000000000, -0.000000000000000000, 1.000000000000000000 ) ) ;
#4243 = EDGE_CURVE ( 'NONE', #2626, #1239, #5139, .T. ) ;
#4244 = VECTOR ( 'NONE', #7245, 1000.000000000000000 ) ;
#4245 = ADVANCED_FACE ( 'NONE', ( #250 ), #2103, .F. ) ;
#4246 = DIRECTION ( 'NONE',  ( -0.000000000000000000, 1.000000000000000000, -0.000000000000000000 ) ) ;
#4247 = DIRECTION ( 'NONE',  ( -0.000000000000000000, -0.000000000000000000, 1.000000000000000000 ) ) ;
#4248 = FACE_OUTER_BOUND ( 'NONE', #1890, .T. ) ;
#4249 = CARTESIAN_POINT ( 'NONE',  ( -19.06999999999999673, -2.857994389717300798, -5.374208804743921597 ) ) ;
#4250 = EDGE_LOOP ( 'NONE', ( #1457, #7149, #279, #5433 ) ) ;
#4251 = ORIENTED_EDGE ( 'NONE', *, *, #364, .F. ) ;
#4252 = LINE ( 'NONE', #2365, #6337 ) ;
#4253 = VECTOR ( 'NONE', #6569, 1000.000000000000000 ) ;
#4254 = CARTESIAN_POINT ( 'NONE',  ( 8.000000000000007105, 0.000000000000000000, -5.999999999999982236 ) ) ;
#4255 = LINE ( 'NONE', #6741, #6408 ) ;
#4256 = CARTESIAN_POINT ( 'NONE',  ( -18.42999999999999616, -1.356834363362289908, -5.967879242695143027 ) ) ;
#4257 = ORIENTED_EDGE ( 'NONE', *, *, #166, .F. ) ;
#4258 = DIRECTION ( 'NONE',  ( 0.000000000000000000, -0.000000000000000000, 1.000000000000000000 ) ) ;
#4259 = VECTOR ( 'NONE', #6913, 1000.000000000000000 ) ;
#4260 = ORIENTED_EDGE ( 'NONE', *, *, #795, .F. ) ;
#4261 = CIRCLE ( 'NONE', #1629, 0.08000000000000397071 ) ;
#4262 = AXIS2_PLACEMENT_3D ( 'NONE', #252, #6888, #2657 ) ;
#4263 = AXIS2_PLACEMENT_3D ( 'NONE', #1050, #2097, #7655 ) ;
#4264 = ORIENTED_EDGE ( 'NONE', *, *, #4215, .F. ) ;
#4265 = CARTESIAN_POINT ( 'NONE',  ( 8.000000000000010658, 0.3999999999999999112, -6.999999999999982236 ) ) ;
#4266 = CIRCLE ( 'NONE', #1874, 0.07999999999999657385 ) ;
#4267 = PLANE ( 'NONE',  #4760 ) ;
#4268 = DIRECTION ( 'NONE',  ( 1.000000000000000000, -0.000000000000000000, -0.000000000000000000 ) ) ;
#4269 = FACE_OUTER_BOUND ( 'NONE', #1927, .T. ) ;
#4270 = ORIENTED_EDGE ( 'NONE', *, *, #3455, .T. ) ;
#4271 = ADVANCED_FACE ( 'NONE', ( #4469 ), #4633, .T. ) ;
#4272 = VERTEX_POINT ( 'NONE', #3961 ) ;
#4273 = CARTESIAN_POINT ( 'NONE',  ( 14.07000000000000561, 3.454999999999999627, -4.700000000000000178 ) ) ;
#4274 = CARTESIAN_POINT ( 'NONE',  ( -18.42999999999999616, -2.887878387081802334, -6.020000000000020890 ) ) ;
#4275 = LINE ( 'NONE', #4588, #3531 ) ;
#4276 = DIRECTION ( 'NONE',  ( 1.000000000000000000, -0.000000000000000000, -0.000000000000000000 ) ) ;
#4277 = DIRECTION ( 'NONE',  ( -0.000000000000000000, 1.000000000000000000, -0.000000000000000000 ) ) ;
#4278 = EDGE_CURVE ( 'NONE', #5550, #7449, #7011, .T. ) ;
#4279 = EDGE_CURVE ( 'NONE', #6289, #4819, #1521, .T. ) ;
#4280 = CYLINDRICAL_SURFACE ( 'NONE', #3688, 0.7199999999999958655 ) ;
#4281 = AXIS2_PLACEMENT_3D ( 'NONE', #926, #6291, #971 ) ;
#4282 = DIRECTION ( 'NONE',  ( 0.000000000000000000, -1.000000000000000000, -0.000000000000000000 ) ) ;
#4283 = FACE_OUTER_BOUND ( 'NONE', #7112, .T. ) ;
#4284 = ORIENTED_EDGE ( 'NONE', *, *, #6087, .F. ) ;
#4285 = DIRECTION ( 'NONE',  ( 0.000000000000000000, -0.5000000000000008882, -0.8660254037844380415 ) ) ;
#4286 = EDGE_CURVE ( 'NONE', #5998, #3408, #1021, .T. ) ;
#4287 = EDGE_CURVE ( 'NONE', #5661, #3915, #3412, .T. ) ;
#4288 = ORIENTED_EDGE ( 'NONE', *, *, #6460, .T. ) ;
#4289 = LINE ( 'NONE', #1410, #5703 ) ;
#4290 = CARTESIAN_POINT ( 'NONE',  ( -10.92999999999999616, 3.454999999999999627, -9.400000000000000355 ) ) ;
#4291 = CARTESIAN_POINT ( 'NONE',  ( -19.06999999999999673, -3.399999999999999467, -5.380000000000022098 ) ) ;
#4292 = ORIENTED_EDGE ( 'NONE', *, *, #2342, .F. ) ;
#4293 = LINE ( 'NONE', #3703, #5758 ) ;
#4294 = ORIENTED_EDGE ( 'NONE', *, *, #2487, .T. ) ;
#4295 = ORIENTED_EDGE ( 'NONE', *, *, #2930, .F. ) ;
#4296 = LINE ( 'NONE', #4963, #3195 ) ;
#4297 = CARTESIAN_POINT ( 'NONE',  ( -20.35000000000000142, 5.275000000000011013, -2.400000000000010569 ) ) ;
#4298 = CARTESIAN_POINT ( 'NONE',  ( -14.06999999999999496, 4.094999999999999751, -5.999999999999982236 ) ) ;
#4299 = CARTESIAN_POINT ( 'NONE',  ( 19.14999999999997371, 1.301022143997293101, -0.4690598923241178775 ) ) ;
#4300 = EDGE_LOOP ( 'NONE', ( #7062, #6518, #7458, #3436 ) ) ;
#4301 = ORIENTED_EDGE ( 'NONE', *, *, #3589, .T. ) ;
#4302 = CARTESIAN_POINT ( 'NONE',  ( 14.50000000000000888, 6.100000000000000533, -5.999999999999982236 ) ) ;
#4303 = EDGE_CURVE ( 'NONE', #4152, #5159, #894, .T. ) ;
#4304 = CARTESIAN_POINT ( 'NONE',  ( -21.19999999999999929, 5.275000000000011013, 1.925929944387235853E-31 ) ) ;
#4305 = CARTESIAN_POINT ( 'NONE',  ( 18.43000000000000327, 3.454999999999999627, -4.700000000000000178 ) ) ;
#4306 = FACE_OUTER_BOUND ( 'NONE', #2414, .T. ) ;
#4307 = DIRECTION ( 'NONE',  ( 1.000000000000000000, 0.000000000000000000, -0.000000000000000000 ) ) ;
#4308 = CIRCLE ( 'NONE', #6978, 0.07999999999999657385 ) ;
#4309 = VECTOR ( 'NONE', #4145, 1000.000000000000000 ) ;
#4310 = VECTOR ( 'NONE', #2511, 1000.000000000000000 ) ;
#4311 = DIRECTION ( 'NONE',  ( 1.000000000000000000, -0.000000000000000000, -0.000000000000000000 ) ) ;
#4312 = EDGE_CURVE ( 'NONE', #1671, #3584, #5829, .T. ) ;
#4313 = FACE_OUTER_BOUND ( 'NONE', #7017, .T. ) ;
#4314 = DIRECTION ( 'NONE',  ( 1.000000000000000000, 0.000000000000000000, -0.000000000000000000 ) ) ;
#4315 = EDGE_CURVE ( 'NONE', #6252, #6897, #3320, .T. ) ;
#4316 = ORIENTED_EDGE ( 'NONE', *, *, #2510, .F. ) ;
#4317 = CARTESIAN_POINT ( 'NONE',  ( -18.42999999999999616, 2.774999999999997247, -6.020000000000020890 ) ) ;
#4318 = ORIENTED_EDGE ( 'NONE', *, *, #6545, .T. ) ;
#4319 = AXIS2_PLACEMENT_3D ( 'NONE', #4120, #7697, #5258 ) ;
#4320 = FACE_OUTER_BOUND ( 'NONE', #1417, .T. ) ;
#4321 = EDGE_CURVE ( 'NONE', #6393, #4586, #931, .T. ) ;
#4322 = EDGE_CURVE ( 'NONE', #5864, #5532, #5744, .T. ) ;
#4323 = FACE_OUTER_BOUND ( 'NONE', #620, .T. ) ;
#4324 = PLANE ( 'NONE',  #4207 ) ;
#4325 = EDGE_CURVE ( 'NONE', #3549, #1145, #2150, .T. ) ;
#4326 = VERTEX_POINT ( 'NONE', #4550 ) ;
#4327 = VECTOR ( 'NONE', #7231, 1000.000000000000000 ) ;
#4328 = DIRECTION ( 'NONE',  ( -0.000000000000000000, -0.000000000000000000, 1.000000000000000000 ) ) ;
#4329 = VERTEX_POINT ( 'NONE', #1646 ) ;
#4330 = ORIENTED_EDGE ( 'NONE', *, *, #1742, .T. ) ;
#4331 = EDGE_CURVE ( 'NONE', #7228, #594, #6969, .T. ) ;
#4332 = DIRECTION ( 'NONE',  ( 0.000000000000000000, 0.5000000000000008882, 0.8660254037844380415 ) ) ;
#4333 = LINE ( 'NONE', #6169, #1124 ) ;
#4334 = PLANE ( 'NONE',  #2863 ) ;
#4335 = SURFACE_SIDE_STYLE ('',( #3674 ) ) ;
#4336 = CARTESIAN_POINT ( 'NONE',  ( 9.070000000000005613, 4.094999999999999751, -4.700000000000000178 ) ) ;
#4337 = VERTEX_POINT ( 'NONE', #6377 ) ;
#4338 = AXIS2_PLACEMENT_3D ( 'NONE', #5548, #168, #4285 ) ;
#4339 = DIRECTION ( 'NONE',  ( 0.000000000000000000, 1.000000000000000000, 0.000000000000000000 ) ) ;
#4340 = DIRECTION ( 'NONE',  ( -1.000000000000000000, 0.000000000000000000, -0.000000000000000000 ) ) ;
#4341 = DIRECTION ( 'NONE',  ( -0.8660254037844432595, -0.000000000000000000, 0.4999999999999918954 ) ) ;
#4342 = CARTESIAN_POINT ( 'NONE',  ( 9.070000000000005613, 3.454999999999999627, -4.700000000000000178 ) ) ;
#4343 = CARTESIAN_POINT ( 'NONE',  ( -18.42999999999999616, -2.987878387081802423, -5.380000000000021210 ) ) ;
#4344 =( GEOMETRIC_REPRESENTATION_CONTEXT ( 3 ) GLOBAL_UNCERTAINTY_ASSIGNED_CONTEXT ( ( #3453 ) ) GLOBAL_UNIT_ASSIGNED_CONTEXT ( ( #41, #7335, #1316 ) ) REPRESENTATION_CONTEXT ( 'NONE', 'WORKASPACE' ) );
#4345 = ORIENTED_EDGE ( 'NONE', *, *, #7785, .T. ) ;
#4346 = EDGE_CURVE ( 'NONE', #4568, #6579, #5795, .T. ) ;
#4347 = DIRECTION ( 'NONE',  ( -1.000000000000000000, 0.000000000000000000, 0.000000000000000000 ) ) ;
#4348 = CARTESIAN_POINT ( 'NONE',  ( 1.570000000000005391, 3.454999999999999627, -9.400000000000000355 ) ) ;
#4349 = DIRECTION ( 'NONE',  ( -1.000000000000000000, 0.000000000000000000, 0.000000000000000000 ) ) ;
#4350 = CARTESIAN_POINT ( 'NONE',  ( -13.42999999999999439, 3.454999999999999627, -5.999999999999982236 ) ) ;
#4351 = ORIENTED_EDGE ( 'NONE', *, *, #6770, .T. ) ;
#4352 = VERTEX_POINT ( 'NONE', #3251 ) ;
#4353 = EDGE_CURVE ( 'NONE', #5864, #6342, #977, .T. ) ;
#4354 = ORIENTED_EDGE ( 'NONE', *, *, #2014, .F. ) ;
#4355 = VECTOR ( 'NONE', #6080, 1000.000000000000000 ) ;
#4356 = LINE ( 'NONE', #1375, #3560 ) ;
#4357 =( NAMED_UNIT ( * ) SI_UNIT ( $, .STERADIAN. ) SOLID_ANGLE_UNIT ( ) );
#4358 = DIRECTION ( 'NONE',  ( 0.000000000000000000, 0.000000000000000000, 1.000000000000000000 ) ) ;
#4359 = CARTESIAN_POINT ( 'NONE',  ( 21.19999999999999929, 0.000000000000000000, 0.000000000000000000 ) ) ;
#4360 = VERTEX_POINT ( 'NONE', #3875 ) ;
#4361 = CARTESIAN_POINT ( 'NONE',  ( -11.56999999999999673, 4.094999999999999751, -5.999999999999982236 ) ) ;
#4362 = AXIS2_PLACEMENT_3D ( 'NONE', #5299, #7698, #4795 ) ;
#4363 = EDGE_LOOP ( 'NONE', ( #7197, #4104, #5638, #2991 ) ) ;
#4364 = EDGE_CURVE ( 'NONE', #160, #6123, #3289, .T. ) ;
#4365 = VECTOR ( 'NONE', #2569, 1000.000000000000000 ) ;
#4366 = ORIENTED_EDGE ( 'NONE', *, *, #6078, .F. ) ;
#4367 = ADVANCED_FACE ( 'NONE', ( #5094 ), #7499, .F. ) ;
#4368 = DIRECTION ( 'NONE',  ( -0.000000000000000000, 5.421010862427523403E-17, 1.000000000000000000 ) ) ;
#4369 = VECTOR ( 'NONE', #7564, 1000.000000000000000 ) ;
#4370 = CARTESIAN_POINT ( 'NONE',  ( -19.06999999999999673, -1.356834363362291240, -5.967879242695142139 ) ) ;
#4371 = LINE ( 'NONE', #4928, #7526 ) ;
#4372 = ORIENTED_EDGE ( 'NONE', *, *, #2168, .T. ) ;
#4373 = AXIS2_PLACEMENT_3D ( 'NONE', #5552, #6191, #6114 ) ;
#4374 = SURFACE_STYLE_USAGE ( .BOTH. , #3192 ) ;
#4375 = LINE ( 'NONE', #5648, #1008 ) ;
#4376 = AXIS2_PLACEMENT_3D ( 'NONE', #2987, #5995, #7214 ) ;
#4377 = ORIENTED_EDGE ( 'NONE', *, *, #2885, .F. ) ;
#4378 = VECTOR ( 'NONE', #4907, 1000.000000000000000 ) ;
#4379 = ADVANCED_FACE ( 'NONE', ( #7166 ), #4712, .T. ) ;
#4380 = ADVANCED_FACE ( 'NONE', ( #5944 ), #2425, .F. ) ;
#4381 = VECTOR ( 'NONE', #1413, 1000.000000000000000 ) ;
#4382 = VECTOR ( 'NONE', #7709, 1000.000000000000000 ) ;
#4383 = COLOUR_RGB ( '',0.7960784313725489669, 0.8235294117647058432, 0.9372549019607843146 ) ;
#4384 = PLANE ( 'NONE',  #2947 ) ;
#4385 = AXIS2_PLACEMENT_3D ( 'NONE', #760, #833, #6172 ) ;
#4386 = CARTESIAN_POINT ( 'NONE',  ( -12.99999999999999112, 0.4000000000000000222, 0.000000000000000000 ) ) ;
#4387 = FACE_OUTER_BOUND ( 'NONE', #2973, .T. ) ;
#4388 = CARTESIAN_POINT ( 'NONE',  ( -10.92999999999999616, 0.000000000000000000, -5.999999999999982236 ) ) ;
#4389 = CARTESIAN_POINT ( 'NONE',  ( 4.500000000000007105, 0.000000000000000000, -5.999999999999982236 ) ) ;
#4390 = EDGE_LOOP ( 'NONE', ( #5731, #4862, #3347, #7659 ) ) ;
#4391 = VECTOR ( 'NONE', #2608, 1000.000000000000000 ) ;
#4392 = ORIENTED_EDGE ( 'NONE', *, *, #151, .T. ) ;
#4393 = LINE ( 'NONE', #807, #1306 ) ;
#4394 = FACE_OUTER_BOUND ( 'NONE', #7140, .T. ) ;
#4395 = CARTESIAN_POINT ( 'NONE',  ( 21.19999999999999929, 0.000000000000000000, -6.999999999999964473 ) ) ;
#4396 = FACE_OUTER_BOUND ( 'NONE', #3428, .T. ) ;
#4397 = DIRECTION ( 'NONE',  ( -1.000000000000000000, 0.000000000000000000, 0.000000000000000000 ) ) ;
#4398 = ORIENTED_EDGE ( 'NONE', *, *, #7735, .F. ) ;
#4399 = ORIENTED_EDGE ( 'NONE', *, *, #4949, .F. ) ;
#4400 = EDGE_LOOP ( 'NONE', ( #4741, #1539, #3471, #5322 ) ) ;
#4401 = CARTESIAN_POINT ( 'NONE',  ( 10.93000000000000149, 3.454999999999999627, -5.999999999999982236 ) ) ;
#4402 = DIRECTION ( 'NONE',  ( -1.000000000000000000, 0.000000000000000000, 0.000000000000000000 ) ) ;
#4403 = EDGE_CURVE ( 'NONE', #1187, #1374, #6535, .T. ) ;
#4404 = FACE_OUTER_BOUND ( 'NONE', #6862, .T. ) ;
#4405 = CARTESIAN_POINT ( 'NONE',  ( -19.24999999999999645, 6.100000000000000533, 0.000000000000000000 ) ) ;
#4406 = VERTEX_POINT ( 'NONE', #7783 ) ;
#4407 = DIRECTION ( 'NONE',  ( -1.000000000000000000, -0.000000000000000000, 0.000000000000000000 ) ) ;
#4408 = ORIENTED_EDGE ( 'NONE', *, *, #7752, .T. ) ;
#4409 = ORIENTED_EDGE ( 'NONE', *, *, #4346, .F. ) ;
#4410 = CARTESIAN_POINT ( 'NONE',  ( -18.54999999999999361, 6.100000000000000533, -3.699999999999991296 ) ) ;
#4411 = EDGE_CURVE ( 'NONE', #1145, #5661, #2898, .T. ) ;
#4412 = CARTESIAN_POINT ( 'NONE',  ( -9.069999999999996732, 3.454999999999999627, -4.700000000000000178 ) ) ;
#4413 = CARTESIAN_POINT ( 'NONE',  ( -19.06999999999999673, -3.399999999999999467, -6.020000000000021778 ) ) ;
#4414 = CARTESIAN_POINT ( 'NONE',  ( 22.50000000000000000, 0.000000000000000000, 0.000000000000000000 ) ) ;
#4415 = LINE ( 'NONE', #4336, #7533 ) ;
#4416 = EDGE_CURVE ( 'NONE', #6762, #3124, #5984, .T. ) ;
#4417 = ORIENTED_EDGE ( 'NONE', *, *, #5492, .F. ) ;
#4418 = CARTESIAN_POINT ( 'NONE',  ( -20.29999999999999361, 0.4000000000000000222, -6.999999999999964473 ) ) ;
#4419 = FACE_OUTER_BOUND ( 'NONE', #3587, .T. ) ;
#4420 = EDGE_CURVE ( 'NONE', #5380, #6923, #1929, .T. ) ;
#4421 = DIRECTION ( 'NONE',  ( -0.000000000000000000, 0.000000000000000000, -1.000000000000000000 ) ) ;
#4422 = CARTESIAN_POINT ( 'NONE',  ( 19.24999999999999645, 5.275000000000007461, -4.714890176717308726E-15 ) ) ;
#4423 = CARTESIAN_POINT ( 'NONE',  ( -15.92999999999999616, 3.454999999999999627, -4.700000000000000178 ) ) ;
#4424 = CARTESIAN_POINT ( 'NONE',  ( -18.42999999999999616, 2.774999999999997247, -6.020000000000020890 ) ) ;
#4425 = EDGE_CURVE ( 'NONE', #2174, #2147, #2937, .T. ) ;
#4426 = ORIENTED_EDGE ( 'NONE', *, *, #3426, .F. ) ;
#4427 = ORIENTED_EDGE ( 'NONE', *, *, #7444, .T. ) ;
#4428 = VECTOR ( 'NONE', #2632, 1000.000000000000000 ) ;
#4429 = LINE ( 'NONE', #5018, #5709 ) ;
#4430 = PLANE ( 'NONE',  #1732 ) ;
#4431 = CARTESIAN_POINT ( 'NONE',  ( -21.19999999999999929, 4.275000000000021672, -1.224646799147336937E-16 ) ) ;
#4432 = VECTOR ( 'NONE', #2903, 1000.000000000000000 ) ;
#4433 = DIRECTION ( 'NONE',  ( 0.000000000000000000, 1.000000000000000000, 0.000000000000000000 ) ) ;
#4434 = DIRECTION ( 'NONE',  ( 0.000000000000000000, 0.000000000000000000, -1.000000000000000000 ) ) ;
#4435 = ORIENTED_EDGE ( 'NONE', *, *, #5895, .F. ) ;
#4436 = ORIENTED_EDGE ( 'NONE', *, *, #1698, .T. ) ;
#4437 = VECTOR ( 'NONE', #2862, 1000.000000000000000 ) ;
#4438 = ORIENTED_EDGE ( 'NONE', *, *, #7696, .F. ) ;
#4439 = CARTESIAN_POINT ( 'NONE',  ( 3.000000000000006217, 0.3999999999999999112, -5.999999999999982236 ) ) ;
#4440 =( NAMED_UNIT ( * ) PLANE_ANGLE_UNIT ( ) SI_UNIT ( $, .RADIAN. ) );
#4441 = FACE_OUTER_BOUND ( 'NONE', #5679, .T. ) ;
#4442 = DIRECTION ( 'NONE',  ( 0.000000000000000000, 0.000000000000000000, 1.000000000000000000 ) ) ;
#4443 = EDGE_LOOP ( 'NONE', ( #1353, #951, #3924, #2667 ) ) ;
#4444 = DIRECTION ( 'NONE',  ( -1.000000000000000000, 0.000000000000000000, 0.000000000000000000 ) ) ;
#4445 = ORIENTED_EDGE ( 'NONE', *, *, #6395, .F. ) ;
#4446 = ORIENTED_EDGE ( 'NONE', *, *, #6457, .T. ) ;
#4447 = ORIENTED_EDGE ( 'NONE', *, *, #6317, .T. ) ;
#4448 = EDGE_CURVE ( 'NONE', #5456, #3767, #7736, .T. ) ;
#4449 = PLANE ( 'NONE',  #5898 ) ;
#4450 = VECTOR ( 'NONE', #1682, 1000.000000000000000 ) ;
#4451 = DIRECTION ( 'NONE',  ( -1.000000000000000000, 0.000000000000000000, -3.469446951953614978E-15 ) ) ;
#4452 = CARTESIAN_POINT ( 'NONE',  ( 17.00000000000001066, 0.000000000000000000, -6.999999999999982236 ) ) ;
#4453 = DIRECTION ( 'NONE',  ( 1.000000000000000000, 0.000000000000000000, 0.000000000000000000 ) ) ;
#4454 = CYLINDRICAL_SURFACE ( 'NONE', #5011, 0.1000000000000233064 ) ;
#4455 = VECTOR ( 'NONE', #3664, 1000.000000000000000 ) ;
#4456 = ORIENTED_EDGE ( 'NONE', *, *, #6947, .F. ) ;
#4457 = EDGE_CURVE ( 'NONE', #4501, #1577, #494, .T. ) ;
#4458 = DIRECTION ( 'NONE',  ( 0.000000000000000000, 0.000000000000000000, -1.000000000000000000 ) ) ;
#4459 = PLANE ( 'NONE',  #3449 ) ;
#4460 = EDGE_LOOP ( 'NONE', ( #822, #4330, #5670, #6193 ) ) ;
#4461 = CARTESIAN_POINT ( 'NONE',  ( -19.06999999999999673, -2.887878387081802334, -6.020000000000020890 ) ) ;
#4462 = DIRECTION ( 'NONE',  ( 0.000000000000000000, 1.000000000000000000, 0.000000000000000000 ) ) ;
#4463 = DIRECTION ( 'NONE',  ( -0.000000000000000000, -0.000000000000000000, 1.000000000000000000 ) ) ;
#4464 = DIRECTION ( 'NONE',  ( 1.000000000000000000, 0.000000000000000000, 0.000000000000000000 ) ) ;
#4465 = EDGE_LOOP ( 'NONE', ( #5276, #6083, #309, #306 ) ) ;
#4466 = AXIS2_PLACEMENT_3D ( 'NONE', #4790, #1168, #7161 ) ;
#4467 = EDGE_CURVE ( 'NONE', #201, #7109, #1720, .T. ) ;
#4468 = EDGE_CURVE ( 'NONE', #7616, #2796, #4752, .T. ) ;
#4469 = FACE_OUTER_BOUND ( 'NONE', #5524, .T. ) ;
#4470 = PLANE ( 'NONE',  #4569 ) ;
#4471 = DIRECTION ( 'NONE',  ( -1.000000000000000000, -0.000000000000000000, 0.000000000000000000 ) ) ;
#4472 = LINE ( 'NONE', #6218, #4890 ) ;
#4473 = LINE ( 'NONE', #6849, #4772 ) ;
#4474 = CARTESIAN_POINT ( 'NONE',  ( 0.000000000000000000, 0.4000000000000000222, -5.999999999999982236 ) ) ;
#4475 = ORIENTED_EDGE ( 'NONE', *, *, #1591, .T. ) ;
#4476 = VERTEX_POINT ( 'NONE', #2976 ) ;
#4477 = EDGE_CURVE ( 'NONE', #1631, #3783, #7243, .T. ) ;
#4478 = EDGE_CURVE ( 'NONE', #1485, #6841, #5423, .T. ) ;
#4479 = ORIENTED_EDGE ( 'NONE', *, *, #534, .F. ) ;
#4480 = ORIENTED_EDGE ( 'NONE', *, *, #721, .F. ) ;
#4481 = EDGE_LOOP ( 'NONE', ( #5303, #1035, #2829, #6984 ) ) ;
#4482 = LINE ( 'NONE', #6899, #6594 ) ;
#4483 = VECTOR ( 'NONE', #5519, 1000.000000000000000 ) ;
#4484 = CARTESIAN_POINT ( 'NONE',  ( 0.000000000000000000, 3.605000000000000870, 3.299999999999982503 ) ) ;
#4485 = CARTESIAN_POINT ( 'NONE',  ( -2.999999999999992450, 0.000000000000000000, -5.999999999999982236 ) ) ;
#4486 = ORIENTED_EDGE ( 'NONE', *, *, #1876, .F. ) ;
#4487 = DIRECTION ( 'NONE',  ( 1.000000000000000000, 0.000000000000000000, 0.000000000000000000 ) ) ;
#4488 = EDGE_LOOP ( 'NONE', ( #1027, #963, #6442, #5718 ) ) ;
#4489 = ORIENTED_EDGE ( 'NONE', *, *, #5826, .T. ) ;
#4490 = ORIENTED_EDGE ( 'NONE', *, *, #1114, .F. ) ;
#4491 = VECTOR ( 'NONE', #2427, 1000.000000000000000 ) ;
#4492 = FACE_OUTER_BOUND ( 'NONE', #793, .T. ) ;
#4493 = DIRECTION ( 'NONE',  ( 0.000000000000000000, -0.9276100592987797100, 0.3735499670562350549 ) ) ;
#4494 = DIRECTION ( 'NONE',  ( 0.000000000000000000, 1.000000000000000000, -0.000000000000000000 ) ) ;
#4495 = PRESENTATION_LAYER_ASSIGNMENT (  '', '', ( #1111 ) ) ;
#4496 = CARTESIAN_POINT ( 'NONE',  ( 20.00000000000000000, 0.000000000000000000, 0.000000000000000000 ) ) ;
#4497 = CARTESIAN_POINT ( 'NONE',  ( -12.99999999999999112, 6.100000000000000533, -5.999999999999982236 ) ) ;
#4498 = EDGE_LOOP ( 'NONE', ( #5031, #1618, #6962, #2748 ) ) ;
#4499 = FACE_OUTER_BOUND ( 'NONE', #1905, .T. ) ;
#4500 = CARTESIAN_POINT ( 'NONE',  ( -19.19999999999998153, 6.100000000000000533, -0.8443375672973879587 ) ) ;
#4501 = VERTEX_POINT ( 'NONE', #2270 ) ;
#4502 = VECTOR ( 'NONE', #2611, 1000.000000000000000 ) ;
#4503 = CARTESIAN_POINT ( 'NONE',  ( 13.00000000000001066, 6.100000000000000533, -6.999999999999982236 ) ) ;
#4504 = CARTESIAN_POINT ( 'NONE',  ( -16.56999999999999673, 3.454999999999999627, -4.700000000000000178 ) ) ;
#4505 = CARTESIAN_POINT ( 'NONE',  ( -19.06999999999999673, -1.356834363362289908, -5.967879242695143027 ) ) ;
#4506 = LINE ( 'NONE', #6928, #5266 ) ;
#4507 = EDGE_CURVE ( 'NONE', #7671, #2795, #1801, .T. ) ;
#4508 = EDGE_LOOP ( 'NONE', ( #5090, #6493, #6676, #3670 ) ) ;
#4509 = ORIENTED_EDGE ( 'NONE', *, *, #3035, .T. ) ;
#4510 = AXIS2_PLACEMENT_3D ( 'NONE', #4290, #5153, #6982 ) ;
#4511 = EDGE_LOOP ( 'NONE', ( #3101, #5462, #5767, #2573 ) ) ;
#4512 = VECTOR ( 'NONE', #567, 1000.000000000000000 ) ;
#4513 = ORIENTED_EDGE ( 'NONE', *, *, #1877, .F. ) ;
#4514 = DIRECTION ( 'NONE',  ( 0.000000000000000000, 1.000000000000000000, 0.000000000000000000 ) ) ;
#4515 = FACE_OUTER_BOUND ( 'NONE', #6601, .T. ) ;
#4516 = DIRECTION ( 'NONE',  ( 0.000000000000000000, 0.000000000000000000, -1.000000000000000000 ) ) ;
#4517 = AXIS2_PLACEMENT_3D ( 'NONE', #3457, #1032, #421 ) ;
#4518 = ADVANCED_FACE ( 'NONE', ( #3561 ), #7208, .F. ) ;
#4519 = CARTESIAN_POINT ( 'NONE',  ( -19.06999999999999673, -1.987878387081802645, -5.800000000000017586 ) ) ;
#4520 = DIRECTION ( 'NONE',  ( -1.000000000000000000, 0.000000000000000000, -0.000000000000000000 ) ) ;
#4521 = ORIENTED_EDGE ( 'NONE', *, *, #7743, .T. ) ;
#4522 = ORIENTED_EDGE ( 'NONE', *, *, #3419, .T. ) ;
#4523 = EDGE_LOOP ( 'NONE', ( #7568, #3864, #5442, #3485 ) ) ;
#4524 = ORIENTED_EDGE ( 'NONE', *, *, #4893, .F. ) ;
#4525 = CARTESIAN_POINT ( 'NONE',  ( 19.14999999999998792, 5.275000000000007461, -0.6999999999999879652 ) ) ;
#4526 = CARTESIAN_POINT ( 'NONE',  ( 18.43000000000000327, 3.454999999999999627, -5.999999999999982236 ) ) ;
#4527 = EDGE_CURVE ( 'NONE', #3705, #6109, #6494, .T. ) ;
#4528 = LINE ( 'NONE', #3845, #2245 ) ;
#4529 = CARTESIAN_POINT ( 'NONE',  ( -12.99999999999999112, 0.4000000000000000222, -5.999999999999982236 ) ) ;
#4530 = ORIENTED_EDGE ( 'NONE', *, *, #4153, .T. ) ;
#4531 = VERTEX_POINT ( 'NONE', #1211 ) ;
#4532 = PLANE ( 'NONE',  #69 ) ;
#4533 = ORIENTED_EDGE ( 'NONE', *, *, #2193, .T. ) ;
#4534 = VERTEX_POINT ( 'NONE', #6024 ) ;
#4535 = ORIENTED_EDGE ( 'NONE', *, *, #5735, .T. ) ;
#4536 = LINE ( 'NONE', #1459, #1855 ) ;
#4537 = LINE ( 'NONE', #2767, #4632 ) ;
#4538 = CARTESIAN_POINT ( 'NONE',  ( 19.19999999999998153, 6.100000000000000533, -0.8443375672973926216 ) ) ;
#4539 =( NAMED_UNIT ( * ) PLANE_ANGLE_UNIT ( ) SI_UNIT ( $, .RADIAN. ) );
#4540 = CARTESIAN_POINT ( 'NONE',  ( -20.29999999999999361, 0.4000000000000000222, -6.999999999999964473 ) ) ;
#4541 = ORIENTED_EDGE ( 'NONE', *, *, #3665, .F. ) ;
#4542 = DIRECTION ( 'NONE',  ( 1.000000000000000000, 0.000000000000000000, -0.000000000000000000 ) ) ;
#4543 = ORIENTED_EDGE ( 'NONE', *, *, #3610, .F. ) ;
#4544 = DIRECTION ( 'NONE',  ( 0.000000000000000000, 0.000000000000000000, -1.000000000000000000 ) ) ;
#4545 = CYLINDRICAL_SURFACE ( 'NONE', #4281, 0.6999999999999914069 ) ;
#4546 = CARTESIAN_POINT ( 'NONE',  ( -18.42999999999999616, -2.987878387081802423, -6.020000000000021778 ) ) ;
#4547 = DIRECTION ( 'NONE',  ( -0.000000000000000000, 1.000000000000000000, -0.000000000000000000 ) ) ;
#4548 = VERTEX_POINT ( 'NONE', #1834 ) ;
#4549 = EDGE_CURVE ( 'NONE', #6086, #348, #6453, .T. ) ;
#4550 = CARTESIAN_POINT ( 'NONE',  ( -15.92999999999999616, 4.094999999999999751, -5.999999999999982236 ) ) ;
#4551 = CARTESIAN_POINT ( 'NONE',  ( -19.06999999999999673, 0.000000000000000000, -5.999999999999982236 ) ) ;
#4552 = DIRECTION ( 'NONE',  ( 1.000000000000000000, 0.000000000000000000, 0.000000000000000000 ) ) ;
#4553 =( REPRESENTATION_RELATIONSHIP ('NONE','NONE', #1840, #6686 ) REPRESENTATION_RELATIONSHIP_WITH_TRANSFORMATION ( #4693 )SHAPE_REPRESENTATION_RELATIONSHIP( ) );
#4554 = DIRECTION ( 'NONE',  ( 0.000000000000000000, -0.000000000000000000, 1.000000000000000000 ) ) ;
#4555 = CARTESIAN_POINT ( 'NONE',  ( 11.57000000000000384, 4.094999999999999751, -5.999999999999982236 ) ) ;
#4556 = EDGE_LOOP ( 'NONE', ( #743, #4648, #1150, #6434 ) ) ;
#4557 = EDGE_LOOP ( 'NONE', ( #4671, #1538, #2927, #1435 ) ) ;
#4558 = ORIENTED_EDGE ( 'NONE', *, *, #4321, .F. ) ;
#4559 = ADVANCED_FACE ( 'NONE', ( #1394 ), #6134, .T. ) ;
#4560 = ORIENTED_EDGE ( 'NONE', *, *, #169, .T. ) ;
#4561 = CARTESIAN_POINT ( 'NONE',  ( -18.42999999999999616, -1.957994389717305994, -5.725791195256116239 ) ) ;
#4562 = FACE_OUTER_BOUND ( 'NONE', #1129, .T. ) ;
#4563 = ADVANCED_FACE ( 'NONE', ( #2609 ), #5010, .F. ) ;
#4564 = CARTESIAN_POINT ( 'NONE',  ( -18.42999999999999616, -3.399999999999999467, -5.870000000000021423 ) ) ;
#4565 = DIRECTION ( 'NONE',  ( 1.000000000000000000, 0.000000000000000000, -2.136358960562570493E-16 ) ) ;
#4566 = ORIENTED_EDGE ( 'NONE', *, *, #3213, .T. ) ;
#4567 = DIRECTION ( 'NONE',  ( -0.000000000000000000, 1.000000000000000000, -0.000000000000000000 ) ) ;
#4568 = VERTEX_POINT ( 'NONE', #4302 ) ;
#4569 = AXIS2_PLACEMENT_3D ( 'NONE', #631, #4732, #25 ) ;
#4570 = VERTEX_POINT ( 'NONE', #7310 ) ;
#4571 = ADVANCED_FACE ( 'NONE', ( #1977, #6755 ), #4384, .F. ) ;
#4572 = EDGE_CURVE ( 'NONE', #6295, #7561, #4933, .T. ) ;
#4573 = CARTESIAN_POINT ( 'NONE',  ( 4.070000000000003837, 4.094999999999999751, -5.999999999999982236 ) ) ;
#4574 = ADVANCED_FACE ( 'NONE', ( #6722 ), #764, .F. ) ;
#4575 = CARTESIAN_POINT ( 'NONE',  ( 16.57000000000000739, 4.094999999999999751, -9.400000000000000355 ) ) ;
#4576 = CARTESIAN_POINT ( 'NONE',  ( -18.91999999999999460, -3.399999999999999467, -6.020000000000021778 ) ) ;
#4577 = DIRECTION ( 'NONE',  ( 1.000000000000000000, 0.000000000000000000, 0.000000000000000000 ) ) ;
#4578 = ORIENTED_EDGE ( 'NONE', *, *, #6607, .T. ) ;
#4579 = LINE ( 'NONE', #5165, #2353 ) ;
#4580 = EDGE_LOOP ( 'NONE', ( #6721, #3526, #5660, #4446 ) ) ;
#4581 = ORIENTED_EDGE ( 'NONE', *, *, #4082, .F. ) ;
#4582 = EDGE_CURVE ( 'NONE', #5581, #3304, #5534, .T. ) ;
#4583 = EDGE_CURVE ( 'NONE', #35, #6821, #1321, .T. ) ;
#4584 = VECTOR ( 'NONE', #848, 1000.000000000000000 ) ;
#4585 = CYLINDRICAL_SURFACE ( 'NONE', #5722, 0.7000000000000009548 ) ;
#4586 = VERTEX_POINT ( 'NONE', #3161 ) ;
#4587 = CARTESIAN_POINT ( 'NONE',  ( 0.5000000000000108802, 6.100000000000000533, -6.999999999999982236 ) ) ;
#4588 = CARTESIAN_POINT ( 'NONE',  ( 3.430000000000002380, 4.094999999999999751, -9.400000000000000355 ) ) ;
#4589 = CARTESIAN_POINT ( 'NONE',  ( 20.35000000000000497, 4.575000000000019718, -3.100000000000001865 ) ) ;
#4590 = LINE ( 'NONE', #5825, #2113 ) ;
#4591 = EDGE_LOOP ( 'NONE', ( #3393, #4698, #3928, #4521 ) ) ;
#4592 = ORIENTED_EDGE ( 'NONE', *, *, #3210, .F. ) ;
#4593 = VECTOR ( 'NONE', #1637, 1000.000000000000000 ) ;
#4594 = CARTESIAN_POINT ( 'NONE',  ( -9.069999999999996732, 3.454999999999999627, -9.400000000000000355 ) ) ;
#4595 = DIRECTION ( 'NONE',  ( 0.000000000000000000, 0.000000000000000000, 1.000000000000000000 ) ) ;
#4596 = CARTESIAN_POINT ( 'NONE',  ( -19.06999999999999673, -2.256834363362282048, -5.132120757304897474 ) ) ;
#4597 = CARTESIAN_POINT ( 'NONE',  ( -12.00000000000001421, 0.4000000000000000222, -4.163336342344342706E-14 ) ) ;
#4598 = CARTESIAN_POINT ( 'NONE',  ( 15.50000000000001066, 0.000000000000000000, -5.999999999999982236 ) ) ;
#4599 = VERTEX_POINT ( 'NONE', #120 ) ;
#4600 = AXIS2_PLACEMENT_3D ( 'NONE', #2515, #2474, #4878 ) ;
#4601 = VECTOR ( 'NONE', #3823, 1000.000000000000000 ) ;
#4602 = ORIENTED_EDGE ( 'NONE', *, *, #4278, .F. ) ;
#4603 = CARTESIAN_POINT ( 'NONE',  ( -18.57999999999999474, -3.399999999999999467, -5.870000000000021423 ) ) ;
#4604 = FACE_OUTER_BOUND ( 'NONE', #3409, .T. ) ;
#4605 = FACE_BOUND ( 'NONE', #257, .T. ) ;
#4606 = DIRECTION ( 'NONE',  ( 0.000000000000000000, 0.000000000000000000, 1.000000000000000000 ) ) ;
#4607 = ORIENTED_EDGE ( 'NONE', *, *, #2788, .T. ) ;
#4608 =( GEOMETRIC_REPRESENTATION_CONTEXT ( 3 ) GLOBAL_UNCERTAINTY_ASSIGNED_CONTEXT ( ( #2906 ) ) GLOBAL_UNIT_ASSIGNED_CONTEXT ( ( #5564, #718, #4967 ) ) REPRESENTATION_CONTEXT ( 'NONE', 'WORKASPACE' ) );
#4609 = EDGE_CURVE ( 'NONE', #2847, #3515, #2534, .T. ) ;
#4610 = ORIENTED_EDGE ( 'NONE', *, *, #4312, .F. ) ;
#4611 = AXIS2_PLACEMENT_3D ( 'NONE', #674, #3735, #6160 ) ;
#4612 = CARTESIAN_POINT ( 'NONE',  ( 1.570000000000005391, 3.454999999999999627, -4.700000000000000178 ) ) ;
#4613 = CARTESIAN_POINT ( 'NONE',  ( -19.09999999999998366, 5.275000000000007461, -0.7866025403784281389 ) ) ;
#4614 = DIRECTION ( 'NONE',  ( -0.000000000000000000, -0.000000000000000000, 1.000000000000000000 ) ) ;
#4615 = APPLICATION_PROTOCOL_DEFINITION ( 'draft international standard', 'automotive_design', 1998, #5711 ) ;
#4616 = ORIENTED_EDGE ( 'NONE', *, *, #504, .F. ) ;
#4617 = DIRECTION ( 'NONE',  ( 0.000000000000000000, 0.000000000000000000, 1.000000000000000000 ) ) ;
#4618 = ORIENTED_EDGE ( 'NONE', *, *, #3649, .T. ) ;
#4619 = EDGE_CURVE ( 'NONE', #1042, #2826, #1253, .T. ) ;
#4620 = ORIENTED_EDGE ( 'NONE', *, *, #1904, .T. ) ;
#4621 = VECTOR ( 'NONE', #1267, 1000.000000000000000 ) ;
#4622 = VECTOR ( 'NONE', #332, 1000.000000000000000 ) ;
#4623 = LINE ( 'NONE', #1164, #7600 ) ;
#4624 = EDGE_LOOP ( 'NONE', ( #709, #2886, #5493, #6366 ) ) ;
#4625 = CARTESIAN_POINT ( 'NONE',  ( -0.9299999999999932765, 3.454999999999999627, -9.400000000000000355 ) ) ;
#4626 = DIRECTION ( 'NONE',  ( -3.469446951953614978E-15, 0.000000000000000000, 1.000000000000000000 ) ) ;
#4627 = CARTESIAN_POINT ( 'NONE',  ( -4.069999999999997620, 3.454999999999999627, -4.700000000000000178 ) ) ;
#4628 = LINE ( 'NONE', #3996, #1254 ) ;
#4629 = EDGE_CURVE ( 'NONE', #6436, #1137, #6799, .T. ) ;
#4630 = EDGE_LOOP ( 'NONE', ( #96, #7725, #3521, #2424 ) ) ;
#4631 = AXIS2_PLACEMENT_3D ( 'NONE', #1212, #2426, #6496 ) ;
#4632 = VECTOR ( 'NONE', #3356, 1000.000000000000000 ) ;
#4633 = PLANE ( 'NONE',  #5981 ) ;
#4634 = CARTESIAN_POINT ( 'NONE',  ( 5.500000000000007994, 6.100000000000000533, -5.999999999999982236 ) ) ;
#4635 = DIRECTION ( 'NONE',  ( 0.000000000000000000, 1.000000000000000000, 0.000000000000000000 ) ) ;
#4636 = FACE_OUTER_BOUND ( 'NONE', #5095, .T. ) ;
#4637 = VECTOR ( 'NONE', #6828, 1000.000000000000000 ) ;
#4638 = CARTESIAN_POINT ( 'NONE',  ( -19.06999999999999673, 4.094999999999999751, -4.700000000000017053 ) ) ;
#4639 = ORIENTED_EDGE ( 'NONE', *, *, #7139, .F. ) ;
#4640 = VECTOR ( 'NONE', #7085, 1000.000000000000000 ) ;
#4641 = ORIENTED_EDGE ( 'NONE', *, *, #4954, .T. ) ;
#4642 = LINE ( 'NONE', #6463, #7705 ) ;
#4643 = VECTOR ( 'NONE', #3921, 1000.000000000000000 ) ;
#4644 = CARTESIAN_POINT ( 'NONE',  ( 20.29999999999999716, 2.549999999999999822, -11.49999999999999645 ) ) ;
#4645 = AXIS2_PLACEMENT_3D ( 'NONE', #2864, #5270, #5152 ) ;
#4646 = VECTOR ( 'NONE', #2564, 1000.000000000000000 ) ;
#4647 = CARTESIAN_POINT ( 'NONE',  ( -4.069999999999997620, 4.094999999999999751, -4.700000000000000178 ) ) ;
#4648 = ORIENTED_EDGE ( 'NONE', *, *, #5186, .T. ) ;
#4649 = PLANE ( 'NONE',  #7142 ) ;
#4650 = ORIENTED_EDGE ( 'NONE', *, *, #364, .T. ) ;
#4651 = ORIENTED_EDGE ( 'NONE', *, *, #6647, .T. ) ;
#4652 = PRODUCT_DEFINITION_SHAPE ( 'NONE', 'NONE',  #7798 ) ;
#4653 = LINE ( 'NONE', #5043, #6001 ) ;
#4654 = EDGE_CURVE ( 'NONE', #1389, #3885, #4972, .T. ) ;
#4655 = DIRECTION ( 'NONE',  ( 1.000000000000000000, 0.000000000000000000, 0.000000000000000000 ) ) ;
#4656 = LINE ( 'NONE', #7074, #2044 ) ;
#4657 = ORIENTED_EDGE ( 'NONE', *, *, #1591, .F. ) ;
#4658 = LINE ( 'NONE', #7721, #2851 ) ;
#4659 = ORIENTED_EDGE ( 'NONE', *, *, #5051, .F. ) ;
#4660 = ORIENTED_EDGE ( 'NONE', *, *, #5879, .T. ) ;
#4661 = EDGE_LOOP ( 'NONE', ( #3452, #4188, #5323, #987 ) ) ;
#4662 = VERTEX_POINT ( 'NONE', #6098 ) ;
#4663 = VECTOR ( 'NONE', #1640, 1000.000000000000000 ) ;
#4664 = ADVANCED_FACE ( 'NONE', ( #1357 ), #154, .F. ) ;
#4665 = CARTESIAN_POINT ( 'NONE',  ( 7.000000000000009770, 4.094999999999999751, -5.999999999999982236 ) ) ;
#4666 = VERTEX_POINT ( 'NONE', #3787 ) ;
#4667 = PLANE ( 'NONE',  #2107 ) ;
#4668 = DIRECTION ( 'NONE',  ( 0.000000000000000000, 0.000000000000000000, 1.000000000000000000 ) ) ;
#4669 = DIRECTION ( 'NONE',  ( -0.000000000000000000, 2.843808977011159210E-15, 1.000000000000000000 ) ) ;
#4670 = ORIENTED_EDGE ( 'NONE', *, *, #2736, .F. ) ;
#4671 = ORIENTED_EDGE ( 'NONE', *, *, #5189, .F. ) ;
#4672 = EDGE_CURVE ( 'NONE', #5818, #5613, #6206, .T. ) ;
#4673 = EDGE_CURVE ( 'NONE', #7287, #4701, #5457, .T. ) ;
#4674 = DIRECTION ( 'NONE',  ( -0.000000000000000000, 1.000000000000000000, -0.000000000000000000 ) ) ;
#4675 = CARTESIAN_POINT ( 'NONE',  ( -18.42999999999999616, -1.718922410801315692, -5.132120757304897474 ) ) ;
#4676 = CARTESIAN_POINT ( 'NONE',  ( 1.570000000000005391, 3.454999999999999627, -9.400000000000000355 ) ) ;
#4677 = ADVANCED_FACE ( 'NONE', ( #48, #2460 ), #5494, .F. ) ;
#4678 = ORIENTED_EDGE ( 'NONE', *, *, #1391, .T. ) ;
#4679 = CARTESIAN_POINT ( 'NONE',  ( -18.42999999999999616, -1.087878387081799403, -6.020000000000019114 ) ) ;
#4680 = VERTEX_POINT ( 'NONE', #6365 ) ;
#4681 = ADVANCED_FACE ( 'NONE', ( #4419 ), #4459, .T. ) ;
#4682 = CARTESIAN_POINT ( 'NONE',  ( -19.06999999999999673, -2.887878387081802334, -6.020000000000020890 ) ) ;
#4683 = PLANE ( 'NONE',  #4645 ) ;
#4684 = DIRECTION ( 'NONE',  ( 0.000000000000000000, 0.000000000000000000, -1.000000000000000000 ) ) ;
#4685 = LINE ( 'NONE', #7101, #4224 ) ;
#4686 = VERTEX_POINT ( 'NONE', #7488 ) ;
#4687 = ORIENTED_EDGE ( 'NONE', *, *, #6701, .F. ) ;
#4688 = CARTESIAN_POINT ( 'NONE',  ( 9.500000000000008882, 0.3999999999999999112, -6.999999999999982236 ) ) ;
#4689 = LINE ( 'NONE', #4612, #6522 ) ;
#4690 = FACE_OUTER_BOUND ( 'NONE', #5710, .T. ) ;
#4691 = DIRECTION ( 'NONE',  ( 1.000000000000000000, 0.000000000000000000, 0.000000000000000000 ) ) ;
#4692 = VECTOR ( 'NONE', #4918, 1000.000000000000000 ) ;
#4693 = ITEM_DEFINED_TRANSFORMATION ( 'NONE', 'NONE', #2215,  #7741 ) ;
#4694 = EDGE_LOOP ( 'NONE', ( #2035, #5802, #6020, #6202 ) ) ;
#4695 = CARTESIAN_POINT ( 'NONE',  ( -17.80000000000000426, 6.100000000000000533, 0.000000000000000000 ) ) ;
#4696 = ORIENTED_EDGE ( 'NONE', *, *, #1355, .T. ) ;
#4697 = ORIENTED_EDGE ( 'NONE', *, *, #4321, .T. ) ;
#4698 = ORIENTED_EDGE ( 'NONE', *, *, #4729, .T. ) ;
#4700 = EDGE_CURVE ( 'NONE', #3323, #4050, #967, .T. ) ;
#4699 = VECTOR ( 'NONE', #2876, 1000.000000000000000 ) ;
#4701 = VERTEX_POINT ( 'NONE', #2019 ) ;
#4702 = VECTOR ( 'NONE', #4873, 1000.000000000000000 ) ;
#4703 = PLANE ( 'NONE',  #3702 ) ;
#4704 = ORIENTED_EDGE ( 'NONE', *, *, #2833, .T. ) ;
#4705 = DIRECTION ( 'NONE',  ( -3.469446951953614978E-15, 0.000000000000000000, 1.000000000000000000 ) ) ;
#4706 = FACE_OUTER_BOUND ( 'NONE', #1500, .T. ) ;
#4707 = PLANE ( 'NONE',  #3508 ) ;
#4708 = ORIENTED_EDGE ( 'NONE', *, *, #2128, .T. ) ;
#4709 = ORIENTED_EDGE ( 'NONE', *, *, #5633, .F. ) ;
#4710 = EDGE_CURVE ( 'NONE', #6161, #4570, #3363, .T. ) ;
#4711 = VECTOR ( 'NONE', #4674, 1000.000000000000000 ) ;
#4712 = PLANE ( 'NONE',  #4319 ) ;
#4713 = DIRECTION ( 'NONE',  ( 1.000000000000000000, 0.000000000000000000, 0.000000000000000000 ) ) ;
#4714 = PLANE ( 'NONE',  #2985 ) ;
#4715 = VECTOR ( 'NONE', #6486, 1000.000000000000000 ) ;
#4716 = PLANE ( 'NONE',  #1134 ) ;
#4717 = VERTEX_POINT ( 'NONE', #6874 ) ;
#4718 = VECTOR ( 'NONE', #3108, 1000.000000000000000 ) ;
#4719 = ADVANCED_FACE ( 'NONE', ( #1594 ), #4585, .F. ) ;
#4720 = ORIENTED_EDGE ( 'NONE', *, *, #6040, .F. ) ;
#4721 = ADVANCED_FACE ( 'NONE', ( #278 ), #6961, .F. ) ;
#4722 = ADVANCED_FACE ( 'NONE', ( #2774 ), #837, .T. ) ;
#4723 = ORIENTED_EDGE ( 'NONE', *, *, #4126, .T. ) ;
#4724 = CARTESIAN_POINT ( 'NONE',  ( -20.29999999999999716, 0.000000000000000000, 0.000000000000000000 ) ) ;
#4725 = CARTESIAN_POINT ( 'NONE',  ( 19.19999999999998153, 1.301022143997293101, -0.8443375672973926216 ) ) ;
#4726 = CARTESIAN_POINT ( 'NONE',  ( 3.000000000000009770, 0.000000000000000000, -6.999999999999982236 ) ) ;
#4727 = DIRECTION ( 'NONE',  ( 0.000000000000000000, 0.000000000000000000, 1.000000000000000000 ) ) ;
#4728 = VERTEX_POINT ( 'NONE', #1429 ) ;
#4729 = EDGE_CURVE ( 'NONE', #2682, #2242, #5781, .T. ) ;
#4730 = EDGE_CURVE ( 'NONE', #7239, #4749, #3239, .T. ) ;
#4731 = EDGE_LOOP ( 'NONE', ( #2593, #1825, #2405, #6712 ) ) ;
#4732 = DIRECTION ( 'NONE',  ( 1.000000000000000000, -0.000000000000000000, 0.000000000000000000 ) ) ;
#4733 = CARTESIAN_POINT ( 'NONE',  ( -18.42999999999999616, 4.094999999999999751, 2.887878387081786791 ) ) ;
#4734 = LINE ( 'NONE', #3468, #3379 ) ;
#4735 = DIRECTION ( 'NONE',  ( 0.000000000000000000, 0.000000000000000000, 1.000000000000000000 ) ) ;
#4736 = ITEM_DEFINED_TRANSFORMATION ( 'NONE', 'NONE', #3600,  #7741 ) ;
#4737 = EDGE_LOOP ( 'NONE', ( #4651, #6130, #3802, #6008 ) ) ;
#4738 = CARTESIAN_POINT ( 'NONE',  ( 21.19999999999999929, 5.275000000000011013, -2.400000000000010569 ) ) ;
#4739 = ORIENTED_EDGE ( 'NONE', *, *, #4364, .T. ) ;
#4740 = ORIENTED_EDGE ( 'NONE', *, *, #6660, .F. ) ;
#4741 = ORIENTED_EDGE ( 'NONE', *, *, #5402, .T. ) ;
#4742 = DIRECTION ( 'NONE',  ( -0.000000000000000000, -0.000000000000000000, 1.000000000000000000 ) ) ;
#4743 = VERTEX_POINT ( 'NONE', #886 ) ;
#4744 = LINE ( 'NONE', #5364, #2237 ) ;
#4745 = FACE_BOUND ( 'NONE', #7711, .T. ) ;
#4746 = DIRECTION ( 'NONE',  ( -1.000000000000000000, -0.000000000000000000, -0.000000000000000000 ) ) ;
#4747 = AXIS2_PLACEMENT_3D ( 'NONE', #7710, #4090, #2319 ) ;
#4748 = FACE_OUTER_BOUND ( 'NONE', #1160, .T. ) ;
#4749 = VERTEX_POINT ( 'NONE', #6835 ) ;
#4750 = EDGE_LOOP ( 'NONE', ( #3043, #913, #1013, #6482 ) ) ;
#4751 = VECTOR ( 'NONE', #5886, 1000.000000000000000 ) ;
#4752 = LINE ( 'NONE', #7661, #6728 ) ;
#4753 = EDGE_CURVE ( 'NONE', #5613, #5956, #2647, .T. ) ;
#4754 = CARTESIAN_POINT ( 'NONE',  ( 14.50000000000000888, 6.100000000000000533, -5.999999999999982236 ) ) ;
#4755 = DIRECTION ( 'NONE',  ( 0.000000000000000000, -1.000000000000000000, -0.000000000000000000 ) ) ;
#4756 = FACE_BOUND ( 'NONE', #4737, .T. ) ;
#4757 = VECTOR ( 'NONE', #6454, 1000.000000000000000 ) ;
#4758 = VERTEX_POINT ( 'NONE', #923 ) ;
#4759 = ORIENTED_EDGE ( 'NONE', *, *, #6845, .F. ) ;
#4760 = AXIS2_PLACEMENT_3D ( 'NONE', #4964, #2527, #4927 ) ;
#4761 = DIRECTION ( 'NONE',  ( -1.000000000000000000, -0.000000000000000000, -0.000000000000000000 ) ) ;
#4762 = AXIS2_PLACEMENT_3D ( 'NONE', #5197, #3315, #5162 ) ;
#4763 = EDGE_CURVE ( 'NONE', #2660, #4666, #1553, .T. ) ;
#4764 = DIRECTION ( 'NONE',  ( -1.000000000000000000, -0.000000000000000000, -0.000000000000000000 ) ) ;
#4765 = VECTOR ( 'NONE', #3221, 1000.000000000000000 ) ;
#4766 = FACE_OUTER_BOUND ( 'NONE', #2781, .T. ) ;
#4767 = EDGE_CURVE ( 'NONE', #568, #5360, #6922, .T. ) ;
#4768 = VECTOR ( 'NONE', #6248, 1000.000000000000000 ) ;
#4769 = FACE_BOUND ( 'NONE', #4902, .T. ) ;
#4770 = ORIENTED_EDGE ( 'NONE', *, *, #2627, .T. ) ;
#4771 = ORIENTED_EDGE ( 'NONE', *, *, #3177, .T. ) ;
#4772 = VECTOR ( 'NONE', #2106, 1000.000000000000000 ) ;
#4773 = ORIENTED_EDGE ( 'NONE', *, *, #3128, .T. ) ;
#4774 = CIRCLE ( 'NONE', #2246, 0.6800000000000034905 ) ;
#4775 = CARTESIAN_POINT ( 'NONE',  ( 21.19999999999999929, 5.148076211353325604, -6.999999999999979572 ) ) ;
#4776 = VECTOR ( 'NONE', #1463, 1000.000000000000000 ) ;
#4777 = EDGE_CURVE ( 'NONE', #5345, #2636, #7001, .T. ) ;
#4778 = SURFACE_STYLE_FILL_AREA ( #7758 ) ;
#4779 = DIRECTION ( 'NONE',  ( 0.000000000000000000, 0.000000000000000000, -1.000000000000000000 ) ) ;
#4780 = DIRECTION ( 'NONE',  ( 1.000000000000000000, 0.000000000000000000, -0.000000000000000000 ) ) ;
#4781 = AXIS2_PLACEMENT_3D ( 'NONE', #7413, #5690, #5604 ) ;
#4782 = ORIENTED_EDGE ( 'NONE', *, *, #981, .T. ) ;
#4783 = CARTESIAN_POINT ( 'NONE',  ( 16.57000000000000739, 3.454999999999999627, -9.400000000000000355 ) ) ;
#4784 = ORIENTED_EDGE ( 'NONE', *, *, #4507, .T. ) ;
#4785 = ORIENTED_EDGE ( 'NONE', *, *, #6906, .F. ) ;
#4786 = CARTESIAN_POINT ( 'NONE',  ( -7.000000000000013323, 0.4000000000000000222, -2.428612866367535296E-14 ) ) ;
#4787 = EDGE_LOOP ( 'NONE', ( #7733, #1718, #6150, #2005 ) ) ;
#4788 = CARTESIAN_POINT ( 'NONE',  ( 20.35000000000000142, 5.275000000000007461, -4.700000000000000178 ) ) ;
#4789 = FACE_BOUND ( 'NONE', #3076, .T. ) ;
#4790 = CARTESIAN_POINT ( 'NONE',  ( 19.50000000000000711, 0.000000000000000000, -5.999999999999982236 ) ) ;
#4791 = LINE ( 'NONE', #3378, #6285 ) ;
#4792 = CARTESIAN_POINT ( 'NONE',  ( 2.000000000000008882, 0.3999999999999999112, -6.999999999999982236 ) ) ;
#4793 = ORIENTED_EDGE ( 'NONE', *, *, #4763, .T. ) ;
#4794 = DIRECTION ( 'NONE',  ( -0.000000000000000000, 1.000000000000000000, -0.000000000000000000 ) ) ;
#4795 = DIRECTION ( 'NONE',  ( 0.000000000000000000, -1.000000000000000000, 2.843808977011159210E-15 ) ) ;
#4796 = CARTESIAN_POINT ( 'NONE',  ( -18.42999999999999616, 3.454999999999999627, -4.700000000000017053 ) ) ;
#4797 = CARTESIAN_POINT ( 'NONE',  ( -18.42999999999999616, -2.987878387081802423, -5.380000000000022098 ) ) ;
#4798 = ORIENTED_EDGE ( 'NONE', *, *, #6424, .T. ) ;
#4799 = ADVANCED_FACE ( 'NONE', ( #2728 ), #5820, .T. ) ;
#4800 = CARTESIAN_POINT ( 'NONE',  ( -21.19999999999999929, 4.575000000000019718, -3.100000000000001865 ) ) ;
#4801 = CARTESIAN_POINT ( 'NONE',  ( 21.19999999999999929, 0.000000000000000000, 0.000000000000000000 ) ) ;
#4802 = DIRECTION ( 'NONE',  ( -1.000000000000000000, 0.000000000000000000, 0.000000000000000000 ) ) ;
#4803 = CARTESIAN_POINT ( 'NONE',  ( -19.06999999999999673, 3.454999999999999627, -4.700000000000017053 ) ) ;
#4804 = ORIENTED_EDGE ( 'NONE', *, *, #6553, .F. ) ;
#4805 = ORIENTED_EDGE ( 'NONE', *, *, #7696, .T. ) ;
#4806 = EDGE_CURVE ( 'NONE', #7664, #7306, #6406, .T. ) ;
#4807 = ORIENTED_EDGE ( 'NONE', *, *, #1787, .F. ) ;
#4808 = EDGE_CURVE ( 'NONE', #5914, #4749, #5204, .T. ) ;
#4809 = DIRECTION ( 'NONE',  ( 0.4999999999999919509, 0.000000000000000000, -0.8660254037844433705 ) ) ;
#4810 = CARTESIAN_POINT ( 'NONE',  ( -14.49999999999998934, 6.100000000000000533, -6.999999999999982236 ) ) ;
#4811 = DIRECTION ( 'NONE',  ( -1.000000000000000000, 0.000000000000000000, 0.000000000000000000 ) ) ;
#4812 = CARTESIAN_POINT ( 'NONE',  ( -18.42999999999999616, 2.774999999999996803, -4.700000000000017053 ) ) ;
#4813 = VERTEX_POINT ( 'NONE', #5970 ) ;
#4814 = CARTESIAN_POINT ( 'NONE',  ( 19.24999999999999645, 6.100000000000000533, -0.9309401076758581084 ) ) ;
#4815 = ORIENTED_EDGE ( 'NONE', *, *, #4527, .F. ) ;
#4816 = ORIENTED_EDGE ( 'NONE', *, *, #1354, .T. ) ;
#4817 = VERTEX_POINT ( 'NONE', #3477 ) ;
#4818 = EDGE_CURVE ( 'NONE', #322, #3549, #7727, .T. ) ;
#4819 = VERTEX_POINT ( 'NONE', #7156 ) ;
#4820 = EDGE_CURVE ( 'NONE', #6565, #7419, #6567, .T. ) ;
#4821 = EDGE_CURVE ( 'NONE', #3267, #3915, #5288, .T. ) ;
#4822 = PLANE ( 'NONE',  #6648 ) ;
#4823 = ORIENTED_EDGE ( 'NONE', *, *, #4753, .T. ) ;
#4824 = DIRECTION ( 'NONE',  ( -0.000000000000000000, 1.000000000000000000, 0.000000000000000000 ) ) ;
#4825 = PLANE ( 'NONE',  #3148 ) ;
#4826 = FILL_AREA_STYLE ('',( #684 ) ) ;
#4827 = DIRECTION ( 'NONE',  ( 0.000000000000000000, 0.000000000000000000, 1.000000000000000000 ) ) ;
#4828 = PLANE ( 'NONE',  #6413 ) ;
#4829 = ORIENTED_EDGE ( 'NONE', *, *, #868, .T. ) ;
#4830 = ADVANCED_FACE ( 'NONE', ( #2926 ), #5326, .F. ) ;
#4831 = VECTOR ( 'NONE', #7714, 1000.000000000000000 ) ;
#4832 = EDGE_CURVE ( 'NONE', #629, #2115, #1712, .T. ) ;
#4833 = ORIENTED_EDGE ( 'NONE', *, *, #4226, .F. ) ;
#4834 = DIRECTION ( 'NONE',  ( 1.000000000000000000, 0.000000000000000000, 0.000000000000000000 ) ) ;
#4835 = CARTESIAN_POINT ( 'NONE',  ( 3.430000000000002380, 3.454999999999999627, -4.700000000000000178 ) ) ;
#4836 = LINE ( 'NONE', #3644, #2725 ) ;
#4837 = DIRECTION ( 'NONE',  ( 0.000000000000000000, -1.000000000000000000, -8.163404592832033571E-15 ) ) ;
#4838 = ORIENTED_EDGE ( 'NONE', *, *, #2894, .T. ) ;
#4839 = DIRECTION ( 'NONE',  ( -0.000000000000000000, 1.000000000000000000, -0.000000000000000000 ) ) ;
#4840 = VECTOR ( 'NONE', #3486, 1000.000000000000000 ) ;
#4841 = LINE ( 'NONE', #4801, #3006 ) ;
#4842 = DIRECTION ( 'NONE',  ( 0.000000000000000000, 1.000000000000000000, 0.000000000000000000 ) ) ;
#4843 = DIRECTION ( 'NONE',  ( -1.000000000000000000, -0.000000000000000000, -0.000000000000000000 ) ) ;
#4844 = ORIENTED_EDGE ( 'NONE', *, *, #748, .T. ) ;
#4845 = ORIENTED_EDGE ( 'NONE', *, *, #3770, .F. ) ;
#4846 = CARTESIAN_POINT ( 'NONE',  ( 21.19999999999999929, 6.100000000000000533, -6.999999999999982236 ) ) ;
#4847 = DIRECTION ( 'NONE',  ( -1.000000000000000000, 0.000000000000000000, 0.000000000000000000 ) ) ;
#4848 = EDGE_CURVE ( 'NONE', #2713, #5870, #7040, .T. ) ;
#4849 = LINE ( 'NONE', #782, #6774 ) ;
#4850 = CARTESIAN_POINT ( 'NONE',  ( 5.930000000000005045, 3.454999999999999627, -4.700000000000000178 ) ) ;
#4851 = EDGE_LOOP ( 'NONE', ( #1752, #2129, #6627, #3641 ) ) ;
#4852 = FACE_OUTER_BOUND ( 'NONE', #519, .T. ) ;
#4853 = ORIENTED_EDGE ( 'NONE', *, *, #4303, .F. ) ;
#4854 = ORIENTED_EDGE ( 'NONE', *, *, #664, .T. ) ;
#4855 = VECTOR ( 'NONE', #6138, 1000.000000000000000 ) ;
#4856 = CARTESIAN_POINT ( 'NONE',  ( 5.500000000000007994, 0.000000000000000000, -5.999999999999982236 ) ) ;
#4857 = EDGE_CURVE ( 'NONE', #5943, #6543, #2888, .T. ) ;
#4858 = DIRECTION ( 'NONE',  ( -0.000000000000000000, 2.843808977011159210E-15, 1.000000000000000000 ) ) ;
#4859 = LINE ( 'NONE', #1315, #354 ) ;
#4860 =( LENGTH_UNIT ( ) NAMED_UNIT ( * ) SI_UNIT ( .MILLI., .METRE. ) );
#4861 = CARTESIAN_POINT ( 'NONE',  ( -18.54999999999999361, 5.275000000000007461, -3.699999999999991296 ) ) ;
#4862 = ORIENTED_EDGE ( 'NONE', *, *, #6806, .T. ) ;
#4863 = AXIS2_PLACEMENT_3D ( 'NONE', #3276, #6995, #2642 ) ;
#4864 = DIRECTION ( 'NONE',  ( 0.000000000000000000, 0.000000000000000000, 1.000000000000000000 ) ) ;
#4865 = VECTOR ( 'NONE', #5358, 1000.000000000000000 ) ;
#4866 = EDGE_CURVE ( 'NONE', #596, #6679, #561, .T. ) ;
#4867 = DIRECTION ( 'NONE',  ( 1.000000000000000000, 0.000000000000000000, 0.000000000000000000 ) ) ;
#4868 = CARTESIAN_POINT ( 'NONE',  ( 19.24999999999999645, 6.100000000000000533, -0.9309401076758581084 ) ) ;
#4869 = EDGE_CURVE ( 'NONE', #3885, #7767, #4623, .T. ) ;
#4870 = CARTESIAN_POINT ( 'NONE',  ( -17.99999999999999289, 3.454999999999999627, -5.999999999999982236 ) ) ;
#4871 = LINE ( 'NONE', #1766, #3752 ) ;
#4872 = ORIENTED_EDGE ( 'NONE', *, *, #5040, .F. ) ;
#4873 = DIRECTION ( 'NONE',  ( -0.000000000000000000, 1.000000000000000000, -0.000000000000000000 ) ) ;
#4874 = LINE ( 'NONE', #7182, #4011 ) ;
#4875 = AXIS2_PLACEMENT_3D ( 'NONE', #5596, #6991, #3943 ) ;
#4876 = CARTESIAN_POINT ( 'NONE',  ( 21.19999999999999929, 0.000000000000000000, -6.999999999999964473 ) ) ;
#4877 = ORIENTED_EDGE ( 'NONE', *, *, #2142, .T. ) ;
#4878 = DIRECTION ( 'NONE',  ( 0.000000000000000000, 0.000000000000000000, 1.000000000000000000 ) ) ;
#4879 = ORIENTED_EDGE ( 'NONE', *, *, #570, .T. ) ;
#4880 = LINE ( 'NONE', #6511, #1180 ) ;
#4881 = VECTOR ( 'NONE', #4705, 1000.000000000000000 ) ;
#4882 = CARTESIAN_POINT ( 'NONE',  ( 4.070000000000003837, 4.094999999999999751, -4.700000000000000178 ) ) ;
#4883 = CARTESIAN_POINT ( 'NONE',  ( -17.99999999999999289, 6.100000000000000533, -5.999999999999982236 ) ) ;
#4884 = DIRECTION ( 'NONE',  ( -0.000000000000000000, -0.000000000000000000, 1.000000000000000000 ) ) ;
#4885 = ORIENTED_EDGE ( 'NONE', *, *, #3086, .T. ) ;
#4886 = ORIENTED_EDGE ( 'NONE', *, *, #5124, .T. ) ;
#4887 = CARTESIAN_POINT ( 'NONE',  ( 9.500000000000008882, 0.000000000000000000, -5.999999999999982236 ) ) ;
#4888 = VERTEX_POINT ( 'NONE', #481 ) ;
#4889 = VECTOR ( 'NONE', #2327, 1000.000000000000227 ) ;
#4890 = VECTOR ( 'NONE', #6812, 1000.000000000000000 ) ;
#4891 = VECTOR ( 'NONE', #2428, 1000.000000000000000 ) ;
#4892 = VERTEX_POINT ( 'NONE', #4107 ) ;
#4893 = EDGE_CURVE ( 'NONE', #3915, #3549, #6526, .T. ) ;
#4894 = LINE ( 'NONE', #1312, #4959 ) ;
#4895 = VECTOR ( 'NONE', #5833, 1000.000000000000000 ) ;
#4896 = FACE_OUTER_BOUND ( 'NONE', #347, .T. ) ;
#4897 = CARTESIAN_POINT ( 'NONE',  ( 20.35000000000000142, 4.275000000000021672, -3.100000000000001865 ) ) ;
#4898 = CARTESIAN_POINT ( 'NONE',  ( 0.000000000000000000, 0.000000000000000000, 3.499999999999982236 ) ) ;
#4899 = CYLINDRICAL_SURFACE ( 'NONE', #741, 0.09999999999999939493 ) ;
#4900 = ORIENTED_EDGE ( 'NONE', *, *, #7444, .F. ) ;
#4901 = EDGE_CURVE ( 'NONE', #6524, #2626, #4032, .T. ) ;
#4902 = EDGE_LOOP ( 'NONE', ( #1342, #6772, #4998, #1276 ) ) ;
#4903 = DIRECTION ( 'NONE',  ( -0.000000000000000000, -0.000000000000000000, 1.000000000000000000 ) ) ;
#4904 = DIRECTION ( 'NONE',  ( 0.000000000000000000, 0.000000000000000000, -1.000000000000000000 ) ) ;
#4905 = CARTESIAN_POINT ( 'NONE',  ( 9.070000000000005613, 3.454999999999999627, -9.400000000000000355 ) ) ;
#4906 = LINE ( 'NONE', #4388, #4855 ) ;
#4907 = DIRECTION ( 'NONE',  ( -0.000000000000000000, 1.000000000000000000, -0.000000000000000000 ) ) ;
#4908 = ADVANCED_FACE ( 'NONE', ( #1128 ), #440, .F. ) ;
#4909 = ADVANCED_FACE ( 'NONE', ( #3438 ), #4703, .T. ) ;
#4910 = CARTESIAN_POINT ( 'NONE',  ( -7.999999999999991118, 6.100000000000000533, -5.999999999999982236 ) ) ;
#4911 = VECTOR ( 'NONE', #6, 1000.000000000000114 ) ;
#4912 = DIRECTION ( 'NONE',  ( -0.000000000000000000, -0.000000000000000000, 1.000000000000000000 ) ) ;
#4913 = CARTESIAN_POINT ( 'NONE',  ( -19.06999999999999673, 2.774999999999996803, -4.700000000000017053 ) ) ;
#4914 = ORIENTED_EDGE ( 'NONE', *, *, #7121, .F. ) ;
#4915 = LINE ( 'NONE', #7321, #1215 ) ;
#4916 = ORIENTED_EDGE ( 'NONE', *, *, #4243, .T. ) ;
#4917 = ADVANCED_FACE ( 'NONE', ( #1201 ), #600, .F. ) ;
#4918 = DIRECTION ( 'NONE',  ( 0.000000000000000000, 1.000000000000000000, 8.163404592832033571E-15 ) ) ;
#4919 = CARTESIAN_POINT ( 'NONE',  ( 0.000000000000000000, 3.605000000000000870, 3.299999999999982503 ) ) ;
#4920 = CARTESIAN_POINT ( 'NONE',  ( -19.06999999999999673, -2.017762384446297741, -5.725791195256117128 ) ) ;
#4921 = EDGE_LOOP ( 'NONE', ( #556, #5549, #3927, #6273 ) ) ;
#4922 = DIRECTION ( 'NONE',  ( -1.000000000000000000, -0.000000000000000000, 0.000000000000000000 ) ) ;
#4923 = CLOSED_SHELL ( 'NONE', ( #6371, #4721, #608, #6737, #1222, #466, #1827, #6257, #7578, #7000, #392, #853, #1302, #410, #6267, #6021, #7043, #5642, #920, #6030, #2111, #5832, #2882, #383, #1734, #1161, #175, #3362, #1077, #4031, #1896, #3223, #4574, #2581, #2274, #7136, #2915, #1095, #7509, #867, #957, #7675, #5576, #4908, #6364, #1269, #2390, #700, #126, #16, #6563, #2509, #1061, #3169, #3537, #4719, #6459, #3307, #205, #2599, #3647, #2009, #285, #5525, #2458, #5294, #6748, #7368, #4367, #7134, #7460, #2202, #2271, #7012, #4979, #5629, #1051, #3220, #2831, #1884, #630, #1529, #3106, #3466, #2845, #6352, #1112, #849, #1447, #6794, #2016, #7227, #2844, #7429, #6826, #3516, #4380, #7276, #3411, #1679, #2024, #5542, #5840, #4677, #4917, #2099, #4571, #110, #6504, #23, #6933, #4084, #1419, #5219, #6513, #1127, #2993, #3175, #2981, #6658, #5082, #2935, #5335, #2945, #1644, #3939, #6684, #5405, #4245, #6112, #7357, #275, #2063, #272, #2216, #159, #3115, #4664, #6611, #5746, #3080, #4563, #3552, #6222, #1589, #1347, #529, #678, #64, #7596, #3979, #4518, #6602, #6740, #5032, #5023, #6420, #7198, #767, #3760, #6125, #5194, #3818, #4830, #1769, #919, #901, #5681, #6472, #2962, #5147, #2741, #127, #7685, #6574, #5230 ) ) ;
#4924 = ORIENTED_EDGE ( 'NONE', *, *, #6250, .T. ) ;
#4925 = ORIENTED_EDGE ( 'NONE', *, *, #4467, .F. ) ;
#4926 = PLANE ( 'NONE',  #2953 ) ;
#4927 = DIRECTION ( 'NONE',  ( 0.000000000000000000, 0.000000000000000000, -1.000000000000000000 ) ) ;
#4928 = CARTESIAN_POINT ( 'NONE',  ( 4.070000000000003837, 3.454999999999999627, -4.700000000000000178 ) ) ;
#4929 = EDGE_LOOP ( 'NONE', ( #153, #1372, #4543, #6349 ) ) ;
#4930 = CARTESIAN_POINT ( 'NONE',  ( 7.000000000000009770, 6.100000000000000533, -5.999999999999982236 ) ) ;
#4931 = EDGE_CURVE ( 'NONE', #961, #7606, #3009, .T. ) ;
#4932 = EDGE_LOOP ( 'NONE', ( #242, #6151, #2033, #1926 ) ) ;
#4933 = LINE ( 'NONE', #1899, #2443 ) ;
#4934 = CARTESIAN_POINT ( 'NONE',  ( -17.99999999999999289, 4.094999999999999751, -5.999999999999982236 ) ) ;
#4935 = DIRECTION ( 'NONE',  ( 1.000000000000000000, 0.000000000000000000, 0.000000000000000000 ) ) ;
#4936 = LINE ( 'NONE', #4342, #6241 ) ;
#4937 = FACE_OUTER_BOUND ( 'NONE', #3810, .T. ) ;
#4938 = EDGE_CURVE ( 'NONE', #2174, #5943, #2260, .T. ) ;
#4939 = VECTOR ( 'NONE', #5103, 1000.000000000000114 ) ;
#4940 = VERTEX_POINT ( 'NONE', #1672 ) ;
#4941 = VERTEX_POINT ( 'NONE', #5560 ) ;
#4942 = AXIS2_PLACEMENT_3D ( 'NONE', #2027, #6216, #54 ) ;
#4943 = LINE ( 'NONE', #6182, #3060 ) ;
#4944 = PLANE ( 'NONE',  #4262 ) ;
#4945 = EDGE_CURVE ( 'NONE', #1567, #5588, #3743, .T. ) ;
#4946 = CARTESIAN_POINT ( 'NONE',  ( -20.35000000000000142, 5.275000000000007461, -4.700000000000000178 ) ) ;
#4947 = EDGE_LOOP ( 'NONE', ( #3050, #6798, #3439, #725 ) ) ;
#4948 = LINE ( 'NONE', #7353, #1943 ) ;
#4949 = EDGE_CURVE ( 'NONE', #2529, #5518, #5484, .T. ) ;
#4950 = EDGE_LOOP ( 'NONE', ( #1241, #3010, #2574, #3966 ) ) ;
#4951 = AXIS2_PLACEMENT_3D ( 'NONE', #4198, #5297, #4075 ) ;
#4952 = ORIENTED_EDGE ( 'NONE', *, *, #3985, .T. ) ;
#4953 = DIRECTION ( 'NONE',  ( 1.000000000000000000, 0.000000000000000000, 0.000000000000000000 ) ) ;
#4954 = EDGE_CURVE ( 'NONE', #5754, #6687, #6055, .T. ) ;
#4955 = DIRECTION ( 'NONE',  ( 0.000000000000000000, -1.000000000000000000, -0.000000000000000000 ) ) ;
#4956 = CARTESIAN_POINT ( 'NONE',  ( 10.50000000000000888, 0.3999999999999999112, -6.999999999999982236 ) ) ;
#4957 = EDGE_CURVE ( 'NONE', #1775, #226, #1928, .T. ) ;
#4958 = ORIENTED_EDGE ( 'NONE', *, *, #1904, .F. ) ;
#4959 = VECTOR ( 'NONE', #1892, 1000.000000000000000 ) ;
#4960 = CARTESIAN_POINT ( 'NONE',  ( -19.06999999999999673, 2.774999999999997247, -6.020000000000020002 ) ) ;
#4961 = VERTEX_POINT ( 'NONE', #3081 ) ;
#4962 = EDGE_LOOP ( 'NONE', ( #3852, #6939, #3102, #6527 ) ) ;
#4963 = CARTESIAN_POINT ( 'NONE',  ( -18.42999999999999616, -3.399999999999999467, -6.020000000000021778 ) ) ;
#4964 = CARTESIAN_POINT ( 'NONE',  ( -0.9299999999999932765, 3.454999999999999627, -9.400000000000000355 ) ) ;
#4965 = FACE_OUTER_BOUND ( 'NONE', #5115, .T. ) ;
#4966 = ORIENTED_EDGE ( 'NONE', *, *, #6924, .T. ) ;
#4967 =( NAMED_UNIT ( * ) SI_UNIT ( $, .STERADIAN. ) SOLID_ANGLE_UNIT ( ) );
#4968 = LINE ( 'NONE', #3236, #7746 ) ;
#4969 = VERTEX_POINT ( 'NONE', #7302 ) ;
#4970 = VECTOR ( 'NONE', #6550, 1000.000000000000000 ) ;
#4971 = STYLED_ITEM ( 'NONE', ( #2421 ), #5306 ) ;
#4972 = LINE ( 'NONE', #3197, #2189 ) ;
#4973 = CARTESIAN_POINT ( 'NONE',  ( -21.19999999999999929, 5.148076211353326492, -6.999999999999987566 ) ) ;
#4974 = DIRECTION ( 'NONE',  ( 0.000000000000000000, -1.000000000000000000, 2.843808977011159210E-15 ) ) ;
#4975 = CARTESIAN_POINT ( 'NONE',  ( -18.42999999999999616, 2.774999999999996803, -4.700000000000017053 ) ) ;
#4976 = CARTESIAN_POINT ( 'NONE',  ( 15.50000000000001066, 0.3999999999999999112, -5.999999999999982236 ) ) ;
#4977 = PRODUCT_DEFINITION_FORMATION_WITH_SPECIFIED_SOURCE ( 'ANY', '', #5143, .NOT_KNOWN. ) ;
#4978 = VERTEX_POINT ( 'NONE', #72 ) ;
#4979 = ADVANCED_FACE ( 'NONE', ( #2488 ), #4926, .F. ) ;
#4980 = LINE ( 'NONE', #3795, #4702 ) ;
#4981 = PLANE ( 'NONE',  #5390 ) ;
#4982 = DIRECTION ( 'NONE',  ( 0.000000000000000000, 1.000000000000000000, 0.000000000000000000 ) ) ;
#4983 = CIRCLE ( 'NONE', #3987, 0.09999999999999939493 ) ;
#4984 = CARTESIAN_POINT ( 'NONE',  ( 15.93000000000000682, 4.094999999999999751, -5.999999999999982236 ) ) ;
#4985 = ORIENTED_EDGE ( 'NONE', *, *, #7187, .T. ) ;
#4986 = VECTOR ( 'NONE', #6653, 1000.000000000000000 ) ;
#4987 = ORIENTED_EDGE ( 'NONE', *, *, #4315, .F. ) ;
#4988 = EDGE_CURVE ( 'NONE', #3085, #2636, #4894, .T. ) ;
#4989 = AXIS2_PLACEMENT_3D ( 'NONE', #2675, #353, #2766 ) ;
#4990 = CARTESIAN_POINT ( 'NONE',  ( 12.00000000000000711, 6.100000000000000533, -5.999999999999982236 ) ) ;
#4991 = EDGE_LOOP ( 'NONE', ( #4038, #4885, #6428, #3298 ) ) ;
#4992 = CARTESIAN_POINT ( 'NONE',  ( -18.42999999999999616, 3.455000000000000071, 2.887878387081787679 ) ) ;
#4993 = PLANE ( 'NONE',  #2819 ) ;
#4994 = VERTEX_POINT ( 'NONE', #2560 ) ;
#4995 = CARTESIAN_POINT ( 'NONE',  ( -19.06999999999999673, -1.117762384446301605, -5.374208804743921597 ) ) ;
#4996 = ORIENTED_EDGE ( 'NONE', *, *, #3662, .F. ) ;
#4997 = AXIS2_PLACEMENT_3D ( 'NONE', #3232, #2133, #7601 ) ;
#4998 = ORIENTED_EDGE ( 'NONE', *, *, #220, .T. ) ;
#4999 = EDGE_CURVE ( 'NONE', #6383, #2043, #4296, .T. ) ;
#5000 = EDGE_CURVE ( 'NONE', #4202, #3584, #756, .T. ) ;
#5001 = DIRECTION ( 'NONE',  ( -1.000000000000000000, -0.000000000000000000, -0.000000000000000000 ) ) ;
#5002 = CARTESIAN_POINT ( 'NONE',  ( -3.429999999999995719, 4.094999999999999751, -5.999999999999982236 ) ) ;
#5003 = CARTESIAN_POINT ( 'NONE',  ( 19.24999999999999645, 6.100000000000000533, -4.714890176717308726E-15 ) ) ;
#5004 = VECTOR ( 'NONE', #7223, 1000.000000000000000 ) ;
#5005 = DIRECTION ( 'NONE',  ( 0.000000000000000000, 0.000000000000000000, 1.000000000000000000 ) ) ;
#5006 = CARTESIAN_POINT ( 'NONE',  ( -18.42999999999999616, 2.774999999999996803, -4.700000000000017053 ) ) ;
#5007 = ORIENTED_EDGE ( 'NONE', *, *, #2541, .T. ) ;
#5008 = VECTOR ( 'NONE', #2067, 1000.000000000000000 ) ;
#5009 = LINE ( 'NONE', #6204, #6788 ) ;
#5010 = PLANE ( 'NONE',  #1313 ) ;
#5011 = AXIS2_PLACEMENT_3D ( 'NONE', #4299, #1281, #2680 ) ;
#5012 = CARTESIAN_POINT ( 'NONE',  ( -5.499999999999991118, 0.3999999999999999112, -6.999999999999982236 ) ) ;
#5013 = PLANE ( 'NONE',  #5813 ) ;
#5014 = PLANE ( 'NONE',  #7010 ) ;
#5015 = DIRECTION ( 'NONE',  ( 0.000000000000000000, -0.000000000000000000, -1.000000000000000000 ) ) ;
#5016 = VERTEX_POINT ( 'NONE', #3708 ) ;
#5017 = ORIENTED_EDGE ( 'NONE', *, *, #4174, .F. ) ;
#5018 = CARTESIAN_POINT ( 'NONE',  ( 15.93000000000000682, 0.000000000000000000, -5.999999999999982236 ) ) ;
#5019 = LINE ( 'NONE', #6298, #4622 ) ;
#5020 = CARTESIAN_POINT ( 'NONE',  ( 21.19999999999999929, 0.000000000000000000, -6.999999999999964473 ) ) ;
#5021 = FACE_OUTER_BOUND ( 'NONE', #4103, .T. ) ;
#5022 = PLANE ( 'NONE',  #6017 ) ;
#5023 = ADVANCED_FACE ( 'NONE', ( #3631 ), #2526, .F. ) ;
#5024 = ORIENTED_EDGE ( 'NONE', *, *, #1494, .F. ) ;
#5025 = ORIENTED_EDGE ( 'NONE', *, *, #4286, .T. ) ;
#5026 = DIRECTION ( 'NONE',  ( 0.000000000000000000, 0.000000000000000000, -1.000000000000000000 ) ) ;
#5027 = DIRECTION ( 'NONE',  ( 0.000000000000000000, -0.000000000000000000, -1.000000000000000000 ) ) ;
#5028 = CARTESIAN_POINT ( 'NONE',  ( -19.06999999999999673, 3.455000000000000071, -4.700000000000017053 ) ) ;
#5029 = ORIENTED_EDGE ( 'NONE', *, *, #7048, .F. ) ;
#5030 = DIRECTION ( 'NONE',  ( 0.000000000000000000, -0.000000000000000000, 1.000000000000000000 ) ) ;
#5031 = ORIENTED_EDGE ( 'NONE', *, *, #3899, .T. ) ;
#5032 = ADVANCED_FACE ( 'NONE', ( #643 ), #3152, .F. ) ;
#5033 = ORIENTED_EDGE ( 'NONE', *, *, #2203, .T. ) ;
#5034 = ORIENTED_EDGE ( 'NONE', *, *, #3707, .T. ) ;
#5035 = CARTESIAN_POINT ( 'NONE',  ( -18.42999999999999616, -1.087878387081800735, -5.380000000000021210 ) ) ;
#5036 = CARTESIAN_POINT ( 'NONE',  ( -15.49999999999999112, 0.4000000000000000222, -5.999999999999982236 ) ) ;
#5037 = LINE ( 'NONE', #3396, #6533 ) ;
#5038 =( NAMED_UNIT ( * ) SI_UNIT ( $, .STERADIAN. ) SOLID_ANGLE_UNIT ( ) );
#5039 = DIRECTION ( 'NONE',  ( 0.000000000000000000, -0.000000000000000000, -1.000000000000000000 ) ) ;
#5040 = EDGE_CURVE ( 'NONE', #3742, #6727, #714, .T. ) ;
#5041 = ORIENTED_EDGE ( 'NONE', *, *, #3601, .F. ) ;
#5042 = EDGE_CURVE ( 'NONE', #7523, #609, #3114, .T. ) ;
#5043 = CARTESIAN_POINT ( 'NONE',  ( 19.50000000000000711, 0.000000000000000000, -6.999999999999982236 ) ) ;
#5044 = CARTESIAN_POINT ( 'NONE',  ( -5.499999999999991118, 0.000000000000000000, -5.999999999999982236 ) ) ;
#5045 = VERTEX_POINT ( 'NONE', #5526 ) ;
#5046 = LINE ( 'NONE', #4625, #7160 ) ;
#5047 = LINE ( 'NONE', #1431, #5112 ) ;
#5048 = DIRECTION ( 'NONE',  ( 1.000000000000000000, -0.000000000000000000, -0.000000000000000000 ) ) ;
#5049 = DIRECTION ( 'NONE',  ( 0.000000000000000000, 0.000000000000000000, -1.000000000000000000 ) ) ;
#5050 = EDGE_CURVE ( 'NONE', #3684, #4819, #7332, .T. ) ;
#5051 = EDGE_CURVE ( 'NONE', #594, #2147, #3780, .T. ) ;
#5052 = ORIENTED_EDGE ( 'NONE', *, *, #5835, .T. ) ;
#5053 = CARTESIAN_POINT ( 'NONE',  ( -17.00000000000001421, 0.4000000000000000222, -5.898059818321150432E-14 ) ) ;
#5054 = CARTESIAN_POINT ( 'NONE',  ( -7.999999999999991118, 4.094999999999999751, -5.999999999999982236 ) ) ;
#5055 = CARTESIAN_POINT ( 'NONE',  ( -19.06999999999999673, -2.887878387081802334, -5.380000000000020322 ) ) ;
#5056 = VECTOR ( 'NONE', #7247, 1000.000000000000000 ) ;
#5057 = CARTESIAN_POINT ( 'NONE',  ( 6.570000000000006501, 3.454999999999999627, -5.999999999999982236 ) ) ;
#5058 = DIRECTION ( 'NONE',  ( -0.000000000000000000, -0.000000000000000000, 1.000000000000000000 ) ) ;
#5059 = VECTOR ( 'NONE', #7678, 1000.000000000000000 ) ;
#5060 = ORIENTED_EDGE ( 'NONE', *, *, #4931, .F. ) ;
#5061 = AXIS2_PLACEMENT_3D ( 'NONE', #3535, #1691, #6503 ) ;
#5062 = EDGE_LOOP ( 'NONE', ( #2093, #6311, #408, #1346 ) ) ;
#5063 = DIRECTION ( 'NONE',  ( 1.000000000000000000, -0.000000000000000000, 0.000000000000000000 ) ) ;
#5064 = ORIENTED_EDGE ( 'NONE', *, *, #7238, .F. ) ;
#5065 = CARTESIAN_POINT ( 'NONE',  ( -19.14999999999997371, 1.301022143997293101, -0.9309401076758535565 ) ) ;
#5066 = CARTESIAN_POINT ( 'NONE',  ( 19.50000000000000711, 6.100000000000000533, -5.999999999999982236 ) ) ;
#5067 = ORIENTED_EDGE ( 'NONE', *, *, #3892, .T. ) ;
#5068 = LINE ( 'NONE', #3266, #3604 ) ;
#5069 = VERTEX_POINT ( 'NONE', #789 ) ;
#5070 = VERTEX_POINT ( 'NONE', #4265 ) ;
#5071 = VECTOR ( 'NONE', #5213, 1000.000000000000000 ) ;
#5072 = ORIENTED_EDGE ( 'NONE', *, *, #4988, .F. ) ;
#5073 = EDGE_CURVE ( 'NONE', #2026, #1019, #1243, .T. ) ;
#5074 = CARTESIAN_POINT ( 'NONE',  ( -16.99999999999999289, 0.000000000000000000, -5.999999999999982236 ) ) ;
#5075 = VECTOR ( 'NONE', #2697, 1000.000000000000000 ) ;
#5076 = CARTESIAN_POINT ( 'NONE',  ( -10.92999999999999616, 3.454999999999999627, -4.700000000000000178 ) ) ;
#5077 = DIRECTION ( 'NONE',  ( 0.000000000000000000, 1.000000000000000000, 0.000000000000000000 ) ) ;
#5078 = DIRECTION ( 'NONE',  ( 1.000000000000000000, 0.000000000000000000, 0.000000000000000000 ) ) ;
#5079 = DIRECTION ( 'NONE',  ( -0.000000000000000000, 5.421010862427523403E-17, 1.000000000000000000 ) ) ;
#5080 = ORIENTED_EDGE ( 'NONE', *, *, #5922, .F. ) ;
#5081 = LINE ( 'NONE', #7674, #1373 ) ;
#5082 = ADVANCED_FACE ( 'NONE', ( #5412 ), #4822, .F. ) ;
#5083 = DIRECTION ( 'NONE',  ( 0.000000000000000000, -1.000000000000000000, 0.000000000000000000 ) ) ;
#5084 = ORIENTED_EDGE ( 'NONE', *, *, #7486, .F. ) ;
#5085 = DIRECTION ( 'NONE',  ( 0.000000000000000000, 0.000000000000000000, -1.000000000000000000 ) ) ;
#5086 = CARTESIAN_POINT ( 'NONE',  ( 15.49999999999998934, 0.4000000000000000222, 5.377642775528099468E-14 ) ) ;
#5087 = ADVANCED_FACE ( 'NONE', ( #313 ), #234, .T. ) ;
#5088 = DIRECTION ( 'NONE',  ( -0.000000000000000000, 1.000000000000000000, 1.404634393503488270E-16 ) ) ;
#5089 = DIRECTION ( 'NONE',  ( 0.000000000000000000, 1.000000000000000000, 8.163404592832033571E-15 ) ) ;
#5090 = ORIENTED_EDGE ( 'NONE', *, *, #4710, .T. ) ;
#5091 = STYLED_ITEM ( 'NONE', ( #4160 ), #3994 ) ;
#5092 = ORIENTED_EDGE ( 'NONE', *, *, #5533, .F. ) ;
#5093 = EDGE_CURVE ( 'NONE', #58, #7078, #3978, .T. ) ;
#5094 = FACE_OUTER_BOUND ( 'NONE', #7068, .T. ) ;
#5095 = EDGE_LOOP ( 'NONE', ( #2507, #5509, #3720, #974 ) ) ;
#5096 = CARTESIAN_POINT ( 'NONE',  ( -3.429999999999995719, 3.454999999999999627, -4.700000000000000178 ) ) ;
#5097 = CARTESIAN_POINT ( 'NONE',  ( 11.57000000000000384, 4.094999999999999751, -4.700000000000000178 ) ) ;
#5098 = CARTESIAN_POINT ( 'NONE',  ( 9.070000000000005613, 4.094999999999999751, -9.400000000000000355 ) ) ;
#5099 = DIRECTION ( 'NONE',  ( -1.000000000000000000, 0.000000000000000000, 0.000000000000000000 ) ) ;
#5100 = ORIENTED_EDGE ( 'NONE', *, *, #4154, .T. ) ;
#5101 = ORIENTED_EDGE ( 'NONE', *, *, #1964, .T. ) ;
#5102 = VERTEX_POINT ( 'NONE', #2010 ) ;
#5103 = DIRECTION ( 'NONE',  ( 0.000000000000000000, -0.3735499670562298369, 0.9276100592987818194 ) ) ;
#5104 = SURFACE_STYLE_FILL_AREA ( #2630 ) ;
#5105 = AXIS2_PLACEMENT_3D ( 'NONE', #1275, #3075, #3149 ) ;
#5106 = LINE ( 'NONE', #6268, #217 ) ;
#5107 = CARTESIAN_POINT ( 'NONE',  ( -20.29999999999999361, 0.4000000000000000222, -6.999999999999964473 ) ) ;
#5108 = EDGE_LOOP ( 'NONE', ( #3178, #2360, #5393, #4490 ) ) ;
#5109 = ORIENTED_EDGE ( 'NONE', *, *, #7048, .T. ) ;
#5110 = DIRECTION ( 'NONE',  ( 0.000000000000000000, -0.000000000000000000, 1.000000000000000000 ) ) ;
#5111 = EDGE_LOOP ( 'NONE', ( #2711, #4578, #1172, #1806 ) ) ;
#5112 = VECTOR ( 'NONE', #3199, 1000.000000000000000 ) ;
#5113 = ORIENTED_EDGE ( 'NONE', *, *, #232, .T. ) ;
#5114 = VECTOR ( 'NONE', #879, 1000.000000000000000 ) ;
#5115 = EDGE_LOOP ( 'NONE', ( #3340, #1595, #446, #7489 ) ) ;
#5116 = LINE ( 'NONE', #3812, #2603 ) ;
#5117 = CARTESIAN_POINT ( 'NONE',  ( 4.070000000000003837, 3.454999999999999627, -9.400000000000000355 ) ) ;
#5118 = LINE ( 'NONE', #4538, #7780 ) ;
#5119 = AXIS2_PLACEMENT_3D ( 'NONE', #7090, #1722, #6537 ) ;
#5120 = DIRECTION ( 'NONE',  ( 0.000000000000000000, 0.000000000000000000, 1.000000000000000000 ) ) ;
#5121 = CARTESIAN_POINT ( 'NONE',  ( 2.000000000000008882, 0.4000000000000000222, 0.000000000000000000 ) ) ;
#5122 = ORIENTED_EDGE ( 'NONE', *, *, #3151, .T. ) ;
#5123 = AXIS2_PLACEMENT_3D ( 'NONE', #6099, #689, #2502 ) ;
#5124 = EDGE_CURVE ( 'NONE', #224, #2213, #6318, .T. ) ;
#5125 = DIRECTION ( 'NONE',  ( 0.000000000000000000, 0.000000000000000000, 1.000000000000000000 ) ) ;
#5126 = ORIENTED_EDGE ( 'NONE', *, *, #4609, .F. ) ;
#5127 = AXIS2_PLACEMENT_3D ( 'NONE', #7333, #3153, #3745 ) ;
#5128 = LINE ( 'NONE', #7003, #2366 ) ;
#5129 = CARTESIAN_POINT ( 'NONE',  ( -1.999999999999988010, 6.100000000000000533, -6.999999999999982236 ) ) ;
#5130 = CARTESIAN_POINT ( 'NONE',  ( 0.000000000000000000, 0.4000000000000000222, -5.999999999999982236 ) ) ;
#5131 = VECTOR ( 'NONE', #1600, 1000.000000000000000 ) ;
#5132 = PLANE ( 'NONE',  #7524 ) ;
#5133 = ORIENTED_EDGE ( 'NONE', *, *, #5922, .T. ) ;
#5134 = EDGE_LOOP ( 'NONE', ( #7163, #7066, #6930, #5126 ) ) ;
#5135 = EDGE_CURVE ( 'NONE', #3159, #5289, #3187, .T. ) ;
#5136 = VECTOR ( 'NONE', #1234, 1000.000000000000000 ) ;
#5137 = EDGE_CURVE ( 'NONE', #7019, #856, #7562, .T. ) ;
#5138 = AXIS2_PLACEMENT_3D ( 'NONE', #3784, #6201, #792 ) ;
#5139 = LINE ( 'NONE', #7579, #294 ) ;
#5140 = CARTESIAN_POINT ( 'NONE',  ( -5.929999999999994387, 3.454999999999999627, -9.400000000000000355 ) ) ;
#5141 = LINE ( 'NONE', #7546, #3729 ) ;
#5142 = AXIS2_PLACEMENT_3D ( 'NONE', #2786, #2190, #1025 ) ;
#5143 = PRODUCT ( 'pin^SxB-XH-A ass', 'pin^SxB-XH-A ass', '', ( #5928 ) ) ;
#5144 = PLANE ( 'NONE',  #7660 ) ;
#5145 = FACE_OUTER_BOUND ( 'NONE', #1152, .T. ) ;
#5146 = VERTEX_POINT ( 'NONE', #4573 ) ;
#5147 = ADVANCED_FACE ( 'NONE', ( #6864 ), #7406, .F. ) ;
#5148 = ORIENTED_EDGE ( 'NONE', *, *, #720, .T. ) ;
#5149 = EDGE_CURVE ( 'NONE', #436, #4978, #4536, .T. ) ;
#5150 = ORIENTED_EDGE ( 'NONE', *, *, #3517, .F. ) ;
#5151 = LINE ( 'NONE', #2790, #5962 ) ;
#5152 = DIRECTION ( 'NONE',  ( -3.469446951953614978E-15, 0.000000000000000000, 1.000000000000000000 ) ) ;
#5153 = DIRECTION ( 'NONE',  ( 1.000000000000000000, -0.000000000000000000, 0.000000000000000000 ) ) ;
#5154 = CARTESIAN_POINT ( 'NONE',  ( -18.54999999999999361, 5.275000000000007461, -2.999999999999988898 ) ) ;
#5155 = ORIENTED_EDGE ( 'NONE', *, *, #1942, .F. ) ;
#5156 = CARTESIAN_POINT ( 'NONE',  ( -15.92999999999999616, 3.454999999999999627, -9.400000000000000355 ) ) ;
#5157 = EDGE_LOOP ( 'NONE', ( #4513, #4886, #2415, #6384 ) ) ;
#5158 = EDGE_CURVE ( 'NONE', #1488, #1586, #2718, .T. ) ;
#5159 = VERTEX_POINT ( 'NONE', #186 ) ;
#5160 = CARTESIAN_POINT ( 'NONE',  ( 19.19999999999998153, 6.100000000000000533, -0.5556624327025833088 ) ) ;
#5161 = DIRECTION ( 'NONE',  ( -0.000000000000000000, -0.000000000000000000, 1.000000000000000000 ) ) ;
#5162 = DIRECTION ( 'NONE',  ( 0.000000000000000000, -1.000000000000000000, 2.843808977011159210E-15 ) ) ;
#5163 = CARTESIAN_POINT ( 'NONE',  ( 25.00000000000000000, 0.000000000000000000, 0.000000000000000000 ) ) ;
#5164 = VERTEX_POINT ( 'NONE', #6827 ) ;
#5165 = CARTESIAN_POINT ( 'NONE',  ( 21.19999999999999929, 6.100000000000000533, -6.999999999999982236 ) ) ;
#5166 = ORIENTED_EDGE ( 'NONE', *, *, #2238, .T. ) ;
#5167 = VERTEX_POINT ( 'NONE', #1421 ) ;
#5168 = CARTESIAN_POINT ( 'NONE',  ( -19.06999999999999673, -2.987878387081802423, -5.380000000000022098 ) ) ;
#5169 = ORIENTED_EDGE ( 'NONE', *, *, #5324, .T. ) ;
#5170 = EDGE_CURVE ( 'NONE', #2147, #7468, #5116, .T. ) ;
#5171 = LINE ( 'NONE', #4461, #6274 ) ;
#5172 = DIRECTION ( 'NONE',  ( 0.000000000000000000, 0.000000000000000000, -1.000000000000000000 ) ) ;
#5173 = CARTESIAN_POINT ( 'NONE',  ( 20.35000000000000142, 5.275000000000007461, 0.000000000000000000 ) ) ;
#5174 = DIRECTION ( 'NONE',  ( 1.000000000000000000, 0.000000000000000000, 0.000000000000000000 ) ) ;
#5175 = ORIENTED_EDGE ( 'NONE', *, *, #4089, .T. ) ;
#5176 = CARTESIAN_POINT ( 'NONE',  ( -19.06999999999999673, -1.987878387081802645, -5.800000000000017586 ) ) ;
#5177 = EDGE_CURVE ( 'NONE', #3434, #4337, #954, .T. ) ;
#5178 = DIRECTION ( 'NONE',  ( -0.4999999999999919509, 0.000000000000000000, -0.8660254037844433705 ) ) ;
#5179 = DIRECTION ( 'NONE',  ( 0.000000000000000000, 0.000000000000000000, -1.000000000000000000 ) ) ;
#5180 = PLANE ( 'NONE',  #5142 ) ;
#5181 = CARTESIAN_POINT ( 'NONE',  ( -6.999999999999988454, 6.100000000000000533, -6.999999999999982236 ) ) ;
#5182 = VERTEX_POINT ( 'NONE', #5682 ) ;
#5183 = ORIENTED_EDGE ( 'NONE', *, *, #3687, .T. ) ;
#5184 = UNCERTAINTY_MEASURE_WITH_UNIT (LENGTH_MEASURE( 1.000000000000000082E-05 ), #5366, 'distance_accuracy_value', 'NONE');
#5185 = CARTESIAN_POINT ( 'NONE',  ( 8.430000000000003268, 4.094999999999999751, -5.999999999999982236 ) ) ;
#5186 = EDGE_CURVE ( 'NONE', #5588, #6771, #267, .T. ) ;
#5187 = LINE ( 'NONE', #5223, #6671 ) ;
#5188 = CARTESIAN_POINT ( 'NONE',  ( -18.20245901447849945, 3.227459014478504251, 2.262714667361025889 ) ) ;
#5189 = EDGE_CURVE ( 'NONE', #4758, #437, #3231, .T. ) ;
#5190 = CARTESIAN_POINT ( 'NONE',  ( -18.49702530672225720, -3.172028903833239433, -5.952974693277759854 ) ) ;
#5191 = ORIENTED_EDGE ( 'NONE', *, *, #1817, .T. ) ;
#5192 = VECTOR ( 'NONE', #6046, 1000.000000000000000 ) ;
#5193 = ORIENTED_EDGE ( 'NONE', *, *, #5137, .F. ) ;
#5194 = ADVANCED_FACE ( 'NONE', ( #5770 ), #5643, .F. ) ;
#5195 = CARTESIAN_POINT ( 'NONE',  ( -18.42999999999999616, -1.957994389717305106, -5.725791195256118904 ) ) ;
#5196 = LINE ( 'NONE', #7527, #4637 ) ;
#5197 = CARTESIAN_POINT ( 'NONE',  ( 21.19999999999999929, 0.000000000000000000, -6.999999999999964473 ) ) ;
#5198 = PRODUCT_CONTEXT ( 'NONE', #5711, 'mechanical' ) ;
#5199 = ORIENTED_EDGE ( 'NONE', *, *, #2007, .T. ) ;
#5200 = CARTESIAN_POINT ( 'NONE',  ( -20.29999999999999716, 0.000000000000000000, -11.50000000000001776 ) ) ;
#5201 = ORIENTED_EDGE ( 'NONE', *, *, #2088, .T. ) ;
#5202 = ORIENTED_EDGE ( 'NONE', *, *, #5324, .F. ) ;
#5203 = VECTOR ( 'NONE', #1936, 1000.000000000000000 ) ;
#5204 = LINE ( 'NONE', #5936, #560 ) ;
#5205 = ORIENTED_EDGE ( 'NONE', *, *, #2447, .F. ) ;
#5206 = VECTOR ( 'NONE', #4884, 1000.000000000000000 ) ;
#5207 = DIRECTION ( 'NONE',  ( -0.000000000000000000, -0.000000000000000000, 1.000000000000000000 ) ) ;
#5208 = DIRECTION ( 'NONE',  ( -0.000000000000000000, -1.000000000000000000, -0.000000000000000000 ) ) ;
#5209 = DIRECTION ( 'NONE',  ( -0.000000000000000000, 0.000000000000000000, -1.000000000000000000 ) ) ;
#5210 = PLANE ( 'NONE',  #2377 ) ;
#5211 = ORIENTED_EDGE ( 'NONE', *, *, #7189, .T. ) ;
#5212 = VERTEX_POINT ( 'NONE', #5035 ) ;
#5213 = DIRECTION ( 'NONE',  ( -1.000000000000000000, 0.000000000000000000, 0.000000000000000000 ) ) ;
#5214 = CARTESIAN_POINT ( 'NONE',  ( -12.99999999999999112, 6.100000000000000533, -6.999999999999982236 ) ) ;
#5215 = CARTESIAN_POINT ( 'NONE',  ( -20.29999999999999716, 2.549999999999999822, -11.49999999999999645 ) ) ;
#5216 = CARTESIAN_POINT ( 'NONE',  ( -8.429999999999994387, 3.454999999999999627, -9.400000000000000355 ) ) ;
#5217 = CARTESIAN_POINT ( 'NONE',  ( -10.49999999999999112, 0.4000000000000000222, -5.999999999999982236 ) ) ;
#5218 = VERTEX_POINT ( 'NONE', #5160 ) ;
#5219 = ADVANCED_FACE ( 'NONE', ( #2047 ), #4449, .F. ) ;
#5220 = AXIS2_PLACEMENT_3D ( 'NONE', #2726, #6325, #2247 ) ;
#5221 = ORIENTED_EDGE ( 'NONE', *, *, #3087, .F. ) ;
#5222 = CARTESIAN_POINT ( 'NONE',  ( 7.000000000000009770, 0.3999999999999999112, -6.999999999999982236 ) ) ;
#5223 = CARTESIAN_POINT ( 'NONE',  ( -19.06999999999999673, 3.455000000000000071, 2.887878387081787679 ) ) ;
#5224 = PLANE ( 'NONE',  #4009 ) ;
#5225 = ORIENTED_EDGE ( 'NONE', *, *, #7495, .F. ) ;
#5226 = CARTESIAN_POINT ( 'NONE',  ( 0.5000000000000108802, 0.000000000000000000, -6.999999999999982236 ) ) ;
#5227 = ORIENTED_EDGE ( 'NONE', *, *, #4938, .T. ) ;
#5228 = ORIENTED_EDGE ( 'NONE', *, *, #5158, .F. ) ;
#5229 = ORIENTED_EDGE ( 'NONE', *, *, #3078, .F. ) ;
#5230 = ADVANCED_FACE ( 'NONE', ( #4492 ), #6911, .F. ) ;
#5231 = EDGE_CURVE ( 'NONE', #6711, #778, #4026, .T. ) ;
#5232 = LINE ( 'NONE', #2684, #4391 ) ;
#5233 = VECTOR ( 'NONE', #3625, 1000.000000000000000 ) ;
#5234 = LINE ( 'NONE', #1116, #610 ) ;
#5235 = CARTESIAN_POINT ( 'NONE',  ( -9.069999999999996732, 4.094999999999999751, -9.400000000000000355 ) ) ;
#5236 = MANIFOLD_SOLID_BREP ( 'Sweep3', #2913 ) ;
#5237 = ORIENTED_EDGE ( 'NONE', *, *, #7586, .F. ) ;
#5238 = CARTESIAN_POINT ( 'NONE',  ( 12.00000000000000711, 0.4000000000000000222, 0.000000000000000000 ) ) ;
#5239 = EDGE_LOOP ( 'NONE', ( #3484, #3817, #1380, #1268 ) ) ;
#5240 = ORIENTED_EDGE ( 'NONE', *, *, #3839, .T. ) ;
#5241 = EDGE_CURVE ( 'NONE', #7532, #7765, #1115, .T. ) ;
#5242 = EDGE_CURVE ( 'NONE', #3807, #629, #430, .T. ) ;
#5243 = ORIENTED_EDGE ( 'NONE', *, *, #1964, .F. ) ;
#5244 = ORIENTED_EDGE ( 'NONE', *, *, #6591, .T. ) ;
#5245 = AXIS2_PLACEMENT_3D ( 'NONE', #550, #5355, #2478 ) ;
#5246 = CARTESIAN_POINT ( 'NONE',  ( 5.930000000000005045, 0.000000000000000000, -5.999999999999982236 ) ) ;
#5247 = ORIENTED_EDGE ( 'NONE', *, *, #1020, .T. ) ;
#5248 = LINE ( 'NONE', #2848, #2865 ) ;
#5249 = DIRECTION ( 'NONE',  ( 1.000000000000000000, -0.000000000000000000, 0.000000000000000000 ) ) ;
#5250 = CARTESIAN_POINT ( 'NONE',  ( 19.50000000000000711, 6.100000000000000533, -5.999999999999982236 ) ) ;
#5251 = PLANE ( 'NONE',  #4263 ) ;
#5252 = ORIENTED_EDGE ( 'NONE', *, *, #7264, .T. ) ;
#5253 = ORIENTED_EDGE ( 'NONE', *, *, #6079, .T. ) ;
#5254 = EDGE_CURVE ( 'NONE', #6390, #5588, #7598, .T. ) ;
#5255 = MANIFOLD_SOLID_BREP ( 'LPattern1', #4923 ) ;
#5256 = AXIS2_PLACEMENT_3D ( 'NONE', #4413, #113, #2528 ) ;
#5257 = VECTOR ( 'NONE', #5860, 1000.000000000000000 ) ;
#5258 = DIRECTION ( 'NONE',  ( 0.000000000000000000, 0.000000000000000000, 1.000000000000000000 ) ) ;
#5259 = DIRECTION ( 'NONE',  ( 0.000000000000000000, 1.000000000000000000, 0.000000000000000000 ) ) ;
#5260 = DIRECTION ( 'NONE',  ( -1.000000000000000000, 0.000000000000000000, 0.000000000000000000 ) ) ;
#5261 = ORIENTED_EDGE ( 'NONE', *, *, #2349, .F. ) ;
#5262 = AXIS2_PLACEMENT_3D ( 'NONE', #5814, #4451, #2207 ) ;
#5263 = CARTESIAN_POINT ( 'NONE',  ( -10.49999999999999112, 0.3999999999999999112, -6.999999999999982236 ) ) ;
#5264 = VECTOR ( 'NONE', #7462, 1000.000000000000000 ) ;
#5265 = ORIENTED_EDGE ( 'NONE', *, *, #2627, .F. ) ;
#5266 = VECTOR ( 'NONE', #3914, 1000.000000000000000 ) ;
#5267 = VECTOR ( 'NONE', #3302, 1000.000000000000000 ) ;
#5268 = FACE_OUTER_BOUND ( 'NONE', #5766, .T. ) ;
#5269 = VECTOR ( 'NONE', #5273, 1000.000000000000000 ) ;
#5270 = DIRECTION ( 'NONE',  ( -1.000000000000000000, 0.000000000000000000, -3.469446951953614978E-15 ) ) ;
#5271 = AXIS2_PLACEMENT_3D ( 'NONE', #503, #2755, #1065 ) ;
#5272 = EDGE_CURVE ( 'NONE', #3884, #1193, #4689, .T. ) ;
#5273 = DIRECTION ( 'NONE',  ( -0.000000000000000000, -0.000000000000000000, 1.000000000000000000 ) ) ;
#5274 = CARTESIAN_POINT ( 'NONE',  ( 14.50000000000000888, 0.4000000000000000222, 0.000000000000000000 ) ) ;
#5275 = ORIENTED_EDGE ( 'NONE', *, *, #4629, .F. ) ;
#5276 = ORIENTED_EDGE ( 'NONE', *, *, #6947, .T. ) ;
#5277 = PRODUCT_DEFINITION_SHAPE ( 'NONE', 'NONE',  #7804 ) ;
#5278 = CARTESIAN_POINT ( 'NONE',  ( 19.50000000000000711, 6.100000000000000533, -6.999999999999982236 ) ) ;
#5279 = ADVANCED_FACE ( 'NONE', ( #2204 ), #4179, .T. ) ;
#5280 = DIRECTION ( 'NONE',  ( 0.000000000000000000, 0.000000000000000000, 1.000000000000000000 ) ) ;
#5281 = LINE ( 'NONE', #4056, #7450 ) ;
#5282 = ORIENTED_EDGE ( 'NONE', *, *, #5344, .T. ) ;
#5283 = CARTESIAN_POINT ( 'NONE',  ( -15.49999999999999112, 6.100000000000000533, -5.999999999999982236 ) ) ;
#5284 = ORIENTED_EDGE ( 'NONE', *, *, #6040, .T. ) ;
#5285 = ORIENTED_EDGE ( 'NONE', *, *, #4241, .T. ) ;
#5286 = ORIENTED_EDGE ( 'NONE', *, *, #5882, .T. ) ;
#5287 = VECTOR ( 'NONE', #2220, 1000.000000000000000 ) ;
#5288 = LINE ( 'NONE', #6013, #164 ) ;
#5289 = VERTEX_POINT ( 'NONE', #1000 ) ;
#5290 = EDGE_CURVE ( 'NONE', #5624, #5420, #7143, .T. ) ;
#5291 = LINE ( 'NONE', #4158, #4253 ) ;
#5292 = DIRECTION ( 'NONE',  ( -1.000000000000000000, -0.000000000000000000, 0.000000000000000000 ) ) ;
#5293 = DIRECTION ( 'NONE',  ( -0.000000000000000000, 1.000000000000000000, -0.000000000000000000 ) ) ;
#5294 = ADVANCED_FACE ( 'NONE', ( #3543 ), #1626, .F. ) ;
#5295 = ORIENTED_EDGE ( 'NONE', *, *, #6946, .T. ) ;
#5296 = ORIENTED_EDGE ( 'NONE', *, *, #6781, .F. ) ;
#5297 = DIRECTION ( 'NONE',  ( 0.000000000000000000, -1.000000000000000000, -0.000000000000000000 ) ) ;
#5298 = EDGE_CURVE ( 'NONE', #5289, #2952, #4216, .T. ) ;
#5299 = CARTESIAN_POINT ( 'NONE',  ( 21.19999999999999929, 0.000000000000000000, -6.999999999999964473 ) ) ;
#5300 = CARTESIAN_POINT ( 'NONE',  ( 21.19999999999999929, 0.000000000000000000, 0.000000000000000000 ) ) ;
#5301 = EDGE_CURVE ( 'NONE', #3432, #4680, #3252, .T. ) ;
#5302 = CARTESIAN_POINT ( 'NONE',  ( 8.430000000000003268, 4.094999999999999751, -9.400000000000000355 ) ) ;
#5303 = ORIENTED_EDGE ( 'NONE', *, *, #6341, .T. ) ;
#5304 = LINE ( 'NONE', #3493, #1916 ) ;
#5305 = ORIENTED_EDGE ( 'NONE', *, *, #2597, .F. ) ;
#5306 = ADVANCED_BREP_SHAPE_REPRESENTATION ( '', ( #5236, #7741 ), #3969 ) ;
#5307 = CARTESIAN_POINT ( 'NONE',  ( 4.070000000000003837, 4.094999999999999751, -9.400000000000000355 ) ) ;
#5308 = CARTESIAN_POINT ( 'NONE',  ( -19.06999999999999673, 4.094999999999999751, -4.700000000000017053 ) ) ;
#5309 = CARTESIAN_POINT ( 'NONE',  ( 20.35000000000000497, 4.575000000000019718, -2.400000000000010569 ) ) ;
#5310 = PLANE ( 'NONE',  #5999 ) ;
#5311 = EDGE_LOOP ( 'NONE', ( #3719, #7576, #2878, #6896 ) ) ;
#5312 = VERTEX_POINT ( 'NONE', #850 ) ;
#5313 = LINE ( 'NONE', #3620, #5192 ) ;
#5314 = CARTESIAN_POINT ( 'NONE',  ( 0.000000000000000000, 0.4000000000000000222, -5.999999999999982236 ) ) ;
#5315 = DIRECTION ( 'NONE',  ( -0.000000000000000000, -0.000000000000000000, 1.000000000000000000 ) ) ;
#5316 = CARTESIAN_POINT ( 'NONE',  ( -8.429999999999994387, 3.454999999999999627, -5.999999999999982236 ) ) ;
#5317 = AXIS2_PLACEMENT_3D ( 'NONE', #1060, #7060, #1100 ) ;
#5318 = ORIENTED_EDGE ( 'NONE', *, *, #2163, .F. ) ;
#5319 = LINE ( 'NONE', #4220, #3482 ) ;
#5320 = VERTEX_POINT ( 'NONE', #3036 ) ;
#5321 = ORIENTED_EDGE ( 'NONE', *, *, #4893, .T. ) ;
#5322 = ORIENTED_EDGE ( 'NONE', *, *, #4848, .F. ) ;
#5323 = ORIENTED_EDGE ( 'NONE', *, *, #3419, .F. ) ;
#5324 = EDGE_CURVE ( 'NONE', #7765, #6074, #5401, .T. ) ;
#5325 = VECTOR ( 'NONE', #3061, 1000.000000000000000 ) ;
#5326 = PLANE ( 'NONE',  #1570 ) ;
#5327 = VERTEX_POINT ( 'NONE', #1816 ) ;
#5328 = DIRECTION ( 'NONE',  ( 0.000000000000000000, 0.000000000000000000, -1.000000000000000000 ) ) ;
#5329 = CARTESIAN_POINT ( 'NONE',  ( -16.93856437002309079, 1.963564370023118677, 8.743949651464365758 ) ) ;
#5330 = DIRECTION ( 'NONE',  ( 0.000000000000000000, -0.000000000000000000, -1.000000000000000000 ) ) ;
#5331 = EDGE_LOOP ( 'NONE', ( #6953, #372, #5890, #90 ) ) ;
#5332 = ORIENTED_EDGE ( 'NONE', *, *, #6306, .T. ) ;
#5333 = AXIS2_PLACEMENT_3D ( 'NONE', #5176, #6886, #5700 ) ;
#5334 = EDGE_CURVE ( 'NONE', #1586, #6171, #1190, .T. ) ;
#5335 = ADVANCED_FACE ( 'NONE', ( #3580 ), #1233, .F. ) ;
#5336 = CARTESIAN_POINT ( 'NONE',  ( 6.570000000000006501, 4.094999999999999751, -9.400000000000000355 ) ) ;
#5337 = DIRECTION ( 'NONE',  ( 1.000000000000000000, -0.000000000000000000, -0.000000000000000000 ) ) ;
#5338 = DIRECTION ( 'NONE',  ( 0.000000000000000000, 0.000000000000000000, -1.000000000000000000 ) ) ;
#5339 = VECTOR ( 'NONE', #6600, 1000.000000000000000 ) ;
#5341 = LINE ( 'NONE', #1724, #612 ) ;
#5340 = PRODUCT_DEFINITION_SHAPE ( 'NONE', 'NONE',  #7811 ) ;
#5342 = ORIENTED_EDGE ( 'NONE', *, *, #4346, .T. ) ;
#5343 = ORIENTED_EDGE ( 'NONE', *, *, #679, .F. ) ;
#5344 = EDGE_CURVE ( 'NONE', #6832, #6687, #3988, .T. ) ;
#5345 = VERTEX_POINT ( 'NONE', #6048 ) ;
#5346 = LINE ( 'NONE', #1729, #3312 ) ;
#5347 = CARTESIAN_POINT ( 'NONE',  ( 0.000000000000000000, 3.605000000000000870, 3.299999999999982503 ) ) ;
#5348 = CARTESIAN_POINT ( 'NONE',  ( -19.06999999999999673, 2.774999999999997247, -5.380000000000021210 ) ) ;
#5349 = LINE ( 'NONE', #5274, #3725 ) ;
#5350 = ORIENTED_EDGE ( 'NONE', *, *, #2788, .F. ) ;
#5351 = VECTOR ( 'NONE', #3031, 1000.000000000000000 ) ;
#5352 = ORIENTED_EDGE ( 'NONE', *, *, #3330, .F. ) ;
#5353 = VECTOR ( 'NONE', #5498, 1000.000000000000000 ) ;
#5354 = CARTESIAN_POINT ( 'NONE',  ( -18.42999999999999616, -2.017762384446295520, -5.725791195256118016 ) ) ;
#5355 = DIRECTION ( 'NONE',  ( -0.4999999999999919509, 0.000000000000000000, 0.8660254037844433705 ) ) ;
#5356 = LINE ( 'NONE', #3429, #3247 ) ;
#5357 = PLANE ( 'NONE',  #6465 ) ;
#5358 = DIRECTION ( 'NONE',  ( -1.000000000000000000, 0.000000000000000000, 0.000000000000000000 ) ) ;
#5359 = ORIENTED_EDGE ( 'NONE', *, *, #3602, .T. ) ;
#5360 = VERTEX_POINT ( 'NONE', #6629 ) ;
#5361 = VERTEX_POINT ( 'NONE', #6590 ) ;
#5362 = DIRECTION ( 'NONE',  ( -1.000000000000000000, 0.000000000000000000, 0.000000000000000000 ) ) ;
#5363 = VERTEX_POINT ( 'NONE', #668 ) ;
#5364 = CARTESIAN_POINT ( 'NONE',  ( 19.09999999999998366, 1.301022143997293101, -0.6133974596215423514 ) ) ;
#5365 = LINE ( 'NONE', #7774, #2522 ) ;
#5366 =( LENGTH_UNIT ( ) NAMED_UNIT ( * ) SI_UNIT ( .MILLI., .METRE. ) );
#5367 = AXIS2_PLACEMENT_3D ( 'NONE', #4960, #4922, #5636 ) ;
#5368 = CARTESIAN_POINT ( 'NONE',  ( -19.06999999999999673, -1.087878387081800735, -5.380000000000021210 ) ) ;
#5369 = DIRECTION ( 'NONE',  ( -0.000000000000000000, 0.000000000000000000, 1.000000000000000000 ) ) ;
#5370 = EDGE_CURVE ( 'NONE', #3705, #6588, #6217, .T. ) ;
#5371 = EDGE_LOOP ( 'NONE', ( #3390, #6863, #7751, #461 ) ) ;
#5372 = AXIS2_PLACEMENT_3D ( 'NONE', #4905, #198, #766 ) ;
#5373 = VECTOR ( 'NONE', #2187, 1000.000000000000000 ) ;
#5374 = DIRECTION ( 'NONE',  ( -0.000000000000000000, -0.000000000000000000, 1.000000000000000000 ) ) ;
#5375 = CARTESIAN_POINT ( 'NONE',  ( 10.50000000000000533, 0.000000000000000000, -5.999999999999982236 ) ) ;
#5376 = DIRECTION ( 'NONE',  ( -0.000000000000000000, 1.000000000000000000, -0.000000000000000000 ) ) ;
#5377 = CARTESIAN_POINT ( 'NONE',  ( -10.49999999999999112, 0.4000000000000000222, 0.000000000000000000 ) ) ;
#5378 = EDGE_CURVE ( 'NONE', #7532, #5363, #1990, .T. ) ;
#5379 = VECTOR ( 'NONE', #5424, 1000.000000000000000 ) ;
#5380 = VERTEX_POINT ( 'NONE', #808 ) ;
#5381 = EDGE_CURVE ( 'NONE', #3370, #1912, #2656, .T. ) ;
#5382 = ORIENTED_EDGE ( 'NONE', *, *, #806, .F. ) ;
#5383 = VECTOR ( 'NONE', #2338, 1000.000000000000000 ) ;
#5384 = DIRECTION ( 'NONE',  ( 1.000000000000000000, -0.000000000000000000, 0.000000000000000000 ) ) ;
#5385 = VECTOR ( 'NONE', #2208, 1000.000000000000000 ) ;
#5386 = FACE_OUTER_BOUND ( 'NONE', #1526, .T. ) ;
#5387 = AXIS2_PLACEMENT_3D ( 'NONE', #395, #1545, #7481 ) ;
#5388 = EDGE_CURVE ( 'NONE', #5360, #2043, #6255, .T. ) ;
#5389 = CARTESIAN_POINT ( 'NONE',  ( -18.91999999999999460, 3.605000000000000870, 3.299999999999982503 ) ) ;
#5390 = AXIS2_PLACEMENT_3D ( 'NONE', #3722, #6256, #7385 ) ;
#5391 = VECTOR ( 'NONE', #5452, 1000.000000000000000 ) ;
#5392 = CARTESIAN_POINT ( 'NONE',  ( 17.80000000000000426, 1.301022143997293101, -3.699999999999995737 ) ) ;
#5393 = ORIENTED_EDGE ( 'NONE', *, *, #1285, .F. ) ;
#5394 = EDGE_CURVE ( 'NONE', #6060, #6762, #7294, .T. ) ;
#5395 = ORIENTED_EDGE ( 'NONE', *, *, #3892, .F. ) ;
#5396 = EDGE_CURVE ( 'NONE', #5550, #328, #2028, .T. ) ;
#5397 = VECTOR ( 'NONE', #1067, 1000.000000000000000 ) ;
#5398 = PRESENTATION_LAYER_ASSIGNMENT (  '', '', ( #4018 ) ) ;
#5399 = FACE_OUTER_BOUND ( 'NONE', #7508, .T. ) ;
#5400 = VECTOR ( 'NONE', #5039, 1000.000000000000000 ) ;
#5401 = LINE ( 'NONE', #5663, #4355 ) ;
#5402 = EDGE_CURVE ( 'NONE', #2713, #3370, #632, .T. ) ;
#5403 = CARTESIAN_POINT ( 'NONE',  ( 0.000000000000000000, 4.336808689942017736E-16, 3.299999999999982503 ) ) ;
#5404 = LINE ( 'NONE', #2328, #2673 ) ;
#5405 = ADVANCED_FACE ( 'NONE', ( #4394 ), #4430, .F. ) ;
#5406 = AXIS2_PLACEMENT_3D ( 'NONE', #3280, #1509, #6920 ) ;
#5407 = ORIENTED_EDGE ( 'NONE', *, *, #4331, .T. ) ;
#5408 = DIRECTION ( 'NONE',  ( -0.000000000000000000, 1.000000000000000000, 1.946735479746240487E-16 ) ) ;
#5409 = ORIENTED_EDGE ( 'NONE', *, *, #7700, .T. ) ;
#5410 = ORIENTED_EDGE ( 'NONE', *, *, #5242, .F. ) ;
#5411 = ORIENTED_EDGE ( 'NONE', *, *, #7057, .F. ) ;
#5412 = FACE_OUTER_BOUND ( 'NONE', #53, .T. ) ;
#5413 = APPLICATION_CONTEXT ( 'automotive_design' ) ;
#5414 = VERTEX_POINT ( 'NONE', #3832 ) ;
#5415 = LINE ( 'NONE', #1088, #6909 ) ;
#5416 = CARTESIAN_POINT ( 'NONE',  ( 9.070000000000005613, 3.454999999999999627, -9.400000000000000355 ) ) ;
#5417 =( NAMED_UNIT ( * ) PLANE_ANGLE_UNIT ( ) SI_UNIT ( $, .RADIAN. ) );
#5418 = CARTESIAN_POINT ( 'NONE',  ( -0.4999999999999900080, 0.000000000000000000, -5.999999999999982236 ) ) ;
#5419 = CARTESIAN_POINT ( 'NONE',  ( -20.35000000000000142, 1.225000000000037614, -4.700000000000000178 ) ) ;
#5420 = VERTEX_POINT ( 'NONE', #4810 ) ;
#5421 = AXIS2_PLACEMENT_3D ( 'NONE', #6057, #5292, #4110 ) ;
#5422 = ORIENTED_EDGE ( 'NONE', *, *, #6834, .F. ) ;
#5423 = LINE ( 'NONE', #3020, #4450 ) ;
#5424 = DIRECTION ( 'NONE',  ( -0.000000000000000000, 1.000000000000000000, -0.000000000000000000 ) ) ;
#5425 = CARTESIAN_POINT ( 'NONE',  ( 1.570000000000005391, 3.454999999999999627, -9.400000000000000355 ) ) ;
#5426 = CARTESIAN_POINT ( 'NONE',  ( -19.24999999999999645, 5.275000000000007461, -0.9309401076758534455 ) ) ;
#5427 = ORIENTED_EDGE ( 'NONE', *, *, #2504, .T. ) ;
#5428 = EDGE_CURVE ( 'NONE', #351, #6975, #464, .T. ) ;
#5429 = DIRECTION ( 'NONE',  ( -0.000000000000000000, -0.000000000000000000, 1.000000000000000000 ) ) ;
#5430 = DIRECTION ( 'NONE',  ( -0.000000000000000000, -0.000000000000000000, 1.000000000000000000 ) ) ;
#5431 = DIRECTION ( 'NONE',  ( -0.000000000000000000, 2.843808977011159210E-15, 1.000000000000000000 ) ) ;
#5432 = LINE ( 'NONE', #660, #7615 ) ;
#5433 = ORIENTED_EDGE ( 'NONE', *, *, #3558, .F. ) ;
#5434 = ORIENTED_EDGE ( 'NONE', *, *, #6701, .T. ) ;
#5435 = EDGE_CURVE ( 'NONE', #6363, #2109, #2619, .T. ) ;
#5436 = CARTESIAN_POINT ( 'NONE',  ( 18.54999999999999716, 1.301022143997293101, -3.699999999999995737 ) ) ;
#5437 = DIRECTION ( 'NONE',  ( 0.000000000000000000, -1.000000000000000000, -0.000000000000000000 ) ) ;
#5438 = LINE ( 'NONE', #28, #2871 ) ;
#5439 = DIRECTION ( 'NONE',  ( 1.000000000000000000, 0.000000000000000000, 0.000000000000000000 ) ) ;
#5440 = EDGE_LOOP ( 'NONE', ( #1711, #2364, #4445, #21, #1749, #4793 ) ) ;
#5441 = DIRECTION ( 'NONE',  ( -0.000000000000000000, -1.000000000000000000, -0.000000000000000000 ) ) ;
#5442 = ORIENTED_EDGE ( 'NONE', *, *, #3495, .T. ) ;
#5443 = ORIENTED_EDGE ( 'NONE', *, *, #7451, .F. ) ;
#5444 = ORIENTED_EDGE ( 'NONE', *, *, #5987, .T. ) ;
#5445 = EDGE_CURVE ( 'NONE', #5146, #5990, #5019, .T. ) ;
#5446 = EDGE_CURVE ( 'NONE', #2078, #1631, #450, .T. ) ;
#5447 = VECTOR ( 'NONE', #173, 1000.000000000000000 ) ;
#5448 = CARTESIAN_POINT ( 'NONE',  ( 6.570000000000006501, 3.454999999999999627, -9.400000000000000355 ) ) ;
#5449 = CARTESIAN_POINT ( 'NONE',  ( 21.19999999999999929, 0.000000000000000000, -6.999999999999964473 ) ) ;
#5450 = DIRECTION ( 'NONE',  ( 1.000000000000000000, 0.000000000000000000, 0.000000000000000000 ) ) ;
#5451 =( NAMED_UNIT ( * ) SI_UNIT ( $, .STERADIAN. ) SOLID_ANGLE_UNIT ( ) );
#5452 = DIRECTION ( 'NONE',  ( -1.000000000000000000, 0.000000000000000000, 0.000000000000000000 ) ) ;
#5453 = AXIS2_PLACEMENT_3D ( 'NONE', #2678, #5077, #7482 ) ;
#5454 = EDGE_LOOP ( 'NONE', ( #3204, #2738, #6492, #1706 ) ) ;
#5455 = VECTOR ( 'NONE', #4246, 1000.000000000000000 ) ;
#5456 = VERTEX_POINT ( 'NONE', #3962 ) ;
#5457 = LINE ( 'NONE', #195, #1821 ) ;
#5458 = DIRECTION ( 'NONE',  ( -1.000000000000000000, 0.000000000000000000, -0.000000000000000000 ) ) ;
#5459 = DIRECTION ( 'NONE',  ( -1.000000000000000000, 0.000000000000000000, 0.000000000000000000 ) ) ;
#5460 = DIRECTION ( 'NONE',  ( -1.000000000000000000, 0.000000000000000000, 0.000000000000000000 ) ) ;
#5461 = CARTESIAN_POINT ( 'NONE',  ( -19.06999999999999673, 3.454999999999999627, -4.700000000000017053 ) ) ;
#5462 = ORIENTED_EDGE ( 'NONE', *, *, #1214, .T. ) ;
#5463 = DIRECTION ( 'NONE',  ( 1.000000000000000000, -0.000000000000000000, -0.000000000000000000 ) ) ;
#5464 = VECTOR ( 'NONE', #3918, 1000.000000000000000 ) ;
#5465 = PLANE ( 'NONE',  #5649 ) ;
#5466 = CARTESIAN_POINT ( 'NONE',  ( 3.430000000000002380, 3.454999999999999627, -9.400000000000000355 ) ) ;
#5467 = ORIENTED_EDGE ( 'NONE', *, *, #3400, .F. ) ;
#5468 = LINE ( 'NONE', #5580, #955 ) ;
#5469 = ORIENTED_EDGE ( 'NONE', *, *, #3495, .F. ) ;
#5470 = EDGE_CURVE ( 'NONE', #7009, #961, #5747, .T. ) ;
#5471 = ORIENTED_EDGE ( 'NONE', *, *, #4087, .F. ) ;
#5472 = DIRECTION ( 'NONE',  ( 1.000000000000000000, 0.000000000000000000, -2.136358960562570493E-16 ) ) ;
#5473 = CARTESIAN_POINT ( 'NONE',  ( 19.14999999999997371, 5.275000000000007461, -0.9309401076758582194 ) ) ;
#5474 = CARTESIAN_POINT ( 'NONE',  ( -18.91999999999999460, -3.399999999999999467, -5.530000000000022453 ) ) ;
#5475 = DIRECTION ( 'NONE',  ( 1.000000000000000000, 0.000000000000000000, 0.000000000000000000 ) ) ;
#5476 = VERTEX_POINT ( 'NONE', #3334 ) ;
#5477 = LINE ( 'NONE', #823, #2589 ) ;
#5478 = EDGE_CURVE ( 'NONE', #4548, #351, #2742, .T. ) ;
#5479 = ORIENTED_EDGE ( 'NONE', *, *, #2445, .F. ) ;
#5480 = EDGE_CURVE ( 'NONE', #6552, #5956, #6970, .T. ) ;
#5481 = EDGE_CURVE ( 'NONE', #1186, #2545, #895, .T. ) ;
#5482 = EDGE_LOOP ( 'NONE', ( #5017, #1873, #2800, #3282 ) ) ;
#5483 = MECHANICAL_DESIGN_GEOMETRIC_PRESENTATION_REPRESENTATION (  '', ( #4971 ), #4344 ) ;
#5484 = LINE ( 'NONE', #6787, #2194 ) ;
#5485 = CARTESIAN_POINT ( 'NONE',  ( 19.07000000000000384, 4.094999999999999751, -5.999999999999982236 ) ) ;
#5486 = CARTESIAN_POINT ( 'NONE',  ( -15.49999999999999112, 0.000000000000000000, -5.999999999999982236 ) ) ;
#5487 =( NAMED_UNIT ( * ) SI_UNIT ( $, .STERADIAN. ) SOLID_ANGLE_UNIT ( ) );
#5488 = LINE ( 'NONE', #4930, #2624 ) ;
#5489 = ADVANCED_FACE ( 'NONE', ( #2814 ), #6335, .T. ) ;
#5490 = EDGE_CURVE ( 'NONE', #778, #7558, #6378, .T. ) ;
#5491 = ORIENTED_EDGE ( 'NONE', *, *, #4729, .F. ) ;
#5492 = EDGE_CURVE ( 'NONE', #5016, #3873, #2152, .T. ) ;
#5493 = ORIENTED_EDGE ( 'NONE', *, *, #6424, .F. ) ;
#5494 = PLANE ( 'NONE',  #6224 ) ;
#5495 = AXIS2_PLACEMENT_3D ( 'NONE', #4060, #7194, #640 ) ;
#5496 = DIRECTION ( 'NONE',  ( 0.000000000000000000, 0.000000000000000000, -1.000000000000000000 ) ) ;
#5497 = CARTESIAN_POINT ( 'NONE',  ( -20.29999999999999361, 0.4000000000000000222, -6.999999999999964473 ) ) ;
#5498 = DIRECTION ( 'NONE',  ( -0.000000000000000000, 1.000000000000000000, -0.000000000000000000 ) ) ;
#5499 = FACE_OUTER_BOUND ( 'NONE', #7157, .T. ) ;
#5500 = EDGE_CURVE ( 'NONE', #2418, #845, #7545, .T. ) ;
#5501 = AXIS2_PLACEMENT_3D ( 'NONE', #4796, #6577, #1837 ) ;
#5502 = VECTOR ( 'NONE', #7421, 1000.000000000000000 ) ;
#5503 = DIRECTION ( 'NONE',  ( 0.000000000000000000, -1.000000000000000000, 0.000000000000000000 ) ) ;
#5504 = DIRECTION ( 'NONE',  ( -1.000000000000000000, -0.000000000000000000, -0.000000000000000000 ) ) ;
#5505 = MECHANICAL_DESIGN_GEOMETRIC_PRESENTATION_REPRESENTATION (  '', ( #1111 ), #6394 ) ;
#5506 = DIRECTION ( 'NONE',  ( -0.3236155771181853935, -0.3236155771181816188, 0.8891264907159891484 ) ) ;
#5507 = VERTEX_POINT ( 'NONE', #3290 ) ;
#5508 = LINE ( 'NONE', #3726, #4621 ) ;
#5509 = ORIENTED_EDGE ( 'NONE', *, *, #3177, .F. ) ;
#5510 = ORIENTED_EDGE ( 'NONE', *, *, #5847, .T. ) ;
#5511 = ORIENTED_EDGE ( 'NONE', *, *, #815, .T. ) ;
#5512 = CARTESIAN_POINT ( 'NONE',  ( 13.43000000000000504, 0.000000000000000000, -5.999999999999982236 ) ) ;
#5513 = VECTOR ( 'NONE', #970, 1000.000000000000000 ) ;
#5514 = EDGE_CURVE ( 'NONE', #4151, #4157, #6887, .T. ) ;
#5515 = AXIS2_PLACEMENT_3D ( 'NONE', #7171, #1177, #4837 ) ;
#5516 = CARTESIAN_POINT ( 'NONE',  ( 3.000000000000006217, 6.100000000000000533, -5.999999999999982236 ) ) ;
#5517 = CARTESIAN_POINT ( 'NONE',  ( 19.50000000000000711, 0.3999999999999999112, -6.999999999999982236 ) ) ;
#5518 = VERTEX_POINT ( 'NONE', #5214 ) ;
#5519 = DIRECTION ( 'NONE',  ( -1.000000000000000000, 0.000000000000000000, 0.000000000000000000 ) ) ;
#5520 = ORIENTED_EDGE ( 'NONE', *, *, #1592, .F. ) ;
#5521 = VECTOR ( 'NONE', #3890, 1000.000000000000000 ) ;
#5522 = VECTOR ( 'NONE', #737, 1000.000000000000000 ) ;
#5523 = VECTOR ( 'NONE', #1872, 1000.000000000000000 ) ;
#5524 = EDGE_LOOP ( 'NONE', ( #2176, #3734, #6599, #1069 ) ) ;
#5525 = ADVANCED_FACE ( 'NONE', ( #3376 ), #5796, .F. ) ;
#5526 = CARTESIAN_POINT ( 'NONE',  ( 9.500000000000008882, 6.100000000000000533, -6.999999999999982236 ) ) ;
#5527 = AXIS2_PLACEMENT_3D ( 'NONE', #3798, #1481, #5704 ) ;
#5528 = CARTESIAN_POINT ( 'NONE',  ( 4.070000000000003837, 3.454999999999999627, -5.999999999999982236 ) ) ;
#5529 = PLANE ( 'NONE',  #5256 ) ;
#5530 = FILL_AREA_STYLE_COLOUR ( '', #6249 ) ;
#5531 = LINE ( 'NONE', #1933, #4646 ) ;
#5532 = VERTEX_POINT ( 'NONE', #1522 ) ;
#5533 = EDGE_CURVE ( 'NONE', #4743, #7523, #7013, .T. ) ;
#5534 = LINE ( 'NONE', #1866, #6988 ) ;
#5535 = DIRECTION ( 'NONE',  ( 0.000000000000000000, 0.000000000000000000, -1.000000000000000000 ) ) ;
#5536 = LINE ( 'NONE', #4305, #7633 ) ;
#5537 = EDGE_CURVE ( 'NONE', #1393, #201, #1607, .T. ) ;
#5538 = CARTESIAN_POINT ( 'NONE',  ( 4.070000000000003837, 4.094999999999999751, -9.400000000000000355 ) ) ;
#5539 = LINE ( 'NONE', #4343, #3628 ) ;
#5540 = ORIENTED_EDGE ( 'NONE', *, *, #5170, .F. ) ;
#5541 = EDGE_CURVE ( 'NONE', #3124, #1019, #7620, .T. ) ;
#5542 = ADVANCED_FACE ( 'NONE', ( #1056 ), #3447, .F. ) ;
#5543 = LINE ( 'NONE', #2542, #5968 ) ;
#5544 = VECTOR ( 'NONE', #5249, 1000.000000000000000 ) ;
#5545 = DIRECTION ( 'NONE',  ( 0.000000000000000000, -1.000000000000000000, 0.000000000000000000 ) ) ;
#5546 = LINE ( 'NONE', #6664, #1138 ) ;
#5547 = ORIENTED_EDGE ( 'NONE', *, *, #7187, .F. ) ;
#5548 = CARTESIAN_POINT ( 'NONE',  ( -20.29999999999999716, 2.549999999999999822, -11.49999999999999645 ) ) ;
#5549 = ORIENTED_EDGE ( 'NONE', *, *, #7695, .F. ) ;
#5550 = VERTEX_POINT ( 'NONE', #3919 ) ;
#5551 = DIRECTION ( 'NONE',  ( 0.9396926207859083169, 0.000000000000000000, -0.3420201433256692125 ) ) ;
#5552 = CARTESIAN_POINT ( 'NONE',  ( -3.429999999999995719, 3.454999999999999627, -9.400000000000000355 ) ) ;
#5553 = PLANE ( 'NONE',  #1054 ) ;
#5554 = ITEM_DEFINED_TRANSFORMATION ( 'NONE', 'NONE', #1094,  #7741 ) ;
#5555 = VERTEX_POINT ( 'NONE', #292 ) ;
#5556 = PLANE ( 'NONE',  #1465 ) ;
#5557 = APPLICATION_CONTEXT ( 'automotive_design' ) ;
#5558 = EDGE_LOOP ( 'NONE', ( #7593, #1414, #4417, #4074 ) ) ;
#5559 = ORIENTED_EDGE ( 'NONE', *, *, #4411, .F. ) ;
#5560 = CARTESIAN_POINT ( 'NONE',  ( 17.00000000000001066, 0.4000000000000000222, -5.999999999999982236 ) ) ;
#5561 = LINE ( 'NONE', #4370, #727 ) ;
#5562 = FACE_BOUND ( 'NONE', #6905, .T. ) ;
#5563 = EDGE_LOOP ( 'NONE', ( #5318, #5443, #6072, #7123 ) ) ;
#5564 =( LENGTH_UNIT ( ) NAMED_UNIT ( * ) SI_UNIT ( .MILLI., .METRE. ) );
#5565 = CARTESIAN_POINT ( 'NONE',  ( -4.499999999999990230, 6.100000000000000533, -6.999999999999982236 ) ) ;
#5566 = ORIENTED_EDGE ( 'NONE', *, *, #6495, .F. ) ;
#5567 = EDGE_CURVE ( 'NONE', #6711, #2952, #2699, .T. ) ;
#5568 = ORIENTED_EDGE ( 'NONE', *, *, #5478, .T. ) ;
#5569 = DIRECTION ( 'NONE',  ( 1.000000000000000000, 0.000000000000000000, 0.000000000000000000 ) ) ;
#5570 = CARTESIAN_POINT ( 'NONE',  ( -5.499999999999991118, 0.000000000000000000, -5.999999999999982236 ) ) ;
#5571 = DIRECTION ( 'NONE',  ( 1.000000000000000000, 0.000000000000000000, -2.136358960562570493E-16 ) ) ;
#5572 = LINE ( 'NONE', #123, #5353 ) ;
#5573 = CARTESIAN_POINT ( 'NONE',  ( -10.92999999999999616, 3.454999999999999627, -4.700000000000000178 ) ) ;
#5574 = AXIS2_PLACEMENT_3D ( 'NONE', #3660, #4809, #1815 ) ;
#5575 = ORIENTED_EDGE ( 'NONE', *, *, #3458, .T. ) ;
#5576 = ADVANCED_FACE ( 'NONE', ( #4515 ), #5985, .F. ) ;
#5577 = CARTESIAN_POINT ( 'NONE',  ( 0.000000000000000000, 0.4000000000000000222, -5.999999999999982236 ) ) ;
#5578 = CARTESIAN_POINT ( 'NONE',  ( -16.56999999999999673, 3.454999999999999627, -5.999999999999982236 ) ) ;
#5579 = PLANE ( 'NONE',  #7291 ) ;
#5580 = CARTESIAN_POINT ( 'NONE',  ( 0.000000000000000000, 0.4000000000000000222, -5.999999999999982236 ) ) ;
#5581 = VERTEX_POINT ( 'NONE', #4239 ) ;
#5582 = EDGE_CURVE ( 'NONE', #68, #4568, #7126, .T. ) ;
#5583 = ORIENTED_EDGE ( 'NONE', *, *, #2466, .F. ) ;
#5584 = VECTOR ( 'NONE', #1284, 1000.000000000000000 ) ;
#5585 = ORIENTED_EDGE ( 'NONE', *, *, #6924, .F. ) ;
#5586 = LINE ( 'NONE', #3143, #7582 ) ;
#5587 = VECTOR ( 'NONE', #1852, 1000.000000000000000 ) ;
#5588 = VERTEX_POINT ( 'NONE', #7209 ) ;
#5589 = DIRECTION ( 'NONE',  ( -1.000000000000000000, 0.000000000000000000, 0.000000000000000000 ) ) ;
#5590 = CARTESIAN_POINT ( 'NONE',  ( -8.429999999999994387, 4.094999999999999751, -5.999999999999982236 ) ) ;
#5591 = VERTEX_POINT ( 'NONE', #1097 ) ;
#5592 = VECTOR ( 'NONE', #7649, 1000.000000000000000 ) ;
#5593 = LINE ( 'NONE', #752, #6512 ) ;
#5594 = ORIENTED_EDGE ( 'NONE', *, *, #4353, .T. ) ;
#5595 = ORIENTED_EDGE ( 'NONE', *, *, #4243, .F. ) ;
#5596 = CARTESIAN_POINT ( 'NONE',  ( 16.57000000000000739, 3.454999999999999627, -9.400000000000000355 ) ) ;
#5597 = PLANE ( 'NONE',  #5127 ) ;
#5598 = LINE ( 'NONE', #791, #7788 ) ;
#5599 = CARTESIAN_POINT ( 'NONE',  ( 30.00000000000000000, 0.000000000000000000, 0.000000000000000000 ) ) ;
#5600 = CARTESIAN_POINT ( 'NONE',  ( -20.29999999999999361, 0.4000000000000000222, -6.999999999999964473 ) ) ;
#5601 = EDGE_LOOP ( 'NONE', ( #1401, #4183, #2292, #5955 ) ) ;
#5602 = CIRCLE ( 'NONE', #2225, 0.1000000000000232508 ) ;
#5603 = VECTOR ( 'NONE', #5787, 1000.000000000000000 ) ;
#5604 = DIRECTION ( 'NONE',  ( 0.000000000000000000, 0.000000000000000000, 1.000000000000000000 ) ) ;
#5605 = DIRECTION ( 'NONE',  ( -0.000000000000000000, 1.000000000000000000, -0.000000000000000000 ) ) ;
#5606 = EDGE_CURVE ( 'NONE', #5754, #4548, #5773, .T. ) ;
#5607 = DIRECTION ( 'NONE',  ( 0.000000000000000000, 0.000000000000000000, -1.000000000000000000 ) ) ;
#5608 = LINE ( 'NONE', #2612, #639 ) ;
#5609 = LINE ( 'NONE', #157, #2577 ) ;
#5610 = CARTESIAN_POINT ( 'NONE',  ( -19.24999999999999645, 1.301022143997293101, 0.000000000000000000 ) ) ;
#5611 = STYLED_ITEM ( 'NONE', ( #6792 ), #794 ) ;
#5612 = ORIENTED_EDGE ( 'NONE', *, *, #3417, .T. ) ;
#5613 = VERTEX_POINT ( 'NONE', #3529 ) ;
#5614 = ORIENTED_EDGE ( 'NONE', *, *, #504, .T. ) ;
#5615 = AXIS2_PLACEMENT_3D ( 'NONE', #1195, #5891, #1666 ) ;
#5616 = FACE_OUTER_BOUND ( 'NONE', #5706, .T. ) ;
#5617 = EDGE_CURVE ( 'NONE', #4272, #7436, #3487, .T. ) ;
#5618 = CARTESIAN_POINT ( 'NONE',  ( -10.92999999999999616, 3.454999999999999627, -9.400000000000000355 ) ) ;
#5619 = DIRECTION ( 'NONE',  ( 0.000000000000000000, -1.000000000000000000, 0.000000000000000000 ) ) ;
#5620 = DIRECTION ( 'NONE',  ( -1.000000000000000000, 0.000000000000000000, 0.000000000000000000 ) ) ;
#5621 = PRODUCT_RELATED_PRODUCT_CATEGORY ( 'part', '', ( #3255 ) ) ;
#5622 = VECTOR ( 'NONE', #6110, 1000.000000000000000 ) ;
#5623 = CARTESIAN_POINT ( 'NONE',  ( 20.35000000000000142, 1.225000000000037614, -4.700000000000000178 ) ) ;
#5624 = VERTEX_POINT ( 'NONE', #495 ) ;
#5625 = VECTOR ( 'NONE', #4341, 1000.000000000000114 ) ;
#5626 = ORIENTED_EDGE ( 'NONE', *, *, #7029, .T. ) ;
#5627 = VECTOR ( 'NONE', #5001, 1000.000000000000000 ) ;
#5628 = CARTESIAN_POINT ( 'NONE',  ( 6.570000000000006501, 0.000000000000000000, -5.999999999999982236 ) ) ;
#5629 = ADVANCED_FACE ( 'NONE', ( #535 ), #7737, .F. ) ;
#5630 = CARTESIAN_POINT ( 'NONE',  ( -1.569999999999994955, 4.094999999999999751, -9.400000000000000355 ) ) ;
#5631 = DIRECTION ( 'NONE',  ( -1.000000000000000000, 0.000000000000000000, -3.469446951953614978E-15 ) ) ;
#5632 = PLANE ( 'NONE',  #6918 ) ;
#5633 = EDGE_CURVE ( 'NONE', #5859, #1575, #1255, .T. ) ;
#5634 = EDGE_CURVE ( 'NONE', #3783, #1290, #4199, .T. ) ;
#5635 = ORIENTED_EDGE ( 'NONE', *, *, #220, .F. ) ;
#5636 = DIRECTION ( 'NONE',  ( 0.000000000000000000, 0.000000000000000000, 1.000000000000000000 ) ) ;
#5637 = ORIENTED_EDGE ( 'NONE', *, *, #4195, .F. ) ;
#5638 = ORIENTED_EDGE ( 'NONE', *, *, #6132, .T. ) ;
#5639 = AXIS2_PLACEMENT_3D ( 'NONE', #2928, #2298, #1166 ) ;
#5640 = VERTEX_POINT ( 'NONE', #4675 ) ;
#5641 = EDGE_CURVE ( 'NONE', #6095, #1309, #1683, .T. ) ;
#5642 = ADVANCED_FACE ( 'NONE', ( #3643 ), #2899, .F. ) ;
#5643 = PLANE ( 'NONE',  #4989 ) ;
#5644 = LINE ( 'NONE', #4575, #7039 ) ;
#5645 = CARTESIAN_POINT ( 'NONE',  ( 3.000000000000006217, 6.100000000000000533, -5.999999999999982236 ) ) ;
#5646 = AXIS2_PLACEMENT_3D ( 'NONE', #2590, #7472, #3389 ) ;
#5647 = CARTESIAN_POINT ( 'NONE',  ( 15.00000000000000000, 0.000000000000000000, 0.000000000000000000 ) ) ;
#5648 = CARTESIAN_POINT ( 'NONE',  ( -5.499999999999991118, 6.100000000000000533, -5.999999999999982236 ) ) ;
#5649 = AXIS2_PLACEMENT_3D ( 'NONE', #5347, #624, #3613 ) ;
#5650 = ORIENTED_EDGE ( 'NONE', *, *, #6131, .T. ) ;
#5651 = VECTOR ( 'NONE', #444, 1000.000000000000000 ) ;
#5652 = VECTOR ( 'NONE', #7285, 1000.000000000000000 ) ;
#5653 = PLANE ( 'NONE',  #5220 ) ;
#5654 = CARTESIAN_POINT ( 'NONE',  ( 0.5000000000000073275, 0.000000000000000000, -5.999999999999982236 ) ) ;
#5655 = ORIENTED_EDGE ( 'NONE', *, *, #4046, .T. ) ;
#5656 = DIRECTION ( 'NONE',  ( -0.000000000000000000, 1.000000000000000000, -0.000000000000000000 ) ) ;
#5657 = CARTESIAN_POINT ( 'NONE',  ( -18.54999999999999361, 6.100000000000000533, -3.699999999999991296 ) ) ;
#5658 = LINE ( 'NONE', #3995, #6872 ) ;
#5659 = LINE ( 'NONE', #2572, #6917 ) ;
#5660 = ORIENTED_EDGE ( 'NONE', *, *, #5231, .T. ) ;
#5661 = VERTEX_POINT ( 'NONE', #4076 ) ;
#5662 = CARTESIAN_POINT ( 'NONE',  ( -19.06999999999999673, -2.987878387081802423, -5.380000000000021210 ) ) ;
#5663 = CARTESIAN_POINT ( 'NONE',  ( 9.500000000000008882, 0.000000000000000000, -5.999999999999982236 ) ) ;
#5664 = LINE ( 'NONE', #2066, #1986 ) ;
#5665 =( REPRESENTATION_RELATIONSHIP ('NONE','NONE', #1840, #6686 ) REPRESENTATION_RELATIONSHIP_WITH_TRANSFORMATION ( #637 )SHAPE_REPRESENTATION_RELATIONSHIP( ) );
#5666 = CARTESIAN_POINT ( 'NONE',  ( 20.35000000000000142, 1.225000000000037614, 0.000000000000000000 ) ) ;
#5667 = LINE ( 'NONE', #2155, #7008 ) ;
#5668 = EDGE_LOOP ( 'NONE', ( #2164, #5295, #4023, #762, #3309, #5199, #6401 ) ) ;
#5669 = ADVANCED_FACE ( 'NONE', ( #6612 ), #5945, .T. ) ;
#5670 = ORIENTED_EDGE ( 'NONE', *, *, #6797, .F. ) ;
#5671 = UNCERTAINTY_MEASURE_WITH_UNIT (LENGTH_MEASURE( 1.000000000000000082E-05 ), #7691, 'distance_accuracy_value', 'NONE');
#5672 = LINE ( 'NONE', #1449, #3308 ) ;
#5673 = ORIENTED_EDGE ( 'NONE', *, *, #2984, .F. ) ;
#5674 = CARTESIAN_POINT ( 'NONE',  ( 1.570000000000005391, 4.094999999999999751, -5.999999999999982236 ) ) ;
#5675 = FACE_OUTER_BOUND ( 'NONE', #7672, .T. ) ;
#5676 = VERTEX_POINT ( 'NONE', #7168 ) ;
#5677 = PLANE ( 'NONE',  #7497 ) ;
#5678 = ORIENTED_EDGE ( 'NONE', *, *, #1354, .F. ) ;
#5679 = EDGE_LOOP ( 'NONE', ( #2289, #7201, #7763, #6823 ) ) ;
#5680 = EDGE_CURVE ( 'NONE', #462, #6053, #1836, .T. ) ;
#5681 = ADVANCED_FACE ( 'NONE', ( #6025 ), #6652, .F. ) ;
#5682 = CARTESIAN_POINT ( 'NONE',  ( -21.19999999999999929, 4.575000000000019718, -3.100000000000001865 ) ) ;
#5683 = FACE_OUTER_BOUND ( 'NONE', #3724, .T. ) ;
#5684 = CARTESIAN_POINT ( 'NONE',  ( -16.99999999999999289, 6.100000000000000533, -5.999999999999982236 ) ) ;
#5685 = DIRECTION ( 'NONE',  ( 0.000000000000000000, 0.000000000000000000, 1.000000000000000000 ) ) ;
#5686 = LINE ( 'NONE', #7640, #6785 ) ;
#5687 = ORIENTED_EDGE ( 'NONE', *, *, #2637, .T. ) ;
#5688 = EDGE_CURVE ( 'NONE', #3525, #6635, #1764, .T. ) ;
#5689 = EDGE_CURVE ( 'NONE', #3977, #6295, #1175, .T. ) ;
#5690 = DIRECTION ( 'NONE',  ( 0.000000000000000000, 1.000000000000000000, 0.000000000000000000 ) ) ;
#5691 = DIRECTION ( 'NONE',  ( 1.000000000000000000, 0.000000000000000000, -0.000000000000000000 ) ) ;
#5692 = ORIENTED_EDGE ( 'NONE', *, *, #2397, .F. ) ;
#5693 = CARTESIAN_POINT ( 'NONE',  ( 5.930000000000005045, 4.094999999999999751, -5.999999999999982236 ) ) ;
#5694 = DIRECTION ( 'NONE',  ( 0.000000000000000000, -1.000000000000000000, 0.000000000000000000 ) ) ;
#5695 = LINE ( 'NONE', #2096, #6865 ) ;
#5696 = CARTESIAN_POINT ( 'NONE',  ( -19.49999999999999289, 6.100000000000000533, -5.999999999999982236 ) ) ;
#5697 = ORIENTED_EDGE ( 'NONE', *, *, #1800, .T. ) ;
#5698 = ORIENTED_EDGE ( 'NONE', *, *, #6260, .T. ) ;
#5699 = EDGE_LOOP ( 'NONE', ( #5734, #298, #6859, #4175 ) ) ;
#5700 = DIRECTION ( 'NONE',  ( 0.000000000000000000, 0.3735499670562305030, 0.9276100592987815974 ) ) ;
#5701 = CARTESIAN_POINT ( 'NONE',  ( -6.999999999999992006, 0.000000000000000000, -5.999999999999982236 ) ) ;
#5702 = CARTESIAN_POINT ( 'NONE',  ( -21.19999999999999929, 0.000000000000000000, -6.999999999999964473 ) ) ;
#5703 = VECTOR ( 'NONE', #3803, 1000.000000000000000 ) ;
#5704 = DIRECTION ( 'NONE',  ( -1.000000000000000000, 0.000000000000000000, -0.000000000000000000 ) ) ;
#5705 = LINE ( 'NONE', #296, #3801 ) ;
#5706 = EDGE_LOOP ( 'NONE', ( #540, #6315, #6234, #1984 ) ) ;
#5707 = VECTOR ( 'NONE', #4614, 1000.000000000000000 ) ;
#5708 = ORIENTED_EDGE ( 'NONE', *, *, #512, .F. ) ;
#5709 = VECTOR ( 'NONE', #6105, 1000.000000000000000 ) ;
#5710 = EDGE_LOOP ( 'NONE', ( #5568, #5191, #391, #476 ) ) ;
#5711 = APPLICATION_CONTEXT ( 'automotive_design' ) ;
#5712 = CARTESIAN_POINT ( 'NONE',  ( -10.92999999999999616, 4.094999999999999751, -9.400000000000000355 ) ) ;
#5713 = CARTESIAN_POINT ( 'NONE',  ( 13.43000000000000504, 3.454999999999999627, -4.700000000000000178 ) ) ;
#5714 = EDGE_CURVE ( 'NONE', #4817, #2660, #572, .T. ) ;
#5715 = DIRECTION ( 'NONE',  ( -3.469446951953614189E-15, -0.000000000000000000, 1.000000000000000000 ) ) ;
#5716 = CARTESIAN_POINT ( 'NONE',  ( 2.999999999999985345, 0.4000000000000000222, 1.040834085586079366E-14 ) ) ;
#5717 = ORIENTED_EDGE ( 'NONE', *, *, #1908, .F. ) ;
#5718 = ORIENTED_EDGE ( 'NONE', *, *, #7607, .F. ) ;
#5719 = FACE_OUTER_BOUND ( 'NONE', #149, .T. ) ;
#5720 = ORIENTED_EDGE ( 'NONE', *, *, #619, .F. ) ;
#5721 = ORIENTED_EDGE ( 'NONE', *, *, #44, .T. ) ;
#5722 = AXIS2_PLACEMENT_3D ( 'NONE', #3953, #1467, #5125 ) ;
#5723 = ORIENTED_EDGE ( 'NONE', *, *, #4869, .T. ) ;
#5724 = CARTESIAN_POINT ( 'NONE',  ( -19.06999999999999673, -2.987878387081802423, -5.380000000000022098 ) ) ;
#5725 = VECTOR ( 'NONE', #3, 1000.000000000000000 ) ;
#5726 = EDGE_CURVE ( 'NONE', #4680, #3871, #613, .T. ) ;
#5727 = CARTESIAN_POINT ( 'NONE',  ( 8.000000000000010658, 0.000000000000000000, -6.999999999999982236 ) ) ;
#5728 = LINE ( 'NONE', #881, #5707 ) ;
#5729 = DIRECTION ( 'NONE',  ( 1.000000000000000000, 0.000000000000000000, 0.000000000000000000 ) ) ;
#5730 = CARTESIAN_POINT ( 'NONE',  ( -19.06999999999999673, -2.857994389717300798, -5.374208804743921597 ) ) ;
#5731 = ORIENTED_EDGE ( 'NONE', *, *, #5617, .T. ) ;
#5732 = CARTESIAN_POINT ( 'NONE',  ( -18.57999999999999474, -3.399999999999999467, -5.530000000000022453 ) ) ;
#5733 = DIRECTION ( 'NONE',  ( 0.000000000000000000, 1.000000000000000000, 0.000000000000000000 ) ) ;
#5734 = ORIENTED_EDGE ( 'NONE', *, *, #3951, .T. ) ;
#5735 = EDGE_CURVE ( 'NONE', #1709, #2654, #83, .T. ) ;
#5736 = DIRECTION ( 'NONE',  ( 0.000000000000000000, 0.000000000000000000, 1.000000000000000000 ) ) ;
#5737 = FACE_OUTER_BOUND ( 'NONE', #133, .T. ) ;
#5738 = ADVANCED_FACE ( 'NONE', ( #6245 ), #840, .T. ) ;
#5739 = CARTESIAN_POINT ( 'NONE',  ( 21.19999999999999929, 0.000000000000000000, 0.000000000000000000 ) ) ;
#5740 = LINE ( 'NONE', #284, #735 ) ;
#5741 = ADVANCED_FACE ( 'NONE', ( #6800 ), #3242, .F. ) ;
#5742 = ORIENTED_EDGE ( 'NONE', *, *, #4609, .T. ) ;
#5743 = PRESENTATION_LAYER_ASSIGNMENT (  '', '', ( #5091 ) ) ;
#5744 = LINE ( 'NONE', #6297, #2316 ) ;
#5745 = LINE ( 'NONE', #1108, #6885 ) ;
#5746 = ADVANCED_FACE ( 'NONE', ( #1979 ), #1322, .F. ) ;
#5747 = LINE ( 'NONE', #2783, #983 ) ;
#5748 = CARTESIAN_POINT ( 'NONE',  ( -0.4999999999999900080, 6.100000000000000533, -5.999999999999982236 ) ) ;
#5749 = CARTESIAN_POINT ( 'NONE',  ( -3.429999999999995719, 4.094999999999999751, -4.700000000000000178 ) ) ;
#5750 = PLANE ( 'NONE',  #1581 ) ;
#5751 = ORIENTED_EDGE ( 'NONE', *, *, #7510, .F. ) ;
#5752 = ORIENTED_EDGE ( 'NONE', *, *, #7646, .F. ) ;
#5753 = ORIENTED_EDGE ( 'NONE', *, *, #2645, .T. ) ;
#5754 = VERTEX_POINT ( 'NONE', #6723 ) ;
#5755 = PRODUCT_DEFINITION_CONTEXT ( 'detailed design', #5557, 'design' ) ;
#5756 = CARTESIAN_POINT ( 'NONE',  ( 14.50000000000000888, 3.454999999999999627, -5.999999999999982236 ) ) ;
#5757 = FACE_OUTER_BOUND ( 'NONE', #2000, .T. ) ;
#5758 = VECTOR ( 'NONE', #6744, 1000.000000000000114 ) ;
#5759 = CARTESIAN_POINT ( 'NONE',  ( 18.54999999999999716, 6.100000000000000533, -3.699999999999993960 ) ) ;
#5760 = CARTESIAN_POINT ( 'NONE',  ( -11.56999999999999673, 3.454999999999999627, -4.700000000000000178 ) ) ;
#5761 = ORIENTED_EDGE ( 'NONE', *, *, #7237, .F. ) ;
#5762 = ORIENTED_EDGE ( 'NONE', *, *, #1334, .T. ) ;
#5763 = DIRECTION ( 'NONE',  ( 0.000000000000000000, -1.000000000000000000, -0.000000000000000000 ) ) ;
#5764 = ORIENTED_EDGE ( 'NONE', *, *, #3260, .F. ) ;
#5765 = AXIS2_PLACEMENT_3D ( 'NONE', #496, #5459, #652 ) ;
#5766 = EDGE_LOOP ( 'NONE', ( #3339, #1296, #1340, #202 ) ) ;
#5767 = ORIENTED_EDGE ( 'NONE', *, *, #1520, .T. ) ;
#5768 = EDGE_CURVE ( 'NONE', #1960, #311, #1900, .T. ) ;
#5769 = VECTOR ( 'NONE', #2815, 1000.000000000000000 ) ;
#5770 = FACE_OUTER_BOUND ( 'NONE', #7320, .T. ) ;
#5771 = CARTESIAN_POINT ( 'NONE',  ( -18.42999999999999616, 3.454999999999999627, -9.400000000000000355 ) ) ;
#5772 = CARTESIAN_POINT ( 'NONE',  ( -2.999999999999992450, 6.100000000000000533, -6.999999999999982236 ) ) ;
#5773 = CIRCLE ( 'NONE', #7386, 0.7000000000000009548 ) ;
#5774 = DIRECTION ( 'NONE',  ( 0.000000000000000000, 0.000000000000000000, 1.000000000000000000 ) ) ;
#5775 = ORIENTED_EDGE ( 'NONE', *, *, #2578, .T. ) ;
#5776 = DIRECTION ( 'NONE',  ( -0.000000000000000000, -0.000000000000000000, 1.000000000000000000 ) ) ;
#5777 = ORIENTED_EDGE ( 'NONE', *, *, #964, .F. ) ;
#5778 = ORIENTED_EDGE ( 'NONE', *, *, #4143, .F. ) ;
#5779 = VECTOR ( 'NONE', #7490, 1000.000000000000000 ) ;
#5780 = EDGE_CURVE ( 'NONE', #2615, #2897, #1286, .T. ) ;
#5781 = LINE ( 'NONE', #3909, #3074 ) ;
#5782 = VERTEX_POINT ( 'NONE', #1937 ) ;
#5783 = VECTOR ( 'NONE', #2875, 1000.000000000000000 ) ;
#5784 = CARTESIAN_POINT ( 'NONE',  ( -6.999999999999992006, 0.3999999999999999112, -5.999999999999982236 ) ) ;
#5785 = CARTESIAN_POINT ( 'NONE',  ( 9.070000000000005613, 3.454999999999999627, -5.999999999999982236 ) ) ;
#5786 = AXIS2_PLACEMENT_3D ( 'NONE', #3971, #7554, #4017 ) ;
#5787 = DIRECTION ( 'NONE',  ( 1.000000000000000000, -0.000000000000000000, -0.000000000000000000 ) ) ;
#5788 = VECTOR ( 'NONE', #3958, 1000.000000000000227 ) ;
#5789 = CARTESIAN_POINT ( 'NONE',  ( -19.06999999999999673, -2.987878387081802423, -5.380000000000022098 ) ) ;
#5790 = EDGE_LOOP ( 'NONE', ( #6816, #5175, #3785, #7790 ) ) ;
#5791 = AXIS2_PLACEMENT_3D ( 'NONE', #7669, #5876, #2239 ) ;
#5792 = EDGE_CURVE ( 'NONE', #437, #5476, #1396, .T. ) ;
#5793 = VECTOR ( 'NONE', #6322, 1000.000000000000000 ) ;
#5794 = EDGE_CURVE ( 'NONE', #7330, #3042, #7155, .T. ) ;
#5795 = LINE ( 'NONE', #4040, #4584 ) ;
#5796 = PLANE ( 'NONE',  #2363 ) ;
#5797 = LINE ( 'NONE', #7663, #5769 ) ;
#5798 = VECTOR ( 'NONE', #3196, 1000.000000000000000 ) ;
#5799 = PRODUCT_DEFINITION_SHAPE ( 'NONE', 'NONE',  #4231 ) ;
#5800 = LINE ( 'NONE', #5977, #4895 ) ;
#5801 = DIRECTION ( 'NONE',  ( -0.000000000000000000, -0.000000000000000000, 1.000000000000000000 ) ) ;
#5802 = ORIENTED_EDGE ( 'NONE', *, *, #7743, .F. ) ;
#5803 = ORIENTED_EDGE ( 'NONE', *, *, #3999, .T. ) ;
#5804 = EDGE_CURVE ( 'NONE', #3897, #3008, #7311, .T. ) ;
#5805 = EDGE_CURVE ( 'NONE', #3617, #2078, #3788, .T. ) ;
#5806 = EDGE_LOOP ( 'NONE', ( #3140, #5155, #6940, #5034, #2760, #953 ) ) ;
#5807 = FACE_OUTER_BOUND ( 'NONE', #7069, .T. ) ;
#5808 = DIRECTION ( 'NONE',  ( 0.000000000000000000, 1.946735479746240487E-16, -1.000000000000000000 ) ) ;
#5809 = DIRECTION ( 'NONE',  ( -1.000000000000000000, -0.000000000000000000, -0.000000000000000000 ) ) ;
#5810 = DIRECTION ( 'NONE',  ( 0.000000000000000000, 1.000000000000000000, -0.000000000000000000 ) ) ;
#5811 = ORIENTED_EDGE ( 'NONE', *, *, #478, .T. ) ;
#5812 = ORIENTED_EDGE ( 'NONE', *, *, #3158, .T. ) ;
#5813 = AXIS2_PLACEMENT_3D ( 'NONE', #7416, #4935, #7342 ) ;
#5814 = CARTESIAN_POINT ( 'NONE',  ( -19.49999999999999289, 0.000000000000000000, -5.999999999999982236 ) ) ;
#5815 = CARTESIAN_POINT ( 'NONE',  ( -17.99999999999999289, 0.000000000000000000, -5.999999999999982236 ) ) ;
#5816 = ORIENTED_EDGE ( 'NONE', *, *, #3786, .T. ) ;
#5817 = CARTESIAN_POINT ( 'NONE',  ( -18.42999999999999616, -2.887878387081802334, -6.020000000000020002 ) ) ;
#5818 = VERTEX_POINT ( 'NONE', #6136 ) ;
#5819 = VERTEX_POINT ( 'NONE', #728 ) ;
#5820 = PLANE ( 'NONE',  #4212 ) ;
#5821 = ORIENTED_EDGE ( 'NONE', *, *, #2487, .F. ) ;
#5822 = CARTESIAN_POINT ( 'NONE',  ( 10.50000000000000888, 6.100000000000000533, -6.999999999999982236 ) ) ;
#5823 = CARTESIAN_POINT ( 'NONE',  ( -21.19999999999999929, 4.575000000000019718, -3.100000000000001865 ) ) ;
#5824 = CARTESIAN_POINT ( 'NONE',  ( 19.07000000000000384, 4.094999999999999751, -9.400000000000000355 ) ) ;
#5825 = CARTESIAN_POINT ( 'NONE',  ( 21.19999999999999929, 0.000000000000000000, -11.50000000000001776 ) ) ;
#5826 = EDGE_CURVE ( 'NONE', #4125, #5942, #765, .T. ) ;
#5827 = VERTEX_POINT ( 'NONE', #4973 ) ;
#5828 = APPLICATION_CONTEXT ( 'automotive_design' ) ;
#5829 = LINE ( 'NONE', #6932, #162 ) ;
#5830 = DIRECTION ( 'NONE',  ( -1.000000000000000000, 0.000000000000000000, 0.000000000000000000 ) ) ;
#5831 = LINE ( 'NONE', #5748, #1737 ) ;
#5832 = ADVANCED_FACE ( 'NONE', ( #3162 ), #798, .F. ) ;
#5833 = DIRECTION ( 'NONE',  ( -0.000000000000000000, 1.000000000000000000, -0.000000000000000000 ) ) ;
#5834 = DIRECTION ( 'NONE',  ( -3.469446951953614978E-15, 0.000000000000000000, 1.000000000000000000 ) ) ;
#5835 = EDGE_CURVE ( 'NONE', #2293, #1775, #1359, .T. ) ;
#5836 = ORIENTED_EDGE ( 'NONE', *, *, #6041, .F. ) ;
#5837 = VERTEX_POINT ( 'NONE', #5012 ) ;
#5838 = CARTESIAN_POINT ( 'NONE',  ( 1.570000000000005391, 4.094999999999999751, -9.400000000000000355 ) ) ;
#5839 = DIRECTION ( 'NONE',  ( 0.000000000000000000, 0.000000000000000000, -1.000000000000000000 ) ) ;
#5840 = ADVANCED_FACE ( 'NONE', ( #3198 ), #6836, .F. ) ;
#5841 = DIRECTION ( 'NONE',  ( 1.000000000000000000, -0.000000000000000000, -0.000000000000000000 ) ) ;
#5842 = ADVANCED_FACE ( 'NONE', ( #197 ), #7415, .T. ) ;
#5843 = ORIENTED_EDGE ( 'NONE', *, *, #6693, .F. ) ;
#5844 = DIRECTION ( 'NONE',  ( -1.000000000000000000, 0.000000000000000000, 0.000000000000000000 ) ) ;
#5845 = ORIENTED_EDGE ( 'NONE', *, *, #3899, .F. ) ;
#5846 = VECTOR ( 'NONE', #6077, 1000.000000000000000 ) ;
#5847 = EDGE_CURVE ( 'NONE', #108, #5069, #6367, .T. ) ;
#5848 = ORIENTED_EDGE ( 'NONE', *, *, #6452, .F. ) ;
#5849 = FILL_AREA_STYLE_COLOUR ( '', #3234 ) ;
#5850 = CARTESIAN_POINT ( 'NONE',  ( 19.24999999999999645, 1.301022143997293101, -0.9309401076758581084 ) ) ;
#5851 = CARTESIAN_POINT ( 'NONE',  ( 16.57000000000000739, 3.454999999999999627, -4.700000000000000178 ) ) ;
#5852 = ITEM_DEFINED_TRANSFORMATION ( 'NONE', 'NONE', #449,  #7741 ) ;
#5853 = CARTESIAN_POINT ( 'NONE',  ( 17.80000000000000426, 5.275000000000007461, -4.336808689942017736E-15 ) ) ;
#5854 = VERTEX_POINT ( 'NONE', #7452 ) ;
#5855 = ORIENTED_EDGE ( 'NONE', *, *, #795, .T. ) ;
#5856 = ORIENTED_EDGE ( 'NONE', *, *, #7478, .T. ) ;
#5857 = VECTOR ( 'NONE', #4514, 1000.000000000000000 ) ;
#5858 = DIRECTION ( 'NONE',  ( -3.469446951953614978E-15, 0.000000000000000000, 1.000000000000000000 ) ) ;
#5859 = VERTEX_POINT ( 'NONE', #2219 ) ;
#5860 = DIRECTION ( 'NONE',  ( 0.000000000000000000, 0.000000000000000000, -1.000000000000000000 ) ) ;
#5861 = PLANE ( 'NONE',  #7070 ) ;
#5862 = CARTESIAN_POINT ( 'NONE',  ( 13.43000000000000504, 3.454999999999999627, -9.400000000000000355 ) ) ;
#5863 = ORIENTED_EDGE ( 'NONE', *, *, #3295, .T. ) ;
#5864 = VERTEX_POINT ( 'NONE', #2057 ) ;
#5865 = EDGE_CURVE ( 'NONE', #995, #5345, #5046, .T. ) ;
#5866 = CARTESIAN_POINT ( 'NONE',  ( 16.57000000000000739, 3.454999999999999627, -4.700000000000000178 ) ) ;
#5867 = DIRECTION ( 'NONE',  ( -1.000000000000000000, 0.000000000000000000, -3.469446951953614978E-15 ) ) ;
#5868 = CARTESIAN_POINT ( 'NONE',  ( -20.35000000000000142, 1.225000000000037614, 0.000000000000000000 ) ) ;
#5869 = PLANE ( 'NONE',  #145 ) ;
#5870 = VERTEX_POINT ( 'NONE', #5784 ) ;
#5871 = AXIS2_PLACEMENT_3D ( 'NONE', #2646, #7447, #1361 ) ;
#5872 = EDGE_CURVE ( 'NONE', #1209, #1671, #368, .T. ) ;
#5873 = LINE ( 'NONE', #2073, #4437 ) ;
#5874 = CARTESIAN_POINT ( 'NONE',  ( -18.42999999999999616, -2.987878387081802423, -6.020000000000021778 ) ) ;
#5875 = EDGE_CURVE ( 'NONE', #5854, #2932, #3118, .T. ) ;
#5876 = DIRECTION ( 'NONE',  ( -1.000000000000000000, 0.000000000000000000, -3.469446951953614978E-15 ) ) ;
#5877 = DIRECTION ( 'NONE',  ( 0.000000000000000000, -0.000000000000000000, -1.000000000000000000 ) ) ;
#5878 = EDGE_LOOP ( 'NONE', ( #5742, #213, #2127, #5024 ) ) ;
#5879 = EDGE_CURVE ( 'NONE', #3246, #1425, #2850, .T. ) ;
#5880 = EDGE_LOOP ( 'NONE', ( #4739, #2321, #5845, #5352 ) ) ;
#5881 = VECTOR ( 'NONE', #1217, 1000.000000000000000 ) ;
#5882 = EDGE_CURVE ( 'NONE', #311, #638, #7538, .T. ) ;
#5883 = CARTESIAN_POINT ( 'NONE',  ( 17.00000000000001066, 6.100000000000000533, -5.999999999999982236 ) ) ;
#5884 = AXIS2_PLACEMENT_3D ( 'NONE', #3041, #5408, #2412 ) ;
#5885 = EDGE_CURVE ( 'NONE', #5212, #7365, #2689, .T. ) ;
#5886 = DIRECTION ( 'NONE',  ( 1.000000000000000000, 0.000000000000000000, 0.000000000000000000 ) ) ;
#5887 = FACE_OUTER_BOUND ( 'NONE', #6825, .T. ) ;
#5888 = CARTESIAN_POINT ( 'NONE',  ( 14.07000000000000561, 0.000000000000000000, -5.999999999999982236 ) ) ;
#5889 = CONTEXT_DEPENDENT_SHAPE_REPRESENTATION ( #2398, #5277 ) ;
#5890 = ORIENTED_EDGE ( 'NONE', *, *, #1777, .T. ) ;
#5891 = DIRECTION ( 'NONE',  ( 1.000000000000000000, 0.000000000000000000, -0.000000000000000000 ) ) ;
#5892 = EDGE_LOOP ( 'NONE', ( #5359, #4062, #3113, #6230 ) ) ;
#5893 = VERTEX_POINT ( 'NONE', #3404 ) ;
#5894 = VERTEX_POINT ( 'NONE', #4503 ) ;
#5895 = EDGE_CURVE ( 'NONE', #5942, #4337, #7611, .T. ) ;
#5896 = VECTOR ( 'NONE', #1870, 1000.000000000000000 ) ;
#5897 = EDGE_CURVE ( 'NONE', #5476, #4819, #5171, .T. ) ;
#5898 = AXIS2_PLACEMENT_3D ( 'NONE', #5074, #7479, #2081 ) ;
#5899 = CARTESIAN_POINT ( 'NONE',  ( -8.429999999999994387, 4.094999999999999751, -4.700000000000000178 ) ) ;
#5900 = ORIENTED_EDGE ( 'NONE', *, *, #7643, .F. ) ;
#5901 = DIRECTION ( 'NONE',  ( 0.000000000000000000, -0.000000000000000000, 1.000000000000000000 ) ) ;
#5902 = DIRECTION ( 'NONE',  ( 0.000000000000000000, 1.000000000000000000, 8.163404592832033571E-15 ) ) ;
#5903 = DIRECTION ( 'NONE',  ( -1.000000000000000000, 0.000000000000000000, -0.000000000000000000 ) ) ;
#5904 = ORIENTED_EDGE ( 'NONE', *, *, #878, .F. ) ;
#5905 = VERTEX_POINT ( 'NONE', #5822 ) ;
#5906 = VECTOR ( 'NONE', #6757, 1000.000000000000000 ) ;
#5907 = DIRECTION ( 'NONE',  ( -0.000000000000000000, -0.000000000000000000, 1.000000000000000000 ) ) ;
#5908 = DIRECTION ( 'NONE',  ( -0.000000000000000000, 1.000000000000000000, -0.000000000000000000 ) ) ;
#5909 = CARTESIAN_POINT ( 'NONE',  ( -17.99999999999999289, 6.100000000000000533, -6.999999999999982236 ) ) ;
#5910 = CARTESIAN_POINT ( 'NONE',  ( 13.43000000000000504, 3.454999999999999627, -9.400000000000000355 ) ) ;
#5911 = ORIENTED_EDGE ( 'NONE', *, *, #6507, .F. ) ;
#5912 = VECTOR ( 'NONE', #3314, 1000.000000000000000 ) ;
#5913 = PLANE ( 'NONE',  #5317 ) ;
#5914 = VERTEX_POINT ( 'NONE', #4587 ) ;
#5915 = VECTOR ( 'NONE', #7211, 1000.000000000000000 ) ;
#5916 = CARTESIAN_POINT ( 'NONE',  ( -11.99999999999999289, 6.100000000000000533, -5.999999999999982236 ) ) ;
#5917 = VECTOR ( 'NONE', #3834, 1000.000000000000000 ) ;
#5918 = CARTESIAN_POINT ( 'NONE',  ( -18.42999999999999616, -1.087878387081802289, -5.300000000000016698 ) ) ;
#5919 = DIRECTION ( 'NONE',  ( 0.000000000000000000, 0.000000000000000000, 1.000000000000000000 ) ) ;
#5920 = PLANE ( 'NONE',  #6253 ) ;
#5921 = ORIENTED_EDGE ( 'NONE', *, *, #1473, .T. ) ;
#5922 = EDGE_CURVE ( 'NONE', #1488, #3807, #1046, .T. ) ;
#5923 = ORIENTED_EDGE ( 'NONE', *, *, #3770, .T. ) ;
#5924 = DIRECTION ( 'NONE',  ( -1.000000000000000000, 0.000000000000000000, 0.000000000000000000 ) ) ;
#5925 = DIRECTION ( 'NONE',  ( 1.000000000000000000, -0.000000000000000000, 0.000000000000000000 ) ) ;
#5926 = PLANE ( 'NONE',  #1251 ) ;
#5927 = DIRECTION ( 'NONE',  ( 1.000000000000000000, 0.000000000000000000, 0.000000000000000000 ) ) ;
#5928 = PRODUCT_CONTEXT ( 'NONE', #417, 'mechanical' ) ;
#5929 = ORIENTED_EDGE ( 'NONE', *, *, #2645, .F. ) ;
#5930 = CARTESIAN_POINT ( 'NONE',  ( -11.56999999999999673, 0.000000000000000000, -5.999999999999982236 ) ) ;
#5931 = ORIENTED_EDGE ( 'NONE', *, *, #2193, .F. ) ;
#5932 = EDGE_CURVE ( 'NONE', #3599, #4686, #1596, .T. ) ;
#5933 = ORIENTED_EDGE ( 'NONE', *, *, #4457, .F. ) ;
#5934 = ORIENTED_EDGE ( 'NONE', *, *, #3128, .F. ) ;
#5935 = VECTOR ( 'NONE', #7004, 1000.000000000000000 ) ;
#5936 = CARTESIAN_POINT ( 'NONE',  ( 0.5000000000000073275, 6.100000000000000533, -5.999999999999982236 ) ) ;
#5937 = ORIENTED_EDGE ( 'NONE', *, *, #5567, .F. ) ;
#5938 = DIRECTION ( 'NONE',  ( 0.000000000000000000, 1.000000000000000000, -0.000000000000000000 ) ) ;
#5939 = FACE_BOUND ( 'NONE', #5558, .T. ) ;
#5940 = LINE ( 'NONE', #8, #97 ) ;
#5941 = EDGE_CURVE ( 'NONE', #3269, #490, #5128, .T. ) ;
#5942 = VERTEX_POINT ( 'NONE', #6876 ) ;
#5943 = VERTEX_POINT ( 'NONE', #5693 ) ;
#5944 = FACE_OUTER_BOUND ( 'NONE', #4630, .T. ) ;
#5945 = PLANE ( 'NONE',  #988 ) ;
#5946 = DIRECTION ( 'NONE',  ( -1.000000000000000000, -0.000000000000000000, 0.000000000000000000 ) ) ;
#5947 = DIRECTION ( 'NONE',  ( -0.000000000000000000, 1.000000000000000000, 1.404634393503488270E-16 ) ) ;
#5948 = AXIS2_PLACEMENT_3D ( 'NONE', #3843, #303, #2002 ) ;
#5949 = VERTEX_POINT ( 'NONE', #3324 ) ;
#5950 = ORIENTED_EDGE ( 'NONE', *, *, #7599, .F. ) ;
#5951 = CARTESIAN_POINT ( 'NONE',  ( -19.49999999999998934, 0.000000000000000000, -6.999999999999982236 ) ) ;
#5952 = CARTESIAN_POINT ( 'NONE',  ( 21.19999999999999929, 6.100000000000000533, -6.999999999999982236 ) ) ;
#5953 = LINE ( 'NONE', #6431, #5397 ) ;
#5954 = CARTESIAN_POINT ( 'NONE',  ( 0.4999999999999865663, 0.4000000000000000222, 1.734723475976760946E-15 ) ) ;
#5955 = ORIENTED_EDGE ( 'NONE', *, *, #2168, .F. ) ;
#5956 = VERTEX_POINT ( 'NONE', #2649 ) ;
#5957 = DIRECTION ( 'NONE',  ( -0.000000000000000000, 0.000000000000000000, -1.000000000000000000 ) ) ;
#5958 = EDGE_CURVE ( 'NONE', #4050, #3503, #1469, .T. ) ;
#5959 = DIRECTION ( 'NONE',  ( 0.000000000000000000, 1.000000000000000000, 0.000000000000000000 ) ) ;
#5960 = CARTESIAN_POINT ( 'NONE',  ( 3.430000000000002380, 3.454999999999999627, -5.999999999999982236 ) ) ;
#5961 = CARTESIAN_POINT ( 'NONE',  ( -20.35000000000000142, 1.225000000000037614, -4.700000000000000178 ) ) ;
#5962 = VECTOR ( 'NONE', #6307, 1000.000000000000000 ) ;
#5963 = ORIENTED_EDGE ( 'NONE', *, *, #4629, .T. ) ;
#5964 = DIRECTION ( 'NONE',  ( 0.000000000000000000, -1.000000000000000000, 0.000000000000000000 ) ) ;
#5965 = VERTEX_POINT ( 'NONE', #1512 ) ;
#5966 = EDGE_LOOP ( 'NONE', ( #4660, #6481, #1897, #4264 ) ) ;
#5967 = VERTEX_POINT ( 'NONE', #7044 ) ;
#5968 = VECTOR ( 'NONE', #1403, 1000.000000000000000 ) ;
#5969 = ADVANCED_FACE ( 'NONE', ( #888 ), #1639, .F. ) ;
#5970 = CARTESIAN_POINT ( 'NONE',  ( 16.57000000000000739, 4.094999999999999751, -5.999999999999982236 ) ) ;
#5971 = APPLICATION_CONTEXT ( 'automotive_design' ) ;
#5972 = ORIENTED_EDGE ( 'NONE', *, *, #1776, .F. ) ;
#5973 = CARTESIAN_POINT ( 'NONE',  ( -19.06999999999999673, -2.618922410801314271, -5.967879242695142139 ) ) ;
#5974 = CARTESIAN_POINT ( 'NONE',  ( 19.24999999999999645, 1.301022143997293101, -4.714890176717308726E-15 ) ) ;
#5975 = EDGE_CURVE ( 'NONE', #5414, #3548, #323, .T. ) ;
#5976 =( NAMED_UNIT ( * ) PLANE_ANGLE_UNIT ( ) SI_UNIT ( $, .RADIAN. ) );
#5977 = CARTESIAN_POINT ( 'NONE',  ( -16.99999999999999289, 0.000000000000000000, -5.999999999999982236 ) ) ;
#5978 = CARTESIAN_POINT ( 'NONE',  ( -20.35000000000000142, 5.275000000000007461, -3.100000000000001865 ) ) ;
#5979 = ORIENTED_EDGE ( 'NONE', *, *, #6564, .F. ) ;
#5980 = ORIENTED_EDGE ( 'NONE', *, *, #1326, .T. ) ;
#5981 = AXIS2_PLACEMENT_3D ( 'NONE', #1606, #6334, #2740 ) ;
#5982 = VECTOR ( 'NONE', #2591, 1000.000000000000000 ) ;
#5983 = EDGE_CURVE ( 'NONE', #6109, #596, #6963, .T. ) ;
#5984 = LINE ( 'NONE', #3528, #2561 ) ;
#5985 = PLANE ( 'NONE',  #4631 ) ;
#5986 = DIRECTION ( 'NONE',  ( 0.000000000000000000, 0.000000000000000000, 1.000000000000000000 ) ) ;
#5987 = EDGE_CURVE ( 'NONE', #3329, #5159, #1555, .T. ) ;
#5988 = DIRECTION ( 'NONE',  ( -1.000000000000000000, 0.000000000000000000, 0.000000000000000000 ) ) ;
#5989 = EDGE_LOOP ( 'NONE', ( #6382, #7702, #6261, #2734, #3476, #5064, #3040 ) ) ;
#5990 = VERTEX_POINT ( 'NONE', #4109 ) ;
#5991 = EDGE_CURVE ( 'NONE', #7365, #2870, #477, .T. ) ;
#5992 = UNCERTAINTY_MEASURE_WITH_UNIT (LENGTH_MEASURE( 1.000000000000000082E-05 ), #6830, 'distance_accuracy_value', 'NONE');
#5993 = EDGE_CURVE ( 'NONE', #5555, #108, #2890, .T. ) ;
#5994 = LINE ( 'NONE', #2986, #2940 ) ;
#5995 = DIRECTION ( 'NONE',  ( 0.000000000000000000, 1.000000000000000000, 0.000000000000000000 ) ) ;
#5996 = LINE ( 'NONE', #3097, #618 ) ;
#5997 = CARTESIAN_POINT ( 'NONE',  ( 19.24999999999999645, 5.275000000000007461, -4.714890176717308726E-15 ) ) ;
#5998 = VERTEX_POINT ( 'NONE', #7773 ) ;
#5999 = AXIS2_PLACEMENT_3D ( 'NONE', #5392, #4397, #7289 ) ;
#6000 = ORIENTED_EDGE ( 'NONE', *, *, #6068, .F. ) ;
#6001 = VECTOR ( 'NONE', #1076, 1000.000000000000000 ) ;
#6002 = EDGE_LOOP ( 'NONE', ( #5510, #1434, #7082, #5979 ) ) ;
#6003 = LINE ( 'NONE', #4214, #7446 ) ;
#6004 = DIRECTION ( 'NONE',  ( 0.000000000000000000, 1.946735479746240487E-16, -1.000000000000000000 ) ) ;
#6005 = PLANE ( 'NONE',  #3386 ) ;
#6006 = DIRECTION ( 'NONE',  ( -1.000000000000000000, -0.000000000000000000, -0.000000000000000000 ) ) ;
#6007 = LINE ( 'NONE', #6477, #6719 ) ;
#6008 = ORIENTED_EDGE ( 'NONE', *, *, #1386, .T. ) ;
#6009 = CARTESIAN_POINT ( 'NONE',  ( -18.42999999999999616, -1.087878387081802289, -5.300000000000016698 ) ) ;
#6010 = ORIENTED_EDGE ( 'NONE', *, *, #1915, .T. ) ;
#6011 = ORIENTED_EDGE ( 'NONE', *, *, #134, .F. ) ;
#6012 = VECTOR ( 'NONE', #4328, 1000.000000000000000 ) ;
#6013 = CARTESIAN_POINT ( 'NONE',  ( -13.42999999999999439, 3.454999999999999627, -9.400000000000000355 ) ) ;
#6014 = ORIENTED_EDGE ( 'NONE', *, *, #2691, .F. ) ;
#6015 = CARTESIAN_POINT ( 'NONE',  ( -19.06999999999999673, -2.887878387081802334, -5.380000000000021210 ) ) ;
#6016 = CARTESIAN_POINT ( 'NONE',  ( -2.999999999999992450, 0.000000000000000000, -6.999999999999982236 ) ) ;
#6017 = AXIS2_PLACEMENT_3D ( 'NONE', #6259, #1444, #3293 ) ;
#6018 = FACE_OUTER_BOUND ( 'NONE', #6559, .T. ) ;
#6019 = LINE ( 'NONE', #6753, #6544 ) ;
#6020 = ORIENTED_EDGE ( 'NONE', *, *, #1446, .F. ) ;
#6021 = ADVANCED_FACE ( 'NONE', ( #1674 ), #2968, .F. ) ;
#6022 = VECTOR ( 'NONE', #3053, 1000.000000000000000 ) ;
#6023 = AXIS2_PLACEMENT_3D ( 'NONE', #5473, #62, #6811 ) ;
#6024 = CARTESIAN_POINT ( 'NONE',  ( 9.070000000000005613, 4.094999999999999751, -5.999999999999982236 ) ) ;
#6025 = FACE_OUTER_BOUND ( 'NONE', #7728, .T. ) ;
#6026 = PLANE ( 'NONE',  #2089 ) ;
#6027 = DIRECTION ( 'NONE',  ( 1.000000000000000000, 0.000000000000000000, 0.000000000000000000 ) ) ;
#6028 = VECTOR ( 'NONE', #7341, 1000.000000000000000 ) ;
#6029 = ORIENTED_EDGE ( 'NONE', *, *, #5582, .F. ) ;
#6030 = ADVANCED_FACE ( 'NONE', ( #2263 ), #4667, .F. ) ;
#6031 = ORIENTED_EDGE ( 'NONE', *, *, #3213, .F. ) ;
#6032 = CARTESIAN_POINT ( 'NONE',  ( -14.49999999999999289, 0.3999999999999999112, -5.999999999999982236 ) ) ;
#6033 = DIRECTION ( 'NONE',  ( 0.000000000000000000, 6.377659838149993194E-16, -1.000000000000000000 ) ) ;
#6034 = VECTOR ( 'NONE', #3538, 1000.000000000000227 ) ;
#6035 = CARTESIAN_POINT ( 'NONE',  ( 21.19999999999999929, 0.000000000000000000, 0.000000000000000000 ) ) ;
#6036 = VECTOR ( 'NONE', #3879, 1000.000000000000000 ) ;
#6037 = AXIS2_PLACEMENT_3D ( 'NONE', #7381, #801, #5049 ) ;
#6038 = CARTESIAN_POINT ( 'NONE',  ( -19.06999999999999673, -1.117762384446302049, -5.374208804743922485 ) ) ;
#6039 = ORIENTED_EDGE ( 'NONE', *, *, #7486, .T. ) ;
#6040 = EDGE_CURVE ( 'NONE', #7664, #462, #3522, .T. ) ;
#6041 = EDGE_CURVE ( 'NONE', #4961, #7767, #2382, .T. ) ;
#6042 = EDGE_LOOP ( 'NONE', ( #1197, #2069, #2302, #3392 ) ) ;
#6043 = CIRCLE ( 'NONE', #1367, 0.6999999999999914069 ) ;
#6044 = ORIENTED_EDGE ( 'NONE', *, *, #1303, .T. ) ;
#6045 = MECHANICAL_DESIGN_GEOMETRIC_PRESENTATION_REPRESENTATION (  '', ( #4018 ), #1502 ) ;
#6046 = DIRECTION ( 'NONE',  ( 0.000000000000000000, 0.000000000000000000, 1.000000000000000000 ) ) ;
#6047 = AXIS2_PLACEMENT_3D ( 'NONE', #1006, #3359, #7531 ) ;
#6048 = CARTESIAN_POINT ( 'NONE',  ( -0.9299999999999932765, 3.454999999999999627, -4.700000000000000178 ) ) ;
#6049 = PLANE ( 'NONE',  #1622 ) ;
#6050 = CARTESIAN_POINT ( 'NONE',  ( 0.000000000000000000, 3.945000000000000728, 3.299999999999982503 ) ) ;
#6051 = EDGE_LOOP ( 'NONE', ( #661, #2884, #33, #4558 ) ) ;
#6052 = LINE ( 'NONE', #595, #1605 ) ;
#6053 = VERTEX_POINT ( 'NONE', #484 ) ;
#6054 = EDGE_LOOP ( 'NONE', ( #4709, #569, #2297, #5150, #7196, #5092, #6213, #1119, #247, #3659, #2362, #2343 ) ) ;
#6055 = LINE ( 'NONE', #2450, #5725 ) ;
#6056 = CARTESIAN_POINT ( 'NONE',  ( -19.06999999999999673, -1.718922410801315692, -5.132120757304897474 ) ) ;
#6057 = CARTESIAN_POINT ( 'NONE',  ( -18.42999999999999616, -1.087878387081802289, -5.300000000000016698 ) ) ;
#6058 = CARTESIAN_POINT ( 'NONE',  ( -18.42999999999999616, -2.987878387081802423, -5.380000000000022098 ) ) ;
#6059 = ORIENTED_EDGE ( 'NONE', *, *, #4572, .F. ) ;
#6060 = VERTEX_POINT ( 'NONE', #4229 ) ;
#6061 = CARTESIAN_POINT ( 'NONE',  ( 17.80000000000000426, 1.301022143997293101, -3.699999999999995737 ) ) ;
#6062 = EDGE_CURVE ( 'NONE', #952, #4534, #1714, .T. ) ;
#6063 = DIRECTION ( 'NONE',  ( -0.000000000000000000, -0.000000000000000000, 1.000000000000000000 ) ) ;
#6064 = PLANE ( 'NONE',  #5765 ) ;
#6065 = DIRECTION ( 'NONE',  ( 0.000000000000000000, -1.000000000000000000, 0.000000000000000000 ) ) ;
#6066 = CARTESIAN_POINT ( 'NONE',  ( 19.24999999999999645, 1.301022143997293101, -0.9309401076758581084 ) ) ;
#6067 = CARTESIAN_POINT ( 'NONE',  ( 4.070000000000003837, 3.454999999999999627, -9.400000000000000355 ) ) ;
#6068 = EDGE_CURVE ( 'NONE', #7496, #3229, #6641, .T. ) ;
#6069 = CARTESIAN_POINT ( 'NONE',  ( -8.429999999999994387, 3.454999999999999627, -9.400000000000000355 ) ) ;
#6070 = CARTESIAN_POINT ( 'NONE',  ( -19.19999999999998508, 6.100000000000000533, -0.5556624327025833088 ) ) ;
#6071 = EDGE_CURVE ( 'NONE', #3147, #4501, #5248, .T. ) ;
#6072 = ORIENTED_EDGE ( 'NONE', *, *, #3850, .T. ) ;
#6073 = CARTESIAN_POINT ( 'NONE',  ( -3.429999999999995719, 3.454999999999999627, -5.999999999999982236 ) ) ;
#6074 = VERTEX_POINT ( 'NONE', #3553 ) ;
#6075 = ORIENTED_EDGE ( 'NONE', *, *, #1551, .F. ) ;
#6076 = EDGE_LOOP ( 'NONE', ( #4678, #4061, #6327, #986 ) ) ;
#6077 = DIRECTION ( 'NONE',  ( -0.000000000000000000, 1.000000000000000000, -0.000000000000000000 ) ) ;
#6078 = EDGE_CURVE ( 'NONE', #6240, #1485, #1756, .T. ) ;
#6079 = EDGE_CURVE ( 'NONE', #2705, #3626, #3440, .T. ) ;
#6080 = DIRECTION ( 'NONE',  ( -0.000000000000000000, 1.000000000000000000, -0.000000000000000000 ) ) ;
#6081 = CARTESIAN_POINT ( 'NONE',  ( 19.07000000000000384, 3.454999999999999627, -9.400000000000000355 ) ) ;
#6082 = DIRECTION ( 'NONE',  ( 1.000000000000000000, -0.000000000000000000, -0.000000000000000000 ) ) ;
#6083 = ORIENTED_EDGE ( 'NONE', *, *, #7199, .T. ) ;
#6084 = CARTESIAN_POINT ( 'NONE',  ( 12.00000000000000711, 6.100000000000000533, -6.999999999999982236 ) ) ;
#6085 = ORIENTED_EDGE ( 'NONE', *, *, #374, .F. ) ;
#6086 = VERTEX_POINT ( 'NONE', #4069 ) ;
#6087 = EDGE_CURVE ( 'NONE', #1196, #4352, #4744, .T. ) ;
#6088 = AXIS2_PLACEMENT_3D ( 'NONE', #5436, #5957, #5924 ) ;
#6089 = CARTESIAN_POINT ( 'NONE',  ( -18.42999999999999616, 4.094999999999999751, -4.700000000000017053 ) ) ;
#6090 = CARTESIAN_POINT ( 'NONE',  ( 10.93000000000000149, 3.454999999999999627, -9.400000000000000355 ) ) ;
#6091 = FACE_BOUND ( 'NONE', #4186, .T. ) ;
#6092 =( NAMED_UNIT ( * ) PLANE_ANGLE_UNIT ( ) SI_UNIT ( $, .RADIAN. ) );
#6093 = DIRECTION ( 'NONE',  ( 1.000000000000000000, -0.000000000000000000, -0.000000000000000000 ) ) ;
#6094 = CIRCLE ( 'NONE', #2306, 0.1000000000000232508 ) ;
#6095 = VERTEX_POINT ( 'NONE', #7158 ) ;
#6096 = VECTOR ( 'NONE', #5429, 1000.000000000000000 ) ;
#6097 = ORIENTED_EDGE ( 'NONE', *, *, #6583, .T. ) ;
#6098 = CARTESIAN_POINT ( 'NONE',  ( -16.56999999999999673, 3.454999999999999627, -4.700000000000000178 ) ) ;
#6099 = CARTESIAN_POINT ( 'NONE',  ( -19.06999999999999673, 2.774999999999996803, -4.700000000000017053 ) ) ;
#6100 = DIRECTION ( 'NONE',  ( -0.000000000000000000, -0.000000000000000000, 1.000000000000000000 ) ) ;
#6101 = DIRECTION ( 'NONE',  ( -3.469446951953614189E-15, -0.000000000000000000, 1.000000000000000000 ) ) ;
#6102 = LINE ( 'NONE', #6066, #7396 ) ;
#6103 = VECTOR ( 'NONE', #11, 1000.000000000000000 ) ;
#6104 = EDGE_CURVE ( 'NONE', #673, #6244, #5291, .T. ) ;
#6105 = DIRECTION ( 'NONE',  ( 0.000000000000000000, -1.000000000000000000, 0.000000000000000000 ) ) ;
#6106 = VECTOR ( 'NONE', #1791, 1000.000000000000000 ) ;
#6107 = CYLINDRICAL_SURFACE ( 'NONE', #486, 0.1000000000000262346 ) ;
#6108 = CARTESIAN_POINT ( 'NONE',  ( -12.99999999999999112, 0.000000000000000000, -5.999999999999982236 ) ) ;
#6109 = VERTEX_POINT ( 'NONE', #7652 ) ;
#6110 = DIRECTION ( 'NONE',  ( -1.000000000000000000, -0.000000000000000000, -0.000000000000000000 ) ) ;
#6111 = ORIENTED_EDGE ( 'NONE', *, *, #2151, .F. ) ;
#6112 = ADVANCED_FACE ( 'NONE', ( #6488 ), #563, .F. ) ;
#6113 = LINE ( 'NONE', #102, #2304 ) ;
#6114 = DIRECTION ( 'NONE',  ( 0.000000000000000000, 0.000000000000000000, -1.000000000000000000 ) ) ;
#6115 = DIRECTION ( 'NONE',  ( 1.000000000000000000, 0.000000000000000000, 0.000000000000000000 ) ) ;
#6116 = ORIENTED_EDGE ( 'NONE', *, *, #3410, .T. ) ;
#6117 = DIRECTION ( 'NONE',  ( 1.000000000000000000, 0.000000000000000000, 0.000000000000000000 ) ) ;
#6118 = AXIS2_PLACEMENT_3D ( 'NONE', #4975, #2505, #1981 ) ;
#6119 = VERTEX_POINT ( 'NONE', #3594 ) ;
#6120 =( REPRESENTATION_RELATIONSHIP ('NONE','NONE', #1840, #6686 ) REPRESENTATION_RELATIONSHIP_WITH_TRANSFORMATION ( #4058 )SHAPE_REPRESENTATION_RELATIONSHIP( ) );
#6121 = ORIENTED_EDGE ( 'NONE', *, *, #806, .T. ) ;
#6122 = EDGE_CURVE ( 'NONE', #437, #6289, #5, .T. ) ;
#6123 = VERTEX_POINT ( 'NONE', #3012 ) ;
#6124 = EDGE_CURVE ( 'NONE', #4994, #6133, #5415, .T. ) ;
#6125 = ADVANCED_FACE ( 'NONE', ( #1314 ), #6715, .F. ) ;
#6126 = DIRECTION ( 'NONE',  ( 0.000000000000000000, -1.000000000000000000, -0.000000000000000000 ) ) ;
#6127 = LINE ( 'NONE', #3189, #734 ) ;
#6128 = PLANE ( 'NONE',  #7170 ) ;
#6129 = FACE_OUTER_BOUND ( 'NONE', #6699, .T. ) ;
#6130 = ORIENTED_EDGE ( 'NONE', *, *, #3697, .T. ) ;
#6131 = EDGE_CURVE ( 'NONE', #6881, #4994, #4333, .T. ) ;
#6132 = EDGE_CURVE ( 'NONE', #1071, #7219, #757, .T. ) ;
#6133 = VERTEX_POINT ( 'NONE', #6750 ) ;
#6134 = PLANE ( 'NONE',  #46 ) ;
#6135 = VECTOR ( 'NONE', #5810, 1000.000000000000000 ) ;
#6136 = CARTESIAN_POINT ( 'NONE',  ( -19.19999999999998153, 5.275000000000007461, -0.8443375672973876256 ) ) ;
#6137 = DIRECTION ( 'NONE',  ( -1.000000000000000000, 0.000000000000000000, 0.000000000000000000 ) ) ;
#6138 = DIRECTION ( 'NONE',  ( 0.000000000000000000, 1.000000000000000000, -0.000000000000000000 ) ) ;
#6139 = DIRECTION ( 'NONE',  ( -0.000000000000000000, 1.000000000000000000, -0.000000000000000000 ) ) ;
#6140 = VECTOR ( 'NONE', #5925, 1000.000000000000000 ) ;
#6141 = ORIENTED_EDGE ( 'NONE', *, *, #4478, .F. ) ;
#6142 = VECTOR ( 'NONE', #7091, 1000.000000000000000 ) ;
#6143 = LINE ( 'NONE', #6764, #6471 ) ;
#6144 = LINE ( 'NONE', #2512, #5264 ) ;
#6145 = AXIS2_PLACEMENT_3D ( 'NONE', #4121, #651, #2272 ) ;
#6146 = LINE ( 'NONE', #739, #1004 ) ;
#6147 = VECTOR ( 'NONE', #2601, 1000.000000000000000 ) ;
#6148 = ORIENTED_EDGE ( 'NONE', *, *, #5000, .F. ) ;
#6149 = DIRECTION ( 'NONE',  ( -1.000000000000000000, -0.000000000000000000, -0.000000000000000000 ) ) ;
#6150 = ORIENTED_EDGE ( 'NONE', *, *, #3504, .F. ) ;
#6151 = ORIENTED_EDGE ( 'NONE', *, *, #4325, .T. ) ;
#6152 = LINE ( 'NONE', #5628, #6840 ) ;
#6153 = AXIS2_PLACEMENT_3D ( 'NONE', #946, #2758, #993 ) ;
#6154 = CARTESIAN_POINT ( 'NONE',  ( 19.19999999999998153, 6.100000000000000533, -0.5556624327025833088 ) ) ;
#6155 = AXIS2_PLACEMENT_3D ( 'NONE', #6180, #770, #158 ) ;
#6156 = EDGE_CURVE ( 'NONE', #7468, #1550, #1967, .T. ) ;
#6157 = FACE_OUTER_BOUND ( 'NONE', #4488, .T. ) ;
#6158 = FACE_OUTER_BOUND ( 'NONE', #507, .T. ) ;
#6159 = EDGE_LOOP ( 'NONE', ( #2880, #676, #5911, #5491 ) ) ;
#6160 = DIRECTION ( 'NONE',  ( -3.469446951953614978E-15, 0.000000000000000000, 1.000000000000000000 ) ) ;
#6161 = VERTEX_POINT ( 'NONE', #5485 ) ;
#6162 = AXIS2_PLACEMENT_3D ( 'NONE', #343, #6228, #2665 ) ;
#6163 = AXIS2_PLACEMENT_3D ( 'NONE', #4395, #3253, #1405 ) ;
#6164 = CIRCLE ( 'NONE', #1635, 0.7199999999999958655 ) ;
#6165 = VERTEX_POINT ( 'NONE', #5528 ) ;
#6166 = DIRECTION ( 'NONE',  ( -1.000000000000000000, 0.000000000000000000, -3.469446951953614978E-15 ) ) ;
#6167 = VECTOR ( 'NONE', #4088, 1000.000000000000000 ) ;
#6168 = EDGE_CURVE ( 'NONE', #4717, #3159, #7371, .T. ) ;
#6169 = CARTESIAN_POINT ( 'NONE',  ( -19.24999999999999645, 1.301022143997293101, -2.999999999999988898 ) ) ;
#6170 = DIRECTION ( 'NONE',  ( -1.000000000000000000, -0.000000000000000000, -0.000000000000000000 ) ) ;
#6171 = VERTEX_POINT ( 'NONE', #74 ) ;
#6172 = DIRECTION ( 'NONE',  ( 1.000000000000000000, 0.000000000000000000, -0.000000000000000000 ) ) ;
#6173 = ORIENTED_EDGE ( 'NONE', *, *, #3021, .T. ) ;
#6174 = ORIENTED_EDGE ( 'NONE', *, *, #3610, .T. ) ;
#6175 = CARTESIAN_POINT ( 'NONE',  ( -3.429999999999995719, 4.094999999999999751, -9.400000000000000355 ) ) ;
#6176 = EDGE_CURVE ( 'NONE', #3064, #7327, #6127, .T. ) ;
#6177 = DIRECTION ( 'NONE',  ( -0.000000000000000000, -0.000000000000000000, 1.000000000000000000 ) ) ;
#6178 = DIRECTION ( 'NONE',  ( -0.3236155771181838947, 0.8891264907159889264, -0.3236155771181838947 ) ) ;
#6179 = DIRECTION ( 'NONE',  ( 0.000000000000000000, -0.000000000000000000, -1.000000000000000000 ) ) ;
#6180 = CARTESIAN_POINT ( 'NONE',  ( -18.42999999999999616, -1.356834363362291240, -5.967879242695142139 ) ) ;
#6181 = ORIENTED_EDGE ( 'NONE', *, *, #3562, .F. ) ;
#6182 = CARTESIAN_POINT ( 'NONE',  ( 11.57000000000000384, 3.454999999999999627, -4.700000000000000178 ) ) ;
#6183 = CARTESIAN_POINT ( 'NONE',  ( -11.56999999999999673, 3.454999999999999627, -4.700000000000000178 ) ) ;
#6184 = LINE ( 'NONE', #1524, #4643 ) ;
#6185 = DIRECTION ( 'NONE',  ( 0.000000000000000000, -0.000000000000000000, 1.000000000000000000 ) ) ;
#6186 = VERTEX_POINT ( 'NONE', #2011 ) ;
#6187 = EDGE_LOOP ( 'NONE', ( #827, #2233, #6141, #4366 ) ) ;
#6188 = ORIENTED_EDGE ( 'NONE', *, *, #2724, .T. ) ;
#6189 = CARTESIAN_POINT ( 'NONE',  ( -18.91999999999999460, -3.399999999999999467, -5.870000000000021423 ) ) ;
#6190 = LINE ( 'NONE', #6818, #2623 ) ;
#6191 = DIRECTION ( 'NONE',  ( 1.000000000000000000, -0.000000000000000000, 0.000000000000000000 ) ) ;
#6192 = DIRECTION ( 'NONE',  ( -0.000000000000000000, -0.9396926207859095381, -0.3420201433256656598 ) ) ;
#6193 = ORIENTED_EDGE ( 'NONE', *, *, #2203, .F. ) ;
#6194 = CARTESIAN_POINT ( 'NONE',  ( -18.57999999999999474, 4.336808689942017736E-16, 3.299999999999982503 ) ) ;
#6195 = VERTEX_POINT ( 'NONE', #4297 ) ;
#6196 = ORIENTED_EDGE ( 'NONE', *, *, #4730, .F. ) ;
#6197 = EDGE_CURVE ( 'NONE', #6540, #7537, #715, .T. ) ;
#6198 = DIRECTION ( 'NONE',  ( 0.000000000000000000, 1.000000000000000000, 0.000000000000000000 ) ) ;
#6199 = LINE ( 'NONE', #6681, #1358 ) ;
#6200 = CARTESIAN_POINT ( 'NONE',  ( 17.80000000000000426, 6.100000000000000533, -3.699999999999995737 ) ) ;
#6201 = DIRECTION ( 'NONE',  ( -1.000000000000000000, -0.000000000000000000, -0.000000000000000000 ) ) ;
#6202 = ORIENTED_EDGE ( 'NONE', *, *, #5388, .T. ) ;
#6203 = EDGE_CURVE ( 'NONE', #3525, #2847, #6789, .T. ) ;
#6204 = CARTESIAN_POINT ( 'NONE',  ( 21.19999999999999929, 6.100000000000000533, -6.999999999999982236 ) ) ;
#6205 = ADVANCED_FACE ( 'NONE', ( #112 ), #5597, .T. ) ;
#6206 = LINE ( 'NONE', #797, #3188 ) ;
#6207 = DIRECTION ( 'NONE',  ( 1.000000000000000000, 0.000000000000000000, 0.000000000000000000 ) ) ;
#6208 = LINE ( 'NONE', #6246, #5625 ) ;
#6209 = DIRECTION ( 'NONE',  ( 0.000000000000000000, -0.000000000000000000, 1.000000000000000000 ) ) ;
#6210 = FACE_BOUND ( 'NONE', #4947, .T. ) ;
#6211 = CIRCLE ( 'NONE', #2803, 0.1000000000000023231 ) ;
#6212 = ORIENTED_EDGE ( 'NONE', *, *, #2114, .F. ) ;
#6213 = ORIENTED_EDGE ( 'NONE', *, *, #1480, .T. ) ;
#6214 = EDGE_CURVE ( 'NONE', #2932, #1052, #5561, .T. ) ;
#6215 = EDGE_CURVE ( 'NONE', #7109, #3586, #2451, .T. ) ;
#6216 = DIRECTION ( 'NONE',  ( 0.000000000000000000, 1.000000000000000000, 0.000000000000000000 ) ) ;
#6217 = LINE ( 'NONE', #6847, #7271 ) ;
#6218 = CARTESIAN_POINT ( 'NONE',  ( -6.999999999999992006, 0.000000000000000000, -5.999999999999982236 ) ) ;
#6219 = PLANE ( 'NONE',  #6670 ) ;
#6220 = LINE ( 'NONE', #2191, #7022 ) ;
#6221 = ORIENTED_EDGE ( 'NONE', *, *, #3068, .F. ) ;
#6222 = ADVANCED_FACE ( 'NONE', ( #147 ), #4267, .F. ) ;
#6223 = EDGE_CURVE ( 'NONE', #2418, #5069, #6199, .T. ) ;
#6224 = AXIS2_PLACEMENT_3D ( 'NONE', #5044, #7448, #4542 ) ;
#6225 = VERTEX_POINT ( 'NONE', #790 ) ;
#6226 = CARTESIAN_POINT ( 'NONE',  ( -7.999999999999991118, 6.100000000000000533, -6.999999999999982236 ) ) ;
#6227 = DIRECTION ( 'NONE',  ( 0.000000000000000000, 1.000000000000000000, 0.000000000000000000 ) ) ;
#6228 = DIRECTION ( 'NONE',  ( 0.000000000000000000, 1.000000000000000000, -5.421010862427523403E-17 ) ) ;
#6229 = LINE ( 'NONE', #3264, #1989 ) ;
#6230 = ORIENTED_EDGE ( 'NONE', *, *, #5186, .F. ) ;
#6231 = DIRECTION ( 'NONE',  ( 1.000000000000000000, 0.000000000000000000, 0.000000000000000000 ) ) ;
#6232 = ORIENTED_EDGE ( 'NONE', *, *, #7495, .T. ) ;
#6233 = ORIENTED_EDGE ( 'NONE', *, *, #4195, .T. ) ;
#6234 = ORIENTED_EDGE ( 'NONE', *, *, #6470, .T. ) ;
#6235 = CARTESIAN_POINT ( 'NONE',  ( -1.569999999999994955, 3.454999999999999627, -4.700000000000000178 ) ) ;
#6236 = DIRECTION ( 'NONE',  ( 0.000000000000000000, 1.000000000000000000, 0.000000000000000000 ) ) ;
#6237 = CARTESIAN_POINT ( 'NONE',  ( 5.500000000000007994, 0.000000000000000000, -5.999999999999982236 ) ) ;
#6238 = DIRECTION ( 'NONE',  ( 0.000000000000000000, 0.000000000000000000, 1.000000000000000000 ) ) ;
#6239 = DIRECTION ( 'NONE',  ( 0.000000000000000000, 0.000000000000000000, 1.000000000000000000 ) ) ;
#6240 = VERTEX_POINT ( 'NONE', #5002 ) ;
#6241 = VECTOR ( 'NONE', #4276, 1000.000000000000000 ) ;
#6242 = FACE_OUTER_BOUND ( 'NONE', #6415, .T. ) ;
#6243 = DIRECTION ( 'NONE',  ( -3.469446951953614189E-15, -0.000000000000000000, 1.000000000000000000 ) ) ;
#6244 = VERTEX_POINT ( 'NONE', #4412 ) ;
#6245 = FACE_OUTER_BOUND ( 'NONE', #1569, .T. ) ;
#6246 = CARTESIAN_POINT ( 'NONE',  ( -19.19999999999998508, 6.100000000000000533, -0.5556624327025833088 ) ) ;
#6247 = LINE ( 'NONE', #370, #2465 ) ;
#6248 = DIRECTION ( 'NONE',  ( 0.000000000000000000, -1.000000000000000000, 0.000000000000000000 ) ) ;
#6249 = COLOUR_RGB ( '',0.7960784313725489669, 0.8235294117647058432, 0.9372549019607843146 ) ;
#6250 = EDGE_CURVE ( 'NONE', #1080, #5456, #1244, .T. ) ;
#6251 = ORIENTED_EDGE ( 'NONE', *, *, #1210, .F. ) ;
#6252 = VERTEX_POINT ( 'NONE', #6056 ) ;
#6253 = AXIS2_PLACEMENT_3D ( 'NONE', #1228, #3460, #460 ) ;
#6254 = CARTESIAN_POINT ( 'NONE',  ( -19.24999999999999645, 1.301022143997293101, 0.000000000000000000 ) ) ;
#6255 = LINE ( 'NONE', #3070, #2356 ) ;
#6256 = DIRECTION ( 'NONE',  ( 0.000000000000000000, 0.000000000000000000, -1.000000000000000000 ) ) ;
#6257 = ADVANCED_FACE ( 'NONE', ( #4896 ), #3045, .F. ) ;
#6258 = CARTESIAN_POINT ( 'NONE',  ( 0.5000000000000073275, 0.3999999999999999112, -5.999999999999982236 ) ) ;
#6259 = CARTESIAN_POINT ( 'NONE',  ( 20.29999999999999716, 2.549999999999999822, -11.49999999999999645 ) ) ;
#6260 = EDGE_CURVE ( 'NONE', #7537, #436, #7303, .T. ) ;
#6261 = ORIENTED_EDGE ( 'NONE', *, *, #2342, .T. ) ;
#6262 = VECTOR ( 'NONE', #7014, 1000.000000000000000 ) ;
#6263 = ORIENTED_EDGE ( 'NONE', *, *, #5290, .F. ) ;
#6264 = VECTOR ( 'NONE', #1404, 1000.000000000000000 ) ;
#6265 = PLANE ( 'NONE',  #2934 ) ;
#6266 = CARTESIAN_POINT ( 'NONE',  ( -10.49999999999999112, 0.000000000000000000, -5.999999999999982236 ) ) ;
#6267 = ADVANCED_FACE ( 'NONE', ( #6277 ), #6866, .F. ) ;
#6268 = CARTESIAN_POINT ( 'NONE',  ( -18.42999999999999616, -2.987878387081802423, -5.380000000000022098 ) ) ;
#6269 = DIRECTION ( 'NONE',  ( 0.000000000000000000, -1.000000000000000000, 0.000000000000000000 ) ) ;
#6270 = ORIENTED_EDGE ( 'NONE', *, *, #233, .T. ) ;
#6271 = CARTESIAN_POINT ( 'NONE',  ( -21.19999999999999929, 5.275000000000011013, 1.925929944387235853E-31 ) ) ;
#6272 = ORIENTED_EDGE ( 'NONE', *, *, #1877, .T. ) ;
#6273 = ORIENTED_EDGE ( 'NONE', *, *, #6796, .F. ) ;
#6274 = VECTOR ( 'NONE', #2094, 1000.000000000000000 ) ;
#6275 = ORIENTED_EDGE ( 'NONE', *, *, #2780, .F. ) ;
#6276 = DIRECTION ( 'NONE',  ( 0.000000000000000000, -0.000000000000000000, -1.000000000000000000 ) ) ;
#6277 = FACE_OUTER_BOUND ( 'NONE', #214, .T. ) ;
#6278 = DIRECTION ( 'NONE',  ( -0.000000000000000000, 1.000000000000000000, -0.000000000000000000 ) ) ;
#6279 = VECTOR ( 'NONE', #1704, 1000.000000000000000 ) ;
#6280 = CARTESIAN_POINT ( 'NONE',  ( 5.000000000000000000, 0.000000000000000000, 0.000000000000000000 ) ) ;
#6281 = FACE_OUTER_BOUND ( 'NONE', #5668, .T. ) ;
#6282 = ORIENTED_EDGE ( 'NONE', *, *, #4478, .T. ) ;
#6283 = AXIS2_PLACEMENT_3D ( 'NONE', #5419, #6606, #5330 ) ;
#6284 = AXIS2_PLACEMENT_3D ( 'NONE', #2123, #305, #6902 ) ;
#6285 = VECTOR ( 'NONE', #3415, 1000.000000000000000 ) ;
#6286 = CARTESIAN_POINT ( 'NONE',  ( -21.19999999999999929, 4.575000000000019718, -2.400000000000010569 ) ) ;
#6287 = AXIS2_PLACEMENT_3D ( 'NONE', #1655, #7668, #3456 ) ;
#6288 = DIRECTION ( 'NONE',  ( 0.000000000000000000, -0.3420201433256679358, 0.9396926207859087610 ) ) ;
#6289 = VERTEX_POINT ( 'NONE', #3814 ) ;
#6290 = DIRECTION ( 'NONE',  ( 0.000000000000000000, 4.216341781888056408E-15, -1.000000000000000000 ) ) ;
#6291 = DIRECTION ( 'NONE',  ( 1.000000000000000000, -0.000000000000000000, -0.000000000000000000 ) ) ;
#6292 = DIRECTION ( 'NONE',  ( -1.000000000000000000, 0.000000000000000000, 0.000000000000000000 ) ) ;
#6293 = FACE_OUTER_BOUND ( 'NONE', #4177, .T. ) ;
#6294 = ORIENTED_EDGE ( 'NONE', *, *, #1952, .T. ) ;
#6295 = VERTEX_POINT ( 'NONE', #2171 ) ;
#6296 = EDGE_CURVE ( 'NONE', #4813, #5676, #5644, .T. ) ;
#6297 = CARTESIAN_POINT ( 'NONE',  ( -16.99999999999998934, 0.000000000000000000, -6.999999999999982236 ) ) ;
#6298 = CARTESIAN_POINT ( 'NONE',  ( 4.500000000000007105, 4.094999999999999751, -5.999999999999982236 ) ) ;
#6299 = CARTESIAN_POINT ( 'NONE',  ( -0.4999999999999900080, 0.4000000000000000222, -5.999999999999982236 ) ) ;
#6300 = CARTESIAN_POINT ( 'NONE',  ( -19.06999999999999673, 2.774999999999996803, -4.700000000000017053 ) ) ;
#6301 = DIRECTION ( 'NONE',  ( -0.000000000000000000, -0.9276100592987817084, -0.3735499670562298924 ) ) ;
#6302 = ORIENTED_EDGE ( 'NONE', *, *, #4097, .F. ) ;
#6303 = ORIENTED_EDGE ( 'NONE', *, *, #6871, .T. ) ;
#6304 = VECTOR ( 'NONE', #7453, 1000.000000000000000 ) ;
#6305 = ORIENTED_EDGE ( 'NONE', *, *, #1568, .F. ) ;
#6306 = EDGE_CURVE ( 'NONE', #4406, #3936, #6957, .T. ) ;
#6307 = DIRECTION ( 'NONE',  ( -1.000000000000000000, 0.000000000000000000, 0.000000000000000000 ) ) ;
#6308 = EDGE_LOOP ( 'NONE', ( #2606, #5285, #6938, #7374 ) ) ;
#6309 = LINE ( 'NONE', #3301, #2616 ) ;
#6310 = LINE ( 'NONE', #5716, #5267 ) ;
#6311 = ORIENTED_EDGE ( 'NONE', *, *, #3086, .F. ) ;
#6312 = LINE ( 'NONE', #2165, #6637 ) ;
#6313 = ORIENTED_EDGE ( 'NONE', *, *, #6176, .F. ) ;
#6314 = ORIENTED_EDGE ( 'NONE', *, *, #2975, .T. ) ;
#6315 = ORIENTED_EDGE ( 'NONE', *, *, #2532, .F. ) ;
#6316 = EDGE_CURVE ( 'NONE', #975, #5640, #3395, .T. ) ;
#6317 = EDGE_CURVE ( 'NONE', #3370, #3767, #4537, .T. ) ;
#6318 = LINE ( 'NONE', #5724, #5114 ) ;
#6319 = PLANE ( 'NONE',  #5262 ) ;
#6320 = LINE ( 'NONE', #4576, #4369 ) ;
#6321 = CARTESIAN_POINT ( 'NONE',  ( 7.500000000000000000, 0.000000000000000000, 0.000000000000000000 ) ) ;
#6322 = DIRECTION ( 'NONE',  ( 0.000000000000000000, -0.000000000000000000, -1.000000000000000000 ) ) ;
#6323 = ORIENTED_EDGE ( 'NONE', *, *, #3827, .F. ) ;
#6324 = EDGE_CURVE ( 'NONE', #1976, #1309, #2048, .T. ) ;
#6325 = DIRECTION ( 'NONE',  ( 1.000000000000000000, 0.000000000000000000, -0.000000000000000000 ) ) ;
#6326 = CARTESIAN_POINT ( 'NONE',  ( -11.99999999999999289, 6.100000000000000533, -5.999999999999982236 ) ) ;
#6327 = ORIENTED_EDGE ( 'NONE', *, *, #4477, .F. ) ;
#6328 = DIRECTION ( 'NONE',  ( -0.000000000000000000, 1.000000000000000000, -0.000000000000000000 ) ) ;
#6329 = LINE ( 'NONE', #6368, #4663 ) ;
#6330 = LINE ( 'NONE', #4505, #2459 ) ;
#6331 = CARTESIAN_POINT ( 'NONE',  ( -19.06999999999999673, -2.987878387081802423, -5.380000000000022098 ) ) ;
#6332 = ORIENTED_EDGE ( 'NONE', *, *, #7656, .F. ) ;
#6333 = ORIENTED_EDGE ( 'NONE', *, *, #6844, .F. ) ;
#6334 = DIRECTION ( 'NONE',  ( -1.000000000000000000, -0.000000000000000000, 0.000000000000000000 ) ) ;
#6335 = PLANE ( 'NONE',  #2995 ) ;
#6336 = DIRECTION ( 'NONE',  ( 1.000000000000000000, -0.000000000000000000, 0.000000000000000000 ) ) ;
#6337 = VECTOR ( 'NONE', #7221, 1000.000000000000000 ) ;
#6338 = CARTESIAN_POINT ( 'NONE',  ( -10.92999999999999616, 3.454999999999999627, -5.999999999999982236 ) ) ;
#6339 = DIRECTION ( 'NONE',  ( 1.000000000000000000, -0.000000000000000000, 0.000000000000000000 ) ) ;
#6340 = ORIENTED_EDGE ( 'NONE', *, *, #3786, .F. ) ;
#6341 = EDGE_CURVE ( 'NONE', #5361, #1290, #3944, .T. ) ;
#6342 = VERTEX_POINT ( 'NONE', #6912 ) ;
#6343 = VECTOR ( 'NONE', #4839, 1000.000000000000000 ) ;
#6344 = CARTESIAN_POINT ( 'NONE',  ( -5.929999999999994387, 3.454999999999999627, -4.700000000000000178 ) ) ;
#6345 = DIRECTION ( 'NONE',  ( -1.000000000000000000, 0.000000000000000000, 0.000000000000000000 ) ) ;
#6346 = DIRECTION ( 'NONE',  ( 1.000000000000000000, 0.000000000000000000, 0.000000000000000000 ) ) ;
#6347 = LINE ( 'NONE', #5107, #1001 ) ;
#6348 = VERTEX_POINT ( 'NONE', #1460 ) ;
#6349 = ORIENTED_EDGE ( 'NONE', *, *, #1311, .T. ) ;
#6350 = FACE_OUTER_BOUND ( 'NONE', #7207, .T. ) ;
#6351 = ORIENTED_EDGE ( 'NONE', *, *, #5582, .T. ) ;
#6352 = ADVANCED_FACE ( 'NONE', ( #3274, #5683 ), #2719, .F. ) ;
#6353 = ORIENTED_EDGE ( 'NONE', *, *, #5051, .T. ) ;
#6354 = VECTOR ( 'NONE', #448, 1000.000000000000000 ) ;
#6355 = PRODUCT_DEFINITION_SHAPE ( 'NONE', 'NONE',  #7808 ) ;
#6356 = DIRECTION ( 'NONE',  ( -0.000000000000000000, -0.000000000000000000, 1.000000000000000000 ) ) ;
#6357 = VECTOR ( 'NONE', #1348, 1000.000000000000227 ) ;
#6358 = LINE ( 'NONE', #5727, #3872 ) ;
#6359 = DIRECTION ( 'NONE',  ( 0.000000000000000000, -0.3735499670562199004, 0.9276100592987858162 ) ) ;
#6360 = DIRECTION ( 'NONE',  ( 0.000000000000000000, 0.000000000000000000, 1.000000000000000000 ) ) ;
#6361 = LINE ( 'NONE', #398, #1227 ) ;
#6362 = EDGE_CURVE ( 'NONE', #5380, #5218, #6993, .T. ) ;
#6363 = VERTEX_POINT ( 'NONE', #5036 ) ;
#6364 = ADVANCED_FACE ( 'NONE', ( #1583 ), #6319, .F. ) ;
#6365 = CARTESIAN_POINT ( 'NONE',  ( 3.430000000000002380, 4.094999999999999751, -4.700000000000000178 ) ) ;
#6366 = ORIENTED_EDGE ( 'NONE', *, *, #6457, .F. ) ;
#6367 = LINE ( 'NONE', #3992, #3741 ) ;
#6368 = CARTESIAN_POINT ( 'NONE',  ( 0.000000000000000000, 0.4000000000000000222, -5.999999999999982236 ) ) ;
#6369 = CARTESIAN_POINT ( 'NONE',  ( 19.09999999999998366, 1.301022143997293101, -0.7866025403784336900 ) ) ;
#6370 = DIRECTION ( 'NONE',  ( 0.000000000000000000, 0.000000000000000000, 1.000000000000000000 ) ) ;
#6371 = ADVANCED_FACE ( 'NONE', ( #3855 ), #268, .F. ) ;
#6372 = ORIENTED_EDGE ( 'NONE', *, *, #4672, .T. ) ;
#6373 = EDGE_CURVE ( 'NONE', #6165, #697, #6397, .T. ) ;
#6374 = ORIENTED_EDGE ( 'NONE', *, *, #1578, .T. ) ;
#6375 = VECTOR ( 'NONE', #3791, 1000.000000000000000 ) ;
#6376 =( REPRESENTATION_RELATIONSHIP ('NONE','NONE', #1840, #6686 ) REPRESENTATION_RELATIONSHIP_WITH_TRANSFORMATION ( #4736 )SHAPE_REPRESENTATION_RELATIONSHIP( ) );
#6377 = CARTESIAN_POINT ( 'NONE',  ( -1.569999999999994955, 3.454999999999999627, -4.700000000000000178 ) ) ;
#6378 = LINE ( 'NONE', #5140, #2100 ) ;
#6379 = CARTESIAN_POINT ( 'NONE',  ( -18.42999999999999616, 3.454999999999999627, -4.700000000000017053 ) ) ;
#6380 = DIRECTION ( 'NONE',  ( 0.000000000000000000, 0.000000000000000000, -1.000000000000000000 ) ) ;
#6381 = DIRECTION ( 'NONE',  ( 0.000000000000000000, 0.000000000000000000, 1.000000000000000000 ) ) ;
#6382 = ORIENTED_EDGE ( 'NONE', *, *, #7095, .T. ) ;
#6383 = VERTEX_POINT ( 'NONE', #1422 ) ;
#6384 = ORIENTED_EDGE ( 'NONE', *, *, #7189, .F. ) ;
#6385 = DIRECTION ( 'NONE',  ( 0.000000000000000000, 1.000000000000000000, 0.000000000000000000 ) ) ;
#6386 = FACE_OUTER_BOUND ( 'NONE', #1084, .T. ) ;
#6387 = VECTOR ( 'NONE', #142, 1000.000000000000000 ) ;
#6388 = PLANE ( 'NONE',  #6153 ) ;
#6389 = PLANE ( 'NONE',  #3630 ) ;
#6390 = VERTEX_POINT ( 'NONE', #2082 ) ;
#6391 = DIRECTION ( 'NONE',  ( -0.000000000000000000, -0.000000000000000000, 1.000000000000000000 ) ) ;
#6392 = EDGE_LOOP ( 'NONE', ( #3318, #1511, #6458, #1540 ) ) ;
#6393 = VERTEX_POINT ( 'NONE', #1505 ) ;
#6394 =( GEOMETRIC_REPRESENTATION_CONTEXT ( 3 ) GLOBAL_UNCERTAINTY_ASSIGNED_CONTEXT ( ( #7469 ) ) GLOBAL_UNIT_ASSIGNED_CONTEXT ( ( #511, #7072, #7715 ) ) REPRESENTATION_CONTEXT ( 'NONE', 'WORKASPACE' ) );
#6395 = EDGE_CURVE ( 'NONE', #87, #6186, #3903, .T. ) ;
#6396 = DIRECTION ( 'NONE',  ( -0.000000000000000000, 0.000000000000000000, -1.000000000000000000 ) ) ;
#6397 = LINE ( 'NONE', #5117, #2496 ) ;
#6398 = DIRECTION ( 'NONE',  ( -3.469446951953614189E-15, -0.000000000000000000, 1.000000000000000000 ) ) ;
#6399 = AXIS2_PLACEMENT_3D ( 'NONE', #5701, #5867, #7662 ) ;
#6400 = DIRECTION ( 'NONE',  ( 1.000000000000000000, 0.000000000000000000, 0.000000000000000000 ) ) ;
#6401 = ORIENTED_EDGE ( 'NONE', *, *, #7349, .T. ) ;
#6402 = CARTESIAN_POINT ( 'NONE',  ( -18.42999999999999616, -1.987878387081802645, -5.800000000000017586 ) ) ;
#6403 = EDGE_LOOP ( 'NONE', ( #3967, #3629, #4853, #7300 ) ) ;
#6404 = VECTOR ( 'NONE', #6177, 1000.000000000000000 ) ;
#6405 = EDGE_CURVE ( 'NONE', #5070, #816, #6358, .T. ) ;
#6406 = LINE ( 'NONE', #401, #2695 ) ;
#6407 = ORIENTED_EDGE ( 'NONE', *, *, #6068, .T. ) ;
#6408 = VECTOR ( 'NONE', #2553, 1000.000000000000000 ) ;
#6409 = CARTESIAN_POINT ( 'NONE',  ( -10.49999999999999112, 6.100000000000000533, -5.999999999999982236 ) ) ;
#6410 = LINE ( 'NONE', #6964, #509 ) ;
#6411 = AXIS2_PLACEMENT_3D ( 'NONE', #2029, #3797, #129 ) ;
#6412 = CARTESIAN_POINT ( 'NONE',  ( -21.19999999999999929, 4.575000000000019718, -3.100000000000001865 ) ) ;
#6413 = AXIS2_PLACEMENT_3D ( 'NONE', #4194, #7269, #1862 ) ;
#6414 = FACE_OUTER_BOUND ( 'NONE', #4498, .T. ) ;
#6415 = EDGE_LOOP ( 'NONE', ( #4345, #2840, #5821, #6903 ) ) ;
#6416 = VECTOR ( 'NONE', #6767, 1000.000000000000000 ) ;
#6417 = AXIS2_PLACEMENT_3D ( 'NONE', #1376, #4402, #7395 ) ;
#6418 = AXIS2_PLACEMENT_3D ( 'NONE', #6793, #6239, #2493 ) ;
#6419 = EDGE_CURVE ( 'NONE', #2660, #4531, #5196, .T. ) ;
#6420 = ADVANCED_FACE ( 'NONE', ( #468 ), #4055, .F. ) ;
#6421 = DIRECTION ( 'NONE',  ( 0.000000000000000000, 0.000000000000000000, -1.000000000000000000 ) ) ;
#6422 = DIRECTION ( 'NONE',  ( 1.000000000000000000, -0.000000000000000000, 0.000000000000000000 ) ) ;
#6423 = DIRECTION ( 'NONE',  ( 0.000000000000000000, 1.000000000000000000, -2.843808977011159604E-15 ) ) ;
#6424 = EDGE_CURVE ( 'NONE', #4717, #5312, #5356, .T. ) ;
#6425 = PRODUCT_DEFINITION_SHAPE ( 'NONE', 'NONE',  #7795 ) ;
#6426 = DIRECTION ( 'NONE',  ( 0.000000000000000000, 0.000000000000000000, 1.000000000000000000 ) ) ;
#6427 = LINE ( 'NONE', #4010, #1420 ) ;
#6428 = ORIENTED_EDGE ( 'NONE', *, *, #5879, .F. ) ;
#6429 = DIRECTION ( 'NONE',  ( 1.000000000000000000, 0.000000000000000000, -0.000000000000000000 ) ) ;
#6430 = FACE_OUTER_BOUND ( 'NONE', #7610, .T. ) ;
#6431 = CARTESIAN_POINT ( 'NONE',  ( 7.000000000000009770, 3.454999999999999627, -5.999999999999982236 ) ) ;
#6432 = ORIENTED_EDGE ( 'NONE', *, *, #6362, .F. ) ;
#6433 = DIRECTION ( 'NONE',  ( 0.000000000000000000, 1.000000000000000000, 0.000000000000000000 ) ) ;
#6434 = ORIENTED_EDGE ( 'NONE', *, *, #325, .T. ) ;
#6435 = SHAPE_REPRESENTATION ( 'pin^SxB-XH-A ass_bent', ( #7741 ), #3969 ) ;
#6436 = VERTEX_POINT ( 'NONE', #7030 ) ;
#6437 = FACE_OUTER_BOUND ( 'NONE', #5966, .T. ) ;
#6438 = LINE ( 'NONE', #1461, #1121 ) ;
#6439 = ORIENTED_EDGE ( 'NONE', *, *, #2407, .T. ) ;
#6440 = DIRECTION ( 'NONE',  ( -0.000000000000000000, 1.000000000000000000, -0.000000000000000000 ) ) ;
#6441 = EDGE_LOOP ( 'NONE', ( #6212, #183, #4251, #6263 ) ) ;
#6442 = ORIENTED_EDGE ( 'NONE', *, *, #6341, .F. ) ;
#6443 = ADVANCED_FACE ( 'NONE', ( #431 ), #4027, .T. ) ;
#6444 = DIRECTION ( 'NONE',  ( 0.000000000000000000, 0.000000000000000000, -1.000000000000000000 ) ) ;
#6445 = VERTEX_POINT ( 'NONE', #2251 ) ;
#6446 = DIRECTION ( 'NONE',  ( -1.000000000000000000, -0.000000000000000000, 0.000000000000000000 ) ) ;
#6447 = CARTESIAN_POINT ( 'NONE',  ( 0.000000000000000000, 0.4000000000000000222, -5.999999999999982236 ) ) ;
#6448 = CARTESIAN_POINT ( 'NONE',  ( -18.42999999999999616, -2.887878387081802778, -5.300000000000016698 ) ) ;
#6449 = FACE_OUTER_BOUND ( 'NONE', #3259, .T. ) ;
#6450 = ORIENTED_EDGE ( 'NONE', *, *, #3991, .F. ) ;
#6451 = ORIENTED_EDGE ( 'NONE', *, *, #3779, .T. ) ;
#6452 = EDGE_CURVE ( 'NONE', #751, #2795, #7677, .T. ) ;
#6453 = LINE ( 'NONE', #3678, #3571 ) ;
#6454 = DIRECTION ( 'NONE',  ( -1.000000000000000000, -0.000000000000000000, -0.000000000000000000 ) ) ;
#6455 = CARTESIAN_POINT ( 'NONE',  ( 4.500000000000007105, 6.100000000000000533, -5.999999999999982236 ) ) ;
#6456 = FACE_OUTER_BOUND ( 'NONE', #6678, .T. ) ;
#6457 = EDGE_CURVE ( 'NONE', #778, #4717, #2999, .T. ) ;
#6458 = ORIENTED_EDGE ( 'NONE', *, *, #5050, .F. ) ;
#6459 = ADVANCED_FACE ( 'NONE', ( #4690 ), #7637, .F. ) ;
#6460 = EDGE_CURVE ( 'NONE', #6543, #1550, #7190, .T. ) ;
#6461 = VECTOR ( 'NONE', #3385, 1000.000000000000000 ) ;
#6462 = UNCERTAINTY_MEASURE_WITH_UNIT (LENGTH_MEASURE( 1.000000000000000082E-05 ), #487, 'distance_accuracy_value', 'NONE');
#6463 = CARTESIAN_POINT ( 'NONE',  ( -7.999999999999991118, 0.000000000000000000, -5.999999999999982236 ) ) ;
#6464 = FACE_OUTER_BOUND ( 'NONE', #562, .T. ) ;
#6465 = AXIS2_PLACEMENT_3D ( 'NONE', #2411, #6593, #3582 ) ;
#6466 = DIRECTION ( 'NONE',  ( 1.000000000000000000, 0.000000000000000000, -0.000000000000000000 ) ) ;
#6467 = ORIENTED_EDGE ( 'NONE', *, *, #6906, .T. ) ;
#6468 = DIRECTION ( 'NONE',  ( -3.469446951953614978E-15, 0.000000000000000000, 1.000000000000000000 ) ) ;
#6469 = ORIENTED_EDGE ( 'NONE', *, *, #1908, .T. ) ;
#6470 = EDGE_CURVE ( 'NONE', #5640, #6252, #5234, .T. ) ;
#6471 = VECTOR ( 'NONE', #1988, 1000.000000000000000 ) ;
#6472 = ADVANCED_FACE ( 'NONE', ( #6437 ), #5926, .F. ) ;
#6473 = ORIENTED_EDGE ( 'NONE', *, *, #7023, .F. ) ;
#6474 = CARTESIAN_POINT ( 'NONE',  ( -19.24999999999999645, 1.301022143997293101, -0.9309401076758534455 ) ) ;
#6475 = DIRECTION ( 'NONE',  ( 1.000000000000000000, 0.000000000000000000, 0.000000000000000000 ) ) ;
#6476 = CARTESIAN_POINT ( 'NONE',  ( -19.06999999999999673, -2.987878387081802423, -5.380000000000022098 ) ) ;
#6477 = CARTESIAN_POINT ( 'NONE',  ( 19.07000000000000384, 3.454999999999999627, -4.700000000000000178 ) ) ;
#6478 = ITEM_DEFINED_TRANSFORMATION ( 'NONE', 'NONE', #1841,  #7741 ) ;
#6479 = ORIENTED_EDGE ( 'NONE', *, *, #274, .F. ) ;
#6480 = LINE ( 'NONE', #2879, #1599 ) ;
#6481 = ORIENTED_EDGE ( 'NONE', *, *, #3837, .T. ) ;
#6482 = ORIENTED_EDGE ( 'NONE', *, *, #1721, .F. ) ;
#6483 = ORIENTED_EDGE ( 'NONE', *, *, #2214, .F. ) ;
#6484 = EDGE_LOOP ( 'NONE', ( #869, #5963, #4723, #1383 ) ) ;
#6485 = PRODUCT_DEFINITION_SHAPE ( 'NONE', 'NONE',  #6784 ) ;
#6486 = DIRECTION ( 'NONE',  ( 0.000000000000000000, 0.000000000000000000, -1.000000000000000000 ) ) ;
#6487 = ORIENTED_EDGE ( 'NONE', *, *, #7391, .T. ) ;
#6488 = FACE_OUTER_BOUND ( 'NONE', #5311, .T. ) ;
#6489 = DIRECTION ( 'NONE',  ( 0.000000000000000000, 8.163404592832033571E-15, -1.000000000000000000 ) ) ;
#6490 = DIRECTION ( 'NONE',  ( 0.000000000000000000, 0.3735499670562326680, -0.9276100592987808202 ) ) ;
#6491 = CARTESIAN_POINT ( 'NONE',  ( 10.50000000000000888, 0.000000000000000000, -6.999999999999982236 ) ) ;
#6492 = ORIENTED_EDGE ( 'NONE', *, *, #1020, .F. ) ;
#6493 = ORIENTED_EDGE ( 'NONE', *, *, #978, .T. ) ;
#6494 = LINE ( 'NONE', #6610, #6103 ) ;
#6495 = EDGE_CURVE ( 'NONE', #99, #6289, #7073, .T. ) ;
#6496 = DIRECTION ( 'NONE',  ( 0.000000000000000000, -0.000000000000000000, -1.000000000000000000 ) ) ;
#6497 = CARTESIAN_POINT ( 'NONE',  ( -19.06999999999999673, -2.887878387081802778, -5.300000000000016698 ) ) ;
#6498 = MECHANICAL_DESIGN_GEOMETRIC_PRESENTATION_REPRESENTATION (  '', ( #5091 ), #314 ) ;
#6499 = ORIENTED_EDGE ( 'NONE', *, *, #4583, .F. ) ;
#6500 = LINE ( 'NONE', #4638, #921 ) ;
#6501 = ORIENTED_EDGE ( 'NONE', *, *, #7029, .F. ) ;
#6502 =( GEOMETRIC_REPRESENTATION_CONTEXT ( 3 ) GLOBAL_UNCERTAINTY_ASSIGNED_CONTEXT ( ( #1181 ) ) GLOBAL_UNIT_ASSIGNED_CONTEXT ( ( #4860, #6092, #5451 ) ) REPRESENTATION_CONTEXT ( 'NONE', 'WORKASPACE' ) );
#6503 = DIRECTION ( 'NONE',  ( -1.000000000000000000, 0.000000000000000000, 0.000000000000000000 ) ) ;
#6504 = ADVANCED_FACE ( 'NONE', ( #3581 ), #1155, .F. ) ;
#6505 = PLANE ( 'NONE',  #7286 ) ;
#6506 = CYLINDRICAL_SURFACE ( 'NONE', #3512, 0.7200000000000036371 ) ;
#6507 = EDGE_CURVE ( 'NONE', #2242, #6348, #4734, .T. ) ;
#6508 = DIRECTION ( 'NONE',  ( 0.000000000000000000, -0.000000000000000000, -1.000000000000000000 ) ) ;
#6509 = ORIENTED_EDGE ( 'NONE', *, *, #6797, .T. ) ;
#6510 = ORIENTED_EDGE ( 'NONE', *, *, #4999, .T. ) ;
#6511 = CARTESIAN_POINT ( 'NONE',  ( -13.42999999999999439, 0.000000000000000000, -5.999999999999982236 ) ) ;
#6512 = VECTOR ( 'NONE', #6117, 1000.000000000000000 ) ;
#6513 = ADVANCED_FACE ( 'NONE', ( #5887 ), #513, .F. ) ;
#6514 = DIRECTION ( 'NONE',  ( 1.000000000000000000, 0.000000000000000000, 0.000000000000000000 ) ) ;
#6515 = DIRECTION ( 'NONE',  ( -0.3236155771181850604, 0.3236155771181850604, 0.8891264907159880382 ) ) ;
#6516 = DIRECTION ( 'NONE',  ( 0.000000000000000000, -1.000000000000000000, 0.000000000000000000 ) ) ;
#6517 = CONTEXT_DEPENDENT_SHAPE_REPRESENTATION ( #989, #6425 ) ;
#6518 = ORIENTED_EDGE ( 'NONE', *, *, #6223, .T. ) ;
#6519 = CARTESIAN_POINT ( 'NONE',  ( -10.49999999999999112, 4.094999999999999751, -5.999999999999982236 ) ) ;
#6520 = EDGE_LOOP ( 'NONE', ( #4872, #3669, #3033, #6960 ) ) ;
#6521 = ORIENTED_EDGE ( 'NONE', *, *, #3035, .F. ) ;
#6522 = VECTOR ( 'NONE', #4095, 1000.000000000000000 ) ;
#6523 = ORIENTED_EDGE ( 'NONE', *, *, #7695, .T. ) ;
#6524 = VERTEX_POINT ( 'NONE', #3545 ) ;
#6525 = AXIS2_PLACEMENT_3D ( 'NONE', #7274, #4867, #3821 ) ;
#6526 = LINE ( 'NONE', #2966, #4593 ) ;
#6527 = ORIENTED_EDGE ( 'NONE', *, *, #2869, .F. ) ;
#6528 = DIRECTION ( 'NONE',  ( -1.000000000000000000, 0.000000000000000000, -0.000000000000000000 ) ) ;
#6529 = FACE_BOUND ( 'NONE', #2854, .T. ) ;
#6530 = CARTESIAN_POINT ( 'NONE',  ( -21.19999999999999929, 4.575000000000019718, -3.100000000000001865 ) ) ;
#6531 = ORIENTED_EDGE ( 'NONE', *, *, #4325, .F. ) ;
#6532 = VERTEX_POINT ( 'NONE', #5960 ) ;
#6533 = VECTOR ( 'NONE', #6359, 1000.000000000000114 ) ;
#6534 = VECTOR ( 'NONE', #5938, 1000.000000000000000 ) ;
#6535 = LINE ( 'NONE', #5866, #934 ) ;
#6536 = AXIS2_PLACEMENT_3D ( 'NONE', #5610, #3870, #86 ) ;
#6537 = DIRECTION ( 'NONE',  ( 0.000000000000000000, 0.000000000000000000, -1.000000000000000000 ) ) ;
#6538 = FACE_OUTER_BOUND ( 'NONE', #5892, .T. ) ;
#6539 = CARTESIAN_POINT ( 'NONE',  ( 14.50000000000000888, 0.000000000000000000, -5.999999999999982236 ) ) ;
#6540 = VERTEX_POINT ( 'NONE', #1744 ) ;
#6541 = VECTOR ( 'NONE', #2286, 1000.000000000000000 ) ;
#6542 = AXIS2_PLACEMENT_3D ( 'NONE', #6069, #4282, #584 ) ;
#6543 = VERTEX_POINT ( 'NONE', #551 ) ;
#6544 = VECTOR ( 'NONE', #2013, 1000.000000000000114 ) ;
#6545 = EDGE_CURVE ( 'NONE', #58, #2259, #4144, .T. ) ;
#6546 = DIRECTION ( 'NONE',  ( -3.469446951953614189E-15, -0.000000000000000000, 1.000000000000000000 ) ) ;
#6547 = VECTOR ( 'NONE', #6813, 1000.000000000000000 ) ;
#6548 = DIRECTION ( 'NONE',  ( 0.000000000000000000, 1.000000000000000000, -5.421010862427523403E-17 ) ) ;
#6549 = CARTESIAN_POINT ( 'NONE',  ( -18.42999999999999616, -2.887878387081802778, -5.300000000000016698 ) ) ;
#6550 = DIRECTION ( 'NONE',  ( -0.000000000000000000, 1.000000000000000000, -0.000000000000000000 ) ) ;
#6551 = EDGE_LOOP ( 'NONE', ( #2881, #6188, #4105, #152 ) ) ;
#6552 = VERTEX_POINT ( 'NONE', #4613 ) ;
#6553 = EDGE_CURVE ( 'NONE', #7631, #5507, #4180, .T. ) ;
#6554 = PRODUCT_RELATED_PRODUCT_CATEGORY ( 'part', '', ( #2323 ) ) ;
#6555 = LINE ( 'NONE', #1778, #5846 ) ;
#6556 = CARTESIAN_POINT ( 'NONE',  ( 5.930000000000005045, 3.454999999999999627, -9.400000000000000355 ) ) ;
#6557 = LINE ( 'NONE', #1156, #26 ) ;
#6558 = APPLICATION_PROTOCOL_DEFINITION ( 'draft international standard', 'automotive_design', 1998, #5557 ) ;
#6559 = EDGE_LOOP ( 'NONE', ( #2396, #3353, #4620, #4704 ) ) ;
#6560 = CARTESIAN_POINT ( 'NONE',  ( -18.42999999999999616, 4.095000000000000639, -4.700000000000017053 ) ) ;
#6561 = ORIENTED_EDGE ( 'NONE', *, *, #839, .F. ) ;
#6562 = ORIENTED_EDGE ( 'NONE', *, *, #384, .T. ) ;
#6563 = ADVANCED_FACE ( 'NONE', ( #6157 ), #4217, .F. ) ;
#6564 = EDGE_CURVE ( 'NONE', #108, #6524, #4849, .T. ) ;
#6565 = VERTEX_POINT ( 'NONE', #5474 ) ;
#6566 = VECTOR ( 'NONE', #2891, 1000.000000000000000 ) ;
#6567 = LINE ( 'NONE', #522, #5339 ) ;
#6568 = ORIENTED_EDGE ( 'NONE', *, *, #5714, .F. ) ;
#6569 = DIRECTION ( 'NONE',  ( -0.000000000000000000, -0.000000000000000000, 1.000000000000000000 ) ) ;
#6570 = FACE_BOUND ( 'NONE', #6403, .T. ) ;
#6571 = LINE ( 'NONE', #4597, #2764 ) ;
#6572 = DIRECTION ( 'NONE',  ( -0.000000000000000000, -1.000000000000000000, -0.000000000000000000 ) ) ;
#6573 = ORIENTED_EDGE ( 'NONE', *, *, #6781, .T. ) ;
#6574 = ADVANCED_FACE ( 'NONE', ( #138 ), #6705, .F. ) ;
#6575 = CARTESIAN_POINT ( 'NONE',  ( -7.999999999999991118, 0.000000000000000000, -6.999999999999982236 ) ) ;
#6576 = CARTESIAN_POINT ( 'NONE',  ( -15.49999999999999112, 3.454999999999999627, -5.999999999999982236 ) ) ;
#6577 = DIRECTION ( 'NONE',  ( 1.000000000000000000, -0.000000000000000000, 0.000000000000000000 ) ) ;
#6578 = DIRECTION ( 'NONE',  ( -1.000000000000000000, 0.000000000000000000, 0.000000000000000000 ) ) ;
#6579 = VERTEX_POINT ( 'NONE', #669 ) ;
#6580 = ORIENTED_EDGE ( 'NONE', *, *, #4654, .F. ) ;
#6581 = FACE_OUTER_BOUND ( 'NONE', #3826, .T. ) ;
#6582 = LINE ( 'NONE', #7283, #1623 ) ;
#6583 = EDGE_CURVE ( 'NONE', #1550, #594, #2441, .T. ) ;
#6584 = LINE ( 'NONE', #4020, #3632 ) ;
#6585 = CARTESIAN_POINT ( 'NONE',  ( -19.06999999999999673, -2.987878387081802423, -6.020000000000021778 ) ) ;
#6586 = ORIENTED_EDGE ( 'NONE', *, *, #6405, .F. ) ;
#6587 = ORIENTED_EDGE ( 'NONE', *, *, #4710, .F. ) ;
#6588 = VERTEX_POINT ( 'NONE', #5516 ) ;
#6589 = CARTESIAN_POINT ( 'NONE',  ( -18.42999999999999616, -2.857994389717300798, -5.374208804743921597 ) ) ;
#6590 = CARTESIAN_POINT ( 'NONE',  ( -18.42999999999999616, 3.454999999999999627, -5.999999999999982236 ) ) ;
#6591 = EDGE_CURVE ( 'NONE', #5507, #226, #4255, .T. ) ;
#6592 = DIRECTION ( 'NONE',  ( 0.000000000000000000, 0.000000000000000000, -1.000000000000000000 ) ) ;
#6593 = DIRECTION ( 'NONE',  ( 0.000000000000000000, 0.000000000000000000, 1.000000000000000000 ) ) ;
#6594 = VECTOR ( 'NONE', #386, 1000.000000000000000 ) ;
#6595 = CONTEXT_DEPENDENT_SHAPE_REPRESENTATION ( #465, #6921 ) ;
#6596 = EDGE_LOOP ( 'NONE', ( #7779, #2810, #7687, #471 ) ) ;
#6597 = CYLINDRICAL_SURFACE ( 'NONE', #5615, 1.320000000000003393 ) ;
#6598 = ORIENTED_EDGE ( 'NONE', *, *, #5872, .F. ) ;
#6599 = ORIENTED_EDGE ( 'NONE', *, *, #5991, .F. ) ;
#6600 = DIRECTION ( 'NONE',  ( 0.000000000000000000, 1.946735479746240487E-16, -1.000000000000000000 ) ) ;
#6601 = EDGE_LOOP ( 'NONE', ( #1416, #4782, #1853, #1178 ) ) ;
#6602 = ADVANCED_FACE ( 'NONE', ( #1304 ), #2410, .F. ) ;
#6603 = DIRECTION ( 'NONE',  ( 1.000000000000000000, -0.000000000000000000, 0.000000000000000000 ) ) ;
#6604 = FACE_BOUND ( 'NONE', #6894, .T. ) ;
#6605 = CARTESIAN_POINT ( 'NONE',  ( 19.24999999999999645, 1.301022143997293101, -2.999999999999993339 ) ) ;
#6606 = DIRECTION ( 'NONE',  ( 0.000000000000000000, -1.000000000000000000, 0.000000000000000000 ) ) ;
#6607 = EDGE_CURVE ( 'NONE', #7109, #5327, #6674, .T. ) ;
#6608 = EDGE_LOOP ( 'NONE', ( #3851, #2261, #7102, #5904 ) ) ;
#6609 = AXIS2_PLACEMENT_3D ( 'NONE', #6175, #7376, #3051 ) ;
#6610 = CARTESIAN_POINT ( 'NONE',  ( 0.000000000000000000, 0.4000000000000000222, -5.999999999999982236 ) ) ;
#6611 = ADVANCED_FACE ( 'NONE', ( #4323 ), #1338, .F. ) ;
#6612 = FACE_OUTER_BOUND ( 'NONE', #1667, .T. ) ;
#6613 = DIRECTION ( 'NONE',  ( -1.000000000000000000, 0.000000000000000000, -3.469446951953614978E-15 ) ) ;
#6614 = EDGE_CURVE ( 'NONE', #2514, #751, #1818, .T. ) ;
#6615 = VECTOR ( 'NONE', #3592, 1000.000000000000000 ) ;
#6616 = CARTESIAN_POINT ( 'NONE',  ( -6.999999999999992006, 6.100000000000000533, -5.999999999999982236 ) ) ;
#6617 = ORIENTED_EDGE ( 'NONE', *, *, #4457, .T. ) ;
#6618 = DIRECTION ( 'NONE',  ( 0.000000000000000000, 0.000000000000000000, -1.000000000000000000 ) ) ;
#6619 = FACE_OUTER_BOUND ( 'NONE', #1823, .T. ) ;
#6620 = DIRECTION ( 'NONE',  ( -0.000000000000000000, -0.000000000000000000, 1.000000000000000000 ) ) ;
#6621 = FACE_OUTER_BOUND ( 'NONE', #4390, .T. ) ;
#6622 = ORIENTED_EDGE ( 'NONE', *, *, #4931, .T. ) ;
#6623 = VECTOR ( 'NONE', #6301, 1000.000000000000227 ) ;
#6624 = ORIENTED_EDGE ( 'NONE', *, *, #3900, .F. ) ;
#6625 = VECTOR ( 'NONE', #6292, 1000.000000000000000 ) ;
#6626 =( REPRESENTATION_RELATIONSHIP ('NONE','NONE', #1840, #6686 ) REPRESENTATION_RELATIONSHIP_WITH_TRANSFORMATION ( #7639 )SHAPE_REPRESENTATION_RELATIONSHIP( ) );
#6627 = ORIENTED_EDGE ( 'NONE', *, *, #1223, .T. ) ;
#6628 = LINE ( 'NONE', #5354, #7331 ) ;
#6629 = CARTESIAN_POINT ( 'NONE',  ( -18.42999999999999616, 2.774999999999997247, -5.380000000000021210 ) ) ;
#6630 = AXIS2_PLACEMENT_3D ( 'NONE', #4414, #237, #882 ) ;
#6631 = CARTESIAN_POINT ( 'NONE',  ( -18.42999999999999616, 3.454999999999999627, -9.400000000000000355 ) ) ;
#6632 = FACE_OUTER_BOUND ( 'NONE', #2284, .T. ) ;
#6633 = VERTEX_POINT ( 'NONE', #3107 ) ;
#6634 = FACE_OUTER_BOUND ( 'NONE', #3677, .T. ) ;
#6635 = VERTEX_POINT ( 'NONE', #7325 ) ;
#6636 = ORIENTED_EDGE ( 'NONE', *, *, #6553, .T. ) ;
#6637 = VECTOR ( 'NONE', #4444, 1000.000000000000000 ) ;
#6638 = ORIENTED_EDGE ( 'NONE', *, *, #3566, .F. ) ;
#6639 = EDGE_CURVE ( 'NONE', #5164, #3064, #65, .T. ) ;
#6640 = DIRECTION ( 'NONE',  ( 0.000000000000000000, 0.000000000000000000, -1.000000000000000000 ) ) ;
#6641 = LINE ( 'NONE', #4788, #854 ) ;
#6642 = LINE ( 'NONE', #7730, #1024 ) ;
#6643 = AXIS2_PLACEMENT_3D ( 'NONE', #6585, #7630, #1695 ) ;
#6644 = CARTESIAN_POINT ( 'NONE',  ( -19.06999999999999673, -2.857994389717302575, -5.374208804743922485 ) ) ;
#6645 = ORIENTED_EDGE ( 'NONE', *, *, #384, .F. ) ;
#6646 = VECTOR ( 'NONE', #2650, 1000.000000000000000 ) ;
#6647 = EDGE_CURVE ( 'NONE', #5998, #6119, #6777, .T. ) ;
#6648 = AXIS2_PLACEMENT_3D ( 'NONE', #1858, #6680, #2170 ) ;
#6649 = ORIENTED_EDGE ( 'NONE', *, *, #2587, .T. ) ;
#6650 = EDGE_CURVE ( 'NONE', #5456, #2713, #3772, .T. ) ;
#6651 = CARTESIAN_POINT ( 'NONE',  ( 0.000000000000000000, 0.4000000000000000222, 0.000000000000000000 ) ) ;
#6652 = PLANE ( 'NONE',  #5119 ) ;
#6653 = DIRECTION ( 'NONE',  ( -3.469446951953614978E-15, 0.000000000000000000, 1.000000000000000000 ) ) ;
#6654 = DIRECTION ( 'NONE',  ( -0.000000000000000000, 0.000000000000000000, 1.000000000000000000 ) ) ;
#6655 = LINE ( 'NONE', #3646, #1624 ) ;
#6656 = ORIENTED_EDGE ( 'NONE', *, *, #6214, .F. ) ;
#6657 = VECTOR ( 'NONE', #5085, 1000.000000000000000 ) ;
#6658 = ADVANCED_FACE ( 'NONE', ( #3623 ), #6049, .F. ) ;
#6659 = EDGE_CURVE ( 'NONE', #4813, #3246, #5438, .T. ) ;
#6660 = EDGE_CURVE ( 'NONE', #2157, #311, #749, .T. ) ;
#6661 = FACE_OUTER_BOUND ( 'NONE', #5440, .T. ) ;
#6662 = LINE ( 'NONE', #1265, #362 ) ;
#6663 = VECTOR ( 'NONE', #6346, 1000.000000000000000 ) ;
#6664 = CARTESIAN_POINT ( 'NONE',  ( 17.80000000000000426, 5.275000000000007461, -3.699999999999995737 ) ) ;
#6665 = AXIS2_PLACEMENT_3D ( 'NONE', #5918, #1031, #2908 ) ;
#6666 = VECTOR ( 'NONE', #6966, 1000.000000000000000 ) ;
#6667 = CARTESIAN_POINT ( 'NONE',  ( 19.14999999999998792, 6.100000000000000533, -0.6999999999999879652 ) ) ;
#6668 = ORIENTED_EDGE ( 'NONE', *, *, #5804, .F. ) ;
#6669 = ORIENTED_EDGE ( 'NONE', *, *, #6260, .F. ) ;
#6670 = AXIS2_PLACEMENT_3D ( 'NONE', #7504, #295, #334 ) ;
#6671 = VECTOR ( 'NONE', #6345, 1000.000000000000000 ) ;
#6672 = CARTESIAN_POINT ( 'NONE',  ( -18.99314817971768932, 3.531851820282310594, 4.435115294663130925 ) ) ;
#6673 = DIRECTION ( 'NONE',  ( -0.000000000000000000, 1.000000000000000000, -0.000000000000000000 ) ) ;
#6674 = LINE ( 'NONE', #4919, #738 ) ;
#6675 = FACE_OUTER_BOUND ( 'NONE', #2149, .T. ) ;
#6676 = ORIENTED_EDGE ( 'NONE', *, *, #710, .T. ) ;
#6677 = PLANE ( 'NONE',  #4611 ) ;
#6678 = EDGE_LOOP ( 'NONE', ( #4607, #6998, #5585, #4618 ) ) ;
#6679 = VERTEX_POINT ( 'NONE', #1886 ) ;
#6680 = DIRECTION ( 'NONE',  ( -1.000000000000000000, 0.000000000000000000, 0.000000000000000000 ) ) ;
#6681 = CARTESIAN_POINT ( 'NONE',  ( -4.499999999999993783, 6.100000000000000533, -5.999999999999982236 ) ) ;
#6682 = FACE_OUTER_BOUND ( 'NONE', #5157, .T. ) ;
#6683 = FACE_OUTER_BOUND ( 'NONE', #2923, .T. ) ;
#6684 = ADVANCED_FACE ( 'NONE', ( #3145 ), #1955, .F. ) ;
#6685 = VERTEX_POINT ( 'NONE', #5674 ) ;
#6686 = SHAPE_REPRESENTATION ( 'pin^SxB-XH-A ass', ( #7741 ), #4608 ) ;
#6687 = VERTEX_POINT ( 'NONE', #5759 ) ;
#6688 = DIRECTION ( 'NONE',  ( -0.000000000000000000, 1.000000000000000000, -0.000000000000000000 ) ) ;
#6689 = CARTESIAN_POINT ( 'NONE',  ( -3.429999999999995719, 3.454999999999999627, -9.400000000000000355 ) ) ;
#6690 = DIRECTION ( 'NONE',  ( 0.000000000000000000, 0.3735499670562323349, -0.9276100592987809312 ) ) ;
#6691 = DIRECTION ( 'NONE',  ( -0.000000000000000000, 1.000000000000000000, -0.000000000000000000 ) ) ;
#6692 = DIRECTION ( 'NONE',  ( 0.000000000000000000, -0.000000000000000000, -1.000000000000000000 ) ) ;
#6693 = EDGE_CURVE ( 'NONE', #2853, #4969, #1533, .T. ) ;
#6694 = ORIENTED_EDGE ( 'NONE', *, *, #2975, .F. ) ;
#6695 = DIRECTION ( 'NONE',  ( 0.000000000000000000, 0.000000000000000000, 1.000000000000000000 ) ) ;
#6696 = PLANE ( 'NONE',  #6542 ) ;
#6697 = EDGE_CURVE ( 'NONE', #4969, #144, #6309, .T. ) ;
#6698 = LINE ( 'NONE', #7319, #7051 ) ;
#6699 = EDGE_LOOP ( 'NONE', ( #2086, #7517, #6805, #3938 ) ) ;
#6700 = LINE ( 'NONE', #2546, #7361 ) ;
#6701 = EDGE_CURVE ( 'NONE', #4941, #7624, #6857, .T. ) ;
#6702 = ORIENTED_EDGE ( 'NONE', *, *, #4654, .T. ) ;
#6703 = FACE_OUTER_BOUND ( 'NONE', #5454, .T. ) ;
#6704 = EDGE_CURVE ( 'NONE', #2933, #7561, #2709, .T. ) ;
#6705 = PLANE ( 'NONE',  #7781 ) ;
#6706 = CARTESIAN_POINT ( 'NONE',  ( -18.42999999999999616, 4.094999999999999751, -4.700000000000017053 ) ) ;
#6707 = EDGE_CURVE ( 'NONE', #2213, #900, #5106, .T. ) ;
#6708 = CONTEXT_DEPENDENT_SHAPE_REPRESENTATION ( #2139, #4025 ) ;
#6709 = ORIENTED_EDGE ( 'NONE', *, *, #3544, .T. ) ;
#6710 = FACE_OUTER_BOUND ( 'NONE', #1669, .T. ) ;
#6711 = VERTEX_POINT ( 'NONE', #2122 ) ;
#6712 = ORIENTED_EDGE ( 'NONE', *, *, #2357, .F. ) ;
#6713 = VECTOR ( 'NONE', #898, 1000.000000000000000 ) ;
#6714 = DIRECTION ( 'NONE',  ( -0.000000000000000000, 1.000000000000000000, 1.404634393503488270E-16 ) ) ;
#6715 = PLANE ( 'NONE',  #7775 ) ;
#6716 = CARTESIAN_POINT ( 'NONE',  ( 15.93000000000000682, 3.454999999999999627, -4.700000000000000178 ) ) ;
#6717 = SURFACE_STYLE_FILL_AREA ( #114 ) ;
#6718 = DIRECTION ( 'NONE',  ( 0.000000000000000000, 1.000000000000000000, 0.000000000000000000 ) ) ;
#6719 = VECTOR ( 'NONE', #2369, 1000.000000000000000 ) ;
#6720 = ORIENTED_EDGE ( 'NONE', *, *, #6954, .T. ) ;
#6721 = ORIENTED_EDGE ( 'NONE', *, *, #6168, .T. ) ;
#6722 = FACE_OUTER_BOUND ( 'NONE', #7641, .T. ) ;
#6723 = CARTESIAN_POINT ( 'NONE',  ( 18.54999999999999716, 5.275000000000007461, -3.699999999999993960 ) ) ;
#6724 = DIRECTION ( 'NONE',  ( -0.000000000000000000, -1.000000000000000000, -0.000000000000000000 ) ) ;
#6725 = DIRECTION ( 'NONE',  ( 0.000000000000000000, 1.000000000000000000, 0.000000000000000000 ) ) ;
#6726 = LINE ( 'NONE', #6879, #4132 ) ;
#6727 = VERTEX_POINT ( 'NONE', #304 ) ;
#6728 = VECTOR ( 'NONE', #4164, 1000.000000000000000 ) ;
#6729 = ADVANCED_FACE ( 'NONE', ( #4441 ), #1451, .T. ) ;
#6730 = LINE ( 'NONE', #7384, #4066 ) ;
#6731 = VECTOR ( 'NONE', #680, 1000.000000000000000 ) ;
#6732 = LINE ( 'NONE', #3763, #6036 ) ;
#6733 = LINE ( 'NONE', #1329, #1992 ) ;
#6734 = ORIENTED_EDGE ( 'NONE', *, *, #3737, .T. ) ;
#6735 = LINE ( 'NONE', #336, #2575 ) ;
#6736 = EDGE_LOOP ( 'NONE', ( #5687, #6407, #1536, #2457 ) ) ;
#6737 = ADVANCED_FACE ( 'NONE', ( #905 ), #6388, .F. ) ;
#6738 = LINE ( 'NONE', #859, #2178 ) ;
#6739 = PLANE ( 'NONE',  #2533 ) ;
#6740 = ADVANCED_FACE ( 'NONE', ( #4404 ), #260, .F. ) ;
#6741 = CARTESIAN_POINT ( 'NONE',  ( -21.19999999999999929, 6.100000000000000533, 0.000000000000000000 ) ) ;
#6742 = LINE ( 'NONE', #4256, #6856 ) ;
#6743 = ORIENTED_EDGE ( 'NONE', *, *, #5688, .F. ) ;
#6744 = DIRECTION ( 'NONE',  ( 0.000000000000000000, -0.9276100592987797100, 0.3735499670562350549 ) ) ;
#6745 = EDGE_LOOP ( 'NONE', ( #1351, #3001, #2, #3910 ) ) ;
#6746 = ORIENTED_EDGE ( 'NONE', *, *, #7607, .T. ) ;
#6747 = ORIENTED_EDGE ( 'NONE', *, *, #1857, .T. ) ;
#6748 = ADVANCED_FACE ( 'NONE', ( #6819 ), #1412, .F. ) ;
#6749 = CARTESIAN_POINT ( 'NONE',  ( -19.06999999999999673, -2.987878387081802423, -6.020000000000021778 ) ) ;
#6750 = CARTESIAN_POINT ( 'NONE',  ( -19.24999999999999645, 6.100000000000000533, -0.9309401076758534455 ) ) ;
#6751 = PLANE ( 'NONE',  #3122 ) ;
#6752 = EDGE_LOOP ( 'NONE', ( #1708, #4641, #5409, #5275 ) ) ;
#6753 = CARTESIAN_POINT ( 'NONE',  ( -16.93856437002309079, 1.963564370023118677, 8.743949651464365758 ) ) ;
#6754 = ORIENTED_EDGE ( 'NONE', *, *, #5680, .F. ) ;
#6755 = FACE_OUTER_BOUND ( 'NONE', #5880, .T. ) ;
#6756 = VECTOR ( 'NONE', #5964, 1000.000000000000000 ) ;
#6757 = DIRECTION ( 'NONE',  ( 0.000000000000000000, -1.000000000000000000, 0.000000000000000000 ) ) ;
#6758 = FACE_OUTER_BOUND ( 'NONE', #5601, .T. ) ;
#6759 = CARTESIAN_POINT ( 'NONE',  ( 8.000000000000007105, 0.3999999999999999112, -5.999999999999982236 ) ) ;
#6760 = FACE_OUTER_BOUND ( 'NONE', #3150, .T. ) ;
#6761 = AXIS2_PLACEMENT_3D ( 'NONE', #4240, #573, #1803 ) ;
#6762 = VERTEX_POINT ( 'NONE', #7430 ) ;
#6763 = VECTOR ( 'NONE', #1647, 1000.000000000000000 ) ;
#6764 = CARTESIAN_POINT ( 'NONE',  ( -9.069999999999996732, 0.000000000000000000, -5.999999999999982236 ) ) ;
#6765 = CARTESIAN_POINT ( 'NONE',  ( 21.19999999999999929, 6.100000000000000533, -6.999999999999982236 ) ) ;
#6766 = VECTOR ( 'NONE', #5908, 1000.000000000000000 ) ;
#6767 = DIRECTION ( 'NONE',  ( -0.000000000000000000, -0.000000000000000000, 1.000000000000000000 ) ) ;
#6768 = VECTOR ( 'NONE', #525, 1000.000000000000000 ) ;
#6769 = DIRECTION ( 'NONE',  ( -0.000000000000000000, -1.000000000000000000, 0.000000000000000000 ) ) ;
#6770 = EDGE_CURVE ( 'NONE', #3936, #5640, #4528, .T. ) ;
#6771 = VERTEX_POINT ( 'NONE', #4992 ) ;
#6772 = ORIENTED_EDGE ( 'NONE', *, *, #7608, .T. ) ;
#6773 = CARTESIAN_POINT ( 'NONE',  ( -19.06999999999999673, -2.256834363362278939, -5.132120757304894809 ) ) ;
#6774 = VECTOR ( 'NONE', #7258, 1000.000000000000000 ) ;
#6775 = DIRECTION ( 'NONE',  ( -0.000000000000000000, 1.000000000000000000, -0.000000000000000000 ) ) ;
#6776 = VECTOR ( 'NONE', #4113, 1000.000000000000000 ) ;
#6777 = LINE ( 'NONE', #103, #7042 ) ;
#6778 = CARTESIAN_POINT ( 'NONE',  ( -0.9299999999999932765, 3.454999999999999627, -4.700000000000000178 ) ) ;
#6779 = ORIENTED_EDGE ( 'NONE', *, *, #6639, .T. ) ;
#6780 = PLANE ( 'NONE',  #7757 ) ;
#6781 = EDGE_CURVE ( 'NONE', #1052, #3936, #3805, .T. ) ;
#6782 = ORIENTED_EDGE ( 'NONE', *, *, #5983, .F. ) ;
#6783 = VECTOR ( 'NONE', #3573, 1000.000000000000000 ) ;
#6784 = PRODUCT_DEFINITION ( 'UNKNOWN', '', #1593, #622 ) ;
#6785 = VECTOR ( 'NONE', #2255, 1000.000000000000000 ) ;
#6786 = EDGE_LOOP ( 'NONE', ( #4509, #2811, #2905, #6791 ) ) ;
#6787 = CARTESIAN_POINT ( 'NONE',  ( -12.99999999999999112, 6.100000000000000533, -5.999999999999982236 ) ) ;
#6788 = VECTOR ( 'NONE', #3321, 1000.000000000000000 ) ;
#6789 = LINE ( 'NONE', #3082, #1616 ) ;
#6790 = LINE ( 'NONE', #7267, #3862 ) ;
#6791 = ORIENTED_EDGE ( 'NONE', *, *, #3697, .F. ) ;
#6792 = PRESENTATION_STYLE_ASSIGNMENT (( #4374 ) ) ;
#6793 = CARTESIAN_POINT ( 'NONE',  ( -18.42999999999999616, -2.887878387081802334, -5.380000000000021210 ) ) ;
#6794 = ADVANCED_FACE ( 'NONE', ( #2074 ), #3263, .F. ) ;
#6795 = VERTEX_POINT ( 'NONE', #3931 ) ;
#6796 = EDGE_CURVE ( 'NONE', #5893, #6348, #2631, .T. ) ;
#6797 = EDGE_CURVE ( 'NONE', #4000, #3112, #6901, .T. ) ;
#6798 = ORIENTED_EDGE ( 'NONE', *, *, #2688, .T. ) ;
#6799 = LINE ( 'NONE', #6061, #5203 ) ;
#6800 = FACE_OUTER_BOUND ( 'NONE', #2141, .T. ) ;
#6801 = DIRECTION ( 'NONE',  ( 1.000000000000000000, 0.000000000000000000, 0.000000000000000000 ) ) ;
#6802 = DIRECTION ( 'NONE',  ( 0.000000000000000000, -1.000000000000000000, 2.843808977011159210E-15 ) ) ;
#6803 = DIRECTION ( 'NONE',  ( 0.000000000000000000, 0.000000000000000000, -1.000000000000000000 ) ) ;
#6804 = EDGE_CURVE ( 'NONE', #3684, #3860, #1495, .T. ) ;
#6805 = ORIENTED_EDGE ( 'NONE', *, *, #5768, .F. ) ;
#6806 = EDGE_CURVE ( 'NONE', #7436, #887, #1184, .T. ) ;
#6807 = EDGE_LOOP ( 'NONE', ( #4479, #3896, #3191, #6011 ) ) ;
#6808 = AXIS2_PLACEMENT_3D ( 'NONE', #2182, #4462, #1470 ) ;
#6809 = EDGE_LOOP ( 'NONE', ( #6562, #996, #1455, #6031 ) ) ;
#6810 = DIRECTION ( 'NONE',  ( -0.000000000000000000, -1.000000000000000000, -0.000000000000000000 ) ) ;
#6811 = DIRECTION ( 'NONE',  ( -3.469446951952803871E-14, 0.000000000000000000, 1.000000000000000000 ) ) ;
#6812 = DIRECTION ( 'NONE',  ( -0.000000000000000000, 1.000000000000000000, -0.000000000000000000 ) ) ;
#6813 = DIRECTION ( 'NONE',  ( 0.000000000000000000, 1.000000000000000000, 0.000000000000000000 ) ) ;
#6814 = DIRECTION ( 'NONE',  ( 0.000000000000000000, 0.3735499670562298369, -0.9276100592987818194 ) ) ;
#6815 = ORIENTED_EDGE ( 'NONE', *, *, #1532, .T. ) ;
#6816 = ORIENTED_EDGE ( 'NONE', *, *, #5334, .T. ) ;
#6817 = LINE ( 'NONE', #780, #3437 ) ;
#6818 = CARTESIAN_POINT ( 'NONE',  ( 14.07000000000000561, 3.454999999999999627, -4.700000000000000178 ) ) ;
#6819 = FACE_OUTER_BOUND ( 'NONE', #6596, .T. ) ;
#6820 = LINE ( 'NONE', #2901, #7172 ) ;
#6821 = VERTEX_POINT ( 'NONE', #1107 ) ;
#6822 = DIRECTION ( 'NONE',  ( 0.000000000000000000, 0.000000000000000000, -1.000000000000000000 ) ) ;
#6823 = ORIENTED_EDGE ( 'NONE', *, *, #2736, .T. ) ;
#6824 = ORIENTED_EDGE ( 'NONE', *, *, #1636, .T. ) ;
#6825 = EDGE_LOOP ( 'NONE', ( #425, #2373, #7329, #4996 ) ) ;
#6826 = ADVANCED_FACE ( 'NONE', ( #4605, #1656 ), #5224, .F. ) ;
#6827 = CARTESIAN_POINT ( 'NONE',  ( 21.19999999999999929, 5.275000000000011013, 1.925929944387235853E-31 ) ) ;
#6828 = DIRECTION ( 'NONE',  ( -1.000000000000000000, 0.000000000000000000, 0.000000000000000000 ) ) ;
#6829 = CARTESIAN_POINT ( 'NONE',  ( 20.29999999999999716, 0.4000000000000000222, -6.999999999999973355 ) ) ;
#6830 =( LENGTH_UNIT ( ) NAMED_UNIT ( * ) SI_UNIT ( .MILLI., .METRE. ) );
#6831 = FACE_OUTER_BOUND ( 'NONE', #677, .T. ) ;
#6832 = VERTEX_POINT ( 'NONE', #2318 ) ;
#6833 = CARTESIAN_POINT ( 'NONE',  ( -5.499999999999991118, 0.4000000000000000222, -5.999999999999982236 ) ) ;
#6834 = EDGE_CURVE ( 'NONE', #7411, #2933, #4131, .T. ) ;
#6835 = CARTESIAN_POINT ( 'NONE',  ( 0.5000000000000073275, 6.100000000000000533, -5.999999999999982236 ) ) ;
#6836 = PLANE ( 'NONE',  #3499 ) ;
#6837 = FACE_OUTER_BOUND ( 'NONE', #2770, .T. ) ;
#6838 = LINE ( 'NONE', #3869, #3591 ) ;
#6839 = CYLINDRICAL_SURFACE ( 'NONE', #2617, 0.6800000000000034905 ) ;
#6840 = VECTOR ( 'NONE', #2629, 1000.000000000000000 ) ;
#6841 = VERTEX_POINT ( 'NONE', #4647 ) ;
#6842 = ORIENTED_EDGE ( 'NONE', *, *, #3158, .F. ) ;
#6843 = ORIENTED_EDGE ( 'NONE', *, *, #5500, .F. ) ;
#6844 = EDGE_CURVE ( 'NONE', #116, #1671, #4171, .T. ) ;
#6845 = EDGE_CURVE ( 'NONE', #4749, #6295, #7749, .T. ) ;
#6846 = CARTESIAN_POINT ( 'NONE',  ( 0.9300000000000037126, 3.454999999999999627, -4.700000000000000178 ) ) ;
#6847 = CARTESIAN_POINT ( 'NONE',  ( 3.000000000000006217, 0.000000000000000000, -5.999999999999982236 ) ) ;
#6848 = PLANE ( 'NONE',  #2756 ) ;
#6849 = CARTESIAN_POINT ( 'NONE',  ( 4.070000000000003837, 0.000000000000000000, -5.999999999999982236 ) ) ;
#6850 = CARTESIAN_POINT ( 'NONE',  ( -19.06999999999999673, -2.887878387081802334, -6.020000000000020890 ) ) ;
#6851 = ORIENTED_EDGE ( 'NONE', *, *, #4072, .F. ) ;
#6852 = ORIENTED_EDGE ( 'NONE', *, *, #4507, .F. ) ;
#6853 = AXIS2_PLACEMENT_3D ( 'NONE', #6651, #3642, #3755 ) ;
#6854 = ORIENTED_EDGE ( 'NONE', *, *, #2456, .T. ) ;
#6855 = DIRECTION ( 'NONE',  ( 0.000000000000000000, 0.3735499670562199004, -0.9276100592987858162 ) ) ;
#6856 = VECTOR ( 'NONE', #3733, 1000.000000000000114 ) ;
#6857 = LINE ( 'NONE', #7515, #350 ) ;
#6858 = LINE ( 'NONE', #3846, #1047 ) ;
#6859 = ORIENTED_EDGE ( 'NONE', *, *, #3317, .F. ) ;
#6860 = LINE ( 'NONE', #225, #4112 ) ;
#6861 = ORIENTED_EDGE ( 'NONE', *, *, #6197, .T. ) ;
#6862 = EDGE_LOOP ( 'NONE', ( #598, #899, #3120, #7650 ) ) ;
#6863 = ORIENTED_EDGE ( 'NONE', *, *, #559, .T. ) ;
#6864 = FACE_OUTER_BOUND ( 'NONE', #6308, .T. ) ;
#6865 = VECTOR ( 'NONE', #283, 1000.000000000000000 ) ;
#6866 = PLANE ( 'NONE',  #4997 ) ;
#6867 = FACE_OUTER_BOUND ( 'NONE', #2763, .T. ) ;
#6868 = DIRECTION ( 'NONE',  ( 1.000000000000000000, 0.000000000000000000, 0.000000000000000000 ) ) ;
#6869 = DIRECTION ( 'NONE',  ( -0.000000000000000000, 1.000000000000000000, -0.000000000000000000 ) ) ;
#6870 = ORIENTED_EDGE ( 'NONE', *, *, #7752, .F. ) ;
#6871 = EDGE_CURVE ( 'NONE', #6771, #5327, #7591, .T. ) ;
#6872 = VECTOR ( 'NONE', #2651, 1000.000000000000000 ) ;
#6873 = CARTESIAN_POINT ( 'NONE',  ( 2.000000000000008882, 0.000000000000000000, -5.999999999999982236 ) ) ;
#6874 = CARTESIAN_POINT ( 'NONE',  ( -5.929999999999994387, 4.094999999999999751, -5.999999999999982236 ) ) ;
#6875 = ORIENTED_EDGE ( 'NONE', *, *, #2821, .F. ) ;
#6876 = CARTESIAN_POINT ( 'NONE',  ( -1.569999999999994955, 3.454999999999999627, -5.999999999999982236 ) ) ;
#6877 = CARTESIAN_POINT ( 'NONE',  ( 14.07000000000000561, 3.454999999999999627, -9.400000000000000355 ) ) ;
#6878 = DIRECTION ( 'NONE',  ( 0.000000000000000000, -0.000000000000000000, 1.000000000000000000 ) ) ;
#6879 = CARTESIAN_POINT ( 'NONE',  ( 20.35000000000000142, 5.275000000000007461, 0.000000000000000000 ) ) ;
#6880 = DIRECTION ( 'NONE',  ( -0.000000000000000000, 1.000000000000000000, -0.000000000000000000 ) ) ;
#6881 = VERTEX_POINT ( 'NONE', #3500 ) ;
#6882 = ORIENTED_EDGE ( 'NONE', *, *, #5895, .T. ) ;
#6883 = EDGE_CURVE ( 'NONE', #2585, #437, #4261, .T. ) ;
#6884 = ADVANCED_FACE ( 'NONE', ( #4766 ), #6506, .T. ) ;
#6885 = VECTOR ( 'NONE', #2950, 999.9999999999998863 ) ;
#6886 = DIRECTION ( 'NONE',  ( 1.000000000000000000, 0.000000000000000000, 0.000000000000000000 ) ) ;
#6887 = LINE ( 'NONE', #4005, #339 ) ;
#6888 = DIRECTION ( 'NONE',  ( -0.000000000000000000, 2.843808977011159210E-15, 1.000000000000000000 ) ) ;
#6889 = LINE ( 'NONE', #3292, #7402 ) ;
#6890 = CARTESIAN_POINT ( 'NONE',  ( 0.000000000000000000, 3.945000000000000728, 3.299999999999982503 ) ) ;
#6891 = ORIENTED_EDGE ( 'NONE', *, *, #5093, .T. ) ;
#6892 = EDGE_CURVE ( 'NONE', #1788, #3586, #388, .T. ) ;
#6893 = EDGE_CURVE ( 'NONE', #5182, #2303, #6584, .T. ) ;
#6894 = EDGE_LOOP ( 'NONE', ( #5261, #907, #438, #6499 ) ) ;
#6895 = VECTOR ( 'NONE', #4635, 1000.000000000000000 ) ;
#6896 = ORIENTED_EDGE ( 'NONE', *, *, #5334, .F. ) ;
#6897 = VERTEX_POINT ( 'NONE', #4049 ) ;
#6898 = VECTOR ( 'NONE', #2797, 1000.000000000000000 ) ;
#6899 = CARTESIAN_POINT ( 'NONE',  ( 20.29999999999999716, 2.549999999999999822, -11.49999999999999645 ) ) ;
#6900 =( LENGTH_UNIT ( ) NAMED_UNIT ( * ) SI_UNIT ( .MILLI., .METRE. ) );
#6901 = LINE ( 'NONE', #3345, #1750 ) ;
#6902 = DIRECTION ( 'NONE',  ( 0.000000000000000000, 0.000000000000000000, 1.000000000000000000 ) ) ;
#6903 = ORIENTED_EDGE ( 'NONE', *, *, #3840, .T. ) ;
#6904 = CARTESIAN_POINT ( 'NONE',  ( 16.57000000000000739, 4.094999999999999751, -9.400000000000000355 ) ) ;
#6905 = EDGE_LOOP ( 'NONE', ( #3569, #1503, #7026, #1941 ) ) ;
#6906 = EDGE_CURVE ( 'NONE', #6543, #7228, #5953, .T. ) ;
#6907 = ORIENTED_EDGE ( 'NONE', *, *, #6419, .T. ) ;
#6908 = VECTOR ( 'NONE', #6994, 1000.000000000000000 ) ;
#6909 = VECTOR ( 'NONE', #7688, 1000.000000000000000 ) ;
#6910 = ORIENTED_EDGE ( 'NONE', *, *, #1867, .F. ) ;
#6911 = PLANE ( 'NONE',  #2484 ) ;
#6912 = CARTESIAN_POINT ( 'NONE',  ( -16.99999999999999289, 0.3999999999999999112, -5.999999999999982236 ) ) ;
#6913 = DIRECTION ( 'NONE',  ( 0.000000000000000000, -1.000000000000000000, 0.000000000000000000 ) ) ;
#6914 = AXIS2_PLACEMENT_3D ( 'NONE', #3510, #1078, #6592 ) ;
#6915 = LINE ( 'NONE', #7567, #1370 ) ;
#6916 = ORIENTED_EDGE ( 'NONE', *, *, #6156, .F. ) ;
#6917 = VECTOR ( 'NONE', #3792, 1000.000000000000000 ) ;
#6918 = AXIS2_PLACEMENT_3D ( 'NONE', #5910, #2759, #4442 ) ;
#6919 = VECTOR ( 'NONE', #4161, 1000.000000000000227 ) ;
#6920 = DIRECTION ( 'NONE',  ( 0.000000000000000000, 1.946735479746240487E-16, -1.000000000000000000 ) ) ;
#6921 = PRODUCT_DEFINITION_SHAPE ( 'NONE', 'NONE',  #7800 ) ;
#6922 = LINE ( 'NONE', #241, #2566 ) ;
#6923 = VERTEX_POINT ( 'NONE', #544 ) ;
#6924 = EDGE_CURVE ( 'NONE', #490, #4406, #2253, .T. ) ;
#6925 = CARTESIAN_POINT ( 'NONE',  ( 21.19999999999999929, 4.575000000000019718, -3.100000000000001865 ) ) ;
#6926 = LINE ( 'NONE', #4035, #5287 ) ;
#6927 = DIRECTION ( 'NONE',  ( 1.000000000000000000, 0.000000000000000000, 0.000000000000000000 ) ) ;
#6928 = CARTESIAN_POINT ( 'NONE',  ( -14.50000000000001243, 0.4000000000000000222, -5.030698080332746254E-14 ) ) ;
#6929 = ORIENTED_EDGE ( 'NONE', *, *, #320, .F. ) ;
#6930 = ORIENTED_EDGE ( 'NONE', *, *, #579, .F. ) ;
#6931 = ORIENTED_EDGE ( 'NONE', *, *, #4763, .F. ) ;
#6932 = CARTESIAN_POINT ( 'NONE',  ( 20.29999999999999716, 5.148076211353326492, -6.999999999999987566 ) ) ;
#6933 = ADVANCED_FACE ( 'NONE', ( #7183 ), #2358, .F. ) ;
#6934 = CARTESIAN_POINT ( 'NONE',  ( -6.569999999999995843, 3.454999999999999627, -9.400000000000000355 ) ) ;
#6935 = CARTESIAN_POINT ( 'NONE',  ( 0.9300000000000037126, 4.094999999999999751, -5.999999999999982236 ) ) ;
#6936 = CARTESIAN_POINT ( 'NONE',  ( 19.07000000000000384, 3.454999999999999627, -4.700000000000000178 ) ) ;
#6937 = CARTESIAN_POINT ( 'NONE',  ( -19.06999999999999673, -2.017762384446295520, -5.725791195256118016 ) ) ;
#6938 = ORIENTED_EDGE ( 'NONE', *, *, #6296, .F. ) ;
#6939 = ORIENTED_EDGE ( 'NONE', *, *, #1114, .T. ) ;
#6940 = ORIENTED_EDGE ( 'NONE', *, *, #5794, .F. ) ;
#6941 = LINE ( 'NONE', #3343, #5056 ) ;
#6942 = EDGE_CURVE ( 'NONE', #6161, #7755, #459, .T. ) ;
#6943 = CARTESIAN_POINT ( 'NONE',  ( -18.91999999999999460, 3.945000000000000728, 3.299999999999982503 ) ) ;
#6944 = DIRECTION ( 'NONE',  ( -3.469446951953614978E-15, 0.000000000000000000, 1.000000000000000000 ) ) ;
#6945 = DIRECTION ( 'NONE',  ( 0.000000000000000000, 0.000000000000000000, 1.000000000000000000 ) ) ;
#6946 = EDGE_CURVE ( 'NONE', #7644, #491, #6043, .T. ) ;
#6947 = EDGE_CURVE ( 'NONE', #3894, #1448, #7100, .T. ) ;
#6948 = ORIENTED_EDGE ( 'NONE', *, *, #4092, .T. ) ;
#6949 = ORIENTED_EDGE ( 'NONE', *, *, #7643, .T. ) ;
#6950 = LINE ( 'NONE', #1537, #3844 ) ;
#6951 = ORIENTED_EDGE ( 'NONE', *, *, #1200, .F. ) ;
#6952 = ORIENTED_EDGE ( 'NONE', *, *, #1009, .F. ) ;
#6953 = ORIENTED_EDGE ( 'NONE', *, *, #4820, .T. ) ;
#6954 = EDGE_CURVE ( 'NONE', #1761, #7365, #2949, .T. ) ;
#6955 = EDGE_CURVE ( 'NONE', #2682, #3019, #6698, .T. ) ;
#6956 = CARTESIAN_POINT ( 'NONE',  ( -8.429999999999994387, 0.000000000000000000, -5.999999999999982236 ) ) ;
#6957 = LINE ( 'NONE', #2677, #3621 ) ;
#6958 = LINE ( 'NONE', #316, #88 ) ;
#6959 = LINE ( 'NONE', #4029, #3388 ) ;
#6960 = ORIENTED_EDGE ( 'NONE', *, *, #125, .F. ) ;
#6961 = PLANE ( 'NONE',  #2683 ) ;
#6962 = ORIENTED_EDGE ( 'NONE', *, *, #4448, .F. ) ;
#6963 = LINE ( 'NONE', #2806, #5513 ) ;
#6964 = CARTESIAN_POINT ( 'NONE',  ( -18.42999999999999616, 4.094999999999999751, 2.887878387081786791 ) ) ;
#6965 = CARTESIAN_POINT ( 'NONE',  ( -18.54999999999999361, 5.275000000000007461, -3.699999999999991296 ) ) ;
#6966 = DIRECTION ( 'NONE',  ( -0.000000000000000000, 1.000000000000000000, -0.000000000000000000 ) ) ;
#6967 = ORIENTED_EDGE ( 'NONE', *, *, #3330, .T. ) ;
#6968 = VERTEX_POINT ( 'NONE', #7249 ) ;
#6969 = LINE ( 'NONE', #2655, #7720 ) ;
#6970 = LINE ( 'NONE', #4041, #1969 ) ;
#6971 = LINE ( 'NONE', #5702, #3489 ) ;
#6972 = VECTOR ( 'NONE', #7188, 1000.000000000000000 ) ;
#6973 = CARTESIAN_POINT ( 'NONE',  ( -18.42999999999999616, -2.256834363362282048, -5.132120757304897474 ) ) ;
#6974 = DIRECTION ( 'NONE',  ( -1.000000000000000000, 0.000000000000000000, 0.000000000000000000 ) ) ;
#6975 = VERTEX_POINT ( 'NONE', #3030 ) ;
#6976 = VERTEX_POINT ( 'NONE', #1294 ) ;
#6977 = EDGE_CURVE ( 'NONE', #949, #1239, #5996, .T. ) ;
#6978 = AXIS2_PLACEMENT_3D ( 'NONE', #17, #2315, #7257 ) ;
#6979 = ORIENTED_EDGE ( 'NONE', *, *, #3941, .F. ) ;
#6980 = DIRECTION ( 'NONE',  ( 0.9396926207859087610, -0.3420201433256677692, -6.658227477999718172E-17 ) ) ;
#6981 = PLANE ( 'NONE',  #6287 ) ;
#6982 = DIRECTION ( 'NONE',  ( 0.000000000000000000, 0.000000000000000000, -1.000000000000000000 ) ) ;
#6983 = DIRECTION ( 'NONE',  ( 0.000000000000000000, 0.000000000000000000, 1.000000000000000000 ) ) ;
#6984 = ORIENTED_EDGE ( 'NONE', *, *, #2739, .F. ) ;
#6985 = DIRECTION ( 'NONE',  ( 0.000000000000000000, 0.000000000000000000, -1.000000000000000000 ) ) ;
#6986 = VERTEX_POINT ( 'NONE', #3691 ) ;
#6987 = ORIENTED_EDGE ( 'NONE', *, *, #4468, .F. ) ;
#6988 = VECTOR ( 'NONE', #5569, 1000.000000000000000 ) ;
#6989 = EDGE_CURVE ( 'NONE', #4329, #6186, #1844, .T. ) ;
#6990 = VECTOR ( 'NONE', #7326, 1000.000000000000000 ) ;
#6991 = DIRECTION ( 'NONE',  ( 1.000000000000000000, -0.000000000000000000, 0.000000000000000000 ) ) ;
#6992 = VECTOR ( 'NONE', #5733, 1000.000000000000000 ) ;
#6993 = LINE ( 'NONE', #3980, #3123 ) ;
#6994 = DIRECTION ( 'NONE',  ( -0.000000000000000000, 5.421010862427523403E-17, 1.000000000000000000 ) ) ;
#6995 = DIRECTION ( 'NONE',  ( 0.000000000000000000, 0.000000000000000000, 1.000000000000000000 ) ) ;
#6996 = ORIENTED_EDGE ( 'NONE', *, *, #1690, .F. ) ;
#6997 = DIRECTION ( 'NONE',  ( -1.000000000000000000, -0.000000000000000000, -0.000000000000000000 ) ) ;
#6998 = ORIENTED_EDGE ( 'NONE', *, *, #1541, .F. ) ;
#6999 = ORIENTED_EDGE ( 'NONE', *, *, #1603, .T. ) ;
#7000 = ADVANCED_FACE ( 'NONE', ( #4283 ), #6005, .F. ) ;
#7001 = LINE ( 'NONE', #2055, #6992 ) ;
#7002 = ORIENTED_EDGE ( 'NONE', *, *, #5381, .F. ) ;
#7003 = CARTESIAN_POINT ( 'NONE',  ( -18.42999999999999616, 2.774999999999997247, -6.020000000000020890 ) ) ;
#7004 = DIRECTION ( 'NONE',  ( -3.469446951953614978E-15, 0.000000000000000000, 1.000000000000000000 ) ) ;
#7005 = LINE ( 'NONE', #1471, #6625 ) ;
#7006 = LINE ( 'NONE', #5789, #5788 ) ;
#7007 = ORIENTED_EDGE ( 'NONE', *, *, #2578, .F. ) ;
#7008 = VECTOR ( 'NONE', #1407, 1000.000000000000000 ) ;
#7009 = VERTEX_POINT ( 'NONE', #3615 ) ;
#7010 = AXIS2_PLACEMENT_3D ( 'NONE', #1288, #730, #6802 ) ;
#7011 = LINE ( 'NONE', #4003, #5464 ) ;
#7012 = ADVANCED_FACE ( 'NONE', ( #565, #3014 ), #1206, .F. ) ;
#7013 = LINE ( 'NONE', #1022, #723 ) ;
#7014 = DIRECTION ( 'NONE',  ( -1.000000000000000000, -0.000000000000000000, -0.000000000000000000 ) ) ;
#7015 = DIRECTION ( 'NONE',  ( -3.469446951953614978E-15, 0.000000000000000000, 1.000000000000000000 ) ) ;
#7016 = FACE_OUTER_BOUND ( 'NONE', #100, .T. ) ;
#7017 = EDGE_LOOP ( 'NONE', ( #3976, #1634, #5252, #3381, #4740, #7309, #6636, #5244, #784, #2895, #4900, #3066, #6014, #2644, #5467, #876, #4316, #5193, #4845, #5848, #601, #1527, #3751, #1710, #6302, #2116, #4223, #2994, #5678, #7432, #4592, #7193, #2125, #523, #1588, #7041, #6439, #6987, #5225, #873, #7571, #4409, #6029, #4581, #15, #4541, #3089, #1497, #262, #6929, #6996, #3793, #2269, #5836, #2802, #4021, #5113, #7569, #3694, #3057, #3067, #6059, #4759, #3898, #5753, #1282, #2497, #172, #3640, #5595, #4398, #7734, #902, #5583, #7647, #7002, #4447, #2982, #3713, #1468, #1696, #2944, #3003, #7315, #546, #4399, #2868, #3986, #4650, #1914 ) ) ;
#7018 = AXIS2_PLACEMENT_3D ( 'NONE', #3668, #181, #6822 ) ;
#7019 = VERTEX_POINT ( 'NONE', #19 ) ;
#7020 = CARTESIAN_POINT ( 'NONE',  ( -3.429999999999995719, 4.094999999999999751, -4.700000000000000178 ) ) ;
#7021 = DIRECTION ( 'NONE',  ( 0.000000000000000000, 0.000000000000000000, -1.000000000000000000 ) ) ;
#7022 = VECTOR ( 'NONE', #5058, 1000.000000000000000 ) ;
#7023 = EDGE_CURVE ( 'NONE', #1709, #2529, #2402, .T. ) ;
#7024 = DIRECTION ( 'NONE',  ( -0.000000000000000000, 1.000000000000000000, -0.000000000000000000 ) ) ;
#7025 = LINE ( 'NONE', #5190, #2983 ) ;
#7026 = ORIENTED_EDGE ( 'NONE', *, *, #7199, .F. ) ;
#7027 = ORIENTED_EDGE ( 'NONE', *, *, #6156, .T. ) ;
#7028 = VECTOR ( 'NONE', #829, 1000.000000000000000 ) ;
#7029 = EDGE_CURVE ( 'NONE', #3586, #6390, #2433, .T. ) ;
#7030 = CARTESIAN_POINT ( 'NONE',  ( 17.80000000000000426, 5.275000000000007461, -3.699999999999995737 ) ) ;
#7031 = PLANE ( 'NONE',  #5453 ) ;
#7032 = VECTOR ( 'NONE', #5830, 1000.000000000000000 ) ;
#7033 =( REPRESENTATION_RELATIONSHIP ('NONE','NONE', #1840, #6686 ) REPRESENTATION_RELATIONSHIP_WITH_TRANSFORMATION ( #1630 )SHAPE_REPRESENTATION_RELATIONSHIP( ) );
#7034 = APPLICATION_PROTOCOL_DEFINITION ( 'draft international standard', 'automotive_design', 1998, #5828 ) ;
#7035 = ORIENTED_EDGE ( 'NONE', *, *, #4097, .T. ) ;
#7036 = LINE ( 'NONE', #1041, #590 ) ;
#7037 = PRODUCT_DEFINITION ( 'UNKNOWN', '', #4977, #942 ) ;
#7038 = EDGE_LOOP ( 'NONE', ( #1484, #2494, #180, #5720 ) ) ;
#7039 = VECTOR ( 'NONE', #5161, 1000.000000000000000 ) ;
#7040 = LINE ( 'NONE', #4786, #6615 ) ;
#7041 = ORIENTED_EDGE ( 'NONE', *, *, #2110, .F. ) ;
#7042 = VECTOR ( 'NONE', #1378, 1000.000000000000000 ) ;
#7043 = ADVANCED_FACE ( 'NONE', ( #4248 ), #696, .F. ) ;
#7044 = CARTESIAN_POINT ( 'NONE',  ( 1.570000000000005391, 3.454999999999999627, -5.999999999999982236 ) ) ;
#7045 = CARTESIAN_POINT ( 'NONE',  ( 21.19999999999999929, 6.100000000000000533, -6.999999999999982236 ) ) ;
#7046 = AXIS2_PLACEMENT_3D ( 'NONE', #4389, #4464, #6803 ) ;
#7047 = LINE ( 'NONE', #1091, #2749 ) ;
#7048 = EDGE_CURVE ( 'NONE', #3157, #6821, #2513, .T. ) ;
#7049 = ORIENTED_EDGE ( 'NONE', *, *, #6659, .T. ) ;
#7050 = ORIENTED_EDGE ( 'NONE', *, *, #2821, .T. ) ;
#7051 = VECTOR ( 'NONE', #5506, 1000.000000000000114 ) ;
#7052 = VECTOR ( 'NONE', #3598, 1000.000000000000000 ) ;
#7053 = DIRECTION ( 'NONE',  ( -0.000000000000000000, 1.000000000000000000, -0.000000000000000000 ) ) ;
#7054 = EDGE_CURVE ( 'NONE', #3297, #287, #4016, .T. ) ;
#7055 = DIRECTION ( 'NONE',  ( -3.469446951953614189E-15, -0.000000000000000000, 1.000000000000000000 ) ) ;
#7056 = DIRECTION ( 'NONE',  ( 0.000000000000000000, 0.000000000000000000, -1.000000000000000000 ) ) ;
#7057 = EDGE_CURVE ( 'NONE', #2514, #6436, #5546, .T. ) ;
#7058 = PRODUCT_DEFINITION_SHAPE ( 'NONE', 'NONE',  #1428 ) ;
#7059 = DIRECTION ( 'NONE',  ( 1.000000000000000000, 0.000000000000000000, -0.000000000000000000 ) ) ;
#7060 = DIRECTION ( 'NONE',  ( -1.000000000000000000, 0.000000000000000000, -3.469446951953614978E-15 ) ) ;
#7061 = ORIENTED_EDGE ( 'NONE', *, *, #7391, .F. ) ;
#7062 = ORIENTED_EDGE ( 'NONE', *, *, #1918, .T. ) ;
#7063 = LINE ( 'NONE', #5756, #2550 ) ;
#7064 = DIRECTION ( 'NONE',  ( 0.000000000000000000, 0.000000000000000000, 1.000000000000000000 ) ) ;
#7065 = CARTESIAN_POINT ( 'NONE',  ( 2.000000000000008882, 6.100000000000000533, -5.999999999999982236 ) ) ;
#7066 = ORIENTED_EDGE ( 'NONE', *, *, #5688, .T. ) ;
#7067 = DIRECTION ( 'NONE',  ( -0.000000000000000000, -1.000000000000000000, -0.000000000000000000 ) ) ;
#7068 = EDGE_LOOP ( 'NONE', ( #7178, #6709, #3949, #3194 ) ) ;
#7069 = EDGE_LOOP ( 'NONE', ( #3540, #3648, #2694, #2056 ) ) ;
#7070 = AXIS2_PLACEMENT_3D ( 'NONE', #6877, #2058, #5172 ) ;
#7071 = DIRECTION ( 'NONE',  ( 0.000000000000000000, 0.000000000000000000, -1.000000000000000000 ) ) ;
#7072 =( NAMED_UNIT ( * ) PLANE_ANGLE_UNIT ( ) SI_UNIT ( $, .RADIAN. ) );
#7073 = LINE ( 'NONE', #6476, #4889 ) ;
#7074 = CARTESIAN_POINT ( 'NONE',  ( -21.19999999999999929, 0.000000000000000000, 0.000000000000000000 ) ) ;
#7075 = PRODUCT_CONTEXT ( 'NONE', #5828, 'mechanical' ) ;
#7076 = ORIENTED_EDGE ( 'NONE', *, *, #7704, .T. ) ;
#7077 = PLANE ( 'NONE',  #5495 ) ;
#7078 = VERTEX_POINT ( 'NONE', #6070 ) ;
#7079 = ORIENTED_EDGE ( 'NONE', *, *, #3270, .T. ) ;
#7080 = EDGE_CURVE ( 'NONE', #1193, #6795, #6733, .T. ) ;
#7081 = DIRECTION ( 'NONE',  ( -1.000000000000000000, 0.000000000000000000, 0.000000000000000000 ) ) ;
#7082 = ORIENTED_EDGE ( 'NONE', *, *, #4901, .F. ) ;
#7083 = CARTESIAN_POINT ( 'NONE',  ( -2.999999999999992450, 4.094999999999999751, -5.999999999999982236 ) ) ;
#7084 = CARTESIAN_POINT ( 'NONE',  ( -19.06999999999999673, 3.455000000000000071, -4.700000000000017053 ) ) ;
#7085 = DIRECTION ( 'NONE',  ( 1.000000000000000000, 0.000000000000000000, -2.136358960562570493E-16 ) ) ;
#7086 = ORIENTED_EDGE ( 'NONE', *, *, #4287, .T. ) ;
#7087 = EDGE_CURVE ( 'NONE', #7496, #491, #6146, .T. ) ;
#7088 = EDGE_CURVE ( 'NONE', #3618, #2585, #658, .T. ) ;
#7089 = CARTESIAN_POINT ( 'NONE',  ( -14.06999999999999496, 3.454999999999999627, -4.700000000000000178 ) ) ;
#7090 = CARTESIAN_POINT ( 'NONE',  ( 14.07000000000000561, 3.454999999999999627, -9.400000000000000355 ) ) ;
#7091 = DIRECTION ( 'NONE',  ( -1.000000000000000000, 0.000000000000000000, 0.000000000000000000 ) ) ;
#7092 = VERTEX_POINT ( 'NONE', #130 ) ;
#7093 = DIRECTION ( 'NONE',  ( -0.000000000000000000, 0.000000000000000000, -1.000000000000000000 ) ) ;
#7094 = ORIENTED_EDGE ( 'NONE', *, *, #1386, .F. ) ;
#7095 = EDGE_CURVE ( 'NONE', #3229, #6195, #2544, .T. ) ;
#7096 = VECTOR ( 'NONE', #4094, 1000.000000000000000 ) ;
#7097 = DIRECTION ( 'NONE',  ( 0.000000000000000000, 0.000000000000000000, -1.000000000000000000 ) ) ;
#7098 = CARTESIAN_POINT ( 'NONE',  ( -9.499999999999992895, 0.3999999999999999112, -5.999999999999982236 ) ) ;
#7099 = AXIS2_PLACEMENT_3D ( 'NONE', #1745, #4735, #4780 ) ;
#7100 = LINE ( 'NONE', #1694, #6167 ) ;
#7101 = CARTESIAN_POINT ( 'NONE',  ( 10.93000000000000149, 3.454999999999999627, -4.700000000000000178 ) ) ;
#7102 = ORIENTED_EDGE ( 'NONE', *, *, #5689, .F. ) ;
#7103 = VECTOR ( 'NONE', #4347, 1000.000000000000000 ) ;
#7104 = ORIENTED_EDGE ( 'NONE', *, *, #1059, .T. ) ;
#7105 = CARTESIAN_POINT ( 'NONE',  ( 11.57000000000000384, 0.000000000000000000, -5.999999999999982236 ) ) ;
#7106 = SURFACE_STYLE_USAGE ( .BOTH. , #2955 ) ;
#7107 = DIRECTION ( 'NONE',  ( -1.000000000000000000, 0.000000000000000000, 0.000000000000000000 ) ) ;
#7108 = LINE ( 'NONE', #2252, #3311 ) ;
#7109 = VERTEX_POINT ( 'NONE', #5389 ) ;
#7110 = VECTOR ( 'NONE', #3322, 1000.000000000000000 ) ;
#7111 = CARTESIAN_POINT ( 'NONE',  ( 17.00000000000001066, 6.100000000000000533, -6.999999999999982236 ) ) ;
#7112 = EDGE_LOOP ( 'NONE', ( #3940, #1659, #318, #3348 ) ) ;
#7113 = ORIENTED_EDGE ( 'NONE', *, *, #7218, .F. ) ;
#7114 = ORIENTED_EDGE ( 'NONE', *, *, #6614, .T. ) ;
#7115 = VECTOR ( 'NONE', #2379, 1000.000000000000000 ) ;
#7116 = DIRECTION ( 'NONE',  ( -1.000000000000000000, 0.000000000000000000, 0.000000000000000000 ) ) ;
#7117 = VERTEX_POINT ( 'NONE', #1810 ) ;
#7118 = CARTESIAN_POINT ( 'NONE',  ( 7.000000000000009770, 6.100000000000000533, -5.999999999999982236 ) ) ;
#7119 = FACE_OUTER_BOUND ( 'NONE', #4250, .T. ) ;
#7120 = FACE_OUTER_BOUND ( 'NONE', #6159, .T. ) ;
#7121 = EDGE_CURVE ( 'NONE', #6532, #3871, #4208, .T. ) ;
#7122 = VERTEX_POINT ( 'NONE', #3063 ) ;
#7123 = ORIENTED_EDGE ( 'NONE', *, *, #3877, .T. ) ;
#7124 = VERTEX_POINT ( 'NONE', #57 ) ;
#7125 = DIRECTION ( 'NONE',  ( -3.469446951952805764E-14, 0.000000000000000000, 1.000000000000000000 ) ) ;
#7126 = LINE ( 'NONE', #4754, #599 ) ;
#7127 = PLANE ( 'NONE',  #6761 ) ;
#7128 = LINE ( 'NONE', #1838, #3384 ) ;
#7129 = EDGE_CURVE ( 'NONE', #3584, #5550, #2471, .T. ) ;
#7130 = EDGE_LOOP ( 'NONE', ( #5133, #1856, #345, #5228 ) ) ;
#7131 = AXIS2_PLACEMENT_3D ( 'NONE', #6286, #885, #4458 ) ;
#7132 = CARTESIAN_POINT ( 'NONE',  ( -1.999999999999988010, 0.000000000000000000, -6.999999999999982236 ) ) ;
#7133 = CARTESIAN_POINT ( 'NONE',  ( -19.06999999999999673, 2.774999999999996803, -4.700000000000017053 ) ) ;
#7134 = ADVANCED_FACE ( 'NONE', ( #5021 ), #3171, .F. ) ;
#7135 = CARTESIAN_POINT ( 'NONE',  ( 20.29999999999999716, 2.549999999999999822, -11.49999999999999645 ) ) ;
#7136 = ADVANCED_FACE ( 'NONE', ( #3881 ), #6219, .F. ) ;
#7137 = CARTESIAN_POINT ( 'NONE',  ( 4.500000000000007105, 0.4000000000000000222, 0.000000000000000000 ) ) ;
#7138 = EDGE_LOOP ( 'NONE', ( #1101, #7694, #1961, #2859 ) ) ;
#7139 = EDGE_CURVE ( 'NONE', #1761, #1788, #3011, .T. ) ;
#7140 = EDGE_LOOP ( 'NONE', ( #3847, #3444, #712, #7185 ) ) ;
#7141 = CARTESIAN_POINT ( 'NONE',  ( -18.54999999999999361, 1.301022143997293101, -3.699999999999991296 ) ) ;
#7142 = AXIS2_PLACEMENT_3D ( 'NONE', #4803, #1185, #423 ) ;
#7143 = LINE ( 'NONE', #1154, #6898 ) ;
#7144 = EDGE_CURVE ( 'NONE', #6165, #5146, #4473, .T. ) ;
#7145 = CARTESIAN_POINT ( 'NONE',  ( -15.49999999999999112, 0.000000000000000000, -5.999999999999982236 ) ) ;
#7146 = CARTESIAN_POINT ( 'NONE',  ( -9.500000000000014211, 0.4000000000000000222, -3.295974604355939159E-14 ) ) ;
#7147 = VECTOR ( 'NONE', #1938, 1000.000000000000000 ) ;
#7148 = APPLICATION_PROTOCOL_DEFINITION ( 'draft international standard', 'automotive_design', 1998, #2336 ) ;
#7149 = ORIENTED_EDGE ( 'NONE', *, *, #6176, .T. ) ;
#7150 = LINE ( 'NONE', #6560, #4865 ) ;
#7151 = ORIENTED_EDGE ( 'NONE', *, *, #4549, .T. ) ;
#7152 = VECTOR ( 'NONE', #7222, 1000.000000000000000 ) ;
#7153 = ORIENTED_EDGE ( 'NONE', *, *, #3562, .T. ) ;
#7154 = ORIENTED_EDGE ( 'NONE', *, *, #2592, .T. ) ;
#7155 = CIRCLE ( 'NONE', #5123, 1.320000000000003393 ) ;
#7156 = CARTESIAN_POINT ( 'NONE',  ( -19.06999999999999673, -2.987878387081802423, -6.020000000000020890 ) ) ;
#7157 = EDGE_LOOP ( 'NONE', ( #1083, #6351, #7507, #3079 ) ) ;
#7158 = CARTESIAN_POINT ( 'NONE',  ( -10.92999999999999616, 4.094999999999999751, -5.999999999999982236 ) ) ;
#7159 = DIRECTION ( 'NONE',  ( 1.000000000000000000, 0.000000000000000000, -0.000000000000000000 ) ) ;
#7160 = VECTOR ( 'NONE', #3867, 1000.000000000000000 ) ;
#7161 = DIRECTION ( 'NONE',  ( 1.000000000000000000, 0.000000000000000000, -0.000000000000000000 ) ) ;
#7162 = LINE ( 'NONE', #6530, #864 ) ;
#7163 = ORIENTED_EDGE ( 'NONE', *, *, #6203, .F. ) ;
#7164 = VECTOR ( 'NONE', #3422, 1000.000000000000000 ) ;
#7165 = EDGE_CURVE ( 'NONE', #5854, #490, #897, .T. ) ;
#7166 = FACE_OUTER_BOUND ( 'NONE', #2283, .T. ) ;
#7167 = AXIS2_PLACEMENT_3D ( 'NONE', #647, #489, #2972 ) ;
#7168 = CARTESIAN_POINT ( 'NONE',  ( 16.57000000000000739, 4.094999999999999751, -4.700000000000000178 ) ) ;
#7169 = CARTESIAN_POINT ( 'NONE',  ( 4.070000000000003837, 3.454999999999999627, -4.700000000000000178 ) ) ;
#7170 = AXIS2_PLACEMENT_3D ( 'NONE', #6237, #3710, #40 ) ;
#7171 = CARTESIAN_POINT ( 'NONE',  ( -20.29999999999999716, 0.000000000000000000, -11.50000000000001776 ) ) ;
#7172 = VECTOR ( 'NONE', #261, 1000.000000000000227 ) ;
#7173 = ORIENTED_EDGE ( 'NONE', *, *, #4420, .T. ) ;
#7174 = VECTOR ( 'NONE', #4842, 1000.000000000000000 ) ;
#7175 = ORIENTED_EDGE ( 'NONE', *, *, #4448, .T. ) ;
#7176 = CIRCLE ( 'NONE', #3127, 0.6800000000000034905 ) ;
#7177 = EDGE_CURVE ( 'NONE', #3085, #4125, #6889, .T. ) ;
#7178 = ORIENTED_EDGE ( 'NONE', *, *, #1776, .T. ) ;
#7179 = UNCERTAINTY_MEASURE_WITH_UNIT (LENGTH_MEASURE( 1.000000000000000082E-05 ), #4142, 'distance_accuracy_value', 'NONE');
#7180 = PLANE ( 'NONE',  #2310 ) ;
#7181 = AXIS2_PLACEMENT_3D ( 'NONE', #5216, #7622, #2230 ) ;
#7182 = CARTESIAN_POINT ( 'NONE',  ( -18.49702530672225720, -3.172028903833239433, -5.952974693277759854 ) ) ;
#7183 = FACE_OUTER_BOUND ( 'NONE', #4460, .T. ) ;
#7184 = PLANE ( 'NONE',  #1845 ) ;
#7185 = ORIENTED_EDGE ( 'NONE', *, *, #6132, .F. ) ;
#7186 = ORIENTED_EDGE ( 'NONE', *, *, #4153, .F. ) ;
#7187 = EDGE_CURVE ( 'NONE', #1052, #7092, #4266, .T. ) ;
#7188 = DIRECTION ( 'NONE',  ( 1.000000000000000000, 0.000000000000000000, -2.136358960562570493E-16 ) ) ;
#7189 = EDGE_CURVE ( 'NONE', #3297, #568, #810, .T. ) ;
#7190 = LINE ( 'NONE', #6556, #5783 ) ;
#7191 = DIRECTION ( 'NONE',  ( 0.000000000000000000, 1.000000000000000000, -0.000000000000000000 ) ) ;
#7192 = APPLICATION_PROTOCOL_DEFINITION ( 'draft international standard', 'automotive_design', 1998, #417 ) ;
#7193 = ORIENTED_EDGE ( 'NONE', *, *, #5396, .F. ) ;
#7194 = DIRECTION ( 'NONE',  ( 0.000000000000000000, -1.404634393503488270E-16, 1.000000000000000000 ) ) ;
#7195 = ORIENTED_EDGE ( 'NONE', *, *, #1295, .T. ) ;
#7196 = ORIENTED_EDGE ( 'NONE', *, *, #5042, .F. ) ;
#7197 = ORIENTED_EDGE ( 'NONE', *, *, #2750, .T. ) ;
#7198 = ADVANCED_FACE ( 'NONE', ( #4396 ), #775, .F. ) ;
#7199 = EDGE_CURVE ( 'NONE', #1448, #7755, #852, .T. ) ;
#7200 = CARTESIAN_POINT ( 'NONE',  ( -21.19999999999999929, 4.575000000000019718, -2.400000000000010569 ) ) ;
#7201 = ORIENTED_EDGE ( 'NONE', *, *, #964, .T. ) ;
#7202 = CARTESIAN_POINT ( 'NONE',  ( -8.429999999999994387, 4.094999999999999751, -9.400000000000000355 ) ) ;
#7203 = FACE_BOUND ( 'NONE', #7301, .T. ) ;
#7204 = FILL_AREA_STYLE_COLOUR ( '', #2071 ) ;
#7205 = DIRECTION ( 'NONE',  ( -1.000000000000000000, 0.000000000000000000, 0.000000000000000000 ) ) ;
#7206 = CARTESIAN_POINT ( 'NONE',  ( -19.25000000000000000, 6.100000000000000533, -0.4690598923241179885 ) ) ;
#7207 = EDGE_LOOP ( 'NONE', ( #2258, #2195, #6510, #3383 ) ) ;
#7208 = PLANE ( 'NONE',  #4951 ) ;
#7209 = CARTESIAN_POINT ( 'NONE',  ( -18.42999999999999616, 4.094999999999999751, 2.887878387081787679 ) ) ;
#7210 = FACE_OUTER_BOUND ( 'NONE', #3825, .T. ) ;
#7211 = DIRECTION ( 'NONE',  ( 0.000000000000000000, -0.000000000000000000, -1.000000000000000000 ) ) ;
#7212 = ORIENTED_EDGE ( 'NONE', *, *, #5567, .T. ) ;
#7213 = FACE_OUTER_BOUND ( 'NONE', #3568, .T. ) ;
#7214 = DIRECTION ( 'NONE',  ( 0.000000000000000000, -0.000000000000000000, 1.000000000000000000 ) ) ;
#7215 = CARTESIAN_POINT ( 'NONE',  ( -20.29999999999999361, 0.000000000000000000, -6.999999999999964473 ) ) ;
#7216 = DIRECTION ( 'NONE',  ( 0.000000000000000000, 0.000000000000000000, 1.000000000000000000 ) ) ;
#7217 = ORIENTED_EDGE ( 'NONE', *, *, #4832, .F. ) ;
#7218 = EDGE_CURVE ( 'NONE', #1179, #6986, #6184, .T. ) ;
#7219 = VERTEX_POINT ( 'NONE', #6338 ) ;
#7220 = ORIENTED_EDGE ( 'NONE', *, *, #6071, .T. ) ;
#7221 = DIRECTION ( 'NONE',  ( -1.000000000000000000, 0.000000000000000000, 0.000000000000000000 ) ) ;
#7222 = DIRECTION ( 'NONE',  ( -0.000000000000000000, 1.000000000000000000, -0.000000000000000000 ) ) ;
#7223 = DIRECTION ( 'NONE',  ( 1.000000000000000000, -0.000000000000000000, -0.000000000000000000 ) ) ;
#7224 = DIRECTION ( 'NONE',  ( 1.000000000000000000, 0.000000000000000000, -0.000000000000000000 ) ) ;
#7225 = ORIENTED_EDGE ( 'NONE', *, *, #375, .F. ) ;
#7226 = DIRECTION ( 'NONE',  ( 0.000000000000000000, 1.000000000000000000, 0.000000000000000000 ) ) ;
#7227 = ADVANCED_FACE ( 'NONE', ( #936, #7387 ), #5579, .F. ) ;
#7228 = VERTEX_POINT ( 'NONE', #5057 ) ;
#7229 = EDGE_CURVE ( 'NONE', #3873, #6841, #3336, .T. ) ;
#7230 = ORIENTED_EDGE ( 'NONE', *, *, #73, .T. ) ;
#7231 = DIRECTION ( 'NONE',  ( 1.000000000000000000, 0.000000000000000000, -2.136358960562570493E-16 ) ) ;
#7232 = ORIENTED_EDGE ( 'NONE', *, *, #5768, .T. ) ;
#7233 = CARTESIAN_POINT ( 'NONE',  ( -4.500000000000014211, 0.4000000000000000222, -1.561251128379131749E-14 ) ) ;
#7234 = CARTESIAN_POINT ( 'NONE',  ( 17.00000000000001066, 0.000000000000000000, -5.999999999999982236 ) ) ;
#7235 = DIRECTION ( 'NONE',  ( -1.000000000000000000, -0.000000000000000000, -0.000000000000000000 ) ) ;
#7236 = LINE ( 'NONE', #4232, #2501 ) ;
#7237 = EDGE_CURVE ( 'NONE', #6976, #2482, #2622, .T. ) ;
#7238 = EDGE_CURVE ( 'NONE', #5102, #609, #7548, .T. ) ;
#7239 = VERTEX_POINT ( 'NONE', #6258 ) ;
#7240 = VECTOR ( 'NONE', #6421, 1000.000000000000000 ) ;
#7241 = VECTOR ( 'NONE', #5475, 1000.000000000000000 ) ;
#7242 = ORIENTED_EDGE ( 'NONE', *, *, #1789, .F. ) ;
#7243 = LINE ( 'NONE', #1174, #554 ) ;
#7244 = CARTESIAN_POINT ( 'NONE',  ( -10.92999999999999616, 4.094999999999999751, -9.400000000000000355 ) ) ;
#7245 = DIRECTION ( 'NONE',  ( -1.000000000000000000, 0.000000000000000000, 0.000000000000000000 ) ) ;
#7246 = LINE ( 'NONE', #52, #4013 ) ;
#7247 = DIRECTION ( 'NONE',  ( -0.000000000000000000, 1.000000000000000000, -0.000000000000000000 ) ) ;
#7248 = FACE_OUTER_BOUND ( 'NONE', #1621, .T. ) ;
#7249 = CARTESIAN_POINT ( 'NONE',  ( -2.999999999999992450, 0.3999999999999999112, -6.999999999999982236 ) ) ;
#7250 = FACE_OUTER_BOUND ( 'NONE', #7038, .T. ) ;
#7251 = VERTEX_POINT ( 'NONE', #5666 ) ;
#7252 = ORIENTED_EDGE ( 'NONE', *, *, #945, .F. ) ;
#7253 = AXIS2_PLACEMENT_3D ( 'NONE', #5538, #6725, #6209 ) ;
#7254 = DIRECTION ( 'NONE',  ( -1.000000000000000000, -0.000000000000000000, -0.000000000000000000 ) ) ;
#7255 = ADVANCED_FACE ( 'NONE', ( #2744 ), #5144, .T. ) ;
#7256 = DIRECTION ( 'NONE',  ( 1.000000000000000000, -0.000000000000000000, 0.000000000000000000 ) ) ;
#7257 = DIRECTION ( 'NONE',  ( 0.000000000000000000, 0.3735499670562346664, 0.9276100592987798210 ) ) ;
#7258 = DIRECTION ( 'NONE',  ( 1.000000000000000000, -0.000000000000000000, 0.000000000000000000 ) ) ;
#7259 = DIRECTION ( 'NONE',  ( 1.000000000000000000, -0.000000000000000000, -0.000000000000000000 ) ) ;
#7260 = ORIENTED_EDGE ( 'NONE', *, *, #1601, .F. ) ;
#7261 = DIRECTION ( 'NONE',  ( 0.000000000000000000, 0.000000000000000000, -1.000000000000000000 ) ) ;
#7262 = ORIENTED_EDGE ( 'NONE', *, *, #4806, .T. ) ;
#7263 = AXIS2_PLACEMENT_3D ( 'NONE', #4783, #1159, #517 ) ;
#7264 = EDGE_CURVE ( 'NONE', #5532, #638, #2658, .T. ) ;
#7265 = DIRECTION ( 'NONE',  ( -0.000000000000000000, 1.000000000000000000, -0.000000000000000000 ) ) ;
#7266 = DIRECTION ( 'NONE',  ( 0.000000000000000000, -1.000000000000000000, 2.843808977011159210E-15 ) ) ;
#7267 = CARTESIAN_POINT ( 'NONE',  ( -19.06999999999999673, -3.399999999999999467, -5.530000000000022453 ) ) ;
#7268 = EDGE_CURVE ( 'NONE', #1186, #1145, #4791, .T. ) ;
#7269 = DIRECTION ( 'NONE',  ( 1.000000000000000000, 0.000000000000000000, 0.000000000000000000 ) ) ;
#7270 = ORIENTED_EDGE ( 'NONE', *, *, #7322, .F. ) ;
#7271 = VECTOR ( 'NONE', #6673, 1000.000000000000000 ) ;
#7272 = EDGE_CURVE ( 'NONE', #4548, #6832, #7777, .T. ) ;
#7273 = DIRECTION ( 'NONE',  ( 1.000000000000000000, 0.000000000000000000, -0.000000000000000000 ) ) ;
#7274 = CARTESIAN_POINT ( 'NONE',  ( -18.42999999999999616, -1.987878387081802645, -5.800000000000017586 ) ) ;
#7275 = CARTESIAN_POINT ( 'NONE',  ( -15.92999999999999616, 3.454999999999999627, -4.700000000000000178 ) ) ;
#7276 = ADVANCED_FACE ( 'NONE', ( #3964, #4193 ), #2386, .F. ) ;
#7277 = CARTESIAN_POINT ( 'NONE',  ( 10.93000000000000149, 0.000000000000000000, -5.999999999999982236 ) ) ;
#7278 = CARTESIAN_POINT ( 'NONE',  ( 18.43000000000000327, 3.454999999999999627, -4.700000000000000178 ) ) ;
#7279 = VECTOR ( 'NONE', #243, 1000.000000000000000 ) ;
#7280 = ADVANCED_FACE ( 'NONE', ( #4636 ), #1207, .T. ) ;
#7281 = EDGE_CURVE ( 'NONE', #6342, #3185, #5800, .T. ) ;
#7282 = LINE ( 'NONE', #4910, #5325 ) ;
#7283 = CARTESIAN_POINT ( 'NONE',  ( -5.929999999999994387, 3.454999999999999627, -4.700000000000000178 ) ) ;
#7284 = VECTOR ( 'NONE', #6236, 1000.000000000000000 ) ;
#7285 = DIRECTION ( 'NONE',  ( 0.000000000000000000, 1.000000000000000000, -2.843808977011159604E-15 ) ) ;
#7286 = AXIS2_PLACEMENT_3D ( 'NONE', #1105, #944, #7021 ) ;
#7287 = VERTEX_POINT ( 'NONE', #3016 ) ;
#7288 = AXIS2_PLACEMENT_3D ( 'NONE', #3607, #6027, #575 ) ;
#7289 = DIRECTION ( 'NONE',  ( 0.000000000000000000, 0.000000000000000000, 1.000000000000000000 ) ) ;
#7290 = EDGE_LOOP ( 'NONE', ( #4053, #6854, #3173, #273 ) ) ;
#7291 = AXIS2_PLACEMENT_3D ( 'NONE', #1993, #1406, #3211 ) ;
#7292 = VECTOR ( 'NONE', #2708, 1000.000000000000000 ) ;
#7293 = CARTESIAN_POINT ( 'NONE',  ( -15.49999999999999112, 0.4000000000000000222, 0.000000000000000000 ) ) ;
#7294 = LINE ( 'NONE', #3208, #3491 ) ;
#7295 = DIRECTION ( 'NONE',  ( 1.000000000000000000, -0.000000000000000000, -0.000000000000000000 ) ) ;
#7296 = PLANE ( 'NONE',  #427 ) ;
#7297 = ORIENTED_EDGE ( 'NONE', *, *, #1670, .F. ) ;
#7298 = FACE_OUTER_BOUND ( 'NONE', #4787, .T. ) ;
#7299 = EDGE_LOOP ( 'NONE', ( #6815, #5575, #3841, #884 ) ) ;
#7300 = ORIENTED_EDGE ( 'NONE', *, *, #4092, .F. ) ;
#7301 = EDGE_LOOP ( 'NONE', ( #7049, #1891, #4697, #6173 ) ) ;
#7302 = CARTESIAN_POINT ( 'NONE',  ( 15.50000000000001421, 6.100000000000000533, -6.999999999999982236 ) ) ;
#7303 = LINE ( 'NONE', #830, #604 ) ;
#7304 = DIRECTION ( 'NONE',  ( -1.000000000000000000, 0.000000000000000000, 0.000000000000000000 ) ) ;
#7305 = LINE ( 'NONE', #2051, #1995 ) ;
#7306 = VERTEX_POINT ( 'NONE', #3597 ) ;
#7307 = EDGE_CURVE ( 'NONE', #2259, #6552, #1501, .T. ) ;
#7308 = AXIS2_PLACEMENT_3D ( 'NONE', #1360, #2570, #4974 ) ;
#7309 = ORIENTED_EDGE ( 'NONE', *, *, #7500, .F. ) ;
#7310 = CARTESIAN_POINT ( 'NONE',  ( 18.43000000000000327, 4.094999999999999751, -5.999999999999982236 ) ) ;
#7311 = LINE ( 'NONE', #4304, #4365 ) ;
#7312 = CARTESIAN_POINT ( 'NONE',  ( -19.06999999999999673, -3.399999999999999467, -5.530000000000022453 ) ) ;
#7313 = CARTESIAN_POINT ( 'NONE',  ( 9.500000000000008882, 4.094999999999999751, -5.999999999999982236 ) ) ;
#7314 = CARTESIAN_POINT ( 'NONE',  ( -17.99999999999999289, 0.4000000000000000222, -5.999999999999982236 ) ) ;
#7315 = ORIENTED_EDGE ( 'NONE', *, *, #4700, .F. ) ;
#7316 = EDGE_CURVE ( 'NONE', #6053, #4326, #3555, .T. ) ;
#7317 = LINE ( 'NONE', #1906, #1921 ) ;
#7318 = FACE_OUTER_BOUND ( 'NONE', #4921, .T. ) ;
#7319 = CARTESIAN_POINT ( 'NONE',  ( -18.99314817971768932, 3.531851820282310594, 4.435115294663130925 ) ) ;
#7320 = EDGE_LOOP ( 'NONE', ( #5444, #5811, #337, #5673 ) ) ;
#7321 = CARTESIAN_POINT ( 'NONE',  ( 19.50000000000000711, 0.000000000000000000, -5.999999999999982236 ) ) ;
#7322 = EDGE_CURVE ( 'NONE', #1848, #3618, #1609, .T. ) ;
#7323 = ORIENTED_EDGE ( 'NONE', *, *, #3999, .F. ) ;
#7324 = DIRECTION ( 'NONE',  ( 1.000000000000000000, 0.000000000000000000, 0.000000000000000000 ) ) ;
#7325 = CARTESIAN_POINT ( 'NONE',  ( -10.49999999999999112, 6.100000000000000533, -6.999999999999982236 ) ) ;
#7326 = DIRECTION ( 'NONE',  ( -0.000000000000000000, 1.000000000000000000, -0.000000000000000000 ) ) ;
#7327 = VERTEX_POINT ( 'NONE', #1565 ) ;
#7328 = DIRECTION ( 'NONE',  ( 0.000000000000000000, 0.000000000000000000, 1.000000000000000000 ) ) ;
#7329 = ORIENTED_EDGE ( 'NONE', *, *, #1249, .F. ) ;
#7330 = VERTEX_POINT ( 'NONE', #379 ) ;
#7331 = VECTOR ( 'NONE', #1231, 1000.000000000000227 ) ;
#7332 = LINE ( 'NONE', #6749, #6357 ) ;
#7333 = CARTESIAN_POINT ( 'NONE',  ( 0.000000000000000000, 4.336808689942017736E-16, 3.299999999999982503 ) ) ;
#7334 = LINE ( 'NONE', #831, #2244 ) ;
#7335 =( NAMED_UNIT ( * ) PLANE_ANGLE_UNIT ( ) SI_UNIT ( $, .RADIAN. ) );
#7336 = CARTESIAN_POINT ( 'NONE',  ( 21.19999999999999929, 6.100000000000000533, -6.999999999999982236 ) ) ;
#7337 = ORIENTED_EDGE ( 'NONE', *, *, #5726, .T. ) ;
#7338 = AXIS2_PLACEMENT_3D ( 'NONE', #2431, #4204, #1104 ) ;
#7339 = CARTESIAN_POINT ( 'NONE',  ( -9.499999999999989342, 0.000000000000000000, -6.999999999999982236 ) ) ;
#7340 = ADVANCED_FACE ( 'NONE', ( #6018 ), #5180, .T. ) ;
#7341 = DIRECTION ( 'NONE',  ( -0.000000000000000000, 1.000000000000000000, -0.000000000000000000 ) ) ;
#7342 = DIRECTION ( 'NONE',  ( 0.000000000000000000, 0.000000000000000000, -1.000000000000000000 ) ) ;
#7343 = CARTESIAN_POINT ( 'NONE',  ( 17.00000000000001066, 0.3999999999999999112, -6.999999999999982236 ) ) ;
#7344 = PLANE ( 'NONE',  #7046 ) ;
#7345 = ORIENTED_EDGE ( 'NONE', *, *, #4848, .T. ) ;
#7346 = AXIS2_PLACEMENT_3D ( 'NONE', #3445, #4834, #1763 ) ;
#7347 = LINE ( 'NONE', #1944, #7103 ) ;
#7348 = VECTOR ( 'NONE', #6198, 1000.000000000000000 ) ;
#7349 = EDGE_CURVE ( 'NONE', #701, #1158, #2971, .T. ) ;
#7350 = CARTESIAN_POINT ( 'NONE',  ( 19.19999999999998153, 1.301022143997293101, -0.8443375672973926216 ) ) ;
#7351 = DIRECTION ( 'NONE',  ( 0.000000000000000000, 0.000000000000000000, -1.000000000000000000 ) ) ;
#7352 = EDGE_CURVE ( 'NONE', #5591, #3374, #6571, .T. ) ;
#7353 = CARTESIAN_POINT ( 'NONE',  ( -19.24999999999999645, 1.301022143997293101, -0.9309401076758534455 ) ) ;
#7354 = ORIENTED_EDGE ( 'NONE', *, *, #2397, .T. ) ;
#7355 = EDGE_LOOP ( 'NONE', ( #5201, #7543, #1686, #3800 ) ) ;
#7356 = CARTESIAN_POINT ( 'NONE',  ( -21.19999999999999929, 0.000000000000000000, -11.50000000000001776 ) ) ;
#7357 = ADVANCED_FACE ( 'NONE', ( #2422 ), #2817, .F. ) ;
#7358 = CARTESIAN_POINT ( 'NONE',  ( 4.500000000000007105, 0.000000000000000000, -6.999999999999982236 ) ) ;
#7359 = DIRECTION ( 'NONE',  ( 0.000000000000000000, 0.000000000000000000, -1.000000000000000000 ) ) ;
#7360 = DIRECTION ( 'NONE',  ( -1.000000000000000000, 0.000000000000000000, 0.000000000000000000 ) ) ;
#7361 = VECTOR ( 'NONE', #4843, 1000.000000000000000 ) ;
#7362 = EDGE_LOOP ( 'NONE', ( #6174, #2671, #4426, #6999 ) ) ;
#7363 = CARTESIAN_POINT ( 'NONE',  ( 20.35000000000000142, 5.275000000000007461, -3.100000000000001865 ) ) ;
#7364 = VECTOR ( 'NONE', #7731, 1000.000000000000000 ) ;
#7365 = VERTEX_POINT ( 'NONE', #5368 ) ;
#7366 = EDGE_LOOP ( 'NONE', ( #4288, #6097, #2101, #4785 ) ) ;
#7367 = AXIS2_PLACEMENT_3D ( 'NONE', #2679, #7409, #5078 ) ;
#7368 = ADVANCED_FACE ( 'NONE', ( #1169 ), #606, .F. ) ;
#7369 = EDGE_CURVE ( 'NONE', #4969, #6579, #5009, .T. ) ;
#7370 = CARTESIAN_POINT ( 'NONE',  ( 6.570000000000006501, 3.454999999999999627, -4.700000000000000178 ) ) ;
#7371 = LINE ( 'NONE', #1893, #6147 ) ;
#7372 = DIRECTION ( 'NONE',  ( 1.000000000000000000, 0.000000000000000000, -0.000000000000000000 ) ) ;
#7373 = FACE_OUTER_BOUND ( 'NONE', #5239, .T. ) ;
#7374 = ORIENTED_EDGE ( 'NONE', *, *, #3021, .F. ) ;
#7375 = ORIENTED_EDGE ( 'NONE', *, *, #763, .T. ) ;
#7376 = DIRECTION ( 'NONE',  ( 0.000000000000000000, 1.000000000000000000, 0.000000000000000000 ) ) ;
#7377 = AXIS2_PLACEMENT_3D ( 'NONE', #2403, #1658, #4727 ) ;
#7378 = CARTESIAN_POINT ( 'NONE',  ( 21.19999999999999929, 0.000000000000000000, 0.000000000000000000 ) ) ;
#7379 = CARTESIAN_POINT ( 'NONE',  ( -18.42999999999999616, -2.887878387081802334, -5.380000000000021210 ) ) ;
#7380 = CARTESIAN_POINT ( 'NONE',  ( -19.49999999999999289, 6.100000000000000533, -5.999999999999982236 ) ) ;
#7381 = CARTESIAN_POINT ( 'NONE',  ( -18.74999999999999645, 2.774999999999996803, -4.700000000000017053 ) ) ;
#7382 = ORIENTED_EDGE ( 'NONE', *, *, #4957, .T. ) ;
#7383 = VECTOR ( 'NONE', #7437, 1000.000000000000000 ) ;
#7384 = CARTESIAN_POINT ( 'NONE',  ( -11.99999999999998934, 0.000000000000000000, -6.999999999999982236 ) ) ;
#7385 = DIRECTION ( 'NONE',  ( -1.000000000000000000, 0.000000000000000000, -0.000000000000000000 ) ) ;
#7386 = AXIS2_PLACEMENT_3D ( 'NONE', #3022, #1802, #1140 ) ;
#7387 = FACE_OUTER_BOUND ( 'NONE', #911, .T. ) ;
#7388 = VECTOR ( 'NONE', #3633, 1000.000000000000000 ) ;
#7389 = DIRECTION ( 'NONE',  ( 0.000000000000000000, 0.000000000000000000, -1.000000000000000000 ) ) ;
#7390 = ORIENTED_EDGE ( 'NONE', *, *, #981, .F. ) ;
#7391 = EDGE_CURVE ( 'NONE', #6795, #4221, #5232, .T. ) ;
#7392 = ORIENTED_EDGE ( 'NONE', *, *, #1542, .F. ) ;
#7393 = PLANE ( 'NONE',  #3056 ) ;
#7394 = VECTOR ( 'NONE', #2003, 1000.000000000000000 ) ;
#7395 = DIRECTION ( 'NONE',  ( 0.000000000000000000, 0.000000000000000000, 1.000000000000000000 ) ) ;
#7396 = VECTOR ( 'NONE', #4277, 1000.000000000000000 ) ;
#7397 = DIRECTION ( 'NONE',  ( 1.000000000000000000, 0.000000000000000000, -0.000000000000000000 ) ) ;
#7398 = LINE ( 'NONE', #3773, #2324 ) ;
#7399 = ORIENTED_EDGE ( 'NONE', *, *, #6946, .F. ) ;
#7400 = DIRECTION ( 'NONE',  ( -0.000000000000000000, 1.000000000000000000, -0.000000000000000000 ) ) ;
#7401 = VERTEX_POINT ( 'NONE', #4688 ) ;
#7402 = VECTOR ( 'NONE', #7423, 1000.000000000000000 ) ;
#7403 = EDGE_CURVE ( 'NONE', #5182, #3897, #3394, .T. ) ;
#7404 = VECTOR ( 'NONE', #2801, 1000.000000000000000 ) ;
#7405 = ORIENTED_EDGE ( 'NONE', *, *, #3972, .T. ) ;
#7406 = PLANE ( 'NONE',  #4875 ) ;
#7407 = DIRECTION ( 'NONE',  ( -1.000000000000000000, 0.000000000000000000, 0.000000000000000000 ) ) ;
#7408 = DIRECTION ( 'NONE',  ( 0.000000000000000000, 1.000000000000000000, 1.404634393503488270E-16 ) ) ;
#7409 = DIRECTION ( 'NONE',  ( 0.000000000000000000, 0.000000000000000000, 1.000000000000000000 ) ) ;
#7410 = CARTESIAN_POINT ( 'NONE',  ( 13.00000000000000888, 0.000000000000000000, -5.999999999999982236 ) ) ;
#7411 = VERTEX_POINT ( 'NONE', #277 ) ;
#7412 = ADVANCED_FACE ( 'NONE', ( #3861 ), #2053, .T. ) ;
#7413 = CARTESIAN_POINT ( 'NONE',  ( -19.14999999999997371, 6.100000000000000533, -0.4690598923241131590 ) ) ;
#7414 = CARTESIAN_POINT ( 'NONE',  ( -7.999999999999991118, 0.000000000000000000, -5.999999999999982236 ) ) ;
#7415 = PLANE ( 'NONE',  #992 ) ;
#7416 = CARTESIAN_POINT ( 'NONE',  ( 7.000000000000009770, 0.000000000000000000, -5.999999999999982236 ) ) ;
#7417 = CARTESIAN_POINT ( 'NONE',  ( 2.000000000000008882, 6.100000000000000533, -6.999999999999982236 ) ) ;
#7418 = FACE_OUTER_BOUND ( 'NONE', #6002, .T. ) ;
#7419 = VERTEX_POINT ( 'NONE', #796 ) ;
#7420 = CARTESIAN_POINT ( 'NONE',  ( -18.42999999999999616, -1.987878387081802645, -5.800000000000017586 ) ) ;
#7421 = DIRECTION ( 'NONE',  ( -0.000000000000000000, 1.000000000000000000, -0.000000000000000000 ) ) ;
#7422 = DIRECTION ( 'NONE',  ( -0.000000000000000000, 2.843808977011159210E-15, 1.000000000000000000 ) ) ;
#7423 = DIRECTION ( 'NONE',  ( -1.000000000000000000, 0.000000000000000000, 0.000000000000000000 ) ) ;
#7424 = LINE ( 'NONE', #4598, #3590 ) ;
#7425 = ORIENTED_EDGE ( 'NONE', *, *, #6214, .T. ) ;
#7426 = VERTEX_POINT ( 'NONE', #5732 ) ;
#7427 = DIRECTION ( 'NONE',  ( -3.469446951953614978E-15, 0.000000000000000000, 1.000000000000000000 ) ) ;
#7428 = FILL_AREA_STYLE_COLOUR ( '', #4383 ) ;
#7429 = ADVANCED_FACE ( 'NONE', ( #2872 ), #3908, .F. ) ;
#7430 = CARTESIAN_POINT ( 'NONE',  ( 5.500000000000011546, 0.3999999999999999112, -6.999999999999982236 ) ) ;
#7431 = FACE_OUTER_BOUND ( 'NONE', #6786, .T. ) ;
#7432 = ORIENTED_EDGE ( 'NONE', *, *, #1171, .F. ) ;
#7433 = DIRECTION ( 'NONE',  ( 1.000000000000000000, -0.000000000000000000, -0.000000000000000000 ) ) ;
#7434 = ORIENTED_EDGE ( 'NONE', *, *, #7165, .T. ) ;
#7435 = ORIENTED_EDGE ( 'NONE', *, *, #3941, .T. ) ;
#7436 = VERTEX_POINT ( 'NONE', #319 ) ;
#7437 = DIRECTION ( 'NONE',  ( -0.000000000000000000, -1.000000000000000000, -0.000000000000000000 ) ) ;
#7438 = EDGE_CURVE ( 'NONE', #2115, #6244, #4054, .T. ) ;
#7439 = DIRECTION ( 'NONE',  ( 0.000000000000000000, 0.000000000000000000, 1.000000000000000000 ) ) ;
#7440 = DIRECTION ( 'NONE',  ( -3.469446951953614978E-15, 0.000000000000000000, 1.000000000000000000 ) ) ;
#7441 = CARTESIAN_POINT ( 'NONE',  ( -17.99999999999999289, 0.4000000000000000222, 0.000000000000000000 ) ) ;
#7442 = VECTOR ( 'NONE', #1099, 1000.000000000000000 ) ;
#7443 = EDGE_CURVE ( 'NONE', #577, #3329, #2285, .T. ) ;
#7445 = ORIENTED_EDGE ( 'NONE', *, *, #2448, .F. ) ;
#7444 = EDGE_CURVE ( 'NONE', #7078, #2293, #365, .T. ) ;
#7446 = VECTOR ( 'NONE', #2325, 1000.000000000000000 ) ;
#7447 = DIRECTION ( 'NONE',  ( 1.000000000000000000, 0.000000000000000000, 0.000000000000000000 ) ) ;
#7448 = DIRECTION ( 'NONE',  ( 0.000000000000000000, 0.000000000000000000, 1.000000000000000000 ) ) ;
#7449 = VERTEX_POINT ( 'NONE', #5278 ) ;
#7450 = VECTOR ( 'NONE', #1192, 1000.000000000000000 ) ;
#7451 = EDGE_CURVE ( 'NONE', #7606, #5782, #5081, .T. ) ;
#7452 = CARTESIAN_POINT ( 'NONE',  ( -19.06999999999999673, -1.087878387081800735, -6.020000000000020890 ) ) ;
#7453 = DIRECTION ( 'NONE',  ( 0.000000000000000000, -0.000000000000000000, -1.000000000000000000 ) ) ;
#7454 = EDGE_CURVE ( 'NONE', #4728, #6579, #7487, .T. ) ;
#7455 = CARTESIAN_POINT ( 'NONE',  ( 11.57000000000000384, 3.454999999999999627, -9.400000000000000355 ) ) ;
#7456 = CYLINDRICAL_SURFACE ( 'NONE', #6037, 0.6800000000000034905 ) ;
#7457 = VECTOR ( 'NONE', #583, 1000.000000000000000 ) ;
#7458 = ORIENTED_EDGE ( 'NONE', *, *, #5847, .F. ) ;
#7459 = CARTESIAN_POINT ( 'NONE',  ( 11.57000000000000384, 3.454999999999999627, -4.700000000000000178 ) ) ;
#7460 = ADVANCED_FACE ( 'NONE', ( #4499 ), #5653, .F. ) ;
#7461 = CARTESIAN_POINT ( 'NONE',  ( -6.999999999999992006, 6.100000000000000533, -5.999999999999982236 ) ) ;
#7462 = DIRECTION ( 'NONE',  ( 0.000000000000000000, 1.000000000000000000, 0.000000000000000000 ) ) ;
#7463 = DIRECTION ( 'NONE',  ( 1.000000000000000000, 0.000000000000000000, -0.000000000000000000 ) ) ;
#7464 = DIRECTION ( 'NONE',  ( 0.000000000000000000, 0.000000000000000000, 1.000000000000000000 ) ) ;
#7465 = ORIENTED_EDGE ( 'NONE', *, *, #7080, .F. ) ;
#7466 = ORIENTED_EDGE ( 'NONE', *, *, #1542, .T. ) ;
#7467 = VECTOR ( 'NONE', #3714, 1000.000000000000000 ) ;
#7468 = VERTEX_POINT ( 'NONE', #194 ) ;
#7469 = UNCERTAINTY_MEASURE_WITH_UNIT (LENGTH_MEASURE( 1.000000000000000082E-05 ), #511, 'distance_accuracy_value', 'NONE');
#7470 = DIRECTION ( 'NONE',  ( 0.000000000000000000, 0.5000000000000008882, 0.8660254037844380415 ) ) ;
#7471 = ORIENTED_EDGE ( 'NONE', *, *, #4673, .T. ) ;
#7472 = DIRECTION ( 'NONE',  ( 0.000000000000000000, 1.000000000000000000, 0.000000000000000000 ) ) ;
#7473 = LINE ( 'NONE', #5760, #2249 ) ;
#7474 = FACE_OUTER_BOUND ( 'NONE', #4932, .T. ) ;
#7475 = ORIENTED_EDGE ( 'NONE', *, *, #4425, .F. ) ;
#7476 = ORIENTED_EDGE ( 'NONE', *, *, #5804, .T. ) ;
#7477 = ORIENTED_EDGE ( 'NONE', *, *, #171, .T. ) ;
#7478 = EDGE_CURVE ( 'NONE', #1577, #7449, #4653, .T. ) ;
#7479 = DIRECTION ( 'NONE',  ( -1.000000000000000000, 0.000000000000000000, -3.469446951953614978E-15 ) ) ;
#7480 = VECTOR ( 'NONE', #3464, 1000.000000000000000 ) ;
#7481 = DIRECTION ( 'NONE',  ( 0.000000000000000000, -1.000000000000000000, 2.843808977011159210E-15 ) ) ;
#7482 = DIRECTION ( 'NONE',  ( 0.000000000000000000, -0.000000000000000000, 1.000000000000000000 ) ) ;
#7483 = DIRECTION ( 'NONE',  ( 1.000000000000000000, 0.000000000000000000, 0.000000000000000000 ) ) ;
#7484 = LINE ( 'NONE', #360, #2723 ) ;
#7485 = ORIENTED_EDGE ( 'NONE', *, *, #5490, .F. ) ;
#7486 = EDGE_CURVE ( 'NONE', #4728, #2853, #2018, .T. ) ;
#7487 = LINE ( 'NONE', #7636, #2389 ) ;
#7488 = CARTESIAN_POINT ( 'NONE',  ( 21.19999999999999929, 4.575000000000019718, -3.100000000000001865 ) ) ;
#7489 = ORIENTED_EDGE ( 'NONE', *, *, #1326, .F. ) ;
#7490 = DIRECTION ( 'NONE',  ( -1.000000000000000000, 0.000000000000000000, 0.000000000000000000 ) ) ;
#7491 = CARTESIAN_POINT ( 'NONE',  ( -0.9299999999999932765, 3.454999999999999627, -5.999999999999982236 ) ) ;
#7492 = LINE ( 'NONE', #6369, #2965 ) ;
#7493 = CARTESIAN_POINT ( 'NONE',  ( 21.19999999999999929, 0.000000000000000000, -6.999999999999964473 ) ) ;
#7494 = VERTEX_POINT ( 'NONE', #6833 ) ;
#7495 = EDGE_CURVE ( 'NONE', #144, #7616, #3238, .T. ) ;
#7496 = VERTEX_POINT ( 'NONE', #3819 ) ;
#7497 = AXIS2_PLACEMENT_3D ( 'NONE', #3848, #4487, #2039 ) ;
#7498 = ADVANCED_FACE ( 'NONE', ( #6242 ), #240, .T. ) ;
#7499 = CYLINDRICAL_SURFACE ( 'NONE', #687, 0.7000000000000027311 ) ;
#7500 = EDGE_CURVE ( 'NONE', #7631, #2157, #769, .T. ) ;
#7501 = DIRECTION ( 'NONE',  ( -0.000000000000000000, -1.000000000000000000, -0.000000000000000000 ) ) ;
#7502 = CARTESIAN_POINT ( 'NONE',  ( -15.92999999999999616, 4.094999999999999751, -4.700000000000000178 ) ) ;
#7503 = CIRCLE ( 'NONE', #4116, 0.7200000000000038591 ) ;
#7504 = CARTESIAN_POINT ( 'NONE',  ( -20.35000000000000142, 5.275000000000007461, -4.700000000000000178 ) ) ;
#7505 = VECTOR ( 'NONE', #4847, 1000.000000000000000 ) ;
#7506 = LINE ( 'NONE', #2625, #2596 ) ;
#7507 = ORIENTED_EDGE ( 'NONE', *, *, #3794, .F. ) ;
#7508 = EDGE_LOOP ( 'NONE', ( #4773, #4233, #5721, #4284 ) ) ;
#7509 = ADVANCED_FACE ( 'NONE', ( #4306 ), #3164, .F. ) ;
#7510 = EDGE_CURVE ( 'NONE', #1554, #2157, #5572, .T. ) ;
#7511 = ORIENTED_EDGE ( 'NONE', *, *, #5177, .F. ) ;
#7512 = VECTOR ( 'NONE', #4713, 1000.000000000000000 ) ;
#7513 = LINE ( 'NONE', #6344, #24 ) ;
#7514 = CARTESIAN_POINT ( 'NONE',  ( 15.50000000000001066, 6.100000000000000533, -5.999999999999982236 ) ) ;
#7515 = CARTESIAN_POINT ( 'NONE',  ( 17.00000000000001066, 0.4000000000000000222, 0.000000000000000000 ) ) ;
#7516 = PLANE ( 'NONE',  #6284 ) ;
#7517 = ORIENTED_EDGE ( 'NONE', *, *, #6660, .T. ) ;
#7518 = ORIENTED_EDGE ( 'NONE', *, *, #3662, .T. ) ;
#7519 = CARTESIAN_POINT ( 'NONE',  ( -13.42999999999999439, 4.094999999999999751, -9.400000000000000355 ) ) ;
#7520 = ORIENTED_EDGE ( 'NONE', *, *, #6419, .F. ) ;
#7521 = ORIENTED_EDGE ( 'NONE', *, *, #7129, .F. ) ;
#7522 = VECTOR ( 'NONE', #4544, 1000.000000000000000 ) ;
#7523 = VERTEX_POINT ( 'NONE', #3131 ) ;
#7524 = AXIS2_PLACEMENT_3D ( 'NONE', #2733, #1677, #6370 ) ;
#7525 = DIRECTION ( 'NONE',  ( -0.000000000000000000, 1.000000000000000000, -0.000000000000000000 ) ) ;
#7526 = VECTOR ( 'NONE', #4268, 1000.000000000000000 ) ;
#7527 = CARTESIAN_POINT ( 'NONE',  ( -20.29999999999999716, 0.000000000000000000, -11.50000000000001776 ) ) ;
#7528 = CARTESIAN_POINT ( 'NONE',  ( -15.49999999999999112, 0.000000000000000000, -6.999999999999982236 ) ) ;
#7529 = AXIS2_PLACEMENT_3D ( 'NONE', #5403, #2835, #4655 ) ;
#7530 = DIRECTION ( 'NONE',  ( 1.000000000000000000, 0.000000000000000000, 0.000000000000000000 ) ) ;
#7531 = DIRECTION ( 'NONE',  ( 0.000000000000000000, 0.000000000000000000, -1.000000000000000000 ) ) ;
#7532 = VERTEX_POINT ( 'NONE', #6759 ) ;
#7533 = VECTOR ( 'NONE', #238, 1000.000000000000000 ) ;
#7534 = AXIS2_PLACEMENT_3D ( 'NONE', #7, #982, #6426 ) ;
#7535 = PRODUCT_DEFINITION_SHAPE ( 'NONE', 'NONE',  #7806 ) ;
#7536 = CARTESIAN_POINT ( 'NONE',  ( -18.42999999999999616, -2.987878387081802423, -6.020000000000021778 ) ) ;
#7537 = VERTEX_POINT ( 'NONE', #2571 ) ;
#7538 = LINE ( 'NONE', #3911, #6657 ) ;
#7539 = LINE ( 'NONE', #2849, #5935 ) ;
#7540 = PLANE ( 'NONE',  #2706 ) ;
#7541 = CARTESIAN_POINT ( 'NONE',  ( -9.069999999999996732, 4.094999999999999751, -4.700000000000000178 ) ) ;
#7542 = EDGE_CURVE ( 'NONE', #2043, #2291, #1456, .T. ) ;
#7543 = ORIENTED_EDGE ( 'NONE', *, *, #5124, .F. ) ;
#7544 = CARTESIAN_POINT ( 'NONE',  ( 14.07000000000000561, 4.094999999999999751, -9.400000000000000355 ) ) ;
#7545 = LINE ( 'NONE', #979, #4757 ) ;
#7546 = CARTESIAN_POINT ( 'NONE',  ( -18.42999999999999616, 4.094999999999999751, -4.700000000000017053 ) ) ;
#7547 = EDGE_CURVE ( 'NONE', #436, #2112, #5609, .T. ) ;
#7548 = LINE ( 'NONE', #3256, #5917 ) ;
#7549 = DIRECTION ( 'NONE',  ( -1.000000000000000000, 0.000000000000000000, -3.469446951953614978E-15 ) ) ;
#7550 = ORIENTED_EDGE ( 'NONE', *, *, #5606, .F. ) ;
#7551 = ADVANCED_FACE ( 'NONE', ( #3645 ), #691, .F. ) ;
#7552 = ORIENTED_EDGE ( 'NONE', *, *, #1670, .T. ) ;
#7553 = LINE ( 'NONE', #418, #4939 ) ;
#7554 = DIRECTION ( 'NONE',  ( -1.000000000000000000, -0.000000000000000000, -0.000000000000000000 ) ) ;
#7555 = EDGE_CURVE ( 'NONE', #7219, #6095, #4906, .T. ) ;
#7556 = DIRECTION ( 'NONE',  ( -0.000000000000000000, 1.000000000000000000, -0.000000000000000000 ) ) ;
#7557 = DIRECTION ( 'NONE',  ( -0.000000000000000000, -1.000000000000000000, -0.000000000000000000 ) ) ;
#7558 = VERTEX_POINT ( 'NONE', #653 ) ;
#7559 = CARTESIAN_POINT ( 'NONE',  ( -18.57999999999999474, 3.945000000000000728, 3.299999999999982503 ) ) ;
#7560 = ORIENTED_EDGE ( 'NONE', *, *, #7054, .T. ) ;
#7561 = VERTEX_POINT ( 'NONE', #7417 ) ;
#7562 = LINE ( 'NONE', #4410, #5627 ) ;
#7563 = DIRECTION ( 'NONE',  ( 1.000000000000000000, 0.000000000000000000, -0.000000000000000000 ) ) ;
#7564 = DIRECTION ( 'NONE',  ( 0.000000000000000000, 1.946735479746240487E-16, -1.000000000000000000 ) ) ;
#7565 = CARTESIAN_POINT ( 'NONE',  ( 35.00000000000000000, 0.000000000000000000, 0.000000000000000000 ) ) ;
#7566 = ORIENTED_EDGE ( 'NONE', *, *, #6104, .F. ) ;
#7567 = CARTESIAN_POINT ( 'NONE',  ( -10.49999999999999112, 6.100000000000000533, -5.999999999999982236 ) ) ;
#7568 = ORIENTED_EDGE ( 'NONE', *, *, #1292, .T. ) ;
#7569 = ORIENTED_EDGE ( 'NONE', *, *, #4866, .F. ) ;
#7570 = DIRECTION ( 'NONE',  ( 0.000000000000000000, 1.000000000000000000, 8.163404592832033571E-15 ) ) ;
#7571 = ORIENTED_EDGE ( 'NONE', *, *, #7369, .T. ) ;
#7572 = CARTESIAN_POINT ( 'NONE',  ( -8.429999999999994387, 3.454999999999999627, -9.400000000000000355 ) ) ;
#7573 = LINE ( 'NONE', #4504, #2148 ) ;
#7574 = CARTESIAN_POINT ( 'NONE',  ( -17.80000000000000426, 5.275000000000007461, 0.000000000000000000 ) ) ;
#7575 = CARTESIAN_POINT ( 'NONE',  ( -15.49999999999999112, 6.100000000000000533, -5.999999999999982236 ) ) ;
#7576 = ORIENTED_EDGE ( 'NONE', *, *, #4832, .T. ) ;
#7577 = ORIENTED_EDGE ( 'NONE', *, *, #2739, .T. ) ;
#7578 = ADVANCED_FACE ( 'NONE', ( #2537 ), #5014, .F. ) ;
#7579 = CARTESIAN_POINT ( 'NONE',  ( -2.999999999999992450, 6.100000000000000533, -5.999999999999982236 ) ) ;
#7580 = DIRECTION ( 'NONE',  ( -0.8660254037844432595, 0.000000000000000000, 0.4999999999999918954 ) ) ;
#7581 = LINE ( 'NONE', #4042, #3230 ) ;
#7582 = VECTOR ( 'NONE', #2586, 1000.000000000000000 ) ;
#7583 = DIRECTION ( 'NONE',  ( 0.000000000000000000, 0.000000000000000000, 1.000000000000000000 ) ) ;
#7584 = CARTESIAN_POINT ( 'NONE',  ( -18.42999999999999616, -2.987878387081802423, -5.380000000000021210 ) ) ;
#7585 = ORIENTED_EDGE ( 'NONE', *, *, #4420, .F. ) ;
#7586 = EDGE_CURVE ( 'NONE', #4534, #3883, #3758, .T. ) ;
#7587 = ORIENTED_EDGE ( 'NONE', *, *, #5470, .F. ) ;
#7588 = LINE ( 'NONE', #2753, #30 ) ;
#7589 = CARTESIAN_POINT ( 'NONE',  ( -19.06999999999999673, -1.718922410801315692, -5.132120757304897474 ) ) ;
#7590 = EDGE_CURVE ( 'NONE', #4978, #2838, #1399, .T. ) ;
#7591 = LINE ( 'NONE', #5188, #6034 ) ;
#7592 = DIRECTION ( 'NONE',  ( 0.000000000000000000, 1.000000000000000000, 0.000000000000000000 ) ) ;
#7593 = ORIENTED_EDGE ( 'NONE', *, *, #3839, .F. ) ;
#7594 = ORIENTED_EDGE ( 'NONE', *, *, #3028, .T. ) ;
#7595 = VECTOR ( 'NONE', #2226, 1000.000000000000000 ) ;
#7596 = ADVANCED_FACE ( 'NONE', ( #1902 ), #3717, .F. ) ;
#7597 = ADVANCED_FACE ( 'NONE', ( #1871 ), #51, .T. ) ;
#7598 = LINE ( 'NONE', #4733, #4751 ) ;
#7599 = EDGE_CURVE ( 'NONE', #6986, #301, #4936, .T. ) ;
#7600 = VECTOR ( 'NONE', #3550, 1000.000000000000000 ) ;
#7601 = DIRECTION ( 'NONE',  ( 0.000000000000000000, -1.000000000000000000, 2.843808977011159210E-15 ) ) ;
#7602 = LINE ( 'NONE', #4452, #5385 ) ;
#7603 = CONTEXT_DEPENDENT_SHAPE_REPRESENTATION ( #6376, #1701 ) ;
#7604 = CARTESIAN_POINT ( 'NONE',  ( -18.54999999999999361, 6.100000000000000533, -2.999999999999988898 ) ) ;
#7605 = ORIENTED_EDGE ( 'NONE', *, *, #1688, .F. ) ;
#7606 = VERTEX_POINT ( 'NONE', #1939 ) ;
#7607 = EDGE_CURVE ( 'NONE', #1631, #5361, #199, .T. ) ;
#7608 = EDGE_CURVE ( 'NONE', #6086, #3676, #1324, .T. ) ;
#7609 = CARTESIAN_POINT ( 'NONE',  ( 20.29999999999999716, 0.000000000000000000, 0.000000000000000000 ) ) ;
#7610 = EDGE_LOOP ( 'NONE', ( #5060, #7587, #3923, #4, #6333, #2517 ) ) ;
#7611 = LINE ( 'NONE', #3955, #7645 ) ;
#7612 = LINE ( 'NONE', #2807, #2275 ) ;
#7613 = DIRECTION ( 'NONE',  ( 0.000000000000000000, 1.000000000000000000, 0.000000000000000000 ) ) ;
#7614 = LINE ( 'NONE', #371, #3249 ) ;
#7615 = VECTOR ( 'NONE', #6149, 1000.000000000000000 ) ;
#7616 = VERTEX_POINT ( 'NONE', #2613 ) ;
#7617 = VECTOR ( 'NONE', #6101, 1000.000000000000000 ) ;
#7618 = DIRECTION ( 'NONE',  ( 0.000000000000000000, 0.000000000000000000, 1.000000000000000000 ) ) ;
#7619 = AXIS2_PLACEMENT_3D ( 'NONE', #5599, #832, #2604 ) ;
#7620 = LINE ( 'NONE', #4634, #2607 ) ;
#7621 = PLANE ( 'NONE',  #3369 ) ;
#7622 = DIRECTION ( 'NONE',  ( 1.000000000000000000, -0.000000000000000000, 0.000000000000000000 ) ) ;
#7623 = DIRECTION ( 'NONE',  ( 1.000000000000000000, -0.000000000000000000, -0.000000000000000000 ) ) ;
#7624 = VERTEX_POINT ( 'NONE', #7343 ) ;
#7625 = CIRCLE ( 'NONE', #4747, 0.1000000000000262346 ) ;
#7626 = CARTESIAN_POINT ( 'NONE',  ( -18.74999999999999645, 2.774999999999996803, -4.700000000000017053 ) ) ;
#7627 = LINE ( 'NONE', #7589, #2376 ) ;
#7628 = DIRECTION ( 'NONE',  ( 0.000000000000000000, 0.3735499670562326680, -0.9276100592987808202 ) ) ;
#7629 = ORIENTED_EDGE ( 'NONE', *, *, #3727, .F. ) ;
#7630 = DIRECTION ( 'NONE',  ( -0.9396926207859087610, -0.3420201433256678802, -6.658227477999719404E-17 ) ) ;
#7631 = VERTEX_POINT ( 'NONE', #1598 ) ;
#7632 = EDGE_CURVE ( 'NONE', #941, #2112, #1016, .T. ) ;
#7633 = VECTOR ( 'NONE', #6724, 1000.000000000000000 ) ;
#7634 = ORIENTED_EDGE ( 'NONE', *, *, #5481, .F. ) ;
#7635 = COLOUR_RGB ( '',1.000000000000000000, 1.000000000000000000, 1.000000000000000000 ) ;
#7636 = CARTESIAN_POINT ( 'NONE',  ( 14.50000000000000888, 0.000000000000000000, -6.999999999999982236 ) ) ;
#7637 = PLANE ( 'NONE',  #4136 ) ;
#7638 = FACE_OUTER_BOUND ( 'NONE', #307, .T. ) ;
#7639 = ITEM_DEFINED_TRANSFORMATION ( 'NONE', 'NONE', #185,  #7741 ) ;
#7640 = CARTESIAN_POINT ( 'NONE',  ( 0.000000000000000000, 0.4000000000000000222, -5.999999999999982236 ) ) ;
#7641 = EDGE_LOOP ( 'NONE', ( #1738, #5594, #6649, #7518, #367, #5033, #1219, #4535, #3494, #3766, #2775, #6469, #1033, #204, #6967, #4924, #3462, #7345, #3186, #5697, #2333, #4014, #4030, #5511, #7153, #6861, #5698, #4068, #2472, #5812, #3593, #3098, #530, #521, #1270, #2388, #1713, #5980, #2102, #6702, #5427, #1833, #266, #6294, #3811, #43, #4829, #363, #4148, #1330, #1123, #4210, #6039, #4190, #5863, #5434, #394, #5816, #7220, #6617, #3686, #7154, #1332, #802, #5775, #6949, #1798, #7354 ) ) ;
#7642 = ORIENTED_EDGE ( 'NONE', *, *, #1391, .F. ) ;
#7643 = EDGE_CURVE ( 'NONE', #4888, #1554, #6838, .T. ) ;
#7644 = VERTEX_POINT ( 'NONE', #4589 ) ;
#7645 = VECTOR ( 'NONE', #2776, 1000.000000000000000 ) ;
#7646 = EDGE_CURVE ( 'NONE', #5414, #3008, #972, .T. ) ;
#7647 = ORIENTED_EDGE ( 'NONE', *, *, #3417, .F. ) ;
#7648 = VECTOR ( 'NONE', #6398, 1000.000000000000000 ) ;
#7649 = DIRECTION ( 'NONE',  ( 0.000000000000000000, 0.000000000000000000, -1.000000000000000000 ) ) ;
#7650 = ORIENTED_EDGE ( 'NONE', *, *, #4938, .F. ) ;
#7651 = VECTOR ( 'NONE', #6006, 1000.000000000000000 ) ;
#7652 = CARTESIAN_POINT ( 'NONE',  ( 4.500000000000007105, 0.4000000000000000222, -5.999999999999982236 ) ) ;
#7653 = DIRECTION ( 'NONE',  ( 0.000000000000000000, 0.000000000000000000, -1.000000000000000000 ) ) ;
#7654 = VECTOR ( 'NONE', #5988, 1000.000000000000000 ) ;
#7655 = DIRECTION ( 'NONE',  ( -3.469446951953614978E-15, 0.000000000000000000, 1.000000000000000000 ) ) ;
#7656 = EDGE_CURVE ( 'NONE', #4000, #1709, #326, .T. ) ;
#7657 = ORIENTED_EDGE ( 'NONE', *, *, #1473, .F. ) ;
#7658 = EDGE_CURVE ( 'NONE', #577, #4152, #245, .T. ) ;
#7659 = ORIENTED_EDGE ( 'NONE', *, *, #868, .F. ) ;
#7660 = AXIS2_PLACEMENT_3D ( 'NONE', #2154, #253, #1368 ) ;
#7661 = CARTESIAN_POINT ( 'NONE',  ( 17.00000000000001066, 6.100000000000000533, -5.999999999999982236 ) ) ;
#7662 = DIRECTION ( 'NONE',  ( -3.469446951953614978E-15, 0.000000000000000000, 1.000000000000000000 ) ) ;
#7663 = CARTESIAN_POINT ( 'NONE',  ( -17.99999999999999289, 0.000000000000000000, -6.999999999999982236 ) ) ;
#7664 = VERTEX_POINT ( 'NONE', #890 ) ;
#7665 = DIRECTION ( 'NONE',  ( 0.000000000000000000, 0.000000000000000000, 1.000000000000000000 ) ) ;
#7666 = ORIENTED_EDGE ( 'NONE', *, *, #2532, .T. ) ;
#7667 = PLANE ( 'NONE',  #3942 ) ;
#7668 = DIRECTION ( 'NONE',  ( -1.000000000000000000, 0.000000000000000000, 0.000000000000000000 ) ) ;
#7669 = CARTESIAN_POINT ( 'NONE',  ( -14.49999999999999289, 0.000000000000000000, -5.999999999999982236 ) ) ;
#7670 = LINE ( 'NONE', #7750, #3219 ) ;
#7671 = VERTEX_POINT ( 'NONE', #7574 ) ;
#7672 = EDGE_LOOP ( 'NONE', ( #1418, #6910, #3704, #2595, #7390, #558, #1516, #22, #1814, #553, #385 ) ) ;
#7673 = AXIS2_PLACEMENT_3D ( 'NONE', #485, #3595, #1757 ) ;
#7674 = CARTESIAN_POINT ( 'NONE',  ( 20.29999999999999716, 0.000000000000000000, -11.50000000000001776 ) ) ;
#7675 = ADVANCED_FACE ( 'NONE', ( #2732 ), #2808, .F. ) ;
#7676 =( NAMED_UNIT ( * ) SI_UNIT ( $, .STERADIAN. ) SOLID_ANGLE_UNIT ( ) );
#7677 = LINE ( 'NONE', #2917, #6279 ) ;
#7678 = DIRECTION ( 'NONE',  ( 0.000000000000000000, 0.000000000000000000, -1.000000000000000000 ) ) ;
#7679 = ORIENTED_EDGE ( 'NONE', *, *, #6844, .T. ) ;
#7680 = DIRECTION ( 'NONE',  ( 0.000000000000000000, 1.000000000000000000, -0.000000000000000000 ) ) ;
#7681 = ORIENTED_EDGE ( 'NONE', *, *, #5445, .T. ) ;
#7682 = EDGE_LOOP ( 'NONE', ( #4486, #7050, #1898, #5422 ) ) ;
#7683 = ORIENTED_EDGE ( 'NONE', *, *, #5641, .T. ) ;
#7684 = ORIENTED_EDGE ( 'NONE', *, *, #3210, .T. ) ;
#7685 = ADVANCED_FACE ( 'NONE', ( #1514 ), #1557, .F. ) ;
#7686 = CARTESIAN_POINT ( 'NONE',  ( 11.57000000000000384, 3.454999999999999627, -9.400000000000000355 ) ) ;
#7687 = ORIENTED_EDGE ( 'NONE', *, *, #3400, .T. ) ;
#7688 = DIRECTION ( 'NONE',  ( -0.000000000000000000, -0.000000000000000000, 1.000000000000000000 ) ) ;
#7689 = FACE_BOUND ( 'NONE', #2486, .T. ) ;
#7690 = EDGE_CURVE ( 'NONE', #6445, #1202, #7492, .T. ) ;
#7691 =( LENGTH_UNIT ( ) NAMED_UNIT ( * ) SI_UNIT ( .MILLI., .METRE. ) );
#7692 = LINE ( 'NONE', #4861, #6776 ) ;
#7693 = ORIENTED_EDGE ( 'NONE', *, *, #1875, .F. ) ;
#7694 = ORIENTED_EDGE ( 'NONE', *, *, #1398, .F. ) ;
#7695 = EDGE_CURVE ( 'NONE', #2242, #6976, #3913, .T. ) ;
#7696 = EDGE_CURVE ( 'NONE', #4662, #649, #1432, .T. ) ;
#7697 = DIRECTION ( 'NONE',  ( -1.000000000000000000, -0.000000000000000000, 0.000000000000000000 ) ) ;
#7698 = DIRECTION ( 'NONE',  ( -0.000000000000000000, 2.843808977011159210E-15, 1.000000000000000000 ) ) ;
#7699 = CARTESIAN_POINT ( 'NONE',  ( -18.42999999999999616, 4.094999999999999751, -4.700000000000000178 ) ) ;
#7700 = EDGE_CURVE ( 'NONE', #6687, #1137, #7005, .T. ) ;
#7701 = CARTESIAN_POINT ( 'NONE',  ( 9.500000000000008882, 6.100000000000000533, -5.999999999999982236 ) ) ;
#7702 = ORIENTED_EDGE ( 'NONE', *, *, #134, .T. ) ;
#7703 = VERTEX_POINT ( 'NONE', #6965 ) ;
#7704 = EDGE_CURVE ( 'NONE', #6552, #5818, #6247, .T. ) ;
#7705 = VECTOR ( 'NONE', #1571, 1000.000000000000000 ) ;
#7706 = LINE ( 'NONE', #7132, #7457 ) ;
#7707 = DIRECTION ( 'NONE',  ( 1.000000000000000000, 0.000000000000000000, 0.000000000000000000 ) ) ;
#7708 = VECTOR ( 'NONE', #4691, 1000.000000000000000 ) ;
#7709 = DIRECTION ( 'NONE',  ( 0.000000000000000000, -1.000000000000000000, 0.000000000000000000 ) ) ;
#7710 = CARTESIAN_POINT ( 'NONE',  ( -19.14999999999997371, 5.275000000000007461, -0.4690598923241131590 ) ) ;
#7711 = EDGE_LOOP ( 'NONE', ( #3514, #5479, #5205, #5950 ) ) ;
#7712 = VECTOR ( 'NONE', #6695, 1000.000000000000000 ) ;
#7713 = EDGE_LOOP ( 'NONE', ( #7435, #1754, #7079, #4108 ) ) ;
#7714 = DIRECTION ( 'NONE',  ( -0.000000000000000000, 1.000000000000000000, -0.000000000000000000 ) ) ;
#7715 =( NAMED_UNIT ( * ) SI_UNIT ( $, .STERADIAN. ) SOLID_ANGLE_UNIT ( ) );
#7716 = DIRECTION ( 'NONE',  ( 1.000000000000000000, 0.000000000000000000, 0.000000000000000000 ) ) ;
#7717 = LINE ( 'NONE', #7146, #4309 ) ;
#7718 = APPLICATION_PROTOCOL_DEFINITION ( 'draft international standard', 'automotive_design', 1998, #5971 ) ;
#7719 = ORIENTED_EDGE ( 'NONE', *, *, #7500, .T. ) ;
#7720 = VECTOR ( 'NONE', #1561, 1000.000000000000000 ) ;
#7721 = CARTESIAN_POINT ( 'NONE',  ( -1.999999999999991340, 0.000000000000000000, -5.999999999999982236 ) ) ;
#7722 = ORIENTED_EDGE ( 'NONE', *, *, #6583, .F. ) ;
#7723 = ORIENTED_EDGE ( 'NONE', *, *, #7658, .T. ) ;
#7724 = ADVANCED_FACE ( 'NONE', ( #3285 ), #7540, .T. ) ;
#7725 = ORIENTED_EDGE ( 'NONE', *, *, #492, .T. ) ;
#7726 = AXIS2_PLACEMENT_3D ( 'NONE', #5448, #1385, #6640 ) ;
#7727 = LINE ( 'NONE', #4156, #299 ) ;
#7728 = EDGE_LOOP ( 'NONE', ( #4708, #518, #5029, #6624 ) ) ;
#7729 = CARTESIAN_POINT ( 'NONE',  ( -16.56999999999999673, 0.000000000000000000, -5.999999999999982236 ) ) ;
#7730 = CARTESIAN_POINT ( 'NONE',  ( 19.07000000000000384, 0.000000000000000000, -5.999999999999982236 ) ) ;
#7731 = DIRECTION ( 'NONE',  ( -0.000000000000000000, -1.000000000000000000, -0.000000000000000000 ) ) ;
#7732 = DIRECTION ( 'NONE',  ( -0.9396926207859083169, 0.000000000000000000, -0.3420201433256692125 ) ) ;
#7733 = ORIENTED_EDGE ( 'NONE', *, *, #1790, .T. ) ;
#7734 = ORIENTED_EDGE ( 'NONE', *, *, #6223, .F. ) ;
#7735 = EDGE_CURVE ( 'NONE', #5069, #2626, #5658, .T. ) ;
#7736 = LINE ( 'NONE', #6575, #4711 ) ;
#7737 = PLANE ( 'NONE',  #6145 ) ;
#7738 = CARTESIAN_POINT ( 'NONE',  ( -9.069999999999996732, 3.454999999999999627, -5.999999999999982236 ) ) ;
#7739 = AXIS2_PLACEMENT_3D ( 'NONE', #3693, #3100, #6185 ) ;
#7740 = CARTESIAN_POINT ( 'NONE',  ( 18.43000000000000327, 4.094999999999999751, -4.700000000000000178 ) ) ;
#7741 = AXIS2_PLACEMENT_3D ( 'NONE', #1133, #2892, #1676 ) ;
#7742 = ORIENTED_EDGE ( 'NONE', *, *, #1059, .F. ) ;
#7743 = EDGE_CURVE ( 'NONE', #2826, #2291, #5695, .T. ) ;
#7744 = ORIENTED_EDGE ( 'NONE', *, *, #3319, .T. ) ;
#7745 = EDGE_CURVE ( 'NONE', #900, #5360, #2692, .T. ) ;
#7746 = VECTOR ( 'NONE', #6718, 1000.000000000000000 ) ;
#7747 = PLANE ( 'NONE',  #7338 ) ;
#7748 = DIRECTION ( 'NONE',  ( 0.4999999999999919509, 0.000000000000000000, 0.8660254037844433705 ) ) ;
#7749 = LINE ( 'NONE', #7065, #7164 ) ;
#7750 = CARTESIAN_POINT ( 'NONE',  ( 16.57000000000000739, 4.094999999999999751, -4.700000000000000178 ) ) ;
#7751 = ORIENTED_EDGE ( 'NONE', *, *, #1532, .F. ) ;
#7752 = EDGE_CURVE ( 'NONE', #2932, #4406, #6330, .T. ) ;
#7753 = EDGE_CURVE ( 'NONE', #1575, #5782, #3326, .T. ) ;
#7754 = ORIENTED_EDGE ( 'NONE', *, *, #7281, .F. ) ;
#7755 = VERTEX_POINT ( 'NONE', #2340 ) ;
#7756 = LINE ( 'NONE', #2439, #4831 ) ;
#7757 = AXIS2_PLACEMENT_3D ( 'NONE', #1381, #1854, #4258 ) ;
#7758 = FILL_AREA_STYLE ('',( #5849 ) ) ;
#7759 = DIRECTION ( 'NONE',  ( 1.000000000000000000, 0.000000000000000000, 0.000000000000000000 ) ) ;
#7760 = CARTESIAN_POINT ( 'NONE',  ( 15.93000000000000682, 4.094999999999999751, -4.700000000000000178 ) ) ;
#7761 = VECTOR ( 'NONE', #6100, 1000.000000000000000 ) ;
#7762 = CONTEXT_DEPENDENT_SHAPE_REPRESENTATION ( #6626, #935 ) ;
#7763 = ORIENTED_EDGE ( 'NONE', *, *, #580, .F. ) ;
#7764 = PLANE ( 'NONE',  #5884 ) ;
#7765 = VERTEX_POINT ( 'NONE', #1090 ) ;
#7766 = VECTOR ( 'NONE', #7525, 1000.000000000000000 ) ;
#7767 = VERTEX_POINT ( 'NONE', #3481 ) ;
#7768 = EDGE_LOOP ( 'NONE', ( #4134, #2547, #5072, #5778 ) ) ;
#7769 = VECTOR ( 'NONE', #896, 1000.000000000000227 ) ;
#7770 = VECTOR ( 'NONE', #5337, 1000.000000000000000 ) ;
#7771 = CARTESIAN_POINT ( 'NONE',  ( -2.999999999999992450, 0.000000000000000000, -5.999999999999982236 ) ) ;
#7772 = ORIENTED_EDGE ( 'NONE', *, *, #1790, .F. ) ;
#7773 = CARTESIAN_POINT ( 'NONE',  ( 14.07000000000000561, 4.094999999999999751, -5.999999999999982236 ) ) ;
#7774 = CARTESIAN_POINT ( 'NONE',  ( -19.29754098552149344, 3.227459014478504251, 2.262714667361025889 ) ) ;
#7775 = AXIS2_PLACEMENT_3D ( 'NONE', #6090, #7407, #39 ) ;
#7776 = SURFACE_SIDE_STYLE ('',( #605 ) ) ;
#7777 = LINE ( 'NONE', #6605, #2877 ) ;
#7778 = LINE ( 'NONE', #2387, #7052 ) ;
#7779 = ORIENTED_EDGE ( 'NONE', *, *, #118, .T. ) ;
#7780 = VECTOR ( 'NONE', #2720, 1000.000000000000114 ) ;
#7781 = AXIS2_PLACEMENT_3D ( 'NONE', #6081, #1919, #1851 ) ;
#7782 = VECTOR ( 'NONE', #5808, 1000.000000000000000 ) ;
#7783 = CARTESIAN_POINT ( 'NONE',  ( -18.42999999999999616, -1.356834363362289464, -5.967879242695141251 ) ) ;
#7784 = VECTOR ( 'NONE', #5015, 1000.000000000000000 ) ;
#7785 = EDGE_CURVE ( 'NONE', #3618, #4758, #3463, .T. ) ;
#7786 = CARTESIAN_POINT ( 'NONE',  ( -20.29999999999999716, 0.000000000000000000, 0.000000000000000000 ) ) ;
#7787 = FACE_OUTER_BOUND ( 'NONE', #2842, .T. ) ;
#7788 = VECTOR ( 'NONE', #148, 1000.000000000000000 ) ;
#7789 = DIRECTION ( 'NONE',  ( -0.3236155771181838392, -0.8891264907159890374, -0.3236155771181840057 ) ) ;
#7790 = ORIENTED_EDGE ( 'NONE', *, *, #5158, .T. ) ;
#7791 = VECTOR ( 'NONE', #626, 1000.000000000000000 ) ;
#7792 = VECTOR ( 'NONE', #1954, 1000.000000000000114 ) ;
#7793 = ORIENTED_EDGE ( 'NONE', *, *, #3972, .F. ) ;
#7794 = FACE_OUTER_BOUND ( 'NONE', #6051, .T. ) ;
#7795 = NEXT_ASSEMBLY_USAGE_OCCURRENCE ( 'NAUO1', ' ', ' ', #1428, #4231, $ ) ;
#7796 = NEXT_ASSEMBLY_USAGE_OCCURRENCE ( 'NAUO2', ' ', ' ', #1428, #6784, $ ) ;
#7797 = NEXT_ASSEMBLY_USAGE_OCCURRENCE ( 'NAUO3', ' ', ' ', #1428, #7037, $ ) ;
#7798 = NEXT_ASSEMBLY_USAGE_OCCURRENCE ( 'NAUO4', ' ', ' ', #1428, #7037, $ ) ;
#7799 = NEXT_ASSEMBLY_USAGE_OCCURRENCE ( 'NAUO5', ' ', ' ', #1428, #7037, $ ) ;
#7800 = NEXT_ASSEMBLY_USAGE_OCCURRENCE ( 'NAUO6', ' ', ' ', #1428, #7037, $ ) ;
#7801 = NEXT_ASSEMBLY_USAGE_OCCURRENCE ( 'NAUO7', ' ', ' ', #1428, #7037, $ ) ;
#7802 = NEXT_ASSEMBLY_USAGE_OCCURRENCE ( 'NAUO8', ' ', ' ', #1428, #7037, $ ) ;
#7803 = NEXT_ASSEMBLY_USAGE_OCCURRENCE ( 'NAUO9', ' ', ' ', #1428, #7037, $ ) ;
#7804 = NEXT_ASSEMBLY_USAGE_OCCURRENCE ( 'NAUO10', ' ', ' ', #1428, #7037, $ ) ;
#7805 = NEXT_ASSEMBLY_USAGE_OCCURRENCE ( 'NAUO11', ' ', ' ', #1428, #7037, $ ) ;
#7806 = NEXT_ASSEMBLY_USAGE_OCCURRENCE ( 'NAUO12', ' ', ' ', #1428, #7037, $ ) ;
#7807 = NEXT_ASSEMBLY_USAGE_OCCURRENCE ( 'NAUO13', ' ', ' ', #1428, #7037, $ ) ;
#7808 = NEXT_ASSEMBLY_USAGE_OCCURRENCE ( 'NAUO14', ' ', ' ', #1428, #7037, $ ) ;
#7809 = NEXT_ASSEMBLY_USAGE_OCCURRENCE ( 'NAUO15', ' ', ' ', #1428, #7037, $ ) ;
#7810 = NEXT_ASSEMBLY_USAGE_OCCURRENCE ( 'NAUO16', ' ', ' ', #1428, #7037, $ ) ;
#7811 = NEXT_ASSEMBLY_USAGE_OCCURRENCE ( 'NAUO17', ' ', ' ', #1428, #6784, $ ) ;
ENDSEC;
END-ISO-10303-21;
